name,imageIndex,label,predictedClass,pNorm,epsilon
Dense1x15,608,0,0,1,4.3701171875
Dense1x15,5430,0,0,1,9.4580078125
Dense1x15,5673,0,0,1,2.55859375
Dense1x15,4999,0,0,1,8.22265625
Dense1x15,5079,0,0,1,2.802734375
Dense1x15,7516,0,0,1,6.005859375
Dense1x15,188,0,0,1,7.20703125
Dense1x15,1768,0,0,1,3.583984375
Dense1x15,443,0,0,1,1.3671875
Dense1x15,4157,0,0,1,9.5361328125
Dense1x15,2087,0,0,1,9.4921875
Dense1x15,9724,0,0,1,3.3251953125
Dense1x15,5124,0,0,1,6.7578125
Dense1x15,9396,0,0,1,4.765625
Dense1x15,2328,0,0,1,0.185546875
Dense1x15,8496,0,0,1,10.4052734375
Dense1x15,9962,0,0,1,1.85546875
Dense1x15,6843,0,0,1,5.947265625
Dense1x15,6937,0,0,1,5.703125
Dense1x15,8212,0,0,1,2.08984375
Dense1x15,9634,0,3,1,3.6669921875
Dense1x15,1565,0,0,1,4.82421875
Dense1x15,3847,0,0,1,3.505859375
Dense1x15,3942,0,0,1,2.1533203125
Dense1x15,6833,0,0,1,8.10546875
Dense1x15,9585,0,0,1,7.87109375
Dense1x15,4048,0,0,1,2.8564453125
Dense1x15,1148,0,0,1,5.9375
Dense1x15,2185,0,8,1,0.4296875
Dense1x15,1121,0,0,1,1.71875
Dense1x15,5965,0,0,1,8.2080078125
Dense1x15,9800,0,0,1,4.4140625
Dense1x15,7987,0,0,1,10.2783203125
Dense1x15,9377,0,0,1,6.81640625
Dense1x15,6072,0,0,1,7.7099609375
Dense1x15,854,0,0,1,3.916015625
Dense1x15,9714,0,0,1,5.5029296875
Dense1x15,7898,0,0,1,10.64453125
Dense1x15,7727,0,0,1,8.1787109375
Dense1x15,6971,0,0,1,5.15625
Dense1x15,5750,0,0,1,8.1982421875
Dense1x15,6097,0,0,1,10.537109375
Dense1x15,1944,0,0,1,6.8896484375
Dense1x15,6428,0,0,1,1.81640625
Dense1x15,7526,0,0,1,5.9521484375
Dense1x15,9611,0,0,1,5.6884765625
Dense1x15,4880,0,8,1,2.4462890625
Dense1x15,1535,0,0,1,6.0888671875
Dense1x15,1757,0,0,1,2.666015625
Dense1x15,6526,0,0,1,7.2265625
Dense1x15,2217,0,0,1,4.541015625
Dense1x15,9358,0,0,1,4.5849609375
Dense1x15,372,0,0,1,2.1044921875
Dense1x15,8535,0,0,1,7.3046875
Dense1x15,1987,0,0,1,4.6923828125
Dense1x15,750,0,0,1,4.072265625
Dense1x15,7052,0,0,1,5.986328125
Dense1x15,2592,0,0,1,8.10546875
Dense1x15,3584,0,0,1,6.9677734375
Dense1x15,545,0,0,1,3.0712890625
Dense1x15,3322,0,0,1,3.671875
Dense1x15,1808,0,0,1,0.8935546875
Dense1x15,6719,0,0,1,6.5234375
Dense1x15,6841,0,0,1,7.9736328125
Dense1x15,7989,0,0,1,8.3154296875
Dense1x15,271,0,0,1,6.4208984375
Dense1x15,7838,0,0,1,12.2607421875
Dense1x15,9137,0,0,1,11.240234375
Dense1x15,55,0,0,1,2.87109375
Dense1x15,6241,0,0,1,6.767578125
Dense1x15,7231,0,0,1,4.8583984375
Dense1x15,5033,0,0,1,4.8779296875
Dense1x15,6557,0,0,1,3.388671875
Dense1x15,8359,0,0,1,4.2919921875
Dense1x15,1195,0,0,1,5.029296875
Dense1x15,5133,0,0,1,6.2109375
Dense1x15,8388,0,0,1,4.1552734375
Dense1x15,642,0,0,1,4.8583984375
Dense1x15,5155,0,0,1,1.9580078125
Dense1x15,3903,0,0,1,7.080078125
Dense1x15,8414,0,0,1,2.7685546875
Dense1x15,4370,0,0,1,2.1337890625
Dense1x15,5686,0,0,1,7.8857421875
Dense1x15,7868,0,0,1,7.2802734375
Dense1x15,9162,0,0,1,9.0771484375
Dense1x15,7625,0,0,1,6.71875
Dense1x15,6947,0,0,1,7.5
Dense1x15,1246,0,0,1,2.4365234375
Dense1x15,2067,0,0,1,2.568359375
Dense1x15,4675,0,0,1,4.814453125
Dense1x15,1995,0,0,1,4.39453125
Dense1x15,8199,0,0,1,4.43359375
Dense1x15,9663,0,0,1,6.4599609375
Dense1x15,28,0,0,1,7.6220703125
Dense1x15,7225,0,0,1,4.892578125
Dense1x15,4614,0,0,1,6.81640625
Dense1x15,8748,0,0,1,7.8955078125
Dense1x15,8671,0,0,1,6.7724609375
Dense1x15,9964,0,0,1,4.43359375
Dense1x15,7506,0,0,1,8.3984375
Dense1x15,5991,1,1,1,5.0634765625
Dense1x15,3741,1,1,1,5.244140625
Dense1x15,7053,1,1,1,1.73828125
Dense1x15,4304,1,1,1,4.27734375
Dense1x15,4732,1,1,1,4.2529296875
Dense1x15,1791,1,1,1,5.09765625
Dense1x15,7916,1,8,1,1.5576171875
Dense1x15,7373,1,1,1,4.697265625
Dense1x15,6928,1,1,1,4.716796875
Dense1x15,3598,1,5,1,0.8251953125
Dense1x15,7395,1,1,1,3.5595703125
Dense1x15,523,1,1,1,3.4912109375
Dense1x15,1025,1,1,1,4.4091796875
Dense1x15,7811,1,1,1,0.2392578125
Dense1x15,6622,1,1,1,3.193359375
Dense1x15,8261,1,1,1,4.0673828125
Dense1x15,9415,1,1,1,4.86328125
Dense1x15,6159,1,1,1,5.2392578125
Dense1x15,8340,1,1,1,3.9794921875
Dense1x15,8682,1,1,1,5.13671875
Dense1x15,5872,1,1,1,5.029296875
Dense1x15,6540,1,1,1,2.958984375
Dense1x15,3648,1,1,1,5.693359375
Dense1x15,8427,1,1,1,4.3017578125
Dense1x15,5544,1,1,1,5.2734375
Dense1x15,2719,1,1,1,2.08984375
Dense1x15,1753,1,1,1,4.90234375
Dense1x15,6729,1,1,1,4.4384765625
Dense1x15,3852,1,1,1,3.505859375
Dense1x15,4588,1,1,1,4.8388671875
Dense1x15,5534,1,1,1,5.9912109375
Dense1x15,4077,1,1,1,4.4384765625
Dense1x15,9657,1,1,1,4.482421875
Dense1x15,4349,1,1,1,4.326171875
Dense1x15,2154,1,1,1,4.990234375
Dense1x15,8799,1,1,1,4.1650390625
Dense1x15,7232,1,1,1,3.5498046875
Dense1x15,8873,1,1,1,4.9072265625
Dense1x15,329,1,1,1,5.4150390625
Dense1x15,5953,1,1,1,3.7548828125
Dense1x15,2965,1,1,1,3.7158203125
Dense1x15,6484,1,1,1,3.837890625
Dense1x15,3777,1,1,1,3.4716796875
Dense1x15,7591,1,1,1,3.9013671875
Dense1x15,8905,1,1,1,5.1806640625
Dense1x15,2302,1,1,1,3.193359375
Dense1x15,7507,1,1,1,4.755859375
Dense1x15,8324,1,1,1,3.837890625
Dense1x15,1659,1,1,1,4.248046875
Dense1x15,7171,1,1,1,3.564453125
Dense1x15,6720,1,1,1,3.5205078125
Dense1x15,3809,1,1,1,3.92578125
Dense1x15,3255,1,1,1,3.8720703125
Dense1x15,5442,1,1,1,4.140625
Dense1x15,4169,1,1,1,5.673828125
Dense1x15,9796,1,1,1,4.04296875
Dense1x15,5252,1,1,1,4.39453125
Dense1x15,228,1,1,1,4.0478515625
Dense1x15,7608,1,1,1,2.5732421875
Dense1x15,9689,1,1,1,4.9072265625
Dense1x15,798,1,1,1,4.3701171875
Dense1x15,3434,1,1,1,3.73046875
Dense1x15,6819,1,1,1,5.7421875
Dense1x15,1646,1,1,1,5.0927734375
Dense1x15,5880,1,1,1,4.70703125
Dense1x15,1729,1,1,1,5.1904296875
Dense1x15,8418,1,1,1,4.23828125
Dense1x15,2027,1,1,1,2.8271484375
Dense1x15,2674,1,1,1,4.5458984375
Dense1x15,6320,1,1,1,4.7509765625
Dense1x15,3639,1,1,1,3.9697265625
Dense1x15,4035,1,1,1,5.2685546875
Dense1x15,2136,1,1,1,4.0087890625
Dense1x15,2366,1,1,1,2.55859375
Dense1x15,3745,1,1,1,3.828125
Dense1x15,8768,1,1,1,4.1845703125
Dense1x15,8099,1,1,1,5.1318359375
Dense1x15,3438,1,1,1,4.0771484375
Dense1x15,1704,1,1,1,4.3017578125
Dense1x15,7262,1,8,1,0.3857421875
Dense1x15,7167,1,1,1,4.0869140625
Dense1x15,4308,1,1,1,2.6806640625
Dense1x15,963,1,1,1,3.046875
Dense1x15,8850,1,1,1,4.4482421875
Dense1x15,7290,1,1,1,5.3759765625
Dense1x15,2356,1,1,1,4.7705078125
Dense1x15,7658,1,1,1,5.712890625
Dense1x15,8443,1,1,1,3.3349609375
Dense1x15,3815,1,1,1,5.6396484375
Dense1x15,6848,1,1,1,4.82421875
Dense1x15,6005,1,1,1,0.732421875
Dense1x15,5722,1,1,1,4.7509765625
Dense1x15,7561,1,1,1,4.453125
Dense1x15,8004,1,8,1,0.1123046875
Dense1x15,348,1,1,1,4.1455078125
Dense1x15,1201,1,1,1,4.775390625
Dense1x15,5848,1,1,1,4.2138671875
Dense1x15,7468,1,1,1,4.0380859375
Dense1x15,8604,1,1,1,4.677734375
Dense1x15,5203,1,1,1,3.41796875
Dense1x15,5573,3,3,1,2.763671875
Dense1x15,18,3,3,1,2.1923828125
Dense1x15,9202,3,3,1,2.3876953125
Dense1x15,2712,3,3,1,3.798828125
Dense1x15,9925,3,8,1,0.185546875
Dense1x15,3085,3,3,1,2.44140625
Dense1x15,3659,3,3,1,4.4189453125
Dense1x15,5623,3,3,1,1.42578125
Dense1x15,3409,3,3,1,3.2421875
Dense1x15,6624,3,3,1,1.064453125
Dense1x15,6876,3,3,1,5.1220703125
Dense1x15,526,3,3,1,3.75
Dense1x15,7272,3,3,1,2.6220703125
Dense1x15,9468,3,3,1,2.4072265625
Dense1x15,7398,3,3,1,3.828125
Dense1x15,9944,3,9,1,2.40234375
Dense1x15,6046,3,3,1,1.4453125
Dense1x15,8485,3,3,1,4.1748046875
Dense1x15,4802,3,3,1,2.2607421875
Dense1x15,819,3,3,1,6.4111328125
Dense1x15,3975,3,3,1,4.8974609375
Dense1x15,8354,3,3,1,3.4326171875
Dense1x15,9662,3,3,1,1.005859375
Dense1x15,7435,3,3,1,4.951171875
Dense1x15,1962,3,3,1,4.3505859375
Dense1x15,8120,3,3,1,2.9248046875
Dense1x15,9022,3,3,1,1.123046875
Dense1x15,1298,3,3,1,2.8369140625
Dense1x15,2128,3,3,1,5.5712890625
Dense1x15,569,3,5,1,2.3193359375
Dense1x15,7690,3,3,1,2.978515625
Dense1x15,1601,3,3,1,1.5673828125
Dense1x15,195,3,8,1,0.2001953125
Dense1x15,5038,3,8,1,0.1123046875
Dense1x15,2799,3,3,1,3.2080078125
Dense1x15,3717,3,3,1,1.89453125
Dense1x15,9561,3,3,1,4.7998046875
Dense1x15,9059,3,3,1,2.9638671875
Dense1x15,9106,3,3,1,5.8203125
Dense1x15,5504,3,3,1,4.9658203125
Dense1x15,1923,3,3,1,6.9482421875
Dense1x15,3049,3,3,1,1.2353515625
Dense1x15,8080,3,3,1,5.341796875
Dense1x15,6034,3,8,1,0.8935546875
Dense1x15,8461,3,3,1,3.8525390625
Dense1x15,2881,3,3,1,2.3388671875
Dense1x15,9115,3,3,1,6.0986328125
Dense1x15,9063,3,3,1,3.7109375
Dense1x15,3363,3,3,1,3.4326171875
Dense1x15,6382,3,3,1,8.134765625
Dense1x15,2629,3,3,1,1.2939453125
Dense1x15,8753,3,3,1,4.5751953125
Dense1x15,9986,3,8,1,2.4609375
Dense1x15,2893,3,3,1,6.9970703125
Dense1x15,4317,3,7,1,2.1630859375
Dense1x15,4714,3,3,1,4.6240234375
Dense1x15,2075,3,3,1,3.8720703125
Dense1x15,4740,3,5,1,0.0341796875
Dense1x15,1114,3,8,1,3.3544921875
Dense1x15,4352,3,3,1,4.5361328125
Dense1x15,576,3,3,1,5.5126953125
Dense1x15,8674,3,3,1,3.76953125
Dense1x15,5358,3,3,1,0.9814453125
Dense1x15,628,3,9,1,0.9619140625
Dense1x15,8171,3,3,1,2.9443359375
Dense1x15,205,3,3,1,3.193359375
Dense1x15,5973,3,8,1,1.5087890625
Dense1x15,8451,3,3,1,4.912109375
Dense1x15,6379,3,3,1,3.9453125
Dense1x15,8337,3,3,1,4.5947265625
Dense1x15,2560,3,2,1,1.2353515625
Dense1x15,855,3,3,1,4.541015625
Dense1x15,9083,3,3,1,7.7392578125
Dense1x15,894,3,3,1,3.5498046875
Dense1x15,6059,3,9,1,0.4296875
Dense1x15,9965,3,3,1,3.73046875
Dense1x15,6184,3,3,1,2.98828125
Dense1x15,5245,3,3,1,3.359375
Dense1x15,6736,3,3,1,8.3935546875
Dense1x15,1683,3,3,1,5.3759765625
Dense1x15,30,3,3,1,4.43359375
Dense1x15,2583,3,3,1,2.8955078125
Dense1x15,4983,3,3,1,6.357421875
Dense1x15,7849,3,9,1,0.439453125
Dense1x15,1426,3,3,1,2.5634765625
Dense1x15,8952,3,3,1,0.576171875
Dense1x15,5074,3,3,1,1.3134765625
Dense1x15,3642,3,3,1,7.1728515625
Dense1x15,8856,3,3,1,3.4521484375
Dense1x15,4635,3,3,1,0.5419921875
Dense1x15,9821,3,3,1,6.0546875
Dense1x15,578,3,8,1,1.3671875
Dense1x15,5356,3,3,1,3.5400390625
Dense1x15,8716,3,3,1,5.6298828125
Dense1x15,1731,3,3,1,5.0830078125
Dense1x15,6704,3,3,1,5.029296875
Dense1x15,9305,3,3,1,4.267578125
Dense1x15,2533,3,3,1,2.880859375
Dense1x15,1469,3,3,1,0.9716796875
Dense1x15,927,3,3,1,4.0869140625
Dense1x20,4891,0,0,1,3.642578125
Dense1x20,2190,0,0,1,3.6962890625
Dense1x20,597,0,0,1,4.541015625
Dense1x20,6191,0,0,1,9.560546875
Dense1x20,3496,0,0,1,3.33984375
Dense1x20,6583,0,0,1,6.435546875
Dense1x20,9648,0,0,1,6.9189453125
Dense1x20,5519,0,0,1,3.8037109375
Dense1x20,6979,0,0,1,6.5771484375
Dense1x20,1589,0,0,1,4.775390625
Dense1x20,7699,0,0,1,5.751953125
Dense1x20,3867,0,0,1,3.14453125
Dense1x20,2326,0,0,1,1.9775390625
Dense1x20,7737,0,0,1,10.478515625
Dense1x20,6428,0,0,1,1.07421875
Dense1x20,9134,0,0,1,7.1240234375
Dense1x20,1558,0,0,1,3.1201171875
Dense1x20,8023,0,0,1,10.4345703125
Dense1x20,1223,0,0,1,6.5576171875
Dense1x20,1944,0,0,1,5.166015625
Dense1x20,7317,0,0,1,9.345703125
Dense1x20,3677,0,0,1,6.0595703125
Dense1x20,1416,0,0,1,6.591796875
Dense1x20,8016,0,0,1,7.7294921875
Dense1x20,6287,0,0,1,8.0126953125
Dense1x20,4718,0,0,1,4.111328125
Dense1x20,5531,0,0,1,7.3193359375
Dense1x20,8881,0,0,1,5.0634765625
Dense1x20,6808,0,0,1,4.921875
Dense1x20,2811,0,0,1,6.4892578125
Dense1x20,561,0,0,1,1.30859375
Dense1x20,9162,0,0,1,8.9697265625
Dense1x20,3087,0,0,1,6.2353515625
Dense1x20,1533,0,0,1,3.427734375
Dense1x20,5435,0,0,1,5.2294921875
Dense1x20,5818,0,0,1,5.439453125
Dense1x20,3226,0,0,1,6.93359375
Dense1x20,8251,0,0,1,5.9814453125
Dense1x20,9052,0,0,1,10.5810546875
Dense1x20,5124,0,0,1,7.734375
Dense1x20,2899,0,0,1,5.9130859375
Dense1x20,9911,0,0,1,4.755859375
Dense1x20,8199,0,0,1,5.8154296875
Dense1x20,55,0,0,1,3.095703125
Dense1x20,6114,0,0,1,10.5126953125
Dense1x20,1590,0,0,1,3.7255859375
Dense1x20,5980,0,0,1,4.2333984375
Dense1x20,9666,0,0,1,3.0322265625
Dense1x20,69,0,0,1,4.462890625
Dense1x20,2304,0,0,1,9.287109375
Dense1x20,2972,0,0,1,7.177734375
Dense1x20,1739,0,0,1,4.7802734375
Dense1x20,9983,0,0,1,7.36328125
Dense1x20,1768,0,0,1,3.9794921875
Dense1x20,1794,0,0,1,2.4072265625
Dense1x20,2761,0,0,1,3.8134765625
Dense1x20,1775,0,0,1,3.0908203125
Dense1x20,7617,0,0,1,5.0341796875
Dense1x20,611,0,0,1,4.53125
Dense1x20,8548,0,0,1,7.333984375
Dense1x20,8730,0,0,1,7.5390625
Dense1x20,7161,0,0,1,4.5068359375
Dense1x20,1197,0,0,1,3.8037109375
Dense1x20,7261,0,0,1,5.6201171875
Dense1x20,8999,0,0,1,7.7587890625
Dense1x20,7838,0,0,1,11.298828125
Dense1x20,1650,0,0,1,5.4541015625
Dense1x20,8448,0,0,1,7.783203125
Dense1x20,9647,0,0,1,6.6162109375
Dense1x20,2067,0,0,1,3.349609375
Dense1x20,642,0,0,1,3.7255859375
Dense1x20,3803,0,0,1,5.4443359375
Dense1x20,6293,0,0,1,6.4111328125
Dense1x20,2894,0,0,1,3.65234375
Dense1x20,4862,0,0,1,2.4755859375
Dense1x20,6643,0,0,1,0.7861328125
Dense1x20,7537,0,0,1,7.2509765625
Dense1x20,3710,0,0,1,1.0888671875
Dense1x20,126,0,0,1,1.54296875
Dense1x20,9791,0,0,1,5.3955078125
Dense1x20,2763,0,0,1,5.9619140625
Dense1x20,3322,0,0,1,3.5302734375
Dense1x20,3413,0,0,1,5.3857421875
Dense1x20,4672,0,0,1,4.052734375
Dense1x20,6923,0,0,1,5.44921875
Dense1x20,5838,0,0,1,6.5673828125
Dense1x20,2209,0,0,1,4.8583984375
Dense1x20,895,0,0,1,3.2763671875
Dense1x20,4033,0,0,1,6.005859375
Dense1x20,5684,0,0,1,6.4501953125
Dense1x20,1084,0,0,1,7.861328125
Dense1x20,7440,0,0,1,3.9208984375
Dense1x20,2403,0,0,1,7.1533203125
Dense1x20,2765,0,0,1,5.9814453125
Dense1x20,9221,0,0,1,6.6259765625
Dense1x20,2817,0,0,1,10.185546875
Dense1x20,5155,0,0,1,3.7109375
Dense1x20,9325,0,0,1,4.04296875
Dense1x20,7943,0,0,1,6.62109375
Dense1x20,1796,0,0,1,2.412109375
Dense1x20,918,1,1,1,4.2431640625
Dense1x20,9725,1,1,1,3.984375
Dense1x20,5460,1,1,1,3.1298828125
Dense1x20,4077,1,1,1,5.0244140625
Dense1x20,9200,1,1,1,3.6474609375
Dense1x20,3761,1,1,1,2.7587890625
Dense1x20,4331,1,1,1,4.130859375
Dense1x20,9003,1,1,1,3.30078125
Dense1x20,5203,1,1,1,3.662109375
Dense1x20,4951,1,1,1,2.177734375
Dense1x20,3673,1,1,1,3.8916015625
Dense1x20,8344,1,1,1,3.2666015625
Dense1x20,4932,1,1,1,3.6865234375
Dense1x20,783,1,1,1,4.51171875
Dense1x20,1729,1,1,1,4.775390625
Dense1x20,7920,1,1,1,0.458984375
Dense1x20,523,1,1,1,2.9443359375
Dense1x20,1785,1,1,1,3.3935546875
Dense1x20,4491,1,1,1,3.0712890625
Dense1x20,4953,1,1,1,6.0986328125
Dense1x20,5831,1,1,1,2.529296875
Dense1x20,6044,1,1,1,3.7939453125
Dense1x20,8367,1,1,1,2.6416015625
Dense1x20,3601,1,1,1,3.0615234375
Dense1x20,9378,1,1,1,6.7041015625
Dense1x20,7023,1,1,1,2.63671875
Dense1x20,6506,1,1,1,3.49609375
Dense1x20,8850,1,1,1,4.5849609375
Dense1x20,4643,1,1,1,4.08203125
Dense1x20,9657,1,1,1,3.69140625
Dense1x20,2902,1,1,1,4.0185546875
Dense1x20,929,1,1,1,4.31640625
Dense1x20,4025,1,1,1,6.357421875
Dense1x20,1040,1,1,1,3.798828125
Dense1x20,8005,1,1,1,3.740234375
Dense1x20,5872,1,1,1,4.12109375
Dense1x20,276,1,1,1,5.673828125
Dense1x20,2228,1,1,1,2.8125
Dense1x20,5370,1,1,1,5.703125
Dense1x20,8995,1,1,1,3.2666015625
Dense1x20,9368,1,1,1,5.8056640625
Dense1x20,8526,1,1,1,5.05859375
Dense1x20,7822,1,1,1,0.33203125
Dense1x20,1674,1,1,1,3.603515625
Dense1x20,7053,1,1,1,2.6123046875
Dense1x20,9274,1,1,1,3.6962890625
Dense1x20,6604,1,1,1,4.0869140625
Dense1x20,154,1,1,1,3.642578125
Dense1x20,3237,1,1,1,4.912109375
Dense1x20,473,1,1,1,2.5927734375
Dense1x20,4931,1,1,1,5.8837890625
Dense1x20,5880,1,1,1,5.5517578125
Dense1x20,4262,1,1,1,3.1005859375
Dense1x20,777,1,1,1,5.3857421875
Dense1x20,8875,1,1,1,3.90625
Dense1x20,8914,1,1,1,3.9111328125
Dense1x20,9282,1,1,1,4.638671875
Dense1x20,329,1,1,1,6.2939453125
Dense1x20,9407,1,1,1,5.1611328125
Dense1x20,3419,1,1,1,4.16015625
Dense1x20,8159,1,1,1,3.37890625
Dense1x20,4050,1,1,1,3.7158203125
Dense1x20,1430,1,1,1,4.8291015625
Dense1x20,7183,1,1,1,3.6962890625
Dense1x20,2553,1,1,1,4.833984375
Dense1x20,89,1,1,1,4.697265625
Dense1x20,2704,1,1,1,3.5107421875
Dense1x20,4105,1,1,1,4.4091796875
Dense1x20,8692,1,1,1,4.4384765625
Dense1x20,798,1,1,1,4.658203125
Dense1x20,4308,1,1,1,1.953125
Dense1x20,967,1,1,1,5.33203125
Dense1x20,6224,1,1,1,5.0
Dense1x20,675,1,1,1,5.068359375
Dense1x20,5666,1,1,1,5.56640625
Dense1x20,6928,1,1,1,4.853515625
Dense1x20,4864,1,1,1,3.5595703125
Dense1x20,6254,1,1,1,4.6533203125
Dense1x20,4917,1,1,1,3.7158203125
Dense1x20,6008,1,1,1,3.5205078125
Dense1x20,5461,1,1,1,4.072265625
Dense1x20,2950,1,1,1,5.849609375
Dense1x20,135,1,1,1,6.083984375
Dense1x20,4717,1,1,1,4.2236328125
Dense1x20,2166,1,1,1,4.1064453125
Dense1x20,9039,1,1,1,4.228515625
Dense1x20,8545,1,1,1,3.9306640625
Dense1x20,4178,1,1,1,2.08984375
Dense1x20,2529,1,1,1,5.146484375
Dense1x20,6083,1,1,1,2.041015625
Dense1x20,1011,1,1,1,5.673828125
Dense1x20,3866,1,1,1,4.84375
Dense1x20,2719,1,1,1,2.1337890625
Dense1x20,7600,1,1,1,3.779296875
Dense1x20,2868,1,1,1,4.98046875
Dense1x20,6961,1,1,1,3.9501953125
Dense1x20,5953,1,1,1,4.35546875
Dense1x20,2816,1,1,1,3.26171875
Dense1x20,3471,1,1,1,4.2919921875
Dense1x20,3651,1,1,1,6.0498046875
Dense1x20,9889,3,3,1,1.3623046875
Dense1x20,6542,3,3,1,0.810546875
Dense1x20,1730,3,3,1,2.109375
Dense1x20,2566,3,3,1,4.2041015625
Dense1x20,1166,3,3,1,0.8154296875
Dense1x20,3083,3,3,1,6.0791015625
Dense1x20,3078,3,3,1,1.30859375
Dense1x20,6009,3,3,1,3.0029296875
Dense1x20,451,3,3,1,5.3173828125
Dense1x20,7026,3,3,1,4.6337890625
Dense1x20,4220,3,3,1,2.822265625
Dense1x20,7995,3,3,1,6.73828125
Dense1x20,1889,3,3,1,2.255859375
Dense1x20,2634,3,3,1,4.27734375
Dense1x20,6794,3,3,1,7.451171875
Dense1x20,7620,3,3,1,0.0732421875
Dense1x20,687,3,3,1,1.6259765625
Dense1x20,8703,3,3,1,6.03515625
Dense1x20,5212,3,3,1,4.541015625
Dense1x20,2924,3,3,1,3.92578125
Dense1x20,5078,3,2,1,0.302734375
Dense1x20,9717,3,3,1,7.9833984375
Dense1x20,577,3,3,1,4.0771484375
Dense1x20,1591,3,3,1,2.3876953125
Dense1x20,4120,3,3,1,2.1630859375
Dense1x20,2255,3,3,1,3.095703125
Dense1x20,865,3,3,1,1.58203125
Dense1x20,8206,3,3,1,8.3984375
Dense1x20,4106,3,3,1,2.8173828125
Dense1x20,8140,3,3,1,8.486328125
Dense1x20,4334,3,3,1,0.6005859375
Dense1x20,9231,3,3,1,2.626953125
Dense1x20,8032,3,3,1,6.0009765625
Dense1x20,3475,3,7,1,0.390625
Dense1x20,548,3,3,1,1.6845703125
Dense1x20,6564,3,3,1,0.048828125
Dense1x20,4664,3,3,1,2.0947265625
Dense1x20,1109,3,3,1,3.642578125
Dense1x20,8060,3,3,1,5.673828125
Dense1x20,9872,3,3,1,4.7314453125
Dense1x20,7252,3,3,1,3.994140625
Dense1x20,1605,3,3,1,4.8583984375
Dense1x20,7476,3,3,1,0.5322265625
Dense1x20,576,3,3,1,5.3857421875
Dense1x20,8716,3,3,1,7.16796875
Dense1x20,6255,3,3,1,4.4775390625
Dense1x20,7257,3,3,1,6.0302734375
Dense1x20,9261,3,3,1,5.80078125
Dense1x20,5780,3,3,1,0.361328125
Dense1x20,6722,3,3,1,6.5771484375
Dense1x20,6811,3,3,1,3.369140625
Dense1x20,205,3,3,1,3.4814453125
Dense1x20,5454,3,3,1,6.240234375
Dense1x20,1531,3,3,1,1.97265625
Dense1x20,6177,3,3,1,4.1015625
Dense1x20,2756,3,2,1,0.126953125
Dense1x20,8970,3,3,1,7.587890625
Dense1x20,2618,3,3,1,3.232421875
Dense1x20,8419,3,3,1,3.65234375
Dense1x20,2776,3,3,1,2.9345703125
Dense1x20,3642,3,3,1,6.591796875
Dense1x20,2229,3,2,1,1.103515625
Dense1x20,1738,3,3,1,4.4775390625
Dense1x20,526,3,3,1,4.9169921875
Dense1x20,9219,3,3,1,5.5126953125
Dense1x20,7798,3,3,1,4.7119140625
Dense1x20,515,3,3,1,0.6982421875
Dense1x20,2955,3,3,1,9.9951171875
Dense1x20,2105,3,3,1,1.103515625
Dense1x20,7075,3,3,1,3.994140625
Dense1x20,3484,3,3,1,4.423828125
Dense1x20,9011,3,3,1,2.59765625
Dense1x20,933,3,3,1,4.9609375
Dense1x20,4940,3,3,1,4.1162109375
Dense1x20,2623,3,3,1,2.5390625
Dense1x20,4836,3,3,1,0.9033203125
Dense1x20,3742,3,3,1,1.9140625
Dense1x20,7946,3,3,1,1.640625
Dense1x20,3381,3,2,1,0.9033203125
Dense1x20,3094,3,3,1,2.96875
Dense1x20,1683,3,3,1,5.09765625
Dense1x20,8860,3,3,1,5.029296875
Dense1x20,7374,3,3,1,6.3671875
Dense1x20,3670,3,3,1,2.7587890625
Dense1x20,9511,3,3,1,4.47265625
Dense1x20,8167,3,3,1,7.1875
Dense1x20,9390,3,3,1,4.3115234375
Dense1x20,1095,3,3,1,3.4033203125
Dense1x20,9217,3,3,1,1.875
Dense1x20,958,3,3,1,0.6689453125
Dense1x20,68,3,3,1,5.01953125
Dense1x20,1983,3,3,1,1.69921875
Dense1x20,8660,3,3,1,5.8935546875
Dense1x20,7875,3,3,1,2.7587890625
Dense1x20,3834,3,2,1,0.9033203125
Dense1x20,2853,3,3,1,1.6748046875
Dense1x20,815,3,3,1,4.9462890625
Dense1x20,6096,3,3,1,4.248046875
Dense1x20,3283,3,3,1,0.6103515625
Dense1x20,531,3,3,1,0.0634765625
Dense1x25,2417,0,0,1,2.36328125
Dense1x25,851,0,0,1,3.9404296875
Dense1x25,7987,0,0,1,8.974609375
Dense1x25,6129,0,0,1,5.146484375
Dense1x25,6808,0,0,1,6.1279296875
Dense1x25,6970,0,0,1,4.90234375
Dense1x25,6532,0,7,1,0.48828125
Dense1x25,2449,0,0,1,0.41015625
Dense1x25,2707,0,0,1,5.7958984375
Dense1x25,8849,0,0,1,4.267578125
Dense1x25,1154,0,0,1,3.88671875
Dense1x25,5435,0,0,1,4.814453125
Dense1x25,4327,0,0,1,2.763671875
Dense1x25,2333,0,0,1,2.294921875
Dense1x25,8085,0,0,1,9.12109375
Dense1x25,1959,0,0,1,2.587890625
Dense1x25,1898,0,0,1,4.3994140625
Dense1x25,4023,0,0,1,5.244140625
Dense1x25,9488,0,0,1,7.7490234375
Dense1x25,5778,0,0,1,4.423828125
Dense1x25,2033,0,0,1,2.646484375
Dense1x25,4891,0,0,1,3.9013671875
Dense1x25,1271,0,0,1,4.6240234375
Dense1x25,2765,0,0,1,5.9375
Dense1x25,2329,0,0,1,3.90625
Dense1x25,6062,0,0,1,8.6767578125
Dense1x25,3830,0,0,1,6.34765625
Dense1x25,9714,0,0,1,5.234375
Dense1x25,3989,0,0,1,2.4267578125
Dense1x25,4720,0,0,1,4.8193359375
Dense1x25,5828,0,0,1,3.0078125
Dense1x25,7566,0,0,1,6.03515625
Dense1x25,8228,0,0,1,3.056640625
Dense1x25,8278,0,0,1,4.2822265625
Dense1x25,3895,0,0,1,2.1728515625
Dense1x25,2703,0,0,1,5.9033203125
Dense1x25,2942,0,0,1,5.625
Dense1x25,5241,0,0,1,4.82421875
Dense1x25,1191,0,0,1,1.6259765625
Dense1x25,5980,0,0,1,6.220703125
Dense1x25,6923,0,0,1,5.3173828125
Dense1x25,8212,0,0,1,4.6728515625
Dense1x25,1333,0,0,1,7.3095703125
Dense1x25,6786,0,0,1,7.6416015625
Dense1x25,3315,0,0,1,6.123046875
Dense1x25,6342,0,0,1,7.587890625
Dense1x25,8007,0,0,1,7.0849609375
Dense1x25,8764,0,0,1,7.4267578125
Dense1x25,713,0,0,1,2.060546875
Dense1x25,1918,0,0,1,3.8232421875
Dense1x25,6163,0,0,1,10.3759765625
Dense1x25,2557,0,0,1,4.86328125
Dense1x25,6117,0,0,1,6.3916015625
Dense1x25,2763,0,0,1,6.7333984375
Dense1x25,3032,0,0,1,7.94921875
Dense1x25,3624,0,0,1,4.3115234375
Dense1x25,3768,0,0,1,11.123046875
Dense1x25,4282,0,0,1,2.7001953125
Dense1x25,4403,0,0,1,4.3212890625
Dense1x25,4343,0,0,1,3.271484375
Dense1x25,9850,0,0,1,6.1474609375
Dense1x25,5051,0,0,1,4.697265625
Dense1x25,3013,0,0,1,3.4326171875
Dense1x25,5301,0,0,1,3.96484375
Dense1x25,8199,0,0,1,4.931640625
Dense1x25,8619,0,0,1,5.546875
Dense1x25,3219,0,0,1,2.236328125
Dense1x25,9339,0,0,1,4.0234375
Dense1x25,5592,0,0,1,5.498046875
Dense1x25,1623,0,0,1,4.0087890625
Dense1x25,8359,0,0,1,4.0576171875
Dense1x25,2842,0,0,1,9.35546875
Dense1x25,101,0,0,1,3.701171875
Dense1x25,2638,0,0,1,8.134765625
Dense1x25,7269,0,0,1,4.51171875
Dense1x25,6711,0,0,1,6.8115234375
Dense1x25,4611,0,0,1,9.53125
Dense1x25,5428,0,0,1,7.236328125
Dense1x25,2944,0,0,1,2.392578125
Dense1x25,871,0,0,1,6.3232421875
Dense1x25,8195,0,0,1,6.4404296875
Dense1x25,9528,0,0,1,8.5009765625
Dense1x25,9080,0,0,1,6.5380859375
Dense1x25,7593,0,0,1,5.21484375
Dense1x25,6621,0,0,1,2.71484375
Dense1x25,701,0,0,1,5.6005859375
Dense1x25,4650,0,0,1,6.58203125
Dense1x25,192,0,0,1,3.6767578125
Dense1x25,5554,0,0,1,5.537109375
Dense1x25,3359,0,0,1,6.1865234375
Dense1x25,7887,0,0,1,9.1259765625
Dense1x25,5443,0,0,1,8.84765625
Dense1x25,6429,0,0,1,4.775390625
Dense1x25,498,0,0,1,2.63671875
Dense1x25,4857,0,0,1,2.490234375
Dense1x25,8895,0,0,1,5.263671875
Dense1x25,3226,0,0,1,6.62109375
Dense1x25,1534,0,0,1,3.0908203125
Dense1x25,1390,0,0,1,5.8251953125
Dense1x25,5812,0,0,1,4.9658203125
Dense1x25,4932,1,1,1,3.515625
Dense1x25,2171,1,1,1,3.2373046875
Dense1x25,8659,1,1,1,5.1708984375
Dense1x25,8491,1,1,1,4.150390625
Dense1x25,3679,1,1,1,4.375
Dense1x25,9689,1,1,1,4.2041015625
Dense1x25,4032,1,1,1,4.43359375
Dense1x25,8187,1,1,1,3.271484375
Dense1x25,9931,1,1,1,3.57421875
Dense1x25,3320,1,1,1,3.9013671875
Dense1x25,3003,1,1,1,3.994140625
Dense1x25,4191,1,1,1,3.955078125
Dense1x25,5291,1,1,1,4.4921875
Dense1x25,2519,1,1,1,3.3056640625
Dense1x25,5442,1,1,1,3.6669921875
Dense1x25,4869,1,1,1,5.1171875
Dense1x25,9388,1,1,1,3.18359375
Dense1x25,7847,1,1,1,0.9423828125
Dense1x25,267,1,1,1,5.68359375
Dense1x25,3073,1,2,1,2.7978515625
Dense1x25,191,1,1,1,1.6552734375
Dense1x25,276,1,1,1,5.05859375
Dense1x25,3648,1,1,1,5.2880859375
Dense1x25,6468,1,1,1,3.115234375
Dense1x25,6545,1,1,1,4.86328125
Dense1x25,4687,1,1,1,3.7451171875
Dense1x25,790,1,1,1,3.0517578125
Dense1x25,4074,1,1,1,3.203125
Dense1x25,37,1,1,1,4.04296875
Dense1x25,3639,1,1,1,4.111328125
Dense1x25,135,1,1,1,4.677734375
Dense1x25,777,1,1,1,4.4970703125
Dense1x25,979,1,1,1,4.853515625
Dense1x25,8164,1,1,1,2.8662109375
Dense1x25,4903,1,1,1,3.8037109375
Dense1x25,1483,1,1,1,3.017578125
Dense1x25,1760,1,1,1,4.62890625
Dense1x25,5642,1,5,1,1.2939453125
Dense1x25,5732,1,1,1,3.2861328125
Dense1x25,5499,1,1,1,3.4375
Dense1x25,4077,1,1,1,3.9111328125
Dense1x25,7618,1,1,1,5.1171875
Dense1x25,6702,1,1,1,4.462890625
Dense1x25,652,1,1,1,5.0
Dense1x25,107,1,1,1,2.158203125
Dense1x25,3601,1,1,1,3.02734375
Dense1x25,2136,1,1,1,4.2919921875
Dense1x25,3532,1,1,1,3.8623046875
Dense1x25,8658,1,1,1,4.892578125
Dense1x25,9378,1,1,1,5.48828125
Dense1x25,3582,1,1,1,2.0654296875
Dense1x25,3733,1,1,1,3.056640625
Dense1x25,228,1,1,1,3.6865234375
Dense1x25,6310,1,1,1,4.013671875
Dense1x25,5848,1,1,1,4.08203125
Dense1x25,5666,1,1,1,4.990234375
Dense1x25,46,1,1,1,2.880859375
Dense1x25,272,1,1,1,4.1650390625
Dense1x25,6408,1,1,1,3.310546875
Dense1x25,2789,1,1,1,4.541015625
Dense1x25,3789,1,1,1,4.609375
Dense1x25,9661,1,1,1,3.8623046875
Dense1x25,279,1,1,1,4.31640625
Dense1x25,1211,1,1,1,3.662109375
Dense1x25,189,1,1,1,2.3095703125
Dense1x25,9039,1,1,1,4.404296875
Dense1x25,749,1,1,1,3.0517578125
Dense1x25,2276,1,1,1,2.529296875
Dense1x25,6231,1,1,1,3.6376953125
Dense1x25,8233,1,1,1,4.0869140625
Dense1x25,2510,1,1,1,2.79296875
Dense1x25,1988,1,1,1,4.384765625
Dense1x25,3380,1,1,1,3.5693359375
Dense1x25,8048,1,1,1,4.6044921875
Dense1x25,7665,1,1,1,4.7119140625
Dense1x25,5893,1,1,1,3.8134765625
Dense1x25,3777,1,1,1,3.037109375
Dense1x25,7014,1,1,1,4.6337890625
Dense1x25,9903,1,1,1,3.5205078125
Dense1x25,5759,1,1,1,2.1435546875
Dense1x25,4337,1,1,1,4.6630859375
Dense1x25,3983,1,1,1,3.056640625
Dense1x25,1351,1,1,1,4.736328125
Dense1x25,3779,1,1,1,4.1259765625
Dense1x25,6224,1,1,1,4.6728515625
Dense1x25,3606,1,1,1,2.6318359375
Dense1x25,8666,1,1,1,3.73046875
Dense1x25,8344,1,1,1,3.9013671875
Dense1x25,1201,1,1,1,4.9462890625
Dense1x25,480,1,1,1,3.1689453125
Dense1x25,4304,1,1,1,3.8720703125
Dense1x25,2358,1,1,1,2.6904296875
Dense1x25,8360,1,1,1,4.619140625
Dense1x25,1236,1,1,1,3.6083984375
Dense1x25,6202,1,1,1,4.4482421875
Dense1x25,3851,1,1,1,2.080078125
Dense1x25,4847,1,1,1,2.6953125
Dense1x25,3196,1,1,1,1.81640625
Dense1x25,3019,1,1,1,3.3154296875
Dense1x25,4212,1,3,1,0.6982421875
Dense1x25,4635,3,3,1,0.8154296875
Dense1x25,6272,3,3,1,4.3310546875
Dense1x25,1291,3,3,1,2.5439453125
Dense1x25,4276,3,3,1,2.5830078125
Dense1x25,727,3,3,1,2.9833984375
Dense1x25,1531,3,3,1,1.50390625
Dense1x25,2745,3,3,1,2.36328125
Dense1x25,3283,3,3,1,1.240234375
Dense1x25,4244,3,3,1,1.26953125
Dense1x25,2992,3,3,1,2.05078125
Dense1x25,9479,3,3,1,2.7734375
Dense1x25,9227,3,3,1,3.173828125
Dense1x25,669,3,3,1,4.3310546875
Dense1x25,7257,3,3,1,6.2646484375
Dense1x25,402,3,3,1,4.39453125
Dense1x25,9115,3,3,1,5.9716796875
Dense1x25,3432,3,3,1,1.46484375
Dense1x25,6440,3,3,1,4.3798828125
Dense1x25,7222,3,3,1,9.1259765625
Dense1x25,2427,3,3,1,3.8720703125
Dense1x25,5293,3,3,1,3.92578125
Dense1x25,657,3,3,1,4.208984375
Dense1x25,8419,3,3,1,3.2958984375
Dense1x25,1953,3,3,1,2.2509765625
Dense1x25,9942,3,3,1,3.1494140625
Dense1x25,7639,3,3,1,2.0703125
Dense1x25,90,3,3,1,4.6923828125
Dense1x25,8296,3,3,1,1.318359375
Dense1x25,9083,3,3,1,8.6767578125
Dense1x25,6840,3,3,1,5.0244140625
Dense1x25,5150,3,3,1,8.2763671875
Dense1x25,1127,3,3,1,2.724609375
Dense1x25,9604,3,3,1,6.552734375
Dense1x25,9229,3,3,1,4.8291015625
Dense1x25,6767,3,3,1,7.4560546875
Dense1x25,5573,3,3,1,2.0751953125
Dense1x25,2441,3,3,1,3.14453125
Dense1x25,4162,3,3,1,7.607421875
Dense1x25,9655,3,3,1,0.8251953125
Dense1x25,5479,3,3,1,3.6669921875
Dense1x25,4973,3,3,1,7.3779296875
Dense1x25,1889,3,3,1,2.412109375
Dense1x25,4109,3,3,1,3.1640625
Dense1x25,4940,3,3,1,4.8974609375
Dense1x25,1615,3,3,1,7.060546875
Dense1x25,6299,3,3,1,6.81640625
Dense1x25,9332,3,3,1,3.388671875
Dense1x25,6907,3,3,1,5.361328125
Dense1x25,3738,3,3,1,3.3935546875
Dense1x25,4996,3,3,1,6.513671875
Dense1x25,213,3,3,1,2.7197265625
Dense1x25,8674,3,3,1,4.130859375
Dense1x25,3448,3,3,1,1.240234375
Dense1x25,3285,3,3,1,3.0615234375
Dense1x25,944,3,3,1,0.0634765625
Dense1x25,3476,3,3,1,1.494140625
Dense1x25,4501,3,3,1,4.27734375
Dense1x25,6624,3,5,1,0.13671875
Dense1x25,5028,3,3,1,3.837890625
Dense1x25,9561,3,3,1,4.833984375
Dense1x25,7233,3,7,1,0.419921875
Dense1x25,2501,3,3,1,6.5185546875
Dense1x25,8494,3,3,1,4.3017578125
Dense1x25,7595,3,3,1,1.298828125
Dense1x25,3390,3,3,1,3.2373046875
Dense1x25,7590,3,3,1,5.6103515625
Dense1x25,9905,3,9,1,1.23046875
Dense1x25,7407,3,3,1,6.0205078125
Dense1x25,1150,3,3,1,2.4658203125
Dense1x25,3795,3,3,1,2.7685546875
Dense1x25,782,3,3,1,4.9072265625
Dense1x25,6564,3,3,1,0.9912109375
Dense1x25,4106,3,3,1,2.919921875
Dense1x25,7771,3,3,1,4.2138671875
Dense1x25,9670,3,3,1,1.826171875
Dense1x25,158,3,3,1,3.2275390625
Dense1x25,2025,3,3,1,2.6171875
Dense1x25,9182,3,9,1,0.2001953125
Dense1x25,6501,3,5,1,0.2587890625
Dense1x25,6447,3,3,1,4.609375
Dense1x25,6103,3,3,1,5.76171875
Dense1x25,1683,3,3,1,6.0107421875
Dense1x25,9624,3,8,1,2.2119140625
Dense1x25,7800,3,3,1,1.5869140625
Dense1x25,76,3,3,1,2.490234375
Dense1x25,4657,3,3,1,1.34765625
Dense1x25,9697,3,3,1,1.4013671875
Dense1x25,323,3,3,1,4.326171875
Dense1x25,7675,3,3,1,2.958984375
Dense1x25,780,3,3,1,4.8779296875
Dense1x25,4087,3,3,1,4.90234375
Dense1x25,4613,3,3,1,2.40234375
Dense1x25,9559,3,3,1,4.04296875
Dense1x25,5815,3,3,1,4.794921875
Dense1x25,3670,3,3,1,5.4248046875
Dense1x25,1913,3,3,1,2.1826171875
Dense1x25,6722,3,3,1,6.455078125
Dense1x25,8867,3,3,1,3.3642578125
Dense1x25,2776,3,3,1,2.8466796875
Dense1x25,6790,3,3,1,4.3603515625
Dense1x30,5818,0,0,1,4.4482421875
Dense1x30,6181,0,0,1,5.2734375
Dense1x30,6818,0,0,1,5.263671875
Dense1x30,2942,0,0,1,5.46875
Dense1x30,9621,0,0,1,3.994140625
Dense1x30,1517,0,0,1,5.029296875
Dense1x30,8671,0,0,1,5.068359375
Dense1x30,215,0,0,1,3.28125
Dense1x30,126,0,0,1,2.1435546875
Dense1x30,6567,0,0,1,5.15625
Dense1x30,440,0,0,1,10.0048828125
Dense1x30,5930,0,0,1,6.005859375
Dense1x30,2226,0,0,1,4.7021484375
Dense1x30,3243,0,0,1,2.4560546875
Dense1x30,1796,0,0,1,3.095703125
Dense1x30,993,0,0,1,3.2861328125
Dense1x30,9070,0,0,1,10.859375
Dense1x30,1959,0,0,1,2.900390625
Dense1x30,8614,0,0,1,4.2333984375
Dense1x30,136,0,0,1,3.515625
Dense1x30,8798,0,0,1,5.8154296875
Dense1x30,8738,0,0,1,4.5654296875
Dense1x30,9964,0,0,1,3.8134765625
Dense1x30,8567,0,0,1,4.7998046875
Dense1x30,3043,0,0,1,3.7548828125
Dense1x30,8021,0,0,1,8.9111328125
Dense1x30,1411,0,0,1,2.734375
Dense1x30,7536,0,0,1,4.384765625
Dense1x30,9647,0,0,1,5.595703125
Dense1x30,5301,0,0,1,4.70703125
Dense1x30,9663,0,0,1,5.76171875
Dense1x30,5069,0,0,1,6.62109375
Dense1x30,6590,0,0,1,0.068359375
Dense1x30,4542,0,0,1,6.123046875
Dense1x30,8681,0,0,1,4.9560546875
Dense1x30,4286,0,0,1,1.6748046875
Dense1x30,567,0,0,1,2.6513671875
Dense1x30,9809,0,0,1,3.7744140625
Dense1x30,7216,0,0,1,0.5712890625
Dense1x30,7987,0,0,1,9.47265625
Dense1x30,3317,0,0,1,3.0615234375
Dense1x30,6133,0,0,1,10.5712890625
Dense1x30,1808,0,0,1,3.4716796875
Dense1x30,3660,0,0,1,5.2294921875
Dense1x30,4062,0,0,1,5.64453125
Dense1x30,8228,0,0,1,2.96875
Dense1x30,194,0,0,1,3.2080078125
Dense1x30,9358,0,0,1,4.21875
Dense1x30,1261,0,0,1,5.029296875
Dense1x30,7723,0,0,1,6.4306640625
Dense1x30,8127,0,0,1,6.4794921875
Dense1x30,1987,0,0,1,6.1376953125
Dense1x30,8752,0,0,1,6.3037109375
Dense1x30,8528,0,0,1,9.8046875
Dense1x30,4033,0,0,1,6.0791015625
Dense1x30,6760,0,0,1,5.9912109375
Dense1x30,2178,0,0,1,5.8154296875
Dense1x30,4642,0,0,1,2.8466796875
Dense1x30,5695,0,0,1,2.7099609375
Dense1x30,8951,0,0,1,5.9130859375
Dense1x30,9189,0,0,1,5.4150390625
Dense1x30,5459,0,0,1,5.4248046875
Dense1x30,1271,0,0,1,3.1494140625
Dense1x30,6444,0,0,1,3.1103515625
Dense1x30,8978,0,0,1,6.0791015625
Dense1x30,6526,0,0,1,6.875
Dense1x30,6429,0,0,1,5.6591796875
Dense1x30,3646,0,0,1,2.685546875
Dense1x30,6968,0,0,1,4.16015625
Dense1x30,6163,0,0,1,8.6279296875
Dense1x30,8414,0,0,1,4.052734375
Dense1x30,5008,0,0,1,2.939453125
Dense1x30,8913,0,0,1,4.2578125
Dense1x30,1034,0,0,1,2.1435546875
Dense1x30,4281,0,0,1,3.8525390625
Dense1x30,3210,0,0,1,3.4228515625
Dense1x30,7385,0,0,1,5.7958984375
Dense1x30,8343,0,0,1,4.482421875
Dense1x30,9677,0,0,1,0.4833984375
Dense1x30,9436,0,0,1,3.212890625
Dense1x30,7354,0,0,1,5.107421875
Dense1x30,1972,0,0,1,5.625
Dense1x30,9911,0,0,1,3.6474609375
Dense1x30,1826,0,0,1,4.1357421875
Dense1x30,9440,0,0,1,6.81640625
Dense1x30,3325,0,0,1,6.4892578125
Dense1x30,3608,0,0,1,8.22265625
Dense1x30,9273,0,0,1,3.1640625
Dense1x30,8351,0,0,1,3.6279296875
Dense1x30,7855,0,0,1,7.900390625
Dense1x30,5731,0,0,1,1.787109375
Dense1x30,8152,0,0,1,5.8935546875
Dense1x30,4082,0,0,1,4.814453125
Dense1x30,1390,0,0,1,5.3515625
Dense1x30,297,0,0,1,3.1591796875
Dense1x30,9199,0,0,1,7.509765625
Dense1x30,5778,0,0,1,4.04296875
Dense1x30,6672,0,0,1,1.0205078125
Dense1x30,5321,0,0,1,7.1533203125
Dense1x30,9724,0,0,1,3.8671875
Dense1x30,4984,1,1,1,3.3740234375
Dense1x30,4871,1,1,1,3.2568359375
Dense1x30,3652,1,1,1,3.486328125
Dense1x30,798,1,1,1,3.4814453125
Dense1x30,9570,1,1,1,4.5361328125
Dense1x30,6108,1,1,1,3.4033203125
Dense1x30,1691,1,1,1,2.5439453125
Dense1x30,6829,1,1,1,4.8095703125
Dense1x30,7399,1,1,1,4.2626953125
Dense1x30,749,1,1,1,3.0859375
Dense1x30,6407,1,1,1,5.4443359375
Dense1x30,3689,1,1,1,4.70703125
Dense1x30,224,1,1,1,2.2998046875
Dense1x30,2902,1,1,1,2.9345703125
Dense1x30,4010,1,1,1,5.0
Dense1x30,5732,1,1,1,3.53515625
Dense1x30,7899,1,8,1,1.8359375
Dense1x30,7738,1,1,1,1.6064453125
Dense1x30,5399,1,1,1,4.6240234375
Dense1x30,5786,1,1,1,4.53125
Dense1x30,5132,1,1,1,3.4814453125
Dense1x30,9509,1,1,1,2.8955078125
Dense1x30,409,1,1,1,3.837890625
Dense1x30,7480,1,1,1,4.296875
Dense1x30,9622,1,1,1,4.189453125
Dense1x30,40,1,1,1,3.02734375
Dense1x30,4273,1,1,1,3.7548828125
Dense1x30,7717,1,1,1,3.994140625
Dense1x30,7418,1,1,1,3.662109375
Dense1x30,9140,1,1,1,5.8203125
Dense1x30,3866,1,1,1,3.4619140625
Dense1x30,9799,1,1,1,5.25390625
Dense1x30,504,1,1,1,3.505859375
Dense1x30,7453,1,1,1,3.0517578125
Dense1x30,4169,1,1,1,6.0107421875
Dense1x30,835,1,1,1,3.90625
Dense1x30,5252,1,1,1,4.2626953125
Dense1x30,7183,1,1,1,3.2763671875
Dense1x30,2357,1,1,1,4.6240234375
Dense1x30,537,1,1,1,4.3408203125
Dense1x30,6125,1,1,1,5.0390625
Dense1x30,302,1,1,1,4.8583984375
Dense1x30,6799,1,1,1,5.126953125
Dense1x30,949,1,1,1,3.4521484375
Dense1x30,675,1,1,1,4.39453125
Dense1x30,4719,1,1,1,2.5634765625
Dense1x30,6680,1,1,1,3.6865234375
Dense1x30,8538,1,1,1,5.009765625
Dense1x30,3380,1,1,1,3.642578125
Dense1x30,8128,1,1,1,3.7744140625
Dense1x30,4774,1,1,1,3.75
Dense1x30,9061,1,1,1,3.271484375
Dense1x30,6694,1,1,1,1.591796875
Dense1x30,1646,1,1,1,4.4873046875
Dense1x30,6670,1,1,1,3.49609375
Dense1x30,3227,1,1,1,2.40234375
Dense1x30,2175,1,1,1,2.8369140625
Dense1x30,7000,1,1,1,3.3349609375
Dense1x30,2018,1,1,1,2.55859375
Dense1x30,6063,1,1,1,2.6220703125
Dense1x30,9025,1,1,1,1.5478515625
Dense1x30,1180,1,1,1,4.951171875
Dense1x30,6472,1,1,1,3.3740234375
Dense1x30,5005,1,1,1,4.5751953125
Dense1x30,1280,1,1,1,3.974609375
Dense1x30,4292,1,1,1,4.1748046875
Dense1x30,8020,1,8,1,2.587890625
Dense1x30,3253,1,1,1,3.271484375
Dense1x30,8549,1,1,1,5.3173828125
Dense1x30,5014,1,1,1,4.12109375
Dense1x30,2316,1,1,1,5.2685546875
Dense1x30,4212,1,3,1,1.8212890625
Dense1x30,8819,1,1,1,3.96484375
Dense1x30,1360,1,1,1,3.9892578125
Dense1x30,7626,1,1,1,5.2099609375
Dense1x30,8543,1,1,1,4.150390625
Dense1x30,9324,1,1,1,4.208984375
Dense1x30,8850,1,1,1,4.55078125
Dense1x30,5953,1,1,1,3.4228515625
Dense1x30,2027,1,1,1,1.8017578125
Dense1x30,8166,1,1,1,2.861328125
Dense1x30,9845,1,1,1,4.0087890625
Dense1x30,2757,1,1,1,4.1162109375
Dense1x30,8862,1,1,1,4.521484375
Dense1x30,9699,1,1,1,4.7998046875
Dense1x30,818,1,1,1,4.0869140625
Dense1x30,9489,1,1,1,5.712890625
Dense1x30,7920,1,1,1,0.888671875
Dense1x30,5416,1,1,1,4.9267578125
Dense1x30,7073,1,1,1,5.3955078125
Dense1x30,9249,1,1,1,2.44140625
Dense1x30,9844,1,1,1,4.0966796875
Dense1x30,840,1,1,1,4.04296875
Dense1x30,5227,1,1,1,4.0576171875
Dense1x30,4685,1,1,1,3.642578125
Dense1x30,8390,1,1,1,3.984375
Dense1x30,8268,1,1,1,3.3935546875
Dense1x30,1835,1,1,1,3.1982421875
Dense1x30,5128,1,1,1,4.052734375
Dense1x30,5453,1,1,1,4.287109375
Dense1x30,1469,3,3,1,0.0830078125
Dense1x30,795,3,3,1,1.8701171875
Dense1x30,2045,3,3,1,4.3701171875
Dense1x30,5074,3,3,1,1.455078125
Dense1x30,5293,3,3,1,2.197265625
Dense1x30,6255,3,3,1,2.2265625
Dense1x30,2453,3,3,1,3.2861328125
Dense1x30,4535,3,3,1,6.015625
Dense1x30,205,3,3,1,2.75390625
Dense1x30,9430,3,3,1,4.0087890625
Dense1x30,1742,3,3,1,4.2041015625
Dense1x30,2583,3,3,1,3.0908203125
Dense1x30,894,3,3,1,1.4501953125
Dense1x30,6065,3,8,1,1.58203125
Dense1x30,6009,3,3,1,1.015625
Dense1x30,4437,3,3,1,0.8349609375
Dense1x30,9429,3,3,1,4.0380859375
Dense1x30,8411,3,3,1,4.2919921875
Dense1x30,4494,3,3,1,2.4072265625
Dense1x30,9636,3,3,1,1.9921875
Dense1x30,8308,3,5,1,0.810546875
Dense1x30,699,3,3,1,1.611328125
Dense1x30,5516,3,3,1,5.078125
Dense1x30,5804,3,3,1,5.1318359375
Dense1x30,923,3,3,1,8.154296875
Dense1x30,6465,3,3,1,2.5830078125
Dense1x30,6322,3,3,1,3.4619140625
Dense1x30,5158,3,3,1,5.64453125
Dense1x30,7509,3,3,1,4.873046875
Dense1x30,938,3,5,1,0.80078125
Dense1x30,1426,3,3,1,2.83203125
Dense1x30,4727,3,3,1,4.296875
Dense1x30,7905,3,2,1,1.2744140625
Dense1x30,782,3,3,1,4.0966796875
Dense1x30,2575,3,3,1,5.7666015625
Dense1x30,8337,3,3,1,3.7646484375
Dense1x30,9157,3,3,1,5.3857421875
Dense1x30,2989,3,3,1,1.396484375
Dense1x30,657,3,3,1,3.8623046875
Dense1x30,3769,3,3,1,1.0107421875
Dense1x30,5479,3,3,1,3.427734375
Dense1x30,9790,3,3,1,4.443359375
Dense1x30,1028,3,3,1,0.390625
Dense1x30,2441,3,3,1,3.203125
Dense1x30,8598,3,3,1,2.890625
Dense1x30,8290,3,3,1,1.0693359375
Dense1x30,6504,3,3,1,3.0810546875
Dense1x30,7292,3,3,1,4.013671875
Dense1x30,3916,3,3,1,2.6708984375
Dense1x30,3630,3,3,1,4.453125
Dense1x30,1127,3,3,1,2.9150390625
Dense1x30,3150,3,3,1,1.89453125
Dense1x30,1588,3,3,1,4.921875
Dense1x30,6636,3,3,1,2.3193359375
Dense1x30,5146,3,3,1,3.2373046875
Dense1x30,4818,3,3,1,4.5458984375
Dense1x30,7311,3,3,1,3.49609375
Dense1x30,9881,3,3,1,1.005859375
Dense1x30,5309,3,3,1,3.06640625
Dense1x30,7501,3,3,1,4.150390625
Dense1x30,7431,3,3,1,3.7646484375
Dense1x30,4270,3,3,1,3.3447265625
Dense1x30,6299,3,3,1,5.859375
Dense1x30,9536,3,3,1,2.87109375
Dense1x30,5623,3,0,1,0.1416015625
Dense1x30,614,3,3,1,2.4951171875
Dense1x30,9027,3,3,1,2.685546875
Dense1x30,505,3,3,1,3.5107421875
Dense1x30,9787,3,3,1,3.837890625
Dense1x30,6704,3,3,1,6.0205078125
Dense1x30,4904,3,3,1,5.7373046875
Dense1x30,1608,3,3,1,3.330078125
Dense1x30,7157,3,3,1,4.365234375
Dense1x30,6918,3,3,1,4.208984375
Dense1x30,18,3,3,1,0.9912109375
Dense1x30,9758,3,3,1,0.9619140625
Dense1x30,6975,3,3,1,5.8740234375
Dense1x30,5329,3,3,1,0.9228515625
Dense1x30,7750,3,3,1,6.66015625
Dense1x30,1889,3,3,1,1.4794921875
Dense1x30,4925,3,3,1,1.591796875
Dense1x30,531,3,6,1,0.6591796875
Dense1x30,573,3,3,1,4.5849609375
Dense1x30,4647,3,3,1,2.587890625
Dense1x30,2756,3,3,1,0.64453125
Dense1x30,7849,3,3,1,2.96875
Dense1x30,8010,3,3,1,0.7958984375
Dense1x30,957,3,3,1,3.5546875
Dense1x30,4907,3,3,1,2.63671875
Dense1x30,4600,3,3,1,6.0205078125
Dense1x30,2174,3,5,1,0.3076171875
Dense1x30,2020,3,3,1,2.4755859375
Dense1x30,7763,3,3,1,7.998046875
Dense1x30,5359,3,3,1,2.1240234375
Dense1x30,1832,3,3,1,0.830078125
Dense1x30,1601,3,3,1,1.220703125
Dense1x30,6664,3,3,1,3.2470703125
Dense1x30,7065,3,3,1,4.2724609375
Dense1x30,8272,3,8,1,0.9521484375
Dense1x30,2105,3,8,1,0.7177734375
Dense1x35,9677,0,0,1,0.810546875
Dense1x35,2764,0,0,1,2.4658203125
Dense1x35,1764,0,0,1,5.3662109375
Dense1x35,5463,0,0,1,7.51953125
Dense1x35,183,0,0,1,4.1455078125
Dense1x35,4048,0,0,1,1.71875
Dense1x35,8587,0,0,1,4.3798828125
Dense1x35,3215,0,0,1,5.78125
Dense1x35,6786,0,0,1,6.025390625
Dense1x35,854,0,0,1,3.3544921875
Dense1x35,5353,0,0,1,5.146484375
Dense1x35,5253,0,0,1,3.779296875
Dense1x35,188,0,0,1,5.9326171875
Dense1x35,5305,0,0,1,4.7021484375
Dense1x35,1713,0,0,1,3.5302734375
Dense1x35,2127,0,0,1,3.876953125
Dense1x35,6779,0,0,1,5.3125
Dense1x35,5257,0,0,1,2.6171875
Dense1x35,9528,0,0,1,7.001953125
Dense1x35,6921,0,0,1,4.7607421875
Dense1x35,8619,0,0,1,5.107421875
Dense1x35,3178,0,0,1,5.693359375
Dense1x35,5035,0,0,1,6.9921875
Dense1x35,7699,0,0,1,4.70703125
Dense1x35,4043,0,0,1,5.5322265625
Dense1x35,1843,0,0,1,1.396484375
Dense1x35,7129,0,0,1,4.580078125
Dense1x35,2944,0,0,1,2.294921875
Dense1x35,7203,0,0,1,4.609375
Dense1x35,3413,0,0,1,4.58984375
Dense1x35,2328,0,0,1,0.4052734375
Dense1x35,4477,0,6,1,0.9521484375
Dense1x35,3271,0,0,1,4.5703125
Dense1x35,9297,0,0,1,1.5283203125
Dense1x35,586,0,0,1,2.2607421875
Dense1x35,6843,0,0,1,4.501953125
Dense1x35,3980,0,0,1,4.970703125
Dense1x35,7887,0,0,1,7.6513671875
Dense1x35,136,0,0,1,2.91015625
Dense1x35,1565,0,0,1,4.765625
Dense1x35,2190,0,0,1,1.943359375
Dense1x35,4780,0,0,1,2.5830078125
Dense1x35,9311,0,0,1,2.8271484375
Dense1x35,904,0,0,1,4.970703125
Dense1x35,5435,0,0,1,4.4384765625
Dense1x35,3439,0,0,1,4.384765625
Dense1x35,3347,0,0,1,2.87109375
Dense1x35,6286,0,0,1,5.21484375
Dense1x35,3266,0,0,1,3.7548828125
Dense1x35,9552,0,0,1,4.2333984375
Dense1x35,6808,0,0,1,4.1748046875
Dense1x35,8199,0,0,1,4.2529296875
Dense1x35,2557,0,0,1,3.994140625
Dense1x35,7363,0,0,1,3.90625
Dense1x35,2657,0,0,1,4.98046875
Dense1x35,8016,0,0,1,6.2255859375
Dense1x35,3346,0,0,1,6.0302734375
Dense1x35,4604,0,0,1,6.8701171875
Dense1x35,4628,0,0,1,3.6669921875
Dense1x35,1748,0,0,1,4.2431640625
Dense1x35,3179,0,0,1,4.462890625
Dense1x35,7342,0,0,1,7.587890625
Dense1x35,9801,0,0,1,3.5009765625
Dense1x35,6781,0,0,1,7.1484375
Dense1x35,9826,0,0,1,1.484375
Dense1x35,7072,0,0,1,4.0869140625
Dense1x35,3412,0,0,1,0.029296875
Dense1x35,1379,0,0,1,2.255859375
Dense1x35,3540,0,0,1,7.2900390625
Dense1x35,6766,0,0,1,4.8486328125
Dense1x35,1445,0,0,1,3.6474609375
Dense1x35,4155,0,0,1,5.009765625
Dense1x35,6293,0,0,1,4.541015625
Dense1x35,2713,0,0,1,0.01953125
Dense1x35,3818,0,6,1,0.8251953125
Dense1x35,1246,0,0,1,2.197265625
Dense1x35,7655,0,0,1,7.529296875
Dense1x35,9052,0,0,1,10.146484375
Dense1x35,8067,0,0,1,8.8525390625
Dense1x35,8351,0,0,1,3.349609375
Dense1x35,4757,0,0,1,4.521484375
Dense1x35,7593,0,0,1,3.6767578125
Dense1x35,7953,0,0,1,5.60546875
Dense1x35,5930,0,0,1,4.8583984375
Dense1x35,5251,0,0,1,3.6865234375
Dense1x35,4554,0,0,1,5.3466796875
Dense1x35,8895,0,0,1,4.658203125
Dense1x35,2209,0,0,1,3.515625
Dense1x35,592,0,0,1,3.73046875
Dense1x35,4935,0,0,1,3.1494140625
Dense1x35,6489,0,0,1,4.541015625
Dense1x35,6962,0,0,1,4.55078125
Dense1x35,2096,0,0,1,4.619140625
Dense1x35,4432,0,0,1,1.8896484375
Dense1x35,4188,0,0,1,1.77734375
Dense1x35,4992,0,0,1,6.572265625
Dense1x35,713,0,0,1,1.796875
Dense1x35,5918,0,0,1,2.2998046875
Dense1x35,7354,0,0,1,4.5654296875
Dense1x35,1231,0,0,1,3.14453125
Dense1x35,8344,1,1,1,3.0810546875
Dense1x35,7969,1,1,1,3.57421875
Dense1x35,5689,1,1,1,4.9169921875
Dense1x35,2880,1,1,1,4.2919921875
Dense1x35,5052,1,1,1,2.7294921875
Dense1x35,8004,1,1,1,1.1669921875
Dense1x35,4039,1,1,1,3.69140625
Dense1x35,37,1,1,1,4.4287109375
Dense1x35,767,1,1,1,2.7685546875
Dense1x35,8559,1,1,1,3.505859375
Dense1x35,5642,1,5,1,1.62109375
Dense1x35,345,1,1,1,5.205078125
Dense1x35,4602,1,1,1,3.3837890625
Dense1x35,7832,1,1,1,3.6669921875
Dense1x35,489,1,1,1,3.3642578125
Dense1x35,6407,1,1,1,4.7900390625
Dense1x35,4006,1,1,1,4.3701171875
Dense1x35,4732,1,1,1,3.1298828125
Dense1x35,5112,1,1,1,3.9501953125
Dense1x35,1254,1,1,1,4.267578125
Dense1x35,5490,1,1,1,3.9404296875
Dense1x35,3454,1,1,1,5.322265625
Dense1x35,9657,1,1,1,3.6083984375
Dense1x35,8432,1,1,1,3.4228515625
Dense1x35,4643,1,1,1,4.5263671875
Dense1x35,4232,1,1,1,3.0908203125
Dense1x35,314,1,1,1,5.4345703125
Dense1x35,357,1,1,1,2.3974609375
Dense1x35,3214,1,1,1,2.71484375
Dense1x35,2315,1,1,1,4.033203125
Dense1x35,8979,1,1,1,3.9453125
Dense1x35,2154,1,1,1,4.1650390625
Dense1x35,2815,1,1,1,4.2138671875
Dense1x35,1760,1,1,1,4.990234375
Dense1x35,1844,1,1,1,3.4716796875
Dense1x35,9956,1,1,1,2.59765625
Dense1x35,8469,1,1,1,4.7705078125
Dense1x35,57,1,1,1,3.3349609375
Dense1x35,5933,1,1,1,4.3505859375
Dense1x35,3019,1,1,1,3.173828125
Dense1x35,2705,1,1,1,2.3876953125
Dense1x35,7563,1,1,1,3.3203125
Dense1x35,9443,1,1,1,4.4580078125
Dense1x35,2612,1,1,1,5.4248046875
Dense1x35,8708,1,1,1,3.1787109375
Dense1x35,8443,1,1,1,2.685546875
Dense1x35,8971,1,1,1,3.7109375
Dense1x35,5776,1,1,1,3.3642578125
Dense1x35,7014,1,1,1,3.486328125
Dense1x35,7582,1,1,1,2.822265625
Dense1x35,7738,1,1,1,1.6748046875
Dense1x35,3625,1,1,1,3.2861328125
Dense1x35,7299,1,1,1,3.9111328125
Dense1x35,4249,1,1,1,3.876953125
Dense1x35,3379,1,1,1,5.419921875
Dense1x35,7806,1,1,1,2.98828125
Dense1x35,7725,1,1,1,4.072265625
Dense1x35,2661,1,1,1,3.9599609375
Dense1x35,190,1,1,1,3.69140625
Dense1x35,330,1,1,1,4.90234375
Dense1x35,9896,1,1,1,3.6279296875
Dense1x35,8509,1,1,1,1.435546875
Dense1x35,2421,1,1,1,4.228515625
Dense1x35,39,1,1,1,3.1640625
Dense1x35,8633,1,1,1,4.3017578125
Dense1x35,7507,1,1,1,3.427734375
Dense1x35,6060,1,1,1,3.759765625
Dense1x35,189,1,1,1,2.5830078125
Dense1x35,137,1,1,1,3.5302734375
Dense1x35,6748,1,1,1,3.9697265625
Dense1x35,2704,1,1,1,3.3203125
Dense1x35,9923,1,1,1,3.7158203125
Dense1x35,3789,1,1,1,4.4140625
Dense1x35,3471,1,1,1,3.84765625
Dense1x35,9345,1,1,1,3.9453125
Dense1x35,8390,1,1,1,4.0478515625
Dense1x35,5978,1,1,1,3.974609375
Dense1x35,5848,1,1,1,3.5302734375
Dense1x35,5442,1,1,1,3.0712890625
Dense1x35,8986,1,1,1,2.5830078125
Dense1x35,2753,1,1,1,1.6796875
Dense1x35,4005,1,1,1,4.39453125
Dense1x35,8268,1,1,1,2.9833984375
Dense1x35,8600,1,1,1,3.6279296875
Dense1x35,2827,1,1,1,3.369140625
Dense1x35,1179,1,1,1,3.8427734375
Dense1x35,1097,1,1,1,3.0517578125
Dense1x35,918,1,1,1,4.00390625
Dense1x35,6192,1,1,1,3.7841796875
Dense1x35,9071,1,8,1,0.654296875
Dense1x35,7944,1,1,1,3.1494140625
Dense1x35,9124,1,1,1,3.9013671875
Dense1x35,772,1,1,1,4.1162109375
Dense1x35,7418,1,1,1,2.9736328125
Dense1x35,6375,1,1,1,5.0146484375
Dense1x35,107,1,1,1,1.6943359375
Dense1x35,4719,1,1,1,2.216796875
Dense1x35,9819,1,1,1,3.681640625
Dense1x35,2655,1,1,1,3.6572265625
Dense1x35,9200,1,1,1,3.857421875
Dense1x35,1284,3,3,1,4.84375
Dense1x35,6957,3,3,1,4.7119140625
Dense1x35,1208,3,3,1,0.0146484375
Dense1x35,5585,3,3,1,6.3818359375
Dense1x35,4004,3,3,1,3.388671875
Dense1x35,7568,3,3,1,4.1796875
Dense1x35,6365,3,3,1,4.70703125
Dense1x35,9727,3,3,1,4.345703125
Dense1x35,8854,3,3,1,5.05859375
Dense1x35,526,3,3,1,3.5205078125
Dense1x35,6681,3,3,1,2.03125
Dense1x35,1426,3,3,1,3.0078125
Dense1x35,5516,3,3,1,6.181640625
Dense1x35,408,3,3,1,3.2666015625
Dense1x35,6322,3,3,1,3.359375
Dense1x35,173,3,3,1,2.4169921875
Dense1x35,3283,3,3,1,1.4013671875
Dense1x35,3015,3,3,1,3.6474609375
Dense1x35,5150,3,3,1,5.2880859375
Dense1x35,9156,3,3,1,3.3056640625
Dense1x35,9680,3,3,1,1.1279296875
Dense1x35,2770,3,6,1,0.0537109375
Dense1x35,9342,3,3,1,1.5625
Dense1x35,310,3,3,1,3.3544921875
Dense1x35,8167,3,3,1,6.0302734375
Dense1x35,4109,3,3,1,2.666015625
Dense1x35,7401,3,3,1,4.2236328125
Dense1x35,4492,3,3,1,3.2666015625
Dense1x35,3131,3,3,1,2.6171875
Dense1x35,8842,3,3,1,3.6083984375
Dense1x35,925,3,3,1,3.984375
Dense1x35,819,3,3,1,5.3857421875
Dense1x35,7849,3,3,1,1.3720703125
Dense1x35,7398,3,3,1,3.0322265625
Dense1x35,9007,3,8,1,1.0888671875
Dense1x35,2441,3,3,1,2.0703125
Dense1x35,3896,3,3,1,4.1162109375
Dense1x35,9790,3,3,1,3.7353515625
Dense1x35,2618,3,3,1,2.67578125
Dense1x35,6542,3,3,1,1.6259765625
Dense1x35,3943,3,5,1,0.80078125
Dense1x35,9889,3,3,1,1.6552734375
Dense1x35,8451,3,3,1,4.599609375
Dense1x35,9157,3,3,1,5.771484375
Dense1x35,8411,3,3,1,4.1259765625
Dense1x35,8766,3,3,1,4.1162109375
Dense1x35,32,3,3,1,3.2080078125
Dense1x35,3766,3,3,1,2.34375
Dense1x35,6569,3,3,1,0.0390625
Dense1x35,8924,3,3,1,2.9931640625
Dense1x35,5824,3,3,1,2.3876953125
Dense1x35,7024,3,3,1,5.869140625
Dense1x35,4443,3,3,1,0.751953125
Dense1x35,1928,3,3,1,2.7978515625
Dense1x35,1765,3,3,1,0.7666015625
Dense1x35,5596,3,3,1,3.2958984375
Dense1x35,7407,3,3,1,4.8095703125
Dense1x35,63,3,2,1,0.5908203125
Dense1x35,1746,3,3,1,3.642578125
Dense1x35,4782,3,3,1,3.7939453125
Dense1x35,1889,3,3,1,1.982421875
Dense1x35,3548,3,3,1,3.10546875
Dense1x35,6973,3,3,1,3.92578125
Dense1x35,2128,3,3,1,5.6982421875
Dense1x35,213,3,3,1,2.4609375
Dense1x35,3965,3,3,1,2.5927734375
Dense1x35,507,3,5,1,1.6796875
Dense1x35,8753,3,3,1,4.4287109375
Dense1x35,8703,3,3,1,4.9072265625
Dense1x35,1763,3,3,1,2.3388671875
Dense1x35,3104,3,3,1,3.2958984375
Dense1x35,5860,3,3,1,3.8623046875
Dense1x35,9742,3,3,1,2.75390625
Dense1x35,2549,3,3,1,3.974609375
Dense1x35,9524,3,3,1,3.9599609375
Dense1x35,7858,3,2,1,1.484375
Dense1x35,5703,3,3,1,4.62890625
Dense1x35,8435,3,3,1,2.5634765625
Dense1x35,6985,3,3,1,6.7626953125
Dense1x35,4406,3,3,1,3.7109375
Dense1x35,90,3,3,1,4.3115234375
Dense1x35,1923,3,3,1,5.2587890625
Dense1x35,3300,3,3,1,2.548828125
Dense1x35,1997,3,3,1,2.3779296875
Dense1x35,5359,3,3,1,1.494140625
Dense1x35,4727,3,3,1,3.427734375
Dense1x35,5054,3,5,1,0.205078125
Dense1x35,9363,3,3,1,2.65625
Dense1x35,2502,3,3,1,3.525390625
Dense1x35,7479,3,3,1,3.330078125
Dense1x35,9056,3,3,1,3.486328125
Dense1x35,1731,3,3,1,4.9755859375
Dense1x35,1661,3,3,1,3.7060546875
Dense1x35,4162,3,3,1,7.294921875
Dense1x35,2151,3,3,1,2.0166015625
Dense1x35,1290,3,3,1,1.884765625
Dense1x35,1617,3,3,1,2.0068359375
Dense1x35,7104,3,3,1,3.271484375
Dense1x35,1588,3,3,1,5.1513671875
Dense1x35,3897,3,3,1,1.8603515625
Dense1x40,6786,0,0,1,7.109375
Dense1x40,8251,0,0,1,5.21484375
Dense1x40,1807,0,0,1,2.646484375
Dense1x40,8260,0,0,1,4.970703125
Dense1x40,9983,0,0,1,6.4599609375
Dense1x40,2764,0,0,1,2.7734375
Dense1x40,8514,0,0,1,7.001953125
Dense1x40,7898,0,0,1,9.6240234375
Dense1x40,6808,0,0,1,5.1416015625
Dense1x40,3764,0,5,1,0.4931640625
Dense1x40,5890,0,0,1,1.6064453125
Dense1x40,4741,0,0,1,3.6181640625
Dense1x40,8913,0,0,1,4.5458984375
Dense1x40,9070,0,0,1,8.7939453125
Dense1x40,9704,0,0,1,4.7607421875
Dense1x40,7368,0,0,1,7.998046875
Dense1x40,3803,0,0,1,5.3466796875
Dense1x40,1294,0,0,1,4.150390625
Dense1x40,6959,0,0,1,5.3662109375
Dense1x40,1454,0,0,1,2.5341796875
Dense1x40,3044,0,0,1,3.0859375
Dense1x40,2568,0,0,1,3.6376953125
Dense1x40,55,0,0,1,2.822265625
Dense1x40,3412,0,5,1,0.595703125
Dense1x40,7820,0,0,1,7.91015625
Dense1x40,9519,0,0,1,6.9873046875
Dense1x40,586,0,0,1,2.5732421875
Dense1x40,8614,0,0,1,3.8720703125
Dense1x40,136,0,0,1,2.3388671875
Dense1x40,8172,0,0,1,6.083984375
Dense1x40,2999,0,0,1,4.765625
Dense1x40,3650,0,0,1,4.1064453125
Dense1x40,5450,0,0,1,4.296875
Dense1x40,4887,0,0,1,3.0126953125
Dense1x40,7882,0,0,1,7.6025390625
Dense1x40,2714,0,0,1,4.521484375
Dense1x40,4448,0,0,1,4.8681640625
Dense1x40,188,0,0,1,7.01171875
Dense1x40,4062,0,0,1,5.25390625
Dense1x40,6672,0,0,1,3.203125
Dense1x40,4208,0,0,1,3.4716796875
Dense1x40,5320,0,0,1,4.8583984375
Dense1x40,5613,0,0,1,3.8427734375
Dense1x40,9739,0,0,1,3.80859375
Dense1x40,8117,0,0,1,4.7607421875
Dense1x40,1399,0,0,1,2.48046875
Dense1x40,5830,0,0,1,5.1416015625
Dense1x40,1526,0,0,1,4.6826171875
Dense1x40,1619,0,0,1,2.197265625
Dense1x40,5241,0,0,1,4.8193359375
Dense1x40,5812,0,0,1,4.9951171875
Dense1x40,8273,0,0,1,1.6162109375
Dense1x40,6962,0,0,1,5.576171875
Dense1x40,6752,0,0,1,7.4853515625
Dense1x40,5031,0,0,1,5.7861328125
Dense1x40,7838,0,0,1,9.8974609375
Dense1x40,7537,0,0,1,6.220703125
Dense1x40,6701,0,0,1,5.4052734375
Dense1x40,407,0,0,1,3.73046875
Dense1x40,8501,0,0,1,6.71875
Dense1x40,9281,0,0,1,2.8369140625
Dense1x40,9488,0,0,1,6.3525390625
Dense1x40,6753,0,0,1,7.490234375
Dense1x40,324,0,0,1,0.0732421875
Dense1x40,5428,0,0,1,7.431640625
Dense1x40,7889,0,0,1,9.0576171875
Dense1x40,7354,0,0,1,4.9951171875
Dense1x40,1176,0,0,1,2.763671875
Dense1x40,4617,0,0,1,6.6796875
Dense1x40,8619,0,0,1,6.09375
Dense1x40,9850,0,0,1,6.3330078125
Dense1x40,6921,0,0,1,4.716796875
Dense1x40,9964,0,0,1,4.3017578125
Dense1x40,1261,0,0,1,4.453125
Dense1x40,192,0,0,1,4.6533203125
Dense1x40,3052,0,0,1,5.3955078125
Dense1x40,9631,0,0,1,3.6181640625
Dense1x40,4065,0,2,1,0.810546875
Dense1x40,4150,0,0,1,6.396484375
Dense1x40,5109,0,0,1,5.9814453125
Dense1x40,3660,0,0,1,4.8388671875
Dense1x40,8845,0,0,1,5.576171875
Dense1x40,8978,0,0,1,7.001953125
Dense1x40,2403,0,0,1,5.6298828125
Dense1x40,2106,0,0,1,6.62109375
Dense1x40,9621,0,0,1,3.1201171875
Dense1x40,4739,0,0,1,4.1259765625
Dense1x40,3417,0,0,1,3.3740234375
Dense1x40,3849,0,0,1,4.0283203125
Dense1x40,1808,0,0,1,3.0859375
Dense1x40,9902,0,0,1,3.8232421875
Dense1x40,2557,0,0,1,4.2724609375
Dense1x40,9439,0,0,1,5.5126953125
Dense1x40,7289,0,0,1,6.8115234375
Dense1x40,7566,0,0,1,6.4208984375
Dense1x40,9826,0,0,1,2.548828125
Dense1x40,4079,0,0,1,4.5751953125
Dense1x40,9952,0,0,1,6.4453125
Dense1x40,8629,0,0,1,4.2236328125
Dense1x40,1589,0,0,1,3.896484375
Dense1x40,7325,1,1,1,3.9599609375
Dense1x40,1037,1,1,1,4.580078125
Dense1x40,1582,1,1,1,2.98828125
Dense1x40,1238,1,1,1,5.37109375
Dense1x40,988,1,1,1,2.1728515625
Dense1x40,4039,1,1,1,4.00390625
Dense1x40,6938,1,1,1,4.62890625
Dense1x40,6202,1,1,1,3.7060546875
Dense1x40,5594,1,1,1,2.2119140625
Dense1x40,920,1,1,1,3.623046875
Dense1x40,5416,1,1,1,4.6875
Dense1x40,3264,1,1,1,4.296875
Dense1x40,89,1,1,1,4.1552734375
Dense1x40,1861,1,1,1,4.208984375
Dense1x40,840,1,1,1,4.84375
Dense1x40,3255,1,1,1,4.2333984375
Dense1x40,5258,1,1,1,3.701171875
Dense1x40,9984,1,1,1,4.4970703125
Dense1x40,7934,1,1,1,2.099609375
Dense1x40,2051,1,1,1,3.90625
Dense1x40,6125,1,1,1,5.0830078125
Dense1x40,7399,1,1,1,4.5458984375
Dense1x40,8229,1,1,1,1.708984375
Dense1x40,5896,1,1,1,3.9404296875
Dense1x40,46,1,1,1,3.0859375
Dense1x40,8568,1,1,1,4.951171875
Dense1x40,224,1,1,1,2.314453125
Dense1x40,6618,1,1,1,2.5
Dense1x40,2171,1,1,1,3.2177734375
Dense1x40,8672,1,1,1,3.9453125
Dense1x40,7091,1,1,1,4.2236328125
Dense1x40,9599,1,1,1,2.9150390625
Dense1x40,7581,1,1,1,4.7509765625
Dense1x40,5614,1,1,1,3.798828125
Dense1x40,8004,1,1,1,1.6796875
Dense1x40,5499,1,1,1,3.3935546875
Dense1x40,8930,1,1,1,4.3798828125
Dense1x40,1403,1,1,1,0.517578125
Dense1x40,3457,1,1,1,3.3251953125
Dense1x40,4603,1,1,1,4.8486328125
Dense1x40,929,1,1,1,3.7646484375
Dense1x40,1075,1,1,1,3.1591796875
Dense1x40,5227,1,1,1,4.00390625
Dense1x40,4074,1,1,1,3.095703125
Dense1x40,5318,1,1,1,4.4775390625
Dense1x40,7980,1,1,1,5.13671875
Dense1x40,2034,1,1,1,3.8330078125
Dense1x40,202,1,1,1,3.544921875
Dense1x40,4195,1,1,1,5.1220703125
Dense1x40,5112,1,1,1,4.6337890625
Dense1x40,8118,1,1,1,4.345703125
Dense1x40,6233,1,1,1,3.6328125
Dense1x40,9956,1,1,1,3.310546875
Dense1x40,74,1,1,1,3.2958984375
Dense1x40,1673,1,1,1,4.0087890625
Dense1x40,7422,1,1,1,4.091796875
Dense1x40,2235,1,1,1,3.017578125
Dense1x40,9876,1,1,1,4.5166015625
Dense1x40,4013,1,1,1,3.1640625
Dense1x40,5679,1,1,1,4.443359375
Dense1x40,2753,1,1,1,1.5771484375
Dense1x40,4409,1,1,1,3.3740234375
Dense1x40,3214,1,1,1,3.251953125
Dense1x40,1791,1,1,1,3.7841796875
Dense1x40,7191,1,1,1,3.1298828125
Dense1x40,5370,1,1,1,5.0390625
Dense1x40,4138,1,1,1,4.794921875
Dense1x40,94,1,1,1,4.66796875
Dense1x40,3231,1,1,1,4.5947265625
Dense1x40,3380,1,1,1,3.5009765625
Dense1x40,7167,1,1,1,3.7060546875
Dense1x40,14,1,1,1,5.185546875
Dense1x40,2357,1,1,1,4.6240234375
Dense1x40,2789,1,1,1,3.9697265625
Dense1x40,7405,1,1,1,3.59375
Dense1x40,504,1,1,1,3.61328125
Dense1x40,3925,1,1,1,4.365234375
Dense1x40,2356,1,1,1,3.681640625
Dense1x40,9795,1,1,1,2.1240234375
Dense1x40,9950,1,1,1,3.45703125
Dense1x40,9096,1,1,1,4.3310546875
Dense1x40,180,1,1,1,4.43359375
Dense1x40,1548,1,1,1,3.5791015625
Dense1x40,2788,1,1,1,2.7197265625
Dense1x40,6540,1,1,1,3.7353515625
Dense1x40,3253,1,1,1,2.94921875
Dense1x40,8020,1,8,1,3.1884765625
Dense1x40,7561,1,1,1,3.8525390625
Dense1x40,6869,1,1,1,5.01953125
Dense1x40,7728,1,1,1,3.193359375
Dense1x40,8088,1,1,1,4.3408203125
Dense1x40,8682,1,1,1,4.8046875
Dense1x40,4949,1,1,1,4.6484375
Dense1x40,7123,1,1,1,4.1357421875
Dense1x40,8799,1,1,1,3.9892578125
Dense1x40,4169,1,1,1,5.908203125
Dense1x40,1884,1,1,1,3.9501953125
Dense1x40,9518,1,1,1,4.43359375
Dense1x40,3858,1,1,1,3.603515625
Dense1x40,1038,1,1,1,2.451171875
Dense1x40,2767,3,3,1,4.052734375
Dense1x40,8328,3,3,1,7.4267578125
Dense1x40,7893,3,3,1,5.068359375
Dense1x40,76,3,3,1,2.9541015625
Dense1x40,3620,3,3,1,5.17578125
Dense1x40,2723,3,3,1,1.9775390625
Dense1x40,8910,3,3,1,4.4482421875
Dense1x40,7104,3,3,1,3.9111328125
Dense1x40,847,3,3,1,4.365234375
Dense1x40,7282,3,3,1,3.5888671875
Dense1x40,3146,3,3,1,1.25
Dense1x40,4833,3,3,1,1.435546875
Dense1x40,683,3,3,1,2.138671875
Dense1x40,9561,3,3,1,5.322265625
Dense1x40,5214,3,3,1,5.078125
Dense1x40,6289,3,3,1,3.9697265625
Dense1x40,9007,3,8,1,1.0693359375
Dense1x40,8876,3,3,1,3.41796875
Dense1x40,2533,3,3,1,2.9736328125
Dense1x40,2408,3,9,1,0.4296875
Dense1x40,7995,3,3,1,6.9970703125
Dense1x40,8811,3,3,1,5.6494140625
Dense1x40,2308,3,3,1,3.5205078125
Dense1x40,7257,3,3,1,5.244140625
Dense1x40,5028,3,3,1,5.4296875
Dense1x40,883,3,3,1,1.25
Dense1x40,205,3,3,1,3.53515625
Dense1x40,5892,3,3,1,3.1689453125
Dense1x40,216,3,3,1,5.46875
Dense1x40,4492,3,3,1,3.4765625
Dense1x40,1845,3,3,1,7.8564453125
Dense1x40,5054,3,3,1,0.703125
Dense1x40,2756,3,3,1,2.919921875
Dense1x40,8263,3,3,1,1.904296875
Dense1x40,1172,3,3,1,3.3837890625
Dense1x40,7470,3,3,1,6.5283203125
Dense1x40,2684,3,3,1,0.3173828125
Dense1x40,5067,3,8,1,0.5419921875
Dense1x40,9430,3,3,1,4.541015625
Dense1x40,1983,3,3,1,2.4169921875
Dense1x40,4244,3,3,1,2.2216796875
Dense1x40,3248,3,3,1,2.9052734375
Dense1x40,628,3,9,1,0.400390625
Dense1x40,1278,3,3,1,6.962890625
Dense1x40,5158,3,3,1,6.669921875
Dense1x40,7250,3,3,1,6.50390625
Dense1x40,4983,3,3,1,5.2587890625
Dense1x40,2032,3,3,1,4.66796875
Dense1x40,8655,3,3,1,3.8916015625
Dense1x40,6370,3,3,1,1.416015625
Dense1x40,6665,3,3,1,5.3369140625
Dense1x40,2008,3,3,1,1.6064453125
Dense1x40,7312,3,3,1,5.068359375
Dense1x40,3074,3,3,1,4.697265625
Dense1x40,3549,3,2,1,1.2060546875
Dense1x40,3795,3,3,1,2.333984375
Dense1x40,1265,3,3,1,2.802734375
Dense1x40,4613,3,3,1,2.1044921875
Dense1x40,1617,3,3,1,2.7001953125
Dense1x40,5046,3,3,1,1.3916015625
Dense1x40,5328,3,3,1,5.3759765625
Dense1x40,3766,3,3,1,3.06640625
Dense1x40,4990,3,8,1,0.7373046875
Dense1x40,6371,3,3,1,4.638671875
Dense1x40,7140,3,3,1,3.8671875
Dense1x40,451,3,3,1,5.4833984375
Dense1x40,7620,3,3,1,1.7236328125
Dense1x40,8393,3,3,1,5.0244140625
Dense1x40,9063,3,3,1,3.896484375
Dense1x40,1804,3,3,1,6.5673828125
Dense1x40,2511,3,3,1,2.5146484375
Dense1x40,3947,3,3,1,7.36328125
Dense1x40,7551,3,3,1,3.4228515625
Dense1x40,3642,3,3,1,7.51953125
Dense1x40,213,3,3,1,3.3056640625
Dense1x40,9975,3,2,1,0.3662109375
Dense1x40,2284,3,3,1,4.326171875
Dense1x40,9177,3,3,1,6.0400390625
Dense1x40,7193,3,3,1,5.263671875
Dense1x40,6061,3,3,1,4.0771484375
Dense1x40,1442,3,3,1,3.642578125
Dense1x40,8494,3,3,1,4.5703125
Dense1x40,5273,3,3,1,5.849609375
Dense1x40,7398,3,3,1,4.1357421875
Dense1x40,1480,3,3,1,6.6455078125
Dense1x40,5764,3,3,1,6.40625
Dense1x40,8607,3,3,1,2.16796875
Dense1x40,6096,3,3,1,4.3212890625
Dense1x40,8226,3,3,1,5.0634765625
Dense1x40,782,3,3,1,4.6533203125
Dense1x40,1856,3,3,1,2.001953125
Dense1x40,4537,3,3,1,5.48828125
Dense1x40,7350,3,3,1,2.9296875
Dense1x40,4532,3,3,1,4.365234375
Dense1x40,450,3,3,1,2.4609375
Dense1x40,8290,3,3,1,1.0693359375
Dense1x40,3740,3,3,1,4.384765625
Dense1x40,8162,3,3,1,5.302734375
Dense1x40,3283,3,3,1,1.3037109375
Dense1x40,6065,3,8,1,1.455078125
Dense1x45,2217,0,0,1,4.072265625
Dense1x45,6583,0,0,1,5.625
Dense1x45,4604,0,0,1,4.8779296875
Dense1x45,101,0,0,1,3.623046875
Dense1x45,5686,0,0,1,6.3134765625
Dense1x45,6818,0,0,1,2.9736328125
Dense1x45,1621,0,6,1,1.2060546875
Dense1x45,6383,0,0,1,2.3583984375
Dense1x45,8382,0,0,1,2.6953125
Dense1x45,3090,0,0,1,2.71484375
Dense1x45,2492,0,0,1,5.9228515625
Dense1x45,2763,0,0,1,4.90234375
Dense1x45,3640,0,0,1,1.4892578125
Dense1x45,6191,0,0,1,7.314453125
Dense1x45,5592,0,0,1,4.1259765625
Dense1x45,8425,0,0,1,2.67578125
Dense1x45,7263,0,0,1,4.4140625
Dense1x45,3764,0,0,1,0.8740234375
Dense1x45,6473,0,0,1,4.560546875
Dense1x45,1610,0,0,1,4.970703125
Dense1x45,441,0,0,1,4.0625
Dense1x45,6621,0,0,1,0.7958984375
Dense1x45,4819,0,0,1,1.826171875
Dense1x45,4370,0,0,1,1.630859375
Dense1x45,5756,0,0,1,4.2041015625
Dense1x45,7330,0,0,1,7.1923828125
Dense1x45,9377,0,0,1,6.7919921875
Dense1x45,2568,0,0,1,2.94921875
Dense1x45,9220,0,0,1,6.943359375
Dense1x45,2506,0,0,1,5.458984375
Dense1x45,6672,0,0,1,2.6953125
Dense1x45,7279,0,0,1,3.9453125
Dense1x45,3803,0,0,1,4.0771484375
Dense1x45,6808,0,0,1,4.6142578125
Dense1x45,2531,0,0,1,3.9892578125
Dense1x45,592,0,0,1,3.59375
Dense1x45,8342,0,0,1,4.326171875
Dense1x45,3358,0,0,1,1.552734375
Dense1x45,327,0,0,1,4.4775390625
Dense1x45,2155,0,0,1,2.6318359375
Dense1x45,5435,0,0,1,3.2666015625
Dense1x45,6280,0,0,1,5.7470703125
Dense1x45,5452,0,0,1,7.5341796875
Dense1x45,4062,0,0,1,4.8681640625
Dense1x45,9763,0,0,1,2.65625
Dense1x45,5033,0,0,1,4.4921875
Dense1x45,9885,0,0,1,3.6962890625
Dense1x45,7289,0,0,1,6.3232421875
Dense1x45,4477,0,6,1,1.572265625
Dense1x45,8111,0,0,1,8.447265625
Dense1x45,3849,0,0,1,4.0380859375
Dense1x45,1468,0,0,1,2.5244140625
Dense1x45,4282,0,0,1,2.9541015625
Dense1x45,8023,0,0,1,7.763671875
Dense1x45,5942,0,0,1,6.8994140625
Dense1x45,9663,0,0,1,3.857421875
Dense1x45,4642,0,0,1,1.8212890625
Dense1x45,6971,0,0,1,1.9580078125
Dense1x45,1726,0,0,1,3.9697265625
Dense1x45,3867,0,0,1,2.041015625
Dense1x45,4457,0,0,1,6.103515625
Dense1x45,305,0,0,1,0.1708984375
Dense1x45,5791,0,0,1,6.025390625
Dense1x45,6201,0,0,1,5.2685546875
Dense1x45,5109,0,0,1,4.072265625
Dense1x45,7830,0,0,1,8.271484375
Dense1x45,4353,0,0,1,2.705078125
Dense1x45,3266,0,0,1,3.0810546875
Dense1x45,9457,0,0,1,5.283203125
Dense1x45,552,0,0,1,0.8740234375
Dense1x45,7317,0,0,1,6.923828125
Dense1x45,2410,0,0,1,3.7158203125
Dense1x45,8343,0,0,1,3.3837890625
Dense1x45,7671,0,0,1,1.611328125
Dense1x45,6129,0,0,1,5.537109375
Dense1x45,1261,0,0,1,4.2041015625
Dense1x45,8671,0,0,1,4.169921875
Dense1x45,6921,0,0,1,4.2919921875
Dense1x45,1148,0,0,1,4.052734375
Dense1x45,1438,0,0,1,1.5185546875
Dense1x45,701,0,0,1,3.80859375
Dense1x45,8868,0,0,1,4.31640625
Dense1x45,3401,0,0,1,3.857421875
Dense1x45,1399,0,0,1,2.5
Dense1x45,6590,0,0,1,0.0830078125
Dense1x45,611,0,0,1,3.10546875
Dense1x45,4327,0,0,1,2.060546875
Dense1x45,8513,0,0,1,5.5517578125
Dense1x45,4082,0,0,1,4.3017578125
Dense1x45,324,0,9,1,0.0244140625
Dense1x45,6752,0,0,1,5.322265625
Dense1x45,9199,0,0,1,7.9052734375
Dense1x45,10,0,0,1,3.671875
Dense1x45,1535,0,0,1,3.486328125
Dense1x45,9052,0,0,1,8.212890625
Dense1x45,3512,0,0,1,4.3505859375
Dense1x45,6781,0,0,1,7.1875
Dense1x45,2226,0,0,1,3.2177734375
Dense1x45,5244,0,0,1,3.5302734375
Dense1x45,8481,0,0,1,6.962890625
Dense1x45,3974,1,1,1,3.0908203125
Dense1x45,1674,1,1,1,3.9794921875
Dense1x45,5044,1,1,1,3.3837890625
Dense1x45,3601,1,1,1,2.6953125
Dense1x45,7881,1,1,1,4.453125
Dense1x45,5499,1,1,1,3.4423828125
Dense1x45,5208,1,1,1,3.583984375
Dense1x45,4069,1,1,1,4.8095703125
Dense1x45,137,1,1,1,3.2958984375
Dense1x45,7191,1,1,1,2.91015625
Dense1x45,949,1,1,1,4.5654296875
Dense1x45,7748,1,1,1,3.6279296875
Dense1x45,2803,1,1,1,3.916015625
Dense1x45,1939,1,1,1,3.4130859375
Dense1x45,1054,1,1,1,3.896484375
Dense1x45,9641,1,1,1,2.8173828125
Dense1x45,7063,1,1,1,3.9453125
Dense1x45,5091,1,1,1,2.5
Dense1x45,7600,1,1,1,3.6962890625
Dense1x45,6799,1,1,1,4.892578125
Dense1x45,8376,1,1,1,3.9208984375
Dense1x45,74,1,1,1,3.96484375
Dense1x45,1360,1,1,1,3.798828125
Dense1x45,9760,1,1,1,2.7978515625
Dense1x45,1025,1,1,1,3.3154296875
Dense1x45,8715,1,1,1,3.69140625
Dense1x45,4717,1,1,1,3.388671875
Dense1x45,4428,1,1,1,3.2275390625
Dense1x45,9931,1,1,1,2.9248046875
Dense1x45,6733,1,1,1,3.3837890625
Dense1x45,7299,1,1,1,3.8916015625
Dense1x45,7708,1,1,1,3.22265625
Dense1x45,8396,1,1,1,2.7978515625
Dense1x45,920,1,1,1,3.017578125
Dense1x45,3741,1,1,1,5.29296875
Dense1x45,9002,1,1,1,3.447265625
Dense1x45,3196,1,1,1,1.4892578125
Dense1x45,4318,1,1,1,2.2119140625
Dense1x45,8799,1,1,1,3.3642578125
Dense1x45,956,1,2,1,0.107421875
Dense1x45,1038,1,1,1,3.5595703125
Dense1x45,9444,1,1,1,4.1748046875
Dense1x45,8491,1,1,1,4.2333984375
Dense1x45,5544,1,1,1,5.2001953125
Dense1x45,2164,1,1,1,4.091796875
Dense1x45,850,1,1,1,4.2041015625
Dense1x45,907,1,1,1,2.4609375
Dense1x45,4524,1,1,1,4.7509765625
Dense1x45,3815,1,1,1,4.6435546875
Dense1x45,8048,1,1,1,4.1845703125
Dense1x45,1280,1,1,1,3.271484375
Dense1x45,5072,1,1,1,3.7841796875
Dense1x45,7725,1,1,1,4.4580078125
Dense1x45,57,1,1,1,3.125
Dense1x45,8439,1,1,1,2.7587890625
Dense1x45,2228,1,1,1,2.7197265625
Dense1x45,754,1,1,1,3.642578125
Dense1x45,900,1,1,1,1.3720703125
Dense1x45,5323,1,1,1,3.02734375
Dense1x45,6533,1,1,1,3.6083984375
Dense1x45,4179,1,1,1,4.5849609375
Dense1x45,354,1,1,1,2.3583984375
Dense1x45,6012,1,1,1,4.3798828125
Dense1x45,4953,1,1,1,4.6533203125
Dense1x45,6694,1,1,1,1.962890625
Dense1x45,3230,1,1,1,5.1904296875
Dense1x45,6527,1,1,1,2.8662109375
Dense1x45,3586,1,1,1,5.4833984375
Dense1x45,2277,1,1,1,2.55859375
Dense1x45,7517,1,1,1,3.8818359375
Dense1x45,3641,1,1,1,3.84765625
Dense1x45,272,1,1,1,4.3115234375
Dense1x45,2359,1,1,1,4.248046875
Dense1x45,9878,1,1,1,3.5302734375
Dense1x45,267,1,1,1,5.4296875
Dense1x45,1884,1,1,1,4.013671875
Dense1x45,4195,1,1,1,4.4140625
Dense1x45,3452,1,1,1,3.4423828125
Dense1x45,1397,1,1,1,4.2529296875
Dense1x45,350,1,1,1,3.7451171875
Dense1x45,7005,1,1,1,3.0859375
Dense1x45,2693,1,1,1,4.3359375
Dense1x45,4754,1,1,1,4.4091796875
Dense1x45,9017,1,1,1,3.5546875
Dense1x45,1829,1,1,1,2.8369140625
Dense1x45,9171,1,1,1,4.8095703125
Dense1x45,3244,1,1,1,2.9248046875
Dense1x45,5128,1,1,1,2.998046875
Dense1x45,6720,1,1,1,2.783203125
Dense1x45,6141,1,1,1,4.541015625
Dense1x45,1213,1,1,1,4.4921875
Dense1x45,2878,1,1,1,4.1064453125
Dense1x45,8252,1,1,1,3.3544921875
Dense1x45,4303,1,1,1,3.1201171875
Dense1x45,2175,1,1,1,3.0126953125
Dense1x45,96,1,1,1,2.3779296875
Dense1x45,8740,1,1,1,4.1455078125
Dense1x45,8636,1,1,1,4.8681640625
Dense1x45,3070,1,1,1,4.0283203125
Dense1x45,204,1,1,1,2.6806640625
Dense1x45,7529,3,3,1,2.65625
Dense1x45,7628,3,3,1,2.685546875
Dense1x45,8801,3,3,1,3.9990234375
Dense1x45,7170,3,3,1,3.1103515625
Dense1x45,1928,3,3,1,2.1044921875
Dense1x45,6481,3,3,1,3.095703125
Dense1x45,8156,3,3,1,2.724609375
Dense1x45,4335,3,3,1,2.2509765625
Dense1x45,2280,3,3,1,1.7822265625
Dense1x45,7214,3,3,1,4.6484375
Dense1x45,9636,3,3,1,1.7724609375
Dense1x45,9056,3,3,1,3.173828125
Dense1x45,9581,3,3,1,4.951171875
Dense1x45,5283,3,3,1,1.8212890625
Dense1x45,8010,3,3,1,1.865234375
Dense1x45,795,3,3,1,0.7861328125
Dense1x45,8518,3,3,1,5.8154296875
Dense1x45,6930,3,3,1,3.3349609375
Dense1x45,4940,3,3,1,2.978515625
Dense1x45,4430,3,3,1,4.423828125
Dense1x45,5815,3,3,1,3.828125
Dense1x45,1661,3,3,1,4.5703125
Dense1x45,5708,3,3,1,4.0673828125
Dense1x45,7620,3,3,1,1.1181640625
Dense1x45,8461,3,3,1,3.7744140625
Dense1x45,1539,3,3,1,3.45703125
Dense1x45,982,3,8,1,0.5859375
Dense1x45,6455,3,3,1,0.33203125
Dense1x45,6570,3,3,1,1.58203125
Dense1x45,9881,3,3,1,0.7421875
Dense1x45,524,3,3,1,2.5830078125
Dense1x45,8916,3,3,1,4.658203125
Dense1x45,5215,3,3,1,2.20703125
Dense1x45,3120,3,3,1,2.333984375
Dense1x45,5067,3,2,1,1.015625
Dense1x45,4276,3,3,1,2.1923828125
Dense1x45,3443,3,3,1,1.953125
Dense1x45,4818,3,3,1,3.7890625
Dense1x45,1290,3,3,1,1.240234375
Dense1x45,4714,3,3,1,3.4521484375
Dense1x45,1265,3,3,1,2.6318359375
Dense1x45,5248,3,3,1,4.091796875
Dense1x45,6794,3,3,1,6.9384765625
Dense1x45,8924,3,3,1,3.0908203125
Dense1x45,7639,3,3,1,1.3525390625
Dense1x45,548,3,3,1,2.0166015625
Dense1x45,9192,3,3,1,3.0615234375
Dense1x45,3527,3,3,1,2.9833984375
Dense1x45,3739,3,3,1,1.66015625
Dense1x45,1690,3,3,1,2.763671875
Dense1x45,6160,3,3,1,0.2099609375
Dense1x45,2450,3,3,1,0.6689453125
Dense1x45,5492,3,3,1,4.5263671875
Dense1x45,9882,3,3,1,1.650390625
Dense1x45,7215,3,3,1,3.45703125
Dense1x45,3834,3,3,1,0.4833984375
Dense1x45,9059,3,3,1,2.0849609375
Dense1x45,3448,3,5,1,0.2783203125
Dense1x45,3795,3,3,1,3.291015625
Dense1x45,5638,3,3,1,2.5146484375
Dense1x45,849,3,3,1,2.529296875
Dense1x45,8167,3,3,1,5.0341796875
Dense1x45,6664,3,3,1,2.9736328125
Dense1x45,3131,3,3,1,2.0654296875
Dense1x45,9750,3,3,1,4.7265625
Dense1x45,6722,3,3,1,5.0439453125
Dense1x45,3943,3,5,1,1.9482421875
Dense1x45,5454,3,3,1,4.3408203125
Dense1x45,8939,3,3,1,3.896484375
Dense1x45,505,3,3,1,1.8408203125
Dense1x45,3701,3,3,1,1.4892578125
Dense1x45,6940,3,3,1,1.3916015625
Dense1x45,782,3,3,1,2.8662109375
Dense1x45,6030,3,3,1,0.068359375
Dense1x45,7333,3,3,1,1.7724609375
Dense1x45,4990,3,8,1,0.5810546875
Dense1x45,1069,3,3,1,3.662109375
Dense1x45,5472,3,3,1,8.095703125
Dense1x45,9308,3,3,1,1.7529296875
Dense1x45,7956,3,3,1,5.263671875
Dense1x45,1128,3,2,1,0.1416015625
Dense1x45,5146,3,3,1,2.8466796875
Dense1x45,2690,3,3,1,1.962890625
Dense1x45,6811,3,3,1,2.63671875
Dense1x45,7763,3,3,1,6.77734375
Dense1x45,4581,3,3,1,3.84765625
Dense1x45,3630,3,3,1,3.6474609375
Dense1x45,5804,3,3,1,4.2626953125
Dense1x45,9662,3,3,1,0.3173828125
Dense1x45,8957,3,3,1,4.6826171875
Dense1x45,8946,3,3,1,4.0380859375
Dense1x45,5336,3,3,1,3.5498046875
Dense1x45,1798,3,3,1,1.103515625
Dense1x45,4657,3,3,1,0.283203125
Dense1x45,9604,3,3,1,4.8583984375
Dense1x45,1020,3,3,1,3.96484375
Dense1x45,7509,3,3,1,4.267578125
Dense1x45,2745,3,3,1,1.2451171875
Dense1x45,6636,3,3,1,1.2890625
Dense1x45,4164,3,3,1,2.6806640625
Dense1x50,6040,0,0,1,3.955078125
Dense1x50,3305,0,0,1,1.7822265625
Dense1x50,148,0,0,1,3.7841796875
Dense1x50,4353,0,0,1,3.3837890625
Dense1x50,1061,0,0,1,6.9482421875
Dense1x50,6841,0,0,1,6.7822265625
Dense1x50,9310,0,0,1,4.3798828125
Dense1x50,7221,0,0,1,4.90234375
Dense1x50,7537,0,0,1,6.6259765625
Dense1x50,5593,0,0,1,3.5791015625
Dense1x50,5280,0,0,1,6.396484375
Dense1x50,8055,0,0,1,7.412109375
Dense1x50,8152,0,0,1,6.865234375
Dense1x50,4788,0,0,1,2.8125
Dense1x50,6979,0,0,1,6.1669921875
Dense1x50,9818,0,0,1,5.2392578125
Dense1x50,1408,0,0,1,5.8154296875
Dense1x50,136,0,0,1,3.26171875
Dense1x50,8117,0,0,1,5.5859375
Dense1x50,7289,0,0,1,7.6318359375
Dense1x50,4286,0,0,1,3.681640625
Dense1x50,5613,0,0,1,5.0439453125
Dense1x50,3608,0,0,1,8.515625
Dense1x50,6633,0,0,1,4.5263671875
Dense1x50,5505,0,0,1,4.0625
Dense1x50,6978,0,0,1,5.234375
Dense1x50,4079,0,0,1,5.8056640625
Dense1x50,4062,0,0,1,5.4931640625
Dense1x50,5828,0,0,1,2.2802734375
Dense1x50,8127,0,0,1,6.865234375
Dense1x50,1288,0,0,1,2.822265625
Dense1x50,6818,0,0,1,4.16015625
Dense1x50,2932,0,0,1,3.1591796875
Dense1x50,1638,0,0,1,4.12109375
Dense1x50,5133,0,0,1,7.548828125
Dense1x50,7566,0,0,1,6.11328125
Dense1x50,4531,0,0,1,2.5244140625
Dense1x50,5255,0,0,1,3.408203125
Dense1x50,3401,0,0,1,4.66796875
Dense1x50,7269,0,0,1,5.0048828125
Dense1x50,2571,0,0,1,2.3828125
Dense1x50,2714,0,0,1,4.4580078125
Dense1x50,7706,0,0,1,4.755859375
Dense1x50,7907,0,0,1,8.251953125
Dense1x50,5124,0,0,1,7.34375
Dense1x50,7367,0,0,1,5.947265625
Dense1x50,5459,0,0,1,5.4296875
Dense1x50,443,0,0,1,1.26953125
Dense1x50,7723,0,0,1,7.0849609375
Dense1x50,183,0,0,1,5.5908203125
Dense1x50,9221,0,0,1,6.4794921875
Dense1x50,7263,0,0,1,3.8720703125
Dense1x50,3219,0,0,1,2.3046875
Dense1x50,4403,0,0,1,2.98828125
Dense1x50,6114,0,0,1,10.01953125
Dense1x50,2061,0,0,1,3.9794921875
Dense1x50,4365,0,0,1,4.5458984375
Dense1x50,2842,0,0,1,9.1015625
Dense1x50,8111,0,0,1,10.0
Dense1x50,7671,0,0,1,3.037109375
Dense1x50,1918,0,0,1,3.564453125
Dense1x50,8621,0,0,1,4.140625
Dense1x50,701,0,0,1,6.2353515625
Dense1x50,9004,0,0,1,3.7451171875
Dense1x50,4720,0,0,1,4.5458984375
Dense1x50,9455,0,0,1,5.3564453125
Dense1x50,2962,0,0,1,5.966796875
Dense1x50,7625,0,0,1,5.87890625
Dense1x50,9174,0,0,1,7.75390625
Dense1x50,7202,0,0,1,4.8291015625
Dense1x50,4447,0,0,1,5.2392578125
Dense1x50,5513,0,0,1,5.576171875
Dense1x50,1195,0,0,1,5.078125
Dense1x50,4718,0,0,1,4.66796875
Dense1x50,7330,0,0,1,8.916015625
Dense1x50,871,0,0,1,6.904296875
Dense1x50,1218,0,0,1,5.2587890625
Dense1x50,6588,0,0,1,4.560546875
Dense1x50,6133,0,0,1,10.224609375
Dense1x50,1535,0,0,1,4.55078125
Dense1x50,8228,0,0,1,3.203125
Dense1x50,4862,0,0,1,3.69140625
Dense1x50,4473,0,0,1,3.759765625
Dense1x50,1297,0,0,1,5.5859375
Dense1x50,7506,0,0,1,6.884765625
Dense1x50,1843,0,0,1,2.0556640625
Dense1x50,9791,0,0,1,4.62890625
Dense1x50,6719,0,0,1,6.962890625
Dense1x50,6072,0,0,1,8.0224609375
Dense1x50,5932,0,0,1,6.3720703125
Dense1x50,3347,0,0,1,4.2236328125
Dense1x50,3613,0,0,1,3.7890625
Dense1x50,4857,0,0,1,2.2216796875
Dense1x50,7446,0,0,1,2.0166015625
Dense1x50,296,0,0,1,7.2998046875
Dense1x50,7898,0,0,1,8.7060546875
Dense1x50,7846,0,0,1,8.2470703125
Dense1x50,6163,0,0,1,8.0322265625
Dense1x50,4739,0,0,1,4.423828125
Dense1x50,3412,0,0,1,2.470703125
Dense1x50,6506,1,1,1,3.3740234375
Dense1x50,4264,1,1,1,4.1796875
Dense1x50,3582,1,1,1,1.9140625
Dense1x50,7395,1,1,1,3.5302734375
Dense1x50,489,1,1,1,3.1884765625
Dense1x50,2245,1,1,1,2.36328125
Dense1x50,1254,1,1,1,4.091796875
Dense1x50,1633,1,1,1,3.7353515625
Dense1x50,3420,1,1,1,3.1787109375
Dense1x50,8586,1,1,1,4.4873046875
Dense1x50,745,1,1,1,3.8037109375
Dense1x50,14,1,1,1,5.0830078125
Dense1x50,2,1,1,1,2.6708984375
Dense1x50,9760,1,1,1,2.83203125
Dense1x50,9657,1,1,1,3.3837890625
Dense1x50,4806,1,1,1,3.4375
Dense1x50,7507,1,1,1,3.310546875
Dense1x50,8659,1,1,1,4.853515625
Dense1x50,6375,1,1,1,4.755859375
Dense1x50,4014,1,1,1,4.521484375
Dense1x50,4606,1,1,1,2.7392578125
Dense1x50,180,1,1,1,4.111328125
Dense1x50,9838,1,1,1,3.92578125
Dense1x50,9222,1,1,1,4.51171875
Dense1x50,1025,1,1,1,3.5302734375
Dense1x50,9649,1,1,1,3.5302734375
Dense1x50,798,1,1,1,3.8330078125
Dense1x50,4984,1,1,1,3.7548828125
Dense1x50,8819,1,1,1,3.0517578125
Dense1x50,6502,1,1,1,3.232421875
Dense1x50,7638,1,1,1,4.8828125
Dense1x50,7658,1,1,1,4.3896484375
Dense1x50,1630,1,1,1,3.8671875
Dense1x50,2409,1,1,1,3.4326171875
Dense1x50,1760,1,1,1,4.6875
Dense1x50,1993,1,1,1,1.3720703125
Dense1x50,1008,1,1,1,4.1552734375
Dense1x50,3421,1,1,1,2.8369140625
Dense1x50,5550,1,1,1,5.5615234375
Dense1x50,203,1,1,1,3.2861328125
Dense1x50,8740,1,1,1,4.306640625
Dense1x50,7890,1,1,1,3.9501953125
Dense1x50,9061,1,1,1,3.583984375
Dense1x50,9003,1,1,1,3.5791015625
Dense1x50,272,1,1,1,4.423828125
Dense1x50,5005,1,1,1,3.6767578125
Dense1x50,4909,1,1,1,3.3056640625
Dense1x50,6891,1,1,1,4.267578125
Dense1x50,2661,1,1,1,4.0283203125
Dense1x50,3126,1,1,1,4.3701171875
Dense1x50,154,1,1,1,3.49609375
Dense1x50,4953,1,1,1,4.6630859375
Dense1x50,3906,1,3,1,0.1611328125
Dense1x50,9121,1,1,1,3.8623046875
Dense1x50,6044,1,1,1,3.2421875
Dense1x50,3852,1,1,1,2.6953125
Dense1x50,5490,1,1,1,3.9892578125
Dense1x50,5323,1,1,1,2.55859375
Dense1x50,9485,1,1,1,3.2568359375
Dense1x50,1329,1,1,1,3.896484375
Dense1x50,5566,1,1,1,3.4423828125
Dense1x50,4717,1,1,1,3.8232421875
Dense1x50,3276,1,1,1,3.9111328125
Dense1x50,3253,1,1,1,3.3837890625
Dense1x50,7600,1,1,1,3.349609375
Dense1x50,9699,1,1,1,3.4375
Dense1x50,3320,1,1,1,3.33984375
Dense1x50,4074,1,1,1,3.408203125
Dense1x50,8418,1,1,1,3.61328125
Dense1x50,9645,1,1,1,2.32421875
Dense1x50,2324,1,1,1,4.677734375
Dense1x50,2510,1,1,1,2.3583984375
Dense1x50,1555,1,1,1,3.61328125
Dense1x50,1280,1,1,1,3.0859375
Dense1x50,4847,1,1,1,2.63671875
Dense1x50,1483,1,1,1,3.0224609375
Dense1x50,9030,1,1,1,3.2861328125
Dense1x50,3231,1,1,1,5.126953125
Dense1x50,1515,1,1,1,3.701171875
Dense1x50,7839,1,1,1,1.7041015625
Dense1x50,2706,1,1,1,3.466796875
Dense1x50,4858,1,1,1,3.57421875
Dense1x50,6329,1,1,1,3.8525390625
Dense1x50,7686,1,1,1,5.0146484375
Dense1x50,6231,1,1,1,3.3837890625
Dense1x50,2504,1,1,1,3.1591796875
Dense1x50,8113,1,1,1,4.3359375
Dense1x50,7896,1,1,1,2.4951171875
Dense1x50,1027,1,1,1,4.5849609375
Dense1x50,5880,1,1,1,4.27734375
Dense1x50,2136,1,1,1,4.609375
Dense1x50,7353,1,1,1,3.955078125
Dense1x50,5025,1,1,1,3.134765625
Dense1x50,8239,1,1,1,3.37890625
Dense1x50,1868,1,1,1,0.41015625
Dense1x50,107,1,1,1,2.548828125
Dense1x50,6678,1,1,1,3.4326171875
Dense1x50,9994,1,1,1,3.7744140625
Dense1x50,3606,1,1,1,2.451171875
Dense1x50,9846,1,1,1,2.9296875
Dense1x50,1383,3,3,1,3.45703125
Dense1x50,5468,3,3,1,3.720703125
Dense1x50,8070,3,3,1,5.9521484375
Dense1x50,9157,3,3,1,5.5029296875
Dense1x50,7610,3,3,1,3.4716796875
Dense1x50,9474,3,3,1,3.3154296875
Dense1x50,9717,3,3,1,6.9580078125
Dense1x50,6160,3,3,1,1.77734375
Dense1x50,1769,3,3,1,2.0751953125
Dense1x50,1928,3,3,1,2.568359375
Dense1x50,6096,3,3,1,3.6767578125
Dense1x50,1856,3,3,1,1.0009765625
Dense1x50,5358,3,3,1,2.3828125
Dense1x50,3448,3,3,1,1.23046875
Dense1x50,9943,3,5,1,0.1611328125
Dense1x50,323,3,3,1,3.76953125
Dense1x50,9501,3,3,1,5.05859375
Dense1x50,3947,3,3,1,6.4404296875
Dense1x50,369,3,3,1,2.98828125
Dense1x50,7841,3,3,1,5.3857421875
Dense1x50,6535,3,3,1,2.59765625
Dense1x50,2931,3,3,1,2.8173828125
Dense1x50,5504,3,3,1,5.1953125
Dense1x50,4703,3,3,1,5.087890625
Dense1x50,450,3,3,1,1.2158203125
Dense1x50,2639,3,3,1,1.484375
Dense1x50,30,3,3,1,3.6279296875
Dense1x50,2560,3,3,1,0.0634765625
Dense1x50,9614,3,3,1,0.6201171875
Dense1x50,9445,3,3,1,6.2939453125
Dense1x50,5356,3,3,1,3.8427734375
Dense1x50,912,3,3,1,5.791015625
Dense1x50,3407,3,3,1,3.75
Dense1x50,8684,3,3,1,2.1826171875
Dense1x50,3300,3,3,1,3.916015625
Dense1x50,334,3,3,1,4.4873046875
Dense1x50,3045,3,3,1,6.4306640625
Dense1x50,9986,3,3,1,0.7470703125
Dense1x50,1503,3,3,1,2.9638671875
Dense1x50,8451,3,3,1,4.7216796875
Dense1x50,1066,3,3,1,4.8681640625
Dense1x50,5955,3,8,1,2.685546875
Dense1x50,9548,3,3,1,6.650390625
Dense1x50,4541,3,3,1,5.1708984375
Dense1x50,7119,3,3,1,4.892578125
Dense1x50,6440,3,3,1,4.9658203125
Dense1x50,9750,3,3,1,6.1962890625
Dense1x50,449,3,3,1,0.76171875
Dense1x50,9860,3,3,1,2.5390625
Dense1x50,1069,3,3,1,4.6826171875
Dense1x50,4638,3,3,1,3.9697265625
Dense1x50,3766,3,3,1,2.67578125
Dense1x50,1020,3,3,1,4.0234375
Dense1x50,3825,3,3,1,2.6708984375
Dense1x50,200,3,3,1,4.4189453125
Dense1x50,5078,3,8,1,0.009765625
Dense1x50,8483,3,3,1,4.5751953125
Dense1x50,8660,3,3,1,4.990234375
Dense1x50,1611,3,3,1,1.7236328125
Dense1x50,1681,3,7,1,4.74609375
Dense1x50,87,3,3,1,2.0947265625
Dense1x50,3642,3,3,1,6.650390625
Dense1x50,2731,3,3,1,1.85546875
Dense1x50,7104,3,3,1,3.69140625
Dense1x50,1612,3,3,1,4.43359375
Dense1x50,2884,3,3,1,2.4658203125
Dense1x50,6453,3,3,1,0.95703125
Dense1x50,8130,3,3,1,4.2138671875
Dense1x50,8290,3,3,1,1.9677734375
Dense1x50,6542,3,3,1,1.982421875
Dense1x50,1601,3,3,1,1.9140625
Dense1x50,6801,3,3,1,3.701171875
Dense1x50,5237,3,3,1,1.611328125
Dense1x50,3469,3,3,1,3.662109375
Dense1x50,3475,3,7,1,0.439453125
Dense1x50,4802,3,3,1,2.6904296875
Dense1x50,32,3,3,1,2.6708984375
Dense1x50,4528,3,3,1,2.451171875
Dense1x50,6059,3,8,1,0.4150390625
Dense1x50,6624,3,3,1,0.3857421875
Dense1x50,8171,3,3,1,2.8515625
Dense1x50,9942,3,3,1,3.2275390625
Dense1x50,1828,3,7,1,0.712890625
Dense1x50,7476,3,3,1,1.40625
Dense1x50,958,3,3,1,0.8935546875
Dense1x50,5330,3,3,1,2.87109375
Dense1x50,8362,3,3,1,1.4990234375
Dense1x50,7714,3,3,1,2.0166015625
Dense1x50,2229,3,3,1,1.3671875
Dense1x50,7568,3,3,1,4.755859375
Dense1x50,6907,3,3,1,4.4189453125
Dense1x50,5150,3,3,1,6.9189453125
Dense1x50,6312,3,3,1,4.443359375
Dense1x50,8080,3,3,1,5.2880859375
Dense1x50,8694,3,3,1,4.658203125
Dense1x50,3456,3,3,1,1.767578125
Dense1x50,8263,3,3,1,3.59375
Dense1x50,8854,3,3,1,5.7080078125
Dense1x50,9872,3,3,1,3.7060546875
Dense1x50,4928,3,3,1,2.4853515625
Dense1x55,55,0,0,1,3.3056640625
Dense1x55,9865,0,0,1,3.818359375
Dense1x55,2384,0,0,1,3.6328125
Dense1x55,9367,0,0,1,6.484375
Dense1x55,7593,0,0,1,5.0732421875
Dense1x55,2761,0,0,1,2.87109375
Dense1x55,5519,0,0,1,2.7490234375
Dense1x55,1399,0,0,1,3.3642578125
Dense1x55,7139,0,0,1,5.2978515625
Dense1x55,5930,0,0,1,5.41015625
Dense1x55,5459,0,0,1,7.5830078125
Dense1x55,5435,0,0,1,4.5361328125
Dense1x55,8273,0,0,1,2.20703125
Dense1x55,1220,0,0,1,3.80859375
Dense1x55,2294,0,0,1,3.544921875
Dense1x55,5990,0,0,1,6.884765625
Dense1x55,2370,0,0,1,1.2255859375
Dense1x55,2185,0,5,1,0.732421875
Dense1x55,6711,0,0,1,8.3203125
Dense1x55,2295,0,0,1,2.8271484375
Dense1x55,7989,0,0,1,6.71875
Dense1x55,3940,0,0,1,6.4501953125
Dense1x55,3265,0,0,1,5.7763671875
Dense1x55,4880,0,8,1,2.451171875
Dense1x55,6719,0,0,1,6.66015625
Dense1x55,9134,0,0,1,8.4521484375
Dense1x55,1468,0,0,1,2.001953125
Dense1x55,6470,0,0,1,5.546875
Dense1x55,7671,0,0,1,2.8173828125
Dense1x55,561,0,0,1,2.4462890625
Dense1x55,7782,0,0,1,9.3212890625
Dense1x55,3310,0,0,1,3.5595703125
Dense1x55,5463,0,0,1,8.4423828125
Dense1x55,3052,0,0,1,5.95703125
Dense1x55,592,0,0,1,4.5751953125
Dense1x55,2765,0,0,1,5.41015625
Dense1x55,8351,0,0,1,4.0625
Dense1x55,7607,0,0,1,4.990234375
Dense1x55,8098,0,0,1,6.0009765625
Dense1x55,4208,0,0,1,4.04296875
Dense1x55,9179,0,0,1,6.6748046875
Dense1x55,6750,0,0,1,8.3349609375
Dense1x55,5838,0,0,1,5.4931640625
Dense1x55,8587,0,0,1,5.4296875
Dense1x55,5731,0,0,1,1.884765625
Dense1x55,3417,0,0,1,4.0478515625
Dense1x55,9387,0,0,1,7.6806640625
Dense1x55,5830,0,0,1,6.1962890625
Dense1x55,3226,0,0,1,6.1083984375
Dense1x55,5320,0,0,1,5.634765625
Dense1x55,1768,0,0,1,4.150390625
Dense1x55,4090,0,0,1,2.3681640625
Dense1x55,5531,0,0,1,6.0791015625
Dense1x55,4515,0,0,1,5.4736328125
Dense1x55,9311,0,0,1,3.017578125
Dense1x55,6841,0,0,1,6.7578125
Dense1x55,2096,0,0,1,5.1416015625
Dense1x55,7887,0,0,1,9.853515625
Dense1x55,4470,0,0,1,5.400390625
Dense1x55,7907,0,0,1,9.560546875
Dense1x55,9818,0,0,1,5.1806640625
Dense1x55,6082,0,0,1,8.9892578125
Dense1x55,7702,0,0,1,4.1796875
Dense1x55,8212,0,0,1,3.69140625
Dense1x55,1246,0,0,1,3.28125
Dense1x55,9724,0,0,1,4.3115234375
Dense1x55,8023,0,0,1,10.9326171875
Dense1x55,9585,0,0,1,7.2509765625
Dense1x55,1764,0,0,1,5.0732421875
Dense1x55,5415,0,0,1,3.4423828125
Dense1x55,1223,0,0,1,5.25390625
Dense1x55,4757,0,0,1,5.341796875
Dense1x55,8795,0,0,1,4.599609375
Dense1x55,5987,0,0,1,4.6484375
Dense1x55,9273,0,0,1,2.8271484375
Dense1x55,7052,0,0,1,6.005859375
Dense1x55,6191,0,0,1,8.9404296875
Dense1x55,324,0,0,1,0.6787109375
Dense1x55,1826,0,0,1,3.75
Dense1x55,3536,0,0,1,3.3056640625
Dense1x55,5301,0,0,1,4.8486328125
Dense1x55,5033,0,0,1,5.263671875
Dense1x55,9611,0,0,1,5.419921875
Dense1x55,1558,0,0,1,2.978515625
Dense1x55,6602,0,0,1,4.1259765625
Dense1x55,5243,0,0,1,4.5556640625
Dense1x55,8738,0,0,1,4.638671875
Dense1x55,6293,0,0,1,5.9326171875
Dense1x55,9414,0,0,1,6.0498046875
Dense1x55,2435,0,0,1,3.5302734375
Dense1x55,4227,0,0,1,4.21875
Dense1x55,7342,0,0,1,8.2568359375
Dense1x55,3325,0,0,1,6.09375
Dense1x55,8448,0,0,1,6.5380859375
Dense1x55,8657,0,0,1,6.162109375
Dense1x55,6546,0,0,1,3.9111328125
Dense1x55,1918,0,0,1,3.5400390625
Dense1x55,6947,0,0,1,5.76171875
Dense1x55,3315,0,0,1,6.1767578125
Dense1x55,9230,0,0,1,6.54296875
Dense1x55,5732,1,1,1,4.43359375
Dense1x55,1909,1,1,1,4.19921875
Dense1x55,3097,1,1,1,3.2958984375
Dense1x55,7567,1,1,1,3.7353515625
Dense1x55,8568,1,1,1,5.2294921875
Dense1x55,4428,1,1,1,3.056640625
Dense1x55,798,1,1,1,3.974609375
Dense1x55,8758,1,1,1,4.7119140625
Dense1x55,8491,1,1,1,4.7802734375
Dense1x55,9324,1,1,1,4.4287109375
Dense1x55,6101,1,1,1,1.1962890625
Dense1x55,9090,1,1,1,5.166015625
Dense1x55,9241,1,1,1,4.7900390625
Dense1x55,239,1,1,1,4.5068359375
Dense1x55,3227,1,1,1,2.3388671875
Dense1x55,652,1,1,1,4.8291015625
Dense1x55,4754,1,1,1,5.615234375
Dense1x55,3050,1,1,1,4.7802734375
Dense1x55,6917,1,1,1,4.609375
Dense1x55,4687,1,1,1,4.052734375
Dense1x55,3148,1,1,1,4.0576171875
Dense1x55,8604,1,1,1,4.9072265625
Dense1x55,929,1,1,1,4.00390625
Dense1x55,9345,1,1,1,4.62890625
Dense1x55,9653,1,1,1,1.7333984375
Dense1x55,2018,1,1,1,2.4658203125
Dense1x55,7053,1,1,1,3.095703125
Dense1x55,9407,1,1,1,3.984375
Dense1x55,2287,1,1,1,5.13671875
Dense1x55,8164,1,1,1,2.9150390625
Dense1x55,9955,1,1,1,2.138671875
Dense1x55,1054,1,1,1,4.0087890625
Dense1x55,7738,1,1,1,1.97265625
Dense1x55,6060,1,1,1,4.130859375
Dense1x55,7123,1,1,1,4.5751953125
Dense1x55,8740,1,1,1,5.1708984375
Dense1x55,754,1,1,1,4.5458984375
Dense1x55,5839,1,1,1,3.61328125
Dense1x55,1548,1,1,1,3.5107421875
Dense1x55,3669,1,1,1,3.0126953125
Dense1x55,4168,1,1,1,4.0576171875
Dense1x55,4050,1,1,1,3.2421875
Dense1x55,6484,1,1,1,4.580078125
Dense1x55,3930,1,1,1,5.078125
Dense1x55,5953,1,1,1,4.2236328125
Dense1x55,8252,1,1,1,3.779296875
Dense1x55,6789,1,1,1,5.3466796875
Dense1x55,6661,1,1,1,2.3828125
Dense1x55,5499,1,1,1,3.4765625
Dense1x55,8078,1,1,1,4.052734375
Dense1x55,7812,1,8,1,0.439453125
Dense1x55,5490,1,1,1,4.990234375
Dense1x55,8799,1,1,1,4.8486328125
Dense1x55,2902,1,1,1,4.6728515625
Dense1x55,3761,1,1,1,2.197265625
Dense1x55,7725,1,1,1,4.8779296875
Dense1x55,6115,1,1,1,2.4267578125
Dense1x55,8469,1,1,1,5.205078125
Dense1x55,4349,1,1,1,5.1904296875
Dense1x55,4491,1,1,1,3.203125
Dense1x55,2359,1,1,1,4.70703125
Dense1x55,7581,1,1,1,4.794921875
Dense1x55,89,1,1,1,5.3955078125
Dense1x55,1988,1,1,1,4.6337890625
Dense1x55,6239,1,1,1,4.39453125
Dense1x55,6938,1,1,1,5.1025390625
Dense1x55,3353,1,1,1,4.1064453125
Dense1x55,5113,1,1,1,4.9072265625
Dense1x55,3894,1,1,1,3.80859375
Dense1x55,455,1,1,1,5.4443359375
Dense1x55,5128,1,1,1,4.697265625
Dense1x55,1180,1,1,1,5.5224609375
Dense1x55,3126,1,1,1,4.98046875
Dense1x55,3852,1,1,1,2.744140625
Dense1x55,2880,1,1,1,5.048828125
Dense1x55,3765,1,1,1,4.3017578125
Dense1x55,695,1,1,1,3.7255859375
Dense1x55,8286,1,1,1,1.455078125
Dense1x55,4533,1,1,1,4.013671875
Dense1x55,5148,1,1,1,3.90625
Dense1x55,5614,1,1,1,4.1259765625
Dense1x55,5461,1,1,1,5.3369140625
Dense1x55,6623,1,1,1,3.232421875
Dense1x55,8650,1,1,1,4.6435546875
Dense1x55,2734,1,1,1,4.248046875
Dense1x55,9265,1,1,1,3.8916015625
Dense1x55,2676,1,1,1,2.9931640625
Dense1x55,5588,1,1,1,2.28515625
Dense1x55,1254,1,1,1,3.5693359375
Dense1x55,6058,1,1,1,4.1015625
Dense1x55,6224,1,1,1,5.087890625
Dense1x55,4507,1,1,1,3.2861328125
Dense1x55,354,1,1,1,2.91015625
Dense1x55,5514,1,1,1,4.5703125
Dense1x55,3562,1,1,1,4.6533203125
Dense1x55,4670,1,1,1,4.599609375
Dense1x55,5661,1,1,1,4.4091796875
Dense1x55,1876,1,1,1,5.1806640625
Dense1x55,9878,1,1,1,4.6533203125
Dense1x55,6232,1,1,1,4.6240234375
Dense1x55,9073,3,3,1,4.51171875
Dense1x55,6681,3,3,1,3.203125
Dense1x55,6950,3,3,1,4.55078125
Dense1x55,8379,3,3,1,1.435546875
Dense1x55,442,3,3,1,4.072265625
Dense1x55,9536,3,3,1,2.4169921875
Dense1x55,1062,3,7,1,1.240234375
Dense1x55,982,3,3,1,0.0390625
Dense1x55,7501,3,3,1,4.31640625
Dense1x55,6973,3,3,1,3.974609375
Dense1x55,7568,3,3,1,4.638671875
Dense1x55,9872,3,3,1,3.96484375
Dense1x55,6285,3,3,1,5.546875
Dense1x55,925,3,3,1,3.837890625
Dense1x55,9491,3,3,1,4.248046875
Dense1x55,4406,3,3,1,4.4970703125
Dense1x55,6863,3,3,1,4.12109375
Dense1x55,6704,3,3,1,5.341796875
Dense1x55,6365,3,3,1,4.501953125
Dense1x55,548,3,3,1,2.177734375
Dense1x55,5850,3,3,1,5.3076171875
Dense1x55,1095,3,3,1,3.06640625
Dense1x55,2785,3,3,1,4.580078125
Dense1x55,2020,3,3,1,3.1201171875
Dense1x55,505,3,3,1,1.7724609375
Dense1x55,2408,3,3,1,0.595703125
Dense1x55,4526,3,3,1,5.1708984375
Dense1x55,7140,3,3,1,3.59375
Dense1x55,6535,3,3,1,2.03125
Dense1x55,3944,3,3,1,2.978515625
Dense1x55,1495,3,3,1,1.708984375
Dense1x55,4586,3,3,1,4.0576171875
Dense1x55,5878,3,3,1,3.6767578125
Dense1x55,8876,3,3,1,3.8916015625
Dense1x55,9624,3,8,1,3.5302734375
Dense1x55,7981,3,3,1,6.2548828125
Dense1x55,2312,3,3,1,1.1572265625
Dense1x55,9717,3,3,1,6.2060546875
Dense1x55,9860,3,3,1,2.607421875
Dense1x55,3528,3,3,1,2.734375
Dense1x55,7097,3,3,1,2.8759765625
Dense1x55,2716,3,3,1,5.3173828125
Dense1x55,4854,3,3,1,6.2646484375
Dense1x55,5555,3,3,1,5.37109375
Dense1x55,2712,3,3,1,4.0966796875
Dense1x55,7719,3,3,1,4.1259765625
Dense1x55,976,3,3,1,2.2216796875
Dense1x55,944,3,3,1,0.126953125
Dense1x55,2555,3,3,1,6.0546875
Dense1x55,7312,3,3,1,4.19921875
Dense1x55,2931,3,3,1,3.0517578125
Dense1x55,9561,3,3,1,4.423828125
Dense1x55,6511,3,5,1,0.2490234375
Dense1x55,6184,3,3,1,3.3154296875
Dense1x55,4270,3,3,1,2.83203125
Dense1x55,9758,3,3,1,1.7919921875
Dense1x55,5674,3,3,1,4.8681640625
Dense1x55,8924,3,3,1,3.955078125
Dense1x55,8070,3,3,1,6.064453125
Dense1x55,6857,3,3,1,3.9306640625
Dense1x55,6564,3,3,1,0.498046875
Dense1x55,4352,3,3,1,4.7216796875
Dense1x55,1092,3,3,1,1.26953125
Dense1x55,1926,3,3,1,0.9423828125
Dense1x55,2914,3,3,1,0.56640625
Dense1x55,8263,3,3,1,2.1044921875
Dense1x55,8952,3,3,1,0.6103515625
Dense1x55,7333,3,3,1,2.294921875
Dense1x55,6447,3,3,1,4.248046875
Dense1x55,8429,3,3,1,4.53125
Dense1x55,2906,3,5,1,0.986328125
Dense1x55,4541,3,3,1,6.0595703125
Dense1x55,7104,3,3,1,3.37890625
Dense1x55,507,3,5,1,1.07421875
Dense1x55,6045,3,5,1,1.2548828125
Dense1x55,9548,3,3,1,6.62109375
Dense1x55,2684,3,3,1,0.7373046875
Dense1x55,7484,3,3,1,4.9755859375
Dense1x55,5616,3,3,1,4.7119140625
Dense1x55,450,3,3,1,2.0751953125
Dense1x55,6421,3,2,1,1.630859375
Dense1x55,9697,3,3,1,0.6884765625
Dense1x55,5150,3,3,1,6.2646484375
Dense1x55,6440,3,3,1,4.7314453125
Dense1x55,245,3,3,1,0.966796875
Dense1x55,8362,3,3,1,0.7958984375
Dense1x55,2549,3,3,1,3.59375
Dense1x55,3484,3,3,1,3.505859375
Dense1x55,8171,3,3,1,2.8662109375
Dense1x55,5508,3,3,1,5.126953125
Dense1x55,3476,3,3,1,1.3232421875
Dense1x55,7905,3,2,1,0.1171875
Dense1x55,2927,3,2,1,3.427734375
Dense1x55,9059,3,3,1,3.916015625
Dense1x55,6116,3,3,1,2.8173828125
Dense1x55,1134,3,3,1,4.7265625
Dense1x55,1588,3,3,1,4.9365234375
Dense1x55,8370,3,3,1,5.517578125
Dense1x55,569,3,3,1,0.263671875
Dense1x55,8154,3,3,1,4.8974609375
Dense1x60,6062,0,0,1,7.2900390625
Dense1x60,545,0,0,1,2.4658203125
Dense1x60,3695,0,0,1,5.3125
Dense1x60,485,0,0,1,2.6220703125
Dense1x60,3191,0,0,1,3.2177734375
Dense1x60,5684,0,0,1,5.8740234375
Dense1x60,5791,0,0,1,6.0498046875
Dense1x60,2370,0,0,1,3.203125
Dense1x60,2765,0,0,1,5.458984375
Dense1x60,8021,0,0,1,7.1337890625
Dense1x60,7289,0,0,1,7.275390625
Dense1x60,2557,0,0,1,4.853515625
Dense1x60,5147,0,0,1,3.7646484375
Dense1x60,183,0,0,1,4.5458984375
Dense1x60,7838,0,0,1,9.08203125
Dense1x60,9158,0,0,1,4.6875
Dense1x60,6925,0,0,1,4.6044921875
Dense1x60,1148,0,0,1,4.609375
Dense1x60,7866,0,0,1,7.8076171875
Dense1x60,5320,0,0,1,5.146484375
Dense1x60,2842,0,0,1,8.1640625
Dense1x60,932,0,0,1,3.4033203125
Dense1x60,3052,0,0,1,5.7177734375
Dense1x60,4186,0,0,1,4.8095703125
Dense1x60,498,0,0,1,3.544921875
Dense1x60,8221,0,0,1,5.8154296875
Dense1x60,5505,0,0,1,4.0673828125
Dense1x60,5241,0,0,1,4.3408203125
Dense1x60,5718,0,0,1,1.875
Dense1x60,6127,0,0,1,7.8564453125
Dense1x60,8342,0,0,1,4.31640625
Dense1x60,6833,0,0,1,6.03515625
Dense1x60,3315,0,0,1,6.0595703125
Dense1x60,7655,0,0,1,7.5341796875
Dense1x60,2811,0,0,1,4.599609375
Dense1x60,3830,0,0,1,5.5419921875
Dense1x60,4554,0,0,1,7.119140625
Dense1x60,3660,0,0,1,4.306640625
Dense1x60,5685,0,0,1,5.7177734375
Dense1x60,6082,0,0,1,5.6640625
Dense1x60,1870,0,0,1,4.16015625
Dense1x60,4282,0,0,1,3.486328125
Dense1x60,4062,0,0,1,5.0341796875
Dense1x60,6342,0,0,1,6.376953125
Dense1x60,3903,0,0,1,6.0693359375
Dense1x60,2794,0,0,1,2.4462890625
Dense1x60,7907,0,0,1,7.36328125
Dense1x60,3043,0,0,1,3.359375
Dense1x60,9508,0,0,1,2.4560546875
Dense1x60,6971,0,0,1,3.4521484375
Dense1x60,9611,0,0,1,4.4873046875
Dense1x60,443,0,0,1,1.2451171875
Dense1x60,7485,0,0,1,4.9609375
Dense1x60,5721,0,0,1,4.51171875
Dense1x60,704,0,0,1,3.1982421875
Dense1x60,440,0,0,1,8.96484375
Dense1x60,5463,0,0,1,7.099609375
Dense1x60,4365,0,0,1,4.5849609375
Dense1x60,896,0,0,1,0.732421875
Dense1x60,8611,0,0,1,4.8876953125
Dense1x60,5613,0,0,1,2.3828125
Dense1x60,3581,0,0,1,4.8046875
Dense1x60,1273,0,0,1,3.701171875
Dense1x60,9951,0,0,1,2.841796875
Dense1x60,2717,0,0,1,5.2294921875
Dense1x60,5669,0,0,1,6.845703125
Dense1x60,5584,0,0,1,6.85546875
Dense1x60,3013,0,0,1,5.5224609375
Dense1x60,7747,0,0,1,6.484375
Dense1x60,4278,0,0,1,6.416015625
Dense1x60,2449,0,0,1,0.8984375
Dense1x60,2824,0,0,1,4.5556640625
Dense1x60,3479,0,0,1,2.8662109375
Dense1x60,9179,0,0,1,6.025390625
Dense1x60,3371,0,0,1,3.5302734375
Dense1x60,3982,0,0,1,7.314453125
Dense1x60,9134,0,0,1,6.9482421875
Dense1x60,1094,0,0,1,4.814453125
Dense1x60,9244,0,0,1,5.009765625
Dense1x60,2657,0,0,1,4.74609375
Dense1x60,6117,0,0,1,6.5576171875
Dense1x60,9297,0,0,1,2.607421875
Dense1x60,5870,0,0,1,2.16796875
Dense1x60,701,0,0,1,5.1513671875
Dense1x60,4641,0,0,1,4.5654296875
Dense1x60,3911,0,0,1,4.0234375
Dense1x60,7625,0,0,1,5.7470703125
Dense1x60,6672,0,0,1,1.875
Dense1x60,6383,0,0,1,4.1162109375
Dense1x60,3481,0,0,1,5.3466796875
Dense1x60,5353,0,0,1,6.3232421875
Dense1x60,2410,0,0,1,4.39453125
Dense1x60,4348,0,0,1,4.70703125
Dense1x60,1271,0,0,1,3.5888671875
Dense1x60,3185,0,0,1,1.123046875
Dense1x60,4091,0,0,1,2.98828125
Dense1x60,8752,0,0,1,5.4736328125
Dense1x60,9367,0,0,1,6.494140625
Dense1x60,5778,0,0,1,3.896484375
Dense1x60,6398,0,0,1,5.1513671875
Dense1x60,357,1,1,1,2.509765625
Dense1x60,6375,1,1,1,5.322265625
Dense1x60,3625,1,1,1,2.958984375
Dense1x60,3480,1,1,1,4.3798828125
Dense1x60,3679,1,1,1,4.1552734375
Dense1x60,3027,1,1,1,3.9306640625
Dense1x60,8604,1,1,1,4.8486328125
Dense1x60,9002,1,1,1,4.443359375
Dense1x60,8396,1,1,1,3.3056640625
Dense1x60,8636,1,1,1,5.087890625
Dense1x60,4386,1,1,1,2.4951171875
Dense1x60,9898,1,1,1,4.0185546875
Dense1x60,9049,1,1,1,4.4677734375
Dense1x60,1075,1,1,1,3.4814453125
Dense1x60,5232,1,1,1,3.28125
Dense1x60,9241,1,1,1,4.5458984375
Dense1x60,3259,1,1,1,3.564453125
Dense1x60,4216,1,1,1,3.3056640625
Dense1x60,772,1,1,1,3.69140625
Dense1x60,5666,1,1,1,4.4580078125
Dense1x60,6058,1,1,1,4.052734375
Dense1x60,2355,1,1,1,3.9501953125
Dense1x60,3639,1,1,1,3.837890625
Dense1x60,6115,1,1,1,2.4609375
Dense1x60,6809,1,1,1,3.1787109375
Dense1x60,4774,1,1,1,4.013671875
Dense1x60,3148,1,1,1,4.0673828125
Dense1x60,5831,1,1,1,2.5244140625
Dense1x60,9295,1,1,1,3.9501953125
Dense1x60,5091,1,1,1,2.685546875
Dense1x60,537,1,1,1,3.6181640625
Dense1x60,5112,1,1,1,4.7314453125
Dense1x60,5461,1,1,1,4.3359375
Dense1x60,7563,1,1,1,4.609375
Dense1x60,2753,1,1,1,2.5439453125
Dense1x60,5044,1,1,1,4.1455078125
Dense1x60,7928,1,1,1,0.76171875
Dense1x60,6224,1,1,1,4.4384765625
Dense1x60,777,1,1,1,4.2529296875
Dense1x60,8469,1,1,1,3.8818359375
Dense1x60,818,1,1,1,4.16015625
Dense1x60,2018,1,1,1,1.8896484375
Dense1x60,4538,1,1,1,4.3408203125
Dense1x60,7899,1,8,1,0.41015625
Dense1x60,3230,1,1,1,5.5078125
Dense1x60,4036,1,1,1,5.8837890625
Dense1x60,6430,1,1,1,3.603515625
Dense1x60,9258,1,1,1,4.9267578125
Dense1x60,5550,1,1,1,5.2392578125
Dense1x60,4201,1,1,1,0.771484375
Dense1x60,8005,1,1,1,4.306640625
Dense1x60,6799,1,1,1,5.0439453125
Dense1x60,3937,1,1,1,2.5048828125
Dense1x60,9622,1,1,1,4.140625
Dense1x60,9081,1,1,1,3.1884765625
Dense1x60,8118,1,1,1,4.51171875
Dense1x60,3092,1,1,1,3.0029296875
Dense1x60,9301,1,1,1,4.091796875
Dense1x60,6182,1,1,1,4.833984375
Dense1x60,2154,1,1,1,4.5703125
Dense1x60,8682,1,1,1,4.4873046875
Dense1x60,9978,1,1,1,3.9697265625
Dense1x60,6891,1,1,1,4.3603515625
Dense1x60,9795,1,1,1,2.7880859375
Dense1x60,7638,1,1,1,4.4970703125
Dense1x60,6572,1,1,1,0.986328125
Dense1x60,7303,1,1,1,4.9951171875
Dense1x60,964,1,1,1,2.861328125
Dense1x60,5490,1,1,1,4.189453125
Dense1x60,3457,1,1,1,1.89453125
Dense1x60,6683,1,1,1,4.033203125
Dense1x60,9348,1,1,1,4.0283203125
Dense1x60,8022,1,1,1,2.2705078125
Dense1x60,4010,1,1,1,4.9072265625
Dense1x60,672,1,1,1,4.19921875
Dense1x60,7442,1,1,1,4.2041015625
Dense1x60,314,1,1,1,4.9560546875
Dense1x60,6644,1,1,1,3.02734375
Dense1x60,4977,1,1,1,3.310546875
Dense1x60,8658,1,1,1,4.228515625
Dense1x60,3761,1,1,1,2.529296875
Dense1x60,4674,1,1,1,3.26171875
Dense1x60,1004,1,1,1,2.4951171875
Dense1x60,6356,1,1,1,4.8681640625
Dense1x60,7658,1,1,1,5.0048828125
Dense1x60,2239,1,1,1,2.7783203125
Dense1x60,1674,1,1,1,3.5107421875
Dense1x60,8892,1,1,1,3.6865234375
Dense1x60,8324,1,1,1,4.1455078125
Dense1x60,7165,1,1,1,4.1015625
Dense1x60,9591,1,1,1,3.701171875
Dense1x60,6012,1,1,1,3.9404296875
Dense1x60,8543,1,1,1,4.6630859375
Dense1x60,3430,1,1,1,2.4267578125
Dense1x60,7784,1,1,1,3.9111328125
Dense1x60,2027,1,1,1,2.1826171875
Dense1x60,3073,1,3,1,0.400390625
Dense1x60,529,1,1,1,5.009765625
Dense1x60,7973,1,1,1,4.375
Dense1x60,3268,1,1,1,3.1201171875
Dense1x60,2025,3,3,1,1.5478515625
Dense1x60,3742,3,3,1,1.806640625
Dense1x60,7157,3,3,1,4.5654296875
Dense1x60,5724,3,3,1,5.0634765625
Dense1x60,5796,3,3,1,4.39453125
Dense1x60,2522,3,3,1,1.7138671875
Dense1x60,9229,3,3,1,4.7607421875
Dense1x60,1069,3,3,1,3.7060546875
Dense1x60,4288,3,3,1,4.6875
Dense1x60,3962,3,4,1,0.224609375
Dense1x60,8864,3,3,1,3.4033203125
Dense1x60,1661,3,3,1,5.048828125
Dense1x60,6204,3,3,1,4.013671875
Dense1x60,1166,3,3,1,0.986328125
Dense1x60,1490,3,3,1,2.646484375
Dense1x60,2408,3,9,1,0.9765625
Dense1x60,894,3,3,1,3.291015625
Dense1x60,6570,3,3,1,0.556640625
Dense1x60,1426,3,3,1,2.6611328125
Dense1x60,2441,3,3,1,2.802734375
Dense1x60,1539,3,3,1,3.3056640625
Dense1x60,2308,3,3,1,1.7236328125
Dense1x60,1928,3,3,1,1.9091796875
Dense1x60,2785,3,3,1,3.84765625
Dense1x60,3285,3,3,1,1.7431640625
Dense1x60,8290,3,3,1,1.6455078125
Dense1x60,9860,3,3,1,2.109375
Dense1x60,8766,3,3,1,4.2138671875
Dense1x60,4703,3,3,1,4.1943359375
Dense1x60,4940,3,3,1,3.330078125
Dense1x60,2632,3,3,1,4.091796875
Dense1x60,4437,3,3,1,1.1767578125
Dense1x60,7006,3,3,1,4.638671875
Dense1x60,8598,3,3,1,2.7001953125
Dense1x60,9750,3,3,1,4.814453125
Dense1x60,1290,3,3,1,0.56640625
Dense1x60,5850,3,3,1,4.1357421875
Dense1x60,5764,3,3,1,4.7900390625
Dense1x60,6646,3,3,1,3.4423828125
Dense1x60,7771,3,3,1,5.56640625
Dense1x60,7849,3,3,1,0.3564453125
Dense1x60,6593,3,3,1,2.2021484375
Dense1x60,6139,3,3,1,4.8779296875
Dense1x60,507,3,5,1,1.2939453125
Dense1x60,2663,3,3,1,6.904296875
Dense1x60,9059,3,3,1,3.134765625
Dense1x60,6985,3,3,1,6.5869140625
Dense1x60,2392,3,3,1,4.47265625
Dense1x60,3150,3,3,1,2.4169921875
Dense1x60,3074,3,3,1,3.720703125
Dense1x60,8703,3,3,1,5.5859375
Dense1x60,1367,3,3,1,6.0107421875
Dense1x60,2086,3,3,1,3.2958984375
Dense1x60,2032,3,3,1,3.935546875
Dense1x60,727,3,3,1,3.5595703125
Dense1x60,6494,3,3,1,0.849609375
Dense1x60,8981,3,3,1,3.41796875
Dense1x60,4220,3,3,1,2.0068359375
Dense1x60,7620,3,3,1,1.4453125
Dense1x60,5146,3,3,1,2.8857421875
Dense1x60,8957,3,3,1,4.51171875
Dense1x60,3965,3,3,1,2.666015625
Dense1x60,3131,3,3,1,2.509765625
Dense1x60,7644,3,3,1,2.4755859375
Dense1x60,2502,3,3,1,4.833984375
Dense1x60,5703,3,3,1,4.736328125
Dense1x60,3947,3,3,1,6.123046875
Dense1x60,2284,3,3,1,3.1689453125
Dense1x60,890,3,5,1,0.5810546875
Dense1x60,8080,3,3,1,6.5478515625
Dense1x60,2924,3,3,1,3.076171875
Dense1x60,2069,3,3,1,4.4775390625
Dense1x60,4311,3,3,1,0.5908203125
Dense1x60,7568,3,3,1,4.5703125
Dense1x60,1804,3,3,1,6.435546875
Dense1x60,9474,3,3,1,3.26171875
Dense1x60,2281,3,3,1,2.5927734375
Dense1x60,9056,3,3,1,3.6962890625
Dense1x60,3177,3,3,1,3.8671875
Dense1x60,2881,3,3,1,2.6123046875
Dense1x60,669,3,3,1,3.5009765625
Dense1x60,6930,3,3,1,3.4033203125
Dense1x60,9872,3,3,1,3.212890625
Dense1x60,7740,3,3,1,8.7890625
Dense1x60,4785,3,8,1,1.171875
Dense1x60,5504,3,3,1,4.3310546875
Dense1x60,5067,3,6,1,1.005859375
Dense1x60,6564,3,9,1,0.224609375
Dense1x60,9965,3,3,1,3.046875
Dense1x60,2083,3,3,1,3.5546875
Dense1x60,7968,3,3,1,6.826171875
Dense1x60,8854,3,3,1,4.658203125
Dense1x60,9156,3,3,1,5.693359375
Dense1x60,1798,3,3,1,1.6748046875
Dense1x60,1495,3,3,1,2.7490234375
Dense1x60,2813,3,3,1,3.0078125
Dense1x60,4657,3,3,1,1.3427734375
Dense1x60,2884,3,3,1,1.7431640625
Dense1x60,4755,3,3,1,1.904296875
Dense1x60,3824,3,3,1,3.1396484375
Dense1x65,4642,0,0,1,1.875
Dense1x65,7216,0,0,1,0.3271484375
Dense1x65,6163,0,0,1,7.333984375
Dense1x65,586,0,0,1,2.94921875
Dense1x65,8865,0,0,1,5.4931640625
Dense1x65,8595,0,0,1,7.5
Dense1x65,7617,0,0,1,4.5068359375
Dense1x65,2378,0,0,1,2.28515625
Dense1x65,3803,0,0,1,4.53125
Dense1x65,6979,0,0,1,4.5947265625
Dense1x65,6426,0,6,1,1.5771484375
Dense1x65,6454,0,0,1,4.51171875
Dense1x65,2954,0,0,1,1.826171875
Dense1x65,8951,0,0,1,5.6005859375
Dense1x65,611,0,0,1,3.73046875
Dense1x65,2455,0,0,1,1.6845703125
Dense1x65,8611,0,0,1,4.794921875
Dense1x65,4155,0,0,1,5.6005859375
Dense1x65,2657,0,0,1,5.1025390625
Dense1x65,7255,0,0,1,4.6435546875
Dense1x65,9396,0,0,1,5.2685546875
Dense1x65,55,0,0,1,2.421875
Dense1x65,6342,0,0,1,6.23046875
Dense1x65,4880,0,8,1,1.9873046875
Dense1x65,246,0,0,1,5.9228515625
Dense1x65,7337,0,0,1,4.716796875
Dense1x65,4788,0,0,1,2.20703125
Dense1x65,3940,0,0,1,5.498046875
Dense1x65,4348,0,0,1,4.8876953125
Dense1x65,8016,0,0,1,5.7080078125
Dense1x65,2842,0,0,1,7.021484375
Dense1x65,305,0,0,1,0.9228515625
Dense1x65,2318,0,0,1,1.89453125
Dense1x65,1457,0,0,1,5.9326171875
Dense1x65,4188,0,0,1,3.30078125
Dense1x65,721,0,0,1,3.037109375
Dense1x65,4208,0,0,1,3.837890625
Dense1x65,997,0,0,1,6.73828125
Dense1x65,5253,0,0,1,4.4775390625
Dense1x65,2593,0,0,1,3.0810546875
Dense1x65,5685,0,0,1,4.4775390625
Dense1x65,9818,0,0,1,4.384765625
Dense1x65,2641,0,0,1,5.400390625
Dense1x65,4282,0,0,1,3.33984375
Dense1x65,2295,0,0,1,2.8759765625
Dense1x65,2492,0,0,1,6.9580078125
Dense1x65,8671,0,0,1,5.0927734375
Dense1x65,2023,0,0,1,1.142578125
Dense1x65,6319,0,0,1,6.0888671875
Dense1x65,9367,0,0,1,5.5810546875
Dense1x65,7112,0,0,1,5.859375
Dense1x65,8798,0,0,1,5.0927734375
Dense1x65,4780,0,0,1,3.0517578125
Dense1x65,10,0,0,1,3.8427734375
Dense1x65,4146,0,0,1,1.8017578125
Dense1x65,7221,0,0,1,4.794921875
Dense1x65,7873,0,0,1,8.818359375
Dense1x65,7646,0,0,1,4.4921875
Dense1x65,8388,0,0,1,3.662109375
Dense1x65,9244,0,0,1,6.357421875
Dense1x65,3090,0,0,1,2.5830078125
Dense1x65,5452,0,0,1,6.9580078125
Dense1x65,2937,0,0,1,2.5048828125
Dense1x65,3883,0,0,1,5.390625
Dense1x65,2817,0,0,1,7.79296875
Dense1x65,1638,0,0,1,3.232421875
Dense1x65,2087,0,0,1,7.5927734375
Dense1x65,8795,0,0,1,4.08203125
Dense1x65,9455,0,0,1,4.423828125
Dense1x65,1589,0,0,1,5.0
Dense1x65,5659,0,0,1,5.869140625
Dense1x65,5529,0,0,1,4.51171875
Dense1x65,1203,0,0,1,5.9814453125
Dense1x65,441,0,0,1,4.7119140625
Dense1x65,6835,0,0,1,6.611328125
Dense1x65,9311,0,0,1,3.0615234375
Dense1x65,4278,0,0,1,6.4208984375
Dense1x65,3359,0,0,1,5.25390625
Dense1x65,6753,0,0,1,6.4892578125
Dense1x65,8085,0,0,1,8.1103515625
Dense1x65,8338,0,0,1,4.8095703125
Dense1x65,9223,0,0,1,6.982421875
Dense1x65,443,0,0,1,0.9619140625
Dense1x65,8098,0,0,1,5.0732421875
Dense1x65,4166,0,0,1,2.939453125
Dense1x65,1121,0,0,1,3.798828125
Dense1x65,296,0,0,1,5.8544921875
Dense1x65,7747,0,0,1,7.8662109375
Dense1x65,7943,0,0,1,5.3955078125
Dense1x65,9080,0,0,1,6.2255859375
Dense1x65,2527,0,0,1,4.4921875
Dense1x65,380,0,0,1,2.6611328125
Dense1x65,6923,0,0,1,4.3408203125
Dense1x65,6970,0,0,1,4.287109375
Dense1x65,2178,0,0,1,5.6494140625
Dense1x65,3911,0,0,1,3.7353515625
Dense1x65,6293,0,0,1,6.2109375
Dense1x65,7506,0,0,1,6.181640625
Dense1x65,6437,0,0,1,4.7314453125
Dense1x65,1094,0,0,1,4.5458984375
Dense1x65,783,1,1,1,3.76953125
Dense1x65,2885,1,1,1,2.841796875
Dense1x65,6799,1,1,1,5.029296875
Dense1x65,824,1,1,1,3.30078125
Dense1x65,5052,1,1,1,3.076171875
Dense1x65,7686,1,1,1,4.8193359375
Dense1x65,1646,1,1,1,4.1650390625
Dense1x65,3126,1,1,1,4.9951171875
Dense1x65,9200,1,1,1,4.4384765625
Dense1x65,8509,1,1,1,2.109375
Dense1x65,6976,1,1,1,3.4228515625
Dense1x65,918,1,1,1,3.515625
Dense1x65,3866,1,1,1,3.9892578125
Dense1x65,9774,1,1,1,4.306640625
Dense1x65,929,1,1,1,3.5498046875
Dense1x65,3143,1,1,1,4.287109375
Dense1x65,7063,1,1,1,4.2626953125
Dense1x65,4872,1,1,1,3.3642578125
Dense1x65,2359,1,1,1,4.53125
Dense1x65,8809,1,1,1,3.330078125
Dense1x65,5679,1,1,1,4.4580078125
Dense1x65,4525,1,1,1,4.8974609375
Dense1x65,9415,1,1,1,4.677734375
Dense1x65,1254,1,1,1,3.5595703125
Dense1x65,619,1,1,1,0.0390625
Dense1x65,4524,1,1,1,4.6337890625
Dense1x65,9443,1,1,1,4.19921875
Dense1x65,2283,1,1,1,4.7509765625
Dense1x65,5457,1,8,1,1.0791015625
Dense1x65,8088,1,1,1,3.7841796875
Dense1x65,2974,1,1,1,3.798828125
Dense1x65,5453,1,1,1,4.0869140625
Dense1x65,1338,1,1,1,4.4873046875
Dense1x65,1834,1,1,1,4.7998046875
Dense1x65,1008,1,1,1,3.8671875
Dense1x65,288,1,1,1,2.8662109375
Dense1x65,4232,1,1,1,2.861328125
Dense1x65,8005,1,1,1,3.96484375
Dense1x65,3652,1,1,1,3.310546875
Dense1x65,2175,1,1,1,2.529296875
Dense1x65,5594,1,1,1,1.982421875
Dense1x65,6743,1,1,1,2.8271484375
Dense1x65,6712,1,1,1,3.935546875
Dense1x65,3227,1,1,1,2.3388671875
Dense1x65,7468,1,1,1,3.6767578125
Dense1x65,2015,1,1,1,4.921875
Dense1x65,504,1,1,1,3.076171875
Dense1x65,7738,1,1,1,2.20703125
Dense1x65,9931,1,1,1,3.96484375
Dense1x65,2734,1,1,1,4.013671875
Dense1x65,9222,1,1,1,3.9404296875
Dense1x65,4687,1,1,1,3.5693359375
Dense1x65,279,1,1,1,4.08203125
Dense1x65,9378,1,1,1,5.1220703125
Dense1x65,4168,1,1,1,4.208984375
Dense1x65,6783,1,1,1,0.9326171875
Dense1x65,7790,1,1,1,3.310546875
Dense1x65,3900,1,1,1,4.2333984375
Dense1x65,6572,1,1,1,0.0244140625
Dense1x65,1038,1,1,1,2.6123046875
Dense1x65,8887,1,1,1,3.134765625
Dense1x65,5917,1,1,1,4.072265625
Dense1x65,6012,1,1,1,3.837890625
Dense1x65,4774,1,1,1,3.7744140625
Dense1x65,7567,1,1,1,3.291015625
Dense1x65,5186,1,1,1,4.2578125
Dense1x65,46,1,1,1,2.8466796875
Dense1x65,2902,1,1,1,3.984375
Dense1x65,8905,1,1,1,3.7939453125
Dense1x65,4450,1,1,1,3.486328125
Dense1x65,6694,1,1,1,2.2900390625
Dense1x65,3639,1,1,1,3.7646484375
Dense1x65,4949,1,1,1,4.6142578125
Dense1x65,5722,1,1,1,4.2919921875
Dense1x65,9725,1,1,1,3.7890625
Dense1x65,5271,1,1,1,3.740234375
Dense1x65,8575,1,1,1,3.466796875
Dense1x65,8586,1,1,1,4.9267578125
Dense1x65,5872,1,1,1,3.583984375
Dense1x65,2261,1,1,1,4.3994140625
Dense1x65,3894,1,1,1,3.6669921875
Dense1x65,5666,1,1,1,4.70703125
Dense1x65,7839,1,1,1,1.2109375
Dense1x65,3434,1,1,1,2.7587890625
Dense1x65,1027,1,1,1,4.5458984375
Dense1x65,6060,1,1,1,3.720703125
Dense1x65,4074,1,1,1,3.1103515625
Dense1x65,4292,1,1,1,4.111328125
Dense1x65,4267,1,1,1,4.560546875
Dense1x65,9258,1,1,1,4.189453125
Dense1x65,7019,1,1,1,5.2783203125
Dense1x65,3809,1,1,1,3.0712890625
Dense1x65,3625,1,1,1,2.87109375
Dense1x65,4077,1,1,1,3.8916015625
Dense1x65,1430,1,1,1,4.3017578125
Dense1x65,31,1,1,1,2.8955078125
Dense1x65,385,1,1,1,3.8525390625
Dense1x65,9641,1,1,1,3.232421875
Dense1x65,5203,1,1,1,3.427734375
Dense1x65,7527,1,1,1,3.994140625
Dense1x65,9056,3,3,1,3.984375
Dense1x65,1928,3,3,1,2.6220703125
Dense1x65,3717,3,3,1,0.888671875
Dense1x65,1317,3,3,1,1.9384765625
Dense1x65,3432,3,3,1,0.6005859375
Dense1x65,7956,3,3,1,7.5341796875
Dense1x65,637,3,3,1,4.1796875
Dense1x65,8603,3,3,1,4.990234375
Dense1x65,4437,3,3,1,0.7080078125
Dense1x65,112,3,3,1,1.7919921875
Dense1x65,9308,3,3,1,2.7734375
Dense1x65,4996,3,3,1,5.8740234375
Dense1x65,5237,3,3,1,2.4658203125
Dense1x65,5796,3,3,1,5.09765625
Dense1x65,1769,3,3,1,3.4619140625
Dense1x65,1134,3,3,1,3.5693359375
Dense1x65,5359,3,3,1,2.7587890625
Dense1x65,7470,3,3,1,5.234375
Dense1x65,1690,3,3,1,3.0126953125
Dense1x65,1205,3,3,1,4.7412109375
Dense1x65,6973,3,3,1,5.01953125
Dense1x65,8903,3,3,1,5.439453125
Dense1x65,9965,3,3,1,2.958984375
Dense1x65,7730,3,3,1,3.857421875
Dense1x65,528,3,3,1,1.396484375
Dense1x65,1681,3,7,1,4.2333984375
Dense1x65,5700,3,3,1,3.2666015625
Dense1x65,5329,3,3,1,3.14453125
Dense1x65,7905,3,3,1,1.6845703125
Dense1x65,3045,3,3,1,5.634765625
Dense1x65,5408,3,3,1,4.4482421875
Dense1x65,8419,3,3,1,2.6318359375
Dense1x65,7763,3,3,1,7.0751953125
Dense1x65,792,3,3,1,4.912109375
Dense1x65,158,3,3,1,1.2548828125
Dense1x65,1028,3,3,1,1.923828125
Dense1x65,1265,3,3,1,3.115234375
Dense1x65,9680,3,3,1,2.431640625
Dense1x65,402,3,3,1,4.0234375
Dense1x65,3110,3,5,1,1.396484375
Dense1x65,4002,3,5,1,0.263671875
Dense1x65,9231,3,3,1,1.4111328125
Dense1x65,1383,3,3,1,3.9892578125
Dense1x65,4802,3,3,1,2.4560546875
Dense1x65,6569,3,3,1,1.162109375
Dense1x65,1384,3,3,1,2.2998046875
Dense1x65,8411,3,3,1,3.720703125
Dense1x65,573,3,3,1,6.083984375
Dense1x65,5766,3,3,1,5.1611328125
Dense1x65,5850,3,3,1,5.3125
Dense1x65,9283,3,3,1,3.408203125
Dense1x65,3261,3,3,1,0.712890625
Dense1x65,2424,3,3,1,2.8857421875
Dense1x65,3486,3,3,1,4.482421875
Dense1x65,9491,3,3,1,3.896484375
Dense1x65,5912,3,3,1,2.041015625
Dense1x65,569,3,3,1,0.68359375
Dense1x65,3283,3,3,1,1.2890625
Dense1x65,8694,3,3,1,4.82421875
Dense1x65,2408,3,3,1,0.8935546875
Dense1x65,8607,3,3,1,1.4306640625
Dense1x65,801,3,3,1,5.3076171875
Dense1x65,1611,3,3,1,0.9423828125
Dense1x65,6045,3,5,1,1.1865234375
Dense1x65,8924,3,3,1,3.310546875
Dense1x65,6794,3,3,1,7.6025390625
Dense1x65,2953,3,5,1,1.416015625
Dense1x65,2647,3,3,1,3.26171875
Dense1x65,5504,3,3,1,5.0634765625
Dense1x65,8393,3,3,1,3.388671875
Dense1x65,6312,3,3,1,4.326171875
Dense1x65,8272,3,8,1,0.2001953125
Dense1x65,5623,3,3,1,1.298828125
Dense1x65,4220,3,3,1,2.5927734375
Dense1x65,7374,3,3,1,4.43359375
Dense1x65,1997,3,3,1,1.796875
Dense1x65,1591,3,3,1,3.30078125
Dense1x65,5815,3,3,1,4.6240234375
Dense1x65,8032,3,3,1,5.1513671875
Dense1x65,7858,3,3,1,0.7568359375
Dense1x65,5019,3,3,1,3.6279296875
Dense1x65,614,3,3,1,2.236328125
Dense1x65,5212,3,3,1,4.267578125
Dense1x65,5309,3,3,1,4.7314453125
Dense1x65,5542,3,3,1,3.5791015625
Dense1x65,9559,3,3,1,4.9072265625
Dense1x65,1426,3,3,1,1.9091796875
Dense1x65,9059,3,3,1,2.607421875
Dense1x65,8379,3,3,1,0.78125
Dense1x65,1617,3,3,1,2.2412109375
Dense1x65,9479,3,3,1,3.41796875
Dense1x65,4393,3,3,1,3.7744140625
Dense1x65,1608,3,3,1,3.6767578125
Dense1x65,3363,3,3,1,3.212890625
Dense1x65,3217,3,3,1,6.6650390625
Dense1x65,4904,3,3,1,4.169921875
Dense1x65,9881,3,3,1,0.771484375
Dense1x65,2623,3,3,1,3.0517578125
Dense1x65,2632,3,3,1,5.0634765625
Dense1x65,7750,3,3,1,6.708984375
Dense1x70,5890,0,0,1,2.4951171875
Dense1x70,7723,0,0,1,6.2255859375
Dense1x70,6429,0,0,1,5.8447265625
Dense1x70,246,0,0,1,6.025390625
Dense1x70,9038,0,0,1,5.458984375
Dense1x70,1457,0,0,1,7.05078125
Dense1x70,4776,0,0,1,8.0029296875
Dense1x70,5567,0,0,1,5.2978515625
Dense1x70,459,0,0,1,4.5556640625
Dense1x70,1047,0,0,1,4.5166015625
Dense1x70,7933,0,0,1,6.962890625
Dense1x70,1390,0,0,1,5.05859375
Dense1x70,4857,0,0,1,2.87109375
Dense1x70,6510,0,0,1,6.5625
Dense1x70,485,0,0,1,3.0517578125
Dense1x70,4617,0,0,1,5.9228515625
Dense1x70,4462,0,0,1,6.6796875
Dense1x70,8681,0,0,1,4.7607421875
Dense1x70,7566,0,0,1,6.58203125
Dense1x70,1826,0,0,1,4.4384765625
Dense1x70,490,0,0,1,3.1494140625
Dense1x70,5108,0,0,1,5.107421875
Dense1x70,6580,0,0,1,2.998046875
Dense1x70,7052,0,0,1,6.3720703125
Dense1x70,2385,0,0,1,7.5537109375
Dense1x70,5513,0,0,1,5.9619140625
Dense1x70,4281,0,0,1,4.3115234375
Dense1x70,2942,0,0,1,5.595703125
Dense1x70,3650,0,0,1,4.4921875
Dense1x70,5031,0,0,1,5.8935546875
Dense1x70,2627,0,0,1,4.4921875
Dense1x70,8548,0,0,1,7.6171875
Dense1x70,6781,0,0,1,8.84765625
Dense1x70,2042,0,0,1,5.3173828125
Dense1x70,1399,0,0,1,3.544921875
Dense1x70,5255,0,0,1,3.65234375
Dense1x70,1517,0,0,1,5.15625
Dense1x70,6843,0,0,1,5.9716796875
Dense1x70,2713,0,0,1,2.1484375
Dense1x70,5249,0,0,1,4.8681640625
Dense1x70,6114,0,0,1,9.990234375
Dense1x70,6191,0,0,1,8.06640625
Dense1x70,2096,0,0,1,5.78125
Dense1x70,9244,0,0,1,6.103515625
Dense1x70,1534,0,0,1,4.12109375
Dense1x70,7810,0,0,1,9.5654296875
Dense1x70,7617,0,0,1,5.21484375
Dense1x70,4650,0,0,1,6.4892578125
Dense1x70,9396,0,0,1,6.1669921875
Dense1x70,5718,0,0,1,1.8896484375
Dense1x70,4720,0,0,1,4.5458984375
Dense1x70,4473,0,0,1,4.3359375
Dense1x70,9339,0,0,1,2.4169921875
Dense1x70,9677,0,0,1,1.7578125
Dense1x70,8858,0,0,1,7.265625
Dense1x70,6082,0,0,1,7.6123046875
Dense1x70,5737,0,0,1,2.1142578125
Dense1x70,2899,0,0,1,5.283203125
Dense1x70,7491,0,0,1,1.7578125
Dense1x70,2568,0,0,1,3.3642578125
Dense1x70,6786,0,0,1,6.416015625
Dense1x70,2155,0,0,1,3.583984375
Dense1x70,4033,0,0,1,5.244140625
Dense1x70,6163,0,0,1,8.3203125
Dense1x70,8849,0,0,1,5.126953125
Dense1x70,9663,0,0,1,5.634765625
Dense1x70,8514,0,0,1,7.6611328125
Dense1x70,1700,0,0,1,3.935546875
Dense1x70,8772,0,0,1,7.666015625
Dense1x70,4070,0,0,1,5.439453125
Dense1x70,1294,0,0,1,5.2978515625
Dense1x70,4935,0,0,1,4.70703125
Dense1x70,7221,0,0,1,4.9365234375
Dense1x70,9052,0,0,1,10.185546875
Dense1x70,9325,0,0,1,2.71484375
Dense1x70,7203,0,0,1,6.435546875
Dense1x70,3479,0,0,1,3.134765625
Dense1x70,6342,0,0,1,6.2646484375
Dense1x70,3660,0,0,1,5.1611328125
Dense1x70,8127,0,0,1,6.5185546875
Dense1x70,3790,0,0,1,6.4990234375
Dense1x70,5669,0,0,1,7.9638671875
Dense1x70,9239,0,0,1,6.3525390625
Dense1x70,3911,0,0,1,4.6728515625
Dense1x70,3574,0,0,1,1.474609375
Dense1x70,1061,0,0,1,6.4453125
Dense1x70,9519,0,0,1,7.2998046875
Dense1x70,2023,0,0,1,1.8701171875
Dense1x70,7817,0,0,1,8.65234375
Dense1x70,2660,0,0,1,3.6962890625
Dense1x70,3989,0,0,1,3.076171875
Dense1x70,1468,0,0,1,2.7392578125
Dense1x70,8752,0,0,1,5.4052734375
Dense1x70,5584,0,0,1,7.16796875
Dense1x70,7452,0,0,1,3.671875
Dense1x70,9585,0,0,1,5.1953125
Dense1x70,2638,0,0,1,6.279296875
Dense1x70,8055,0,0,1,7.8076171875
Dense1x70,2937,0,0,1,3.9892578125
Dense1x70,1610,0,0,1,6.7138671875
Dense1x70,3097,1,1,1,3.2763671875
Dense1x70,3276,1,1,1,4.1357421875
Dense1x70,9810,1,1,1,4.0625
Dense1x70,9912,1,1,1,3.9013671875
Dense1x70,5323,1,1,1,3.5595703125
Dense1x70,3438,1,1,1,4.072265625
Dense1x70,5460,1,1,1,3.056640625
Dense1x70,2221,1,1,1,2.6318359375
Dense1x70,1211,1,1,1,3.8916015625
Dense1x70,3741,1,1,1,5.048828125
Dense1x70,696,1,1,1,2.5830078125
Dense1x70,3231,1,1,1,5.4150390625
Dense1x70,5514,1,1,1,3.7841796875
Dense1x70,9222,1,1,1,4.4970703125
Dense1x70,1254,1,1,1,3.96484375
Dense1x70,5316,1,1,1,4.912109375
Dense1x70,8459,1,1,1,4.150390625
Dense1x70,672,1,1,1,4.6240234375
Dense1x70,6712,1,1,1,4.0478515625
Dense1x70,7527,1,1,1,4.6875
Dense1x70,5873,1,1,1,4.1796875
Dense1x70,7228,1,1,1,2.9541015625
Dense1x70,8005,1,1,1,3.88671875
Dense1x70,3648,1,1,1,5.05859375
Dense1x70,7990,1,1,1,1.0986328125
Dense1x70,135,1,1,1,4.90234375
Dense1x70,3419,1,1,1,3.84765625
Dense1x70,9415,1,1,1,4.521484375
Dense1x70,1515,1,1,1,4.31640625
Dense1x70,790,1,1,1,3.8232421875
Dense1x70,7165,1,1,1,4.453125
Dense1x70,2576,1,1,1,2.5537109375
Dense1x70,5093,1,1,1,3.115234375
Dense1x70,8636,1,1,1,5.419921875
Dense1x70,5384,1,1,1,5.13671875
Dense1x70,4516,1,1,1,4.21875
Dense1x70,8862,1,1,1,4.7802734375
Dense1x70,818,1,1,1,4.7021484375
Dense1x70,2599,1,1,1,4.04296875
Dense1x70,6375,1,1,1,5.3076171875
Dense1x70,3230,1,1,1,5.01953125
Dense1x70,8568,1,1,1,5.576171875
Dense1x70,2822,1,1,1,4.2822265625
Dense1x70,9645,1,1,1,2.607421875
Dense1x70,5166,1,1,1,3.779296875
Dense1x70,1329,1,1,1,4.27734375
Dense1x70,3124,1,1,1,3.359375
Dense1x70,5604,1,1,1,4.3115234375
Dense1x70,2287,1,1,1,4.423828125
Dense1x70,9464,1,1,1,4.3896484375
Dense1x70,8439,1,1,1,3.10546875
Dense1x70,8930,1,1,1,4.931640625
Dense1x70,9903,1,1,1,3.76953125
Dense1x70,4806,1,1,1,4.1015625
Dense1x70,7091,1,1,1,4.619140625
Dense1x70,94,1,1,1,5.0146484375
Dense1x70,6883,1,1,1,3.3203125
Dense1x70,8768,1,1,1,4.1357421875
Dense1x70,4191,1,1,1,3.798828125
Dense1x70,224,1,1,1,2.3193359375
Dense1x70,3930,1,1,1,4.423828125
Dense1x70,9121,1,1,1,4.1259765625
Dense1x70,8324,1,1,1,5.0048828125
Dense1x70,5208,1,1,1,4.9462890625
Dense1x70,6733,1,1,1,3.984375
Dense1x70,7442,1,1,1,4.1845703125
Dense1x70,7253,1,1,1,4.3798828125
Dense1x70,2015,1,1,1,5.3759765625
Dense1x70,1360,1,1,1,3.8427734375
Dense1x70,2034,1,1,1,3.837890625
Dense1x70,929,1,1,1,3.22265625
Dense1x70,5499,1,1,1,3.3349609375
Dense1x70,3651,1,1,1,4.7607421875
Dense1x70,3314,1,1,1,4.04296875
Dense1x70,5722,1,1,1,4.7509765625
Dense1x70,5689,1,1,1,4.8828125
Dense1x70,6969,1,1,1,4.04296875
Dense1x70,377,1,1,1,3.994140625
Dense1x70,3673,1,1,1,3.69140625
Dense1x70,7708,1,1,1,3.4228515625
Dense1x70,143,1,1,1,4.3310546875
Dense1x70,4774,1,1,1,4.013671875
Dense1x70,2379,1,1,1,5.41015625
Dense1x70,6948,1,1,1,4.9951171875
Dense1x70,5794,1,1,1,4.2333984375
Dense1x70,7869,1,1,1,4.1455078125
Dense1x70,7920,1,1,1,1.9482421875
Dense1x70,4719,1,1,1,2.4951171875
Dense1x70,8244,1,1,1,5.4931640625
Dense1x70,7954,1,1,1,3.5888671875
Dense1x70,4589,1,1,1,3.0322265625
Dense1x70,4643,1,1,1,3.798828125
Dense1x70,5552,1,1,1,4.3212890625
Dense1x70,2674,1,1,1,4.00390625
Dense1x70,6445,1,1,1,3.5302734375
Dense1x70,8231,1,1,1,2.5341796875
Dense1x70,1430,1,1,1,4.7119140625
Dense1x70,4708,1,1,1,4.8388671875
Dense1x70,5646,1,1,1,4.814453125
Dense1x70,1030,1,1,1,4.365234375
Dense1x70,2549,3,3,1,4.267578125
Dense1x70,6379,3,3,1,4.9365234375
Dense1x70,158,3,3,1,2.236328125
Dense1x70,453,3,3,1,3.2080078125
Dense1x70,574,3,3,1,4.39453125
Dense1x70,865,3,3,1,3.173828125
Dense1x70,6739,3,3,1,3.1689453125
Dense1x70,2723,3,3,1,3.154296875
Dense1x70,9889,3,3,1,2.6318359375
Dense1x70,4397,3,3,1,3.3935546875
Dense1x70,270,3,3,1,3.5986328125
Dense1x70,734,3,3,1,2.4560546875
Dense1x70,7730,3,3,1,2.8173828125
Dense1x70,7157,3,3,1,4.8779296875
Dense1x70,9073,3,3,1,4.3017578125
Dense1x70,6501,3,3,1,0.9619140625
Dense1x70,4306,3,7,1,3.3544921875
Dense1x70,9579,3,3,1,6.484375
Dense1x70,3742,3,3,1,2.607421875
Dense1x70,3290,3,3,1,3.90625
Dense1x70,7398,3,3,1,4.423828125
Dense1x70,7040,3,3,1,3.3251953125
Dense1x70,4973,3,3,1,7.109375
Dense1x70,6918,3,3,1,5.0537109375
Dense1x70,2533,3,3,1,2.6611328125
Dense1x70,6763,3,3,1,6.9921875
Dense1x70,3015,3,3,1,4.21875
Dense1x70,2632,3,3,1,5.3564453125
Dense1x70,1928,3,3,1,3.3544921875
Dense1x70,5479,3,3,1,3.662109375
Dense1x70,7312,3,3,1,6.123046875
Dense1x70,2663,3,3,1,8.3447265625
Dense1x70,5504,3,3,1,3.9013671875
Dense1x70,1310,3,3,1,1.328125
Dense1x70,9548,3,3,1,6.8505859375
Dense1x70,5329,3,3,1,2.9638671875
Dense1x70,8766,3,3,1,5.48828125
Dense1x70,6075,3,3,1,3.5205078125
Dense1x70,5140,3,0,1,0.029296875
Dense1x70,8867,3,3,1,5.2978515625
Dense1x70,5019,3,3,1,3.0810546875
Dense1x70,2424,3,3,1,3.388671875
Dense1x70,5454,3,3,1,5.2099609375
Dense1x70,213,3,3,1,3.6279296875
Dense1x70,6011,3,3,1,3.310546875
Dense1x70,4311,3,3,1,0.9912109375
Dense1x70,437,3,3,1,6.953125
Dense1x70,6272,3,3,1,5.0244140625
Dense1x70,991,3,3,1,6.220703125
Dense1x70,4494,3,3,1,3.330078125
Dense1x70,576,3,3,1,5.5224609375
Dense1x70,8655,3,3,1,3.7158203125
Dense1x70,6873,3,3,1,5.2099609375
Dense1x70,9238,3,3,1,4.765625
Dense1x70,5796,3,3,1,5.7861328125
Dense1x70,500,3,3,1,8.876953125
Dense1x70,3977,3,3,1,2.7734375
Dense1x70,2583,3,3,1,3.59375
Dense1x70,112,3,3,1,2.4560546875
Dense1x70,2756,3,3,1,2.890625
Dense1x70,2312,3,3,1,0.9814453125
Dense1x70,5804,3,3,1,5.8642578125
Dense1x70,727,3,3,1,2.783203125
Dense1x70,8785,3,3,1,3.7353515625
Dense1x70,8430,3,3,1,2.1826171875
Dense1x70,4647,3,3,1,4.16015625
Dense1x70,2222,3,3,1,5.09765625
Dense1x70,8277,3,3,1,0.0146484375
Dense1x70,7436,3,3,1,4.501953125
Dense1x70,637,3,3,1,4.00390625
Dense1x70,9536,3,3,1,3.232421875
Dense1x70,9365,3,3,1,5.625
Dense1x70,9804,3,3,1,4.1943359375
Dense1x70,9872,3,3,1,4.7998046875
Dense1x70,7831,3,3,1,3.876953125
Dense1x70,801,3,3,1,4.9462890625
Dense1x70,5328,3,3,1,4.98046875
Dense1x70,3916,3,3,1,3.7353515625
Dense1x70,1997,3,3,1,3.57421875
Dense1x70,4983,3,3,1,6.0400390625
Dense1x70,1298,3,3,1,3.7548828125
Dense1x70,614,3,3,1,2.548828125
Dense1x70,5273,3,3,1,6.0791015625
Dense1x70,9022,3,3,1,0.8056640625
Dense1x70,9283,3,3,1,3.96484375
Dense1x70,309,3,3,1,4.4140625
Dense1x70,887,3,3,1,3.5205078125
Dense1x70,1513,3,3,1,3.359375
Dense1x70,8624,3,3,1,3.447265625
Dense1x70,3045,3,3,1,5.869140625
Dense1x70,3221,3,3,1,7.119140625
Dense1x70,9558,3,3,1,3.7890625
Dense1x70,9231,3,3,1,2.83203125
Dense1x70,335,3,3,1,2.197265625
Dense1x70,5143,3,3,1,1.2109375
Dense1x70,9656,3,3,1,3.61328125
Dense1x70,3740,3,3,1,5.166015625
Dense1x70,2502,3,3,1,4.4482421875
Dense1x70,4162,3,3,1,8.4423828125
Dense1x70,6801,3,3,1,3.80859375
Dense2x20,9105,0,0,1,8.4765625
Dense2x20,5079,0,0,1,3.8037109375
Dense2x20,3724,0,0,1,5.1416015625
Dense2x20,4495,0,0,1,4.55078125
Dense2x20,4675,0,0,1,3.720703125
Dense2x20,7465,0,0,1,2.177734375
Dense2x20,2937,0,0,1,3.7255859375
Dense2x20,4935,0,0,1,3.8818359375
Dense2x20,3346,0,0,1,6.23046875
Dense2x20,1796,0,0,1,2.71484375
Dense2x20,5280,0,0,1,5.7080078125
Dense2x20,9952,0,0,1,5.13671875
Dense2x20,5669,0,0,1,7.83203125
Dense2x20,9739,0,0,1,3.1591796875
Dense2x20,1570,0,0,1,1.2060546875
Dense2x20,3481,0,0,1,4.86328125
Dense2x20,5008,0,0,1,2.8173828125
Dense2x20,7162,0,0,1,3.2861328125
Dense2x20,546,0,0,1,5.1318359375
Dense2x20,8929,0,0,1,7.5341796875
Dense2x20,3306,0,0,1,4.86328125
Dense2x20,3574,0,0,1,1.11328125
Dense2x20,6351,0,0,1,3.6328125
Dense2x20,5847,0,0,1,5.3271484375
Dense2x20,2932,0,0,1,2.646484375
Dense2x20,5244,0,0,1,2.7978515625
Dense2x20,2226,0,0,1,4.1162109375
Dense2x20,9199,0,0,1,7.87109375
Dense2x20,6833,0,0,1,6.2890625
Dense2x20,3215,0,0,1,5.6884765625
Dense2x20,8528,0,0,1,9.2822265625
Dense2x20,5109,0,0,1,4.5263671875
Dense2x20,1589,0,0,1,6.1962890625
Dense2x20,1454,0,0,1,2.4560546875
Dense2x20,2023,0,0,1,1.69921875
Dense2x20,297,0,0,1,4.4580078125
Dense2x20,3446,0,0,1,2.763671875
Dense2x20,4604,0,0,1,6.8017578125
Dense2x20,3584,0,0,1,5.537109375
Dense2x20,2217,0,0,1,3.53515625
Dense2x20,4937,0,0,1,4.5849609375
Dense2x20,581,0,0,1,4.7802734375
Dense2x20,5141,0,0,1,3.056640625
Dense2x20,5737,0,0,1,2.7294921875
Dense2x20,7558,0,0,1,3.84765625
Dense2x20,7485,0,0,1,4.6923828125
Dense2x20,8359,0,0,1,3.5595703125
Dense2x20,1504,0,0,1,3.4814453125
Dense2x20,6181,0,0,1,4.51171875
Dense2x20,6583,0,0,1,3.57421875
Dense2x20,7084,0,0,1,3.1689453125
Dense2x20,6798,0,0,1,6.494140625
Dense2x20,1712,0,0,1,3.8916015625
Dense2x20,2527,0,0,1,4.4091796875
Dense2x20,6546,0,0,1,3.8525390625
Dense2x20,6201,0,0,1,5.1318359375
Dense2x20,4150,0,0,1,6.103515625
Dense2x20,2479,0,0,1,1.669921875
Dense2x20,1708,0,0,1,4.7998046875
Dense2x20,8056,0,0,1,8.5888671875
Dense2x20,6711,0,0,1,6.171875
Dense2x20,9724,0,0,1,3.9599609375
Dense2x20,2370,0,0,1,1.2841796875
Dense2x20,1273,0,0,1,3.3251953125
Dense2x20,6753,0,0,1,6.3916015625
Dense2x20,3830,0,0,1,6.533203125
Dense2x20,9648,0,0,1,5.17578125
Dense2x20,7655,0,0,1,6.8115234375
Dense2x20,5721,0,0,1,4.3408203125
Dense2x20,8851,0,0,1,4.6044921875
Dense2x20,2899,0,0,1,4.7998046875
Dense2x20,4353,0,0,1,3.2763671875
Dense2x20,9519,0,0,1,6.1083984375
Dense2x20,7354,0,0,1,3.818359375
Dense2x20,3734,0,0,1,3.720703125
Dense2x20,7129,0,0,1,4.66796875
Dense2x20,8448,0,0,1,5.8447265625
Dense2x20,9311,0,0,1,3.2666015625
Dense2x20,6129,0,0,1,5.9619140625
Dense2x20,10,0,0,1,3.8427734375
Dense2x20,6590,0,0,1,2.1240234375
Dense2x20,3401,0,0,1,3.59375
Dense2x20,871,0,0,1,6.044921875
Dense2x20,490,0,0,1,2.119140625
Dense2x20,1898,0,0,1,3.623046875
Dense2x20,1907,0,0,1,2.3974609375
Dense2x20,8764,0,0,1,6.19140625
Dense2x20,5006,0,0,1,2.71484375
Dense2x20,1379,0,0,1,3.6669921875
Dense2x20,7782,0,0,1,7.1484375
Dense2x20,6947,0,0,1,5.556640625
Dense2x20,1892,0,0,1,4.365234375
Dense2x20,4370,0,0,1,2.1435546875
Dense2x20,972,0,0,1,4.7216796875
Dense2x20,8338,0,0,1,4.033203125
Dense2x20,2410,0,0,1,3.759765625
Dense2x20,2042,0,0,1,4.599609375
Dense2x20,6117,0,0,1,5.7763671875
Dense2x20,8845,0,0,1,5.60546875
Dense2x20,8029,0,0,1,9.5361328125
Dense2x20,6604,1,1,1,3.212890625
Dense2x20,7856,1,1,1,0.8544921875
Dense2x20,5893,1,1,1,3.41796875
Dense2x20,4859,1,1,1,3.5546875
Dense2x20,4021,1,1,1,4.345703125
Dense2x20,8745,1,1,1,3.154296875
Dense2x20,7722,1,1,1,3.6376953125
Dense2x20,3314,1,1,1,3.7939453125
Dense2x20,2982,1,1,1,4.3994140625
Dense2x20,9641,1,1,1,2.978515625
Dense2x20,9795,1,1,1,2.6904296875
Dense2x20,8979,1,1,1,3.7548828125
Dense2x20,6901,1,1,1,4.228515625
Dense2x20,6232,1,1,1,3.7841796875
Dense2x20,1729,1,1,1,4.306640625
Dense2x20,5746,1,1,1,1.8017578125
Dense2x20,4507,1,1,1,2.75390625
Dense2x20,8352,1,1,1,3.59375
Dense2x20,7480,1,1,1,3.828125
Dense2x20,2822,1,1,1,4.7265625
Dense2x20,8708,1,1,1,3.4033203125
Dense2x20,2018,1,1,1,2.2265625
Dense2x20,3253,1,1,1,3.0419921875
Dense2x20,5186,1,1,1,3.5107421875
Dense2x20,8600,1,1,1,3.974609375
Dense2x20,4708,1,1,1,4.521484375
Dense2x20,835,1,1,1,3.0712890625
Dense2x20,4349,1,1,1,4.9853515625
Dense2x20,7969,1,1,1,3.9697265625
Dense2x20,2302,1,1,1,2.94921875
Dense2x20,3652,1,1,1,3.2080078125
Dense2x20,5915,1,1,1,3.9892578125
Dense2x20,5630,1,1,1,3.7548828125
Dense2x20,3438,1,1,1,3.291015625
Dense2x20,3974,1,1,1,2.802734375
Dense2x20,2753,1,1,1,1.865234375
Dense2x20,8020,1,8,1,1.572265625
Dense2x20,1528,1,1,1,3.5693359375
Dense2x20,4732,1,1,1,3.5498046875
Dense2x20,7344,1,1,1,4.12109375
Dense2x20,7253,1,1,1,3.720703125
Dense2x20,6222,1,1,1,3.9453125
Dense2x20,8799,1,1,1,3.59375
Dense2x20,9388,1,1,1,3.701171875
Dense2x20,7527,1,1,1,3.0615234375
Dense2x20,1844,1,1,1,3.3056640625
Dense2x20,3852,1,1,1,2.4609375
Dense2x20,7911,1,1,1,2.7099609375
Dense2x20,107,1,1,1,2.0068359375
Dense2x20,4759,1,1,1,2.392578125
Dense2x20,3097,1,1,1,3.095703125
Dense2x20,767,1,1,1,2.900390625
Dense2x20,302,1,1,1,4.755859375
Dense2x20,4932,1,1,1,3.1884765625
Dense2x20,2411,1,1,1,3.662109375
Dense2x20,6751,1,1,1,3.5498046875
Dense2x20,2827,1,1,1,2.7783203125
Dense2x20,1603,1,1,1,4.1796875
Dense2x20,6408,1,1,1,3.33984375
Dense2x20,695,1,1,1,3.330078125
Dense2x20,2868,1,1,1,4.2724609375
Dense2x20,3379,1,1,1,4.5458984375
Dense2x20,4872,1,1,1,2.9736328125
Dense2x20,3745,1,1,1,3.1640625
Dense2x20,8976,1,1,1,4.169921875
Dense2x20,6472,1,1,1,3.2080078125
Dense2x20,8324,1,1,1,3.2861328125
Dense2x20,1834,1,1,1,4.794921875
Dense2x20,5128,1,1,1,3.2275390625
Dense2x20,9190,1,1,1,3.84765625
Dense2x20,145,1,1,1,2.67578125
Dense2x20,40,1,1,1,2.7001953125
Dense2x20,2529,1,1,1,4.27734375
Dense2x20,6883,1,1,1,2.841796875
Dense2x20,7165,1,1,1,3.798828125
Dense2x20,5005,1,1,1,3.8330078125
Dense2x20,6083,1,1,1,1.6796875
Dense2x20,9443,1,1,1,4.0625
Dense2x20,7262,1,1,1,1.66015625
Dense2x20,9772,1,1,1,3.9501953125
Dense2x20,1646,1,1,1,4.23828125
Dense2x20,6743,1,1,1,2.685546875
Dense2x20,4273,1,1,1,2.8955078125
Dense2x20,640,1,1,1,4.3994140625
Dense2x20,8758,1,1,1,3.369140625
Dense2x20,7900,1,1,1,1.2451171875
Dense2x20,7422,1,1,1,3.759765625
Dense2x20,2010,1,1,1,1.6357421875
Dense2x20,4533,1,1,1,3.6181640625
Dense2x20,276,1,1,1,4.43359375
Dense2x20,5661,1,1,1,3.69140625
Dense2x20,2027,1,1,1,1.93359375
Dense2x20,473,1,1,1,2.2216796875
Dense2x20,5839,1,1,1,3.45703125
Dense2x20,3259,1,1,1,3.5595703125
Dense2x20,9039,1,1,1,4.1845703125
Dense2x20,7442,1,1,1,3.75
Dense2x20,4949,1,1,1,4.82421875
Dense2x20,5318,1,1,1,4.1064453125
Dense2x20,3761,1,1,1,2.3291015625
Dense2x20,2174,3,3,1,0.4443359375
Dense2x20,3549,3,2,1,2.2314453125
Dense2x20,1797,3,3,1,1.58203125
Dense2x20,9750,3,3,1,4.677734375
Dense2x20,5028,3,3,1,3.3349609375
Dense2x20,2881,3,3,1,2.2314453125
Dense2x20,5472,3,3,1,8.0908203125
Dense2x20,2723,3,3,1,1.923828125
Dense2x20,3120,3,3,1,5.9716796875
Dense2x20,464,3,3,1,0.8984375
Dense2x20,8370,3,3,1,4.560546875
Dense2x20,4120,3,3,1,1.611328125
Dense2x20,855,3,3,1,4.0234375
Dense2x20,8254,3,3,1,2.5830078125
Dense2x20,2255,3,3,1,2.294921875
Dense2x20,9558,3,3,1,2.24609375
Dense2x20,5555,3,3,1,5.4443359375
Dense2x20,6727,3,3,1,6.5234375
Dense2x20,2555,3,3,1,5.2685546875
Dense2x20,2716,3,3,1,5.7275390625
Dense2x20,4492,3,3,1,2.7978515625
Dense2x20,4657,3,3,1,1.4794921875
Dense2x20,8867,3,3,1,3.3154296875
Dense2x20,6863,3,3,1,3.61328125
Dense2x20,8701,3,3,1,3.7548828125
Dense2x20,5747,3,3,1,3.8037109375
Dense2x20,8840,3,3,1,4.0283203125
Dense2x20,5329,3,3,1,1.1865234375
Dense2x20,7554,3,3,1,4.2578125
Dense2x20,2305,3,3,1,0.56640625
Dense2x20,2032,3,3,1,3.505859375
Dense2x20,8080,3,3,1,5.2734375
Dense2x20,5330,3,3,1,1.9384765625
Dense2x20,8337,3,3,1,3.818359375
Dense2x20,6767,3,3,1,6.0205078125
Dense2x20,3138,3,3,1,1.26953125
Dense2x20,9332,3,3,1,2.67578125
Dense2x20,9227,3,3,1,1.806640625
Dense2x20,245,3,3,1,0.09765625
Dense2x20,669,3,3,1,3.505859375
Dense2x20,938,3,5,1,1.318359375
Dense2x20,382,3,3,1,2.0166015625
Dense2x20,8952,3,3,1,2.3828125
Dense2x20,4600,3,3,1,5.4541015625
Dense2x20,3363,3,3,1,3.06640625
Dense2x20,1066,3,3,1,4.296875
Dense2x20,334,3,3,1,3.9794921875
Dense2x20,9914,3,3,1,3.5498046875
Dense2x20,2785,3,3,1,3.6474609375
Dense2x20,9027,3,3,1,2.3095703125
Dense2x20,1028,3,3,1,0.7470703125
Dense2x20,5674,3,3,1,4.4091796875
Dense2x20,9975,3,2,1,0.3271484375
Dense2x20,4317,3,9,1,0.2587890625
Dense2x20,4311,3,3,1,1.064453125
Dense2x20,8508,3,3,1,1.3623046875
Dense2x20,7010,3,3,1,3.4619140625
Dense2x20,7771,3,3,1,4.5703125
Dense2x20,3475,3,3,1,1.0205078125
Dense2x20,6481,3,3,1,3.1396484375
Dense2x20,6875,3,3,1,4.70703125
Dense2x20,782,3,3,1,2.9931640625
Dense2x20,8130,3,3,1,3.5791015625
Dense2x20,5766,3,3,1,5.4443359375
Dense2x20,2522,3,3,1,0.6103515625
Dense2x20,3083,3,3,1,5.244140625
Dense2x20,9889,3,3,1,2.3095703125
Dense2x20,3965,3,3,1,0.87890625
Dense2x20,4664,3,3,1,1.2109375
Dense2x20,3261,3,3,1,2.8662109375
Dense2x20,7936,3,3,1,4.9560546875
Dense2x20,8916,3,3,1,5.09765625
Dense2x20,1519,3,3,1,2.998046875
Dense2x20,6564,3,3,1,1.103515625
Dense2x20,4541,3,3,1,5.947265625
Dense2x20,8694,3,3,1,4.8388671875
Dense2x20,7401,3,3,1,5.91796875
Dense2x20,4782,3,3,1,4.19921875
Dense2x20,9430,3,3,1,3.671875
Dense2x20,4430,3,3,1,4.1162109375
Dense2x20,5628,3,3,1,2.6806640625
Dense2x20,2364,3,3,1,3.9599609375
Dense2x20,2712,3,3,1,3.3837890625
Dense2x20,6681,3,3,1,2.7197265625
Dense2x20,5408,3,3,1,3.26171875
Dense2x20,76,3,3,1,2.0068359375
Dense2x20,6876,3,3,1,4.8583984375
Dense2x20,8811,3,3,1,4.35546875
Dense2x20,3108,3,3,1,0.009765625
Dense2x20,200,3,3,1,4.55078125
Dense2x20,576,3,3,1,4.873046875
Dense2x20,9758,3,3,1,0.9912109375
Dense2x20,7350,3,3,1,3.7109375
Dense2x20,7639,3,3,1,1.435546875
Dense2x20,5181,3,3,1,2.734375
Dense2x20,7329,3,3,1,5.908203125
Dense2x20,7470,3,3,1,4.43359375
Dense2x20,6907,3,3,1,4.0771484375
Dense2x20,6975,3,3,1,4.3310546875
Dense2x20,3326,3,3,1,1.8701171875
Dense2x25,5008,0,0,1,2.9345703125
Dense2x25,4642,0,0,1,2.2802734375
Dense2x25,8382,0,0,1,3.1103515625
Dense2x25,5108,0,0,1,4.8681640625
Dense2x25,7086,0,0,1,4.2236328125
Dense2x25,7410,0,0,1,2.6513671875
Dense2x25,564,0,0,1,2.802734375
Dense2x25,1619,0,0,1,2.578125
Dense2x25,2096,0,0,1,4.765625
Dense2x25,9440,0,0,1,5.3759765625
Dense2x25,6597,0,7,1,2.5244140625
Dense2x25,71,0,0,1,6.0693359375
Dense2x25,6444,0,0,1,2.6025390625
Dense2x25,750,0,0,1,2.841796875
Dense2x25,845,0,0,1,2.9833984375
Dense2x25,6082,0,0,1,7.32421875
Dense2x25,9070,0,0,1,8.49609375
Dense2x25,6786,0,0,1,6.7431640625
Dense2x25,9297,0,0,1,1.9482421875
Dense2x25,763,0,0,1,3.96484375
Dense2x25,7221,0,0,1,3.642578125
Dense2x25,8307,0,0,1,3.76953125
Dense2x25,5368,0,0,1,5.2978515625
Dense2x25,9052,0,0,1,9.150390625
Dense2x25,1892,0,0,1,5.7275390625
Dense2x25,7887,0,0,1,8.2958984375
Dense2x25,9162,0,0,1,4.6533203125
Dense2x25,1094,0,0,1,4.3310546875
Dense2x25,611,0,0,1,2.1044921875
Dense2x25,6344,0,0,1,3.57421875
Dense2x25,4604,0,0,1,5.703125
Dense2x25,3450,0,0,1,0.3125
Dense2x25,3265,0,0,1,4.1845703125
Dense2x25,5342,0,0,1,5.1318359375
Dense2x25,644,0,0,1,4.0869140625
Dense2x25,6546,0,0,1,3.3544921875
Dense2x25,3481,0,0,1,4.7998046875
Dense2x25,7555,0,0,1,4.47265625
Dense2x25,6293,0,0,1,4.990234375
Dense2x25,9631,0,0,1,3.5205078125
Dense2x25,8278,0,0,1,1.9482421875
Dense2x25,6921,0,0,1,4.43359375
Dense2x25,6979,0,0,1,5.2587890625
Dense2x25,9223,0,0,1,7.2705078125
Dense2x25,485,0,0,1,2.0458984375
Dense2x25,1808,0,0,1,1.484375
Dense2x25,6461,0,0,1,5.1953125
Dense2x25,8388,0,0,1,3.8623046875
Dense2x25,3191,0,0,1,3.4326171875
Dense2x25,8283,0,0,1,3.173828125
Dense2x25,2765,0,0,1,4.2138671875
Dense2x25,3624,0,0,1,4.7607421875
Dense2x25,1959,0,0,1,2.8173828125
Dense2x25,3805,0,0,1,3.7744140625
Dense2x25,6925,0,0,1,4.033203125
Dense2x25,9220,0,0,1,6.6259765625
Dense2x25,6280,0,0,1,4.98046875
Dense2x25,1154,0,0,1,2.9248046875
Dense2x25,896,0,0,1,2.5146484375
Dense2x25,4043,0,0,1,5.8251953125
Dense2x25,8195,0,0,1,5.5078125
Dense2x25,854,0,0,1,3.2177734375
Dense2x25,8152,0,0,1,5.6982421875
Dense2x25,1826,0,0,1,3.2568359375
Dense2x25,5952,0,0,1,5.8984375
Dense2x25,6424,0,0,1,2.080078125
Dense2x25,895,0,0,1,2.4072265625
Dense2x25,4082,0,0,1,5.5419921875
Dense2x25,7337,0,0,1,4.2529296875
Dense2x25,7835,0,0,1,7.7880859375
Dense2x25,7317,0,0,1,6.7529296875
Dense2x25,8983,0,0,1,3.7890625
Dense2x25,2329,0,0,1,0.6201171875
Dense2x25,9310,0,0,1,4.7412109375
Dense2x25,3052,0,0,1,4.892578125
Dense2x25,7505,0,0,1,0.244140625
Dense2x25,9714,0,0,1,4.0478515625
Dense2x25,8194,0,0,1,3.3203125
Dense2x25,1468,0,0,1,3.0517578125
Dense2x25,2657,0,0,1,4.2041015625
Dense2x25,7846,0,0,1,6.9677734375
Dense2x25,5244,0,0,1,3.955078125
Dense2x25,5812,0,0,1,4.7998046875
Dense2x25,4776,0,0,1,6.953125
Dense2x25,4631,0,0,1,6.09375
Dense2x25,5043,0,0,1,5.15625
Dense2x25,4862,0,0,1,2.607421875
Dense2x25,9666,0,0,1,1.953125
Dense2x25,6818,0,0,1,3.4716796875
Dense2x25,2178,0,0,1,4.4873046875
Dense2x25,7491,0,0,1,1.455078125
Dense2x25,4470,0,0,1,4.5166015625
Dense2x25,4834,0,0,1,2.8125
Dense2x25,3317,0,0,1,2.83203125
Dense2x25,3870,0,0,1,3.671875
Dense2x25,8172,0,0,1,4.7412109375
Dense2x25,1757,0,0,1,2.470703125
Dense2x25,459,0,0,1,3.33984375
Dense2x25,7269,0,0,1,4.501953125
Dense2x25,3305,0,0,1,1.93359375
Dense2x25,4337,1,1,1,3.92578125
Dense2x25,8048,1,1,1,4.3359375
Dense2x25,9140,1,1,1,4.5361328125
Dense2x25,2867,1,1,1,2.392578125
Dense2x25,3281,1,1,1,3.6328125
Dense2x25,9802,1,1,1,3.2958984375
Dense2x25,8088,1,1,1,3.427734375
Dense2x25,8099,1,1,1,3.8037109375
Dense2x25,9274,1,1,1,3.310546875
Dense2x25,6276,1,1,1,3.1103515625
Dense2x25,6192,1,1,1,3.8623046875
Dense2x25,1434,1,1,1,4.423828125
Dense2x25,4643,1,1,1,2.6171875
Dense2x25,6408,1,1,1,3.2958984375
Dense2x25,8745,1,1,1,3.2421875
Dense2x25,5271,1,1,1,3.65234375
Dense2x25,5005,1,1,1,3.1005859375
Dense2x25,9689,1,1,1,3.232421875
Dense2x25,7319,1,1,1,3.779296875
Dense2x25,6231,1,1,1,2.7880859375
Dense2x25,1603,1,1,1,4.130859375
Dense2x25,9003,1,1,1,2.822265625
Dense2x25,1484,1,1,1,3.251953125
Dense2x25,5399,1,1,1,3.2958984375
Dense2x25,5588,1,1,1,2.119140625
Dense2x25,4014,1,1,1,3.6474609375
Dense2x25,1305,1,1,1,2.8857421875
Dense2x25,5666,1,1,1,4.0185546875
Dense2x25,2315,1,1,1,3.3935546875
Dense2x25,8540,1,1,1,4.31640625
Dense2x25,7527,1,1,1,3.30078125
Dense2x25,9415,1,1,1,4.2724609375
Dense2x25,1835,1,1,1,3.3447265625
Dense2x25,5416,1,1,1,3.59375
Dense2x25,5316,1,1,1,3.2861328125
Dense2x25,9489,1,1,1,4.70703125
Dense2x25,4181,1,1,1,4.74609375
Dense2x25,2928,1,1,1,3.3935546875
Dense2x25,288,1,1,1,2.7783203125
Dense2x25,5722,1,1,1,3.984375
Dense2x25,7507,1,1,1,3.18359375
Dense2x25,7340,1,1,1,3.9208984375
Dense2x25,4195,1,1,1,3.125
Dense2x25,4871,1,1,1,2.490234375
Dense2x25,7087,1,1,1,2.7490234375
Dense2x25,9725,1,1,1,3.3056640625
Dense2x25,3652,1,1,1,3.447265625
Dense2x25,3809,1,1,1,2.8173828125
Dense2x25,9912,1,1,1,2.724609375
Dense2x25,6484,1,1,1,2.861328125
Dense2x25,979,1,1,1,4.3603515625
Dense2x25,1939,1,1,1,3.0859375
Dense2x25,9593,1,1,1,3.5888671875
Dense2x25,3815,1,1,1,4.2138671875
Dense2x25,4138,1,1,1,3.2275390625
Dense2x25,1876,1,1,1,3.92578125
Dense2x25,8469,1,1,1,3.095703125
Dense2x25,7091,1,1,1,2.9931640625
Dense2x25,7973,1,1,1,2.9638671875
Dense2x25,5025,1,1,1,2.8564453125
Dense2x25,8078,1,1,1,3.720703125
Dense2x25,8995,1,1,1,3.046875
Dense2x25,4774,1,1,1,3.8916015625
Dense2x25,239,1,1,1,3.7451171875
Dense2x25,9313,1,1,1,3.291015625
Dense2x25,2803,1,1,1,3.8525390625
Dense2x25,3351,1,1,1,2.0947265625
Dense2x25,1884,1,1,1,3.5009765625
Dense2x25,8439,1,1,1,2.3876953125
Dense2x25,5203,1,1,1,2.890625
Dense2x25,8740,1,1,1,3.9453125
Dense2x25,9222,1,1,1,3.65234375
Dense2x25,4331,1,1,1,3.2080078125
Dense2x25,3152,1,1,1,3.193359375
Dense2x25,6008,1,1,1,2.900390625
Dense2x25,8862,1,1,1,3.3349609375
Dense2x25,5535,1,1,1,3.02734375
Dense2x25,4013,1,1,1,2.0947265625
Dense2x25,2950,1,1,1,4.0625
Dense2x25,1820,1,1,1,3.525390625
Dense2x25,8604,1,1,1,3.5888671875
Dense2x25,6751,1,1,1,2.65625
Dense2x25,3919,1,1,1,4.365234375
Dense2x25,8976,1,1,1,3.6328125
Dense2x25,5809,1,1,1,3.037109375
Dense2x25,1097,1,1,1,3.0029296875
Dense2x25,2524,1,1,1,2.060546875
Dense2x25,2273,1,1,1,2.1923828125
Dense2x25,1180,1,1,1,4.9072265625
Dense2x25,4025,1,1,1,4.21875
Dense2x25,949,1,1,1,3.49609375
Dense2x25,2746,1,1,1,3.212890625
Dense2x25,8396,1,1,1,2.3974609375
Dense2x25,3586,1,1,1,4.9462890625
Dense2x25,4010,1,1,1,3.6083984375
Dense2x25,9002,1,1,1,3.2470703125
Dense2x25,3264,1,1,1,3.564453125
Dense2x25,584,1,1,1,2.9150390625
Dense2x25,3641,1,1,1,3.57421875
Dense2x25,5859,1,1,1,4.7119140625
Dense2x25,313,3,3,1,0.234375
Dense2x25,5623,3,3,1,2.138671875
Dense2x25,1953,3,3,1,2.3876953125
Dense2x25,1661,3,3,1,4.384765625
Dense2x25,8785,3,3,1,3.7890625
Dense2x25,1731,3,3,1,5.21484375
Dense2x25,3138,3,3,1,0.546875
Dense2x25,3896,3,3,1,3.5546875
Dense2x25,9390,3,3,1,5.3076171875
Dense2x25,76,3,3,1,2.67578125
Dense2x25,1310,3,3,1,0.537109375
Dense2x25,6413,3,3,1,7.0703125
Dense2x25,8867,3,3,1,4.3994140625
Dense2x25,5945,3,3,1,1.5869140625
Dense2x25,4541,3,3,1,4.1748046875
Dense2x25,112,3,3,1,1.630859375
Dense2x25,8397,3,3,1,2.8076171875
Dense2x25,2992,3,3,1,1.54296875
Dense2x25,3248,3,3,1,3.14453125
Dense2x25,1798,3,3,1,1.5771484375
Dense2x25,6876,3,3,1,5.1806640625
Dense2x25,6664,3,3,1,2.63671875
Dense2x25,9548,3,3,1,5.2978515625
Dense2x25,4044,3,5,1,0.2392578125
Dense2x25,6139,3,3,1,3.9599609375
Dense2x25,2629,3,3,1,1.19140625
Dense2x25,6840,3,3,1,3.7744140625
Dense2x25,7800,3,3,1,1.3623046875
Dense2x25,2871,3,3,1,2.28515625
Dense2x25,3074,3,3,1,4.08203125
Dense2x25,7543,3,3,1,5.8740234375
Dense2x25,5078,3,2,1,1.171875
Dense2x25,1066,3,3,1,4.47265625
Dense2x25,2921,3,3,1,0.21484375
Dense2x25,173,3,3,1,2.4365234375
Dense2x25,7272,3,3,1,3.14453125
Dense2x25,9579,3,3,1,4.443359375
Dense2x25,8014,3,3,1,5.0439453125
Dense2x25,3944,3,3,1,3.125
Dense2x25,6184,3,3,1,4.5458984375
Dense2x25,5878,3,3,1,4.2333984375
Dense2x25,8154,3,3,1,4.2138671875
Dense2x25,4885,3,3,1,2.353515625
Dense2x25,933,3,3,1,4.267578125
Dense2x25,4406,3,3,1,5.1416015625
Dense2x25,1746,3,3,1,3.046875
Dense2x25,6575,3,3,1,1.0302734375
Dense2x25,8903,3,3,1,4.921875
Dense2x25,6511,3,3,1,0.673828125
Dense2x25,8435,3,3,1,2.96875
Dense2x25,912,3,3,1,5.537109375
Dense2x25,1127,3,3,1,2.9150390625
Dense2x25,7252,3,3,1,3.9208984375
Dense2x25,402,3,3,1,3.505859375
Dense2x25,4638,3,3,1,4.6826171875
Dense2x25,7595,3,3,1,1.044921875
Dense2x25,8370,3,3,1,5.3857421875
Dense2x25,9022,3,3,1,1.1279296875
Dense2x25,524,3,3,1,3.1396484375
Dense2x25,1840,3,3,1,5.439453125
Dense2x25,2955,3,3,1,7.7685546875
Dense2x25,453,3,3,1,3.2275390625
Dense2x25,5860,3,3,1,3.671875
Dense2x25,815,3,3,1,4.4091796875
Dense2x25,4907,3,3,1,3.1201171875
Dense2x25,5935,3,3,1,1.8603515625
Dense2x25,213,3,3,1,2.158203125
Dense2x25,8694,3,3,1,5.7470703125
Dense2x25,4657,3,3,1,1.0107421875
Dense2x25,4222,3,3,1,4.4091796875
Dense2x25,5468,3,3,1,3.359375
Dense2x25,142,3,3,1,1.2353515625
Dense2x25,9742,3,3,1,4.6044921875
Dense2x25,9227,3,3,1,2.65625
Dense2x25,9460,3,3,1,6.5087890625
Dense2x25,4785,3,8,1,2.2802734375
Dense2x25,8701,3,3,1,5.224609375
Dense2x25,2716,3,3,1,5.6494140625
Dense2x25,2807,3,3,1,3.8037109375
Dense2x25,8570,3,3,1,6.865234375
Dense2x25,9027,3,3,1,3.5888671875
Dense2x25,4925,3,3,1,2.705078125
Dense2x25,5408,3,3,1,4.2578125
Dense2x25,1913,3,3,1,0.3662109375
Dense2x25,1588,3,3,1,5.078125
Dense2x25,1539,3,3,1,4.0673828125
Dense2x25,1683,3,3,1,5.498046875
Dense2x25,2745,3,3,1,1.845703125
Dense2x25,2767,3,3,1,3.9794921875
Dense2x25,18,3,3,1,1.5478515625
Dense2x25,1789,3,3,1,2.4560546875
Dense2x25,2560,3,2,1,1.23046875
Dense2x25,6593,3,3,1,1.767578125
Dense2x25,5143,3,3,1,0.6884765625
Dense2x25,5628,3,3,1,4.1748046875
Dense2x25,9157,3,3,1,6.23046875
Dense2x25,7674,3,3,1,3.30078125
Dense2x25,5356,3,3,1,3.564453125
Dense2x25,4526,3,3,1,4.599609375
Dense2x25,51,3,3,1,4.94140625
Dense2x30,8671,0,0,1,4.23828125
Dense2x30,1619,0,0,1,2.24609375
Dense2x30,2733,0,0,1,4.1064453125
Dense2x30,7129,0,0,1,4.6875
Dense2x30,1408,0,0,1,5.4052734375
Dense2x30,7263,0,0,1,3.046875
Dense2x30,2376,0,0,1,5.546875
Dense2x30,904,0,0,1,5.29296875
Dense2x30,6567,0,0,1,4.6533203125
Dense2x30,8342,0,0,1,4.43359375
Dense2x30,2403,0,0,1,5.8349609375
Dense2x30,9095,0,0,1,7.4462890625
Dense2x30,1297,0,0,1,4.2333984375
Dense2x30,7782,0,0,1,7.4951171875
Dense2x30,552,0,0,1,2.7001953125
Dense2x30,2506,0,0,1,5.966796875
Dense2x30,5243,0,0,1,3.330078125
Dense2x30,3512,0,0,1,3.9453125
Dense2x30,3608,0,0,1,7.275390625
Dense2x30,2619,0,0,1,3.7890625
Dense2x30,4857,0,0,1,2.28515625
Dense2x30,5435,0,0,1,4.306640625
Dense2x30,9281,0,0,1,2.880859375
Dense2x30,4281,0,0,1,3.7255859375
Dense2x30,1621,0,0,1,0.2783203125
Dense2x30,4146,0,0,1,2.1533203125
Dense2x30,9964,0,0,1,3.603515625
Dense2x30,1223,0,0,1,6.318359375
Dense2x30,8194,0,0,1,3.642578125
Dense2x30,1034,0,0,1,2.2216796875
Dense2x30,6602,0,0,1,4.04296875
Dense2x30,4080,0,0,1,3.02734375
Dense2x30,3016,0,0,1,6.669921875
Dense2x30,1796,0,0,1,2.4267578125
Dense2x30,7835,0,0,1,7.0458984375
Dense2x30,7607,0,0,1,4.5654296875
Dense2x30,7617,0,0,1,4.47265625
Dense2x30,2649,0,0,1,9.3212890625
Dense2x30,656,0,0,1,3.8330078125
Dense2x30,3087,0,0,1,5.234375
Dense2x30,7671,0,0,1,3.6083984375
Dense2x30,3,0,0,1,5.4638671875
Dense2x30,5249,0,0,1,4.6826171875
Dense2x30,2777,0,0,1,3.1787109375
Dense2x30,8283,0,0,1,4.5166015625
Dense2x30,1764,0,0,1,4.7021484375
Dense2x30,4923,0,0,1,3.0126953125
Dense2x30,4186,0,0,1,4.58984375
Dense2x30,6097,0,0,1,7.5927734375
Dense2x30,194,0,0,1,3.056640625
Dense2x30,3043,0,0,1,3.41796875
Dense2x30,4403,0,0,1,4.0966796875
Dense2x30,7289,0,0,1,6.9287109375
Dense2x30,7953,0,0,1,5.9765625
Dense2x30,5035,0,0,1,6.8310546875
Dense2x30,3219,0,0,1,1.6455078125
Dense2x30,1273,0,0,1,3.02734375
Dense2x30,6286,0,0,1,5.517578125
Dense2x30,6580,0,0,1,3.5986328125
Dense2x30,7723,0,0,1,5.76171875
Dense2x30,9221,0,0,1,5.3515625
Dense2x30,2185,0,5,1,0.13671875
Dense2x30,6927,0,0,1,5.126953125
Dense2x30,1692,0,0,1,3.017578125
Dense2x30,3191,0,0,1,2.9931640625
Dense2x30,4091,0,0,1,3.0859375
Dense2x30,7506,0,0,1,6.2744140625
Dense2x30,5584,0,0,1,6.328125
Dense2x30,3265,0,0,1,4.7265625
Dense2x30,3215,0,0,1,5.654296875
Dense2x30,8359,0,0,1,3.5107421875
Dense2x30,4776,0,0,1,7.96875
Dense2x30,9633,0,0,1,3.7158203125
Dense2x30,723,0,0,1,2.236328125
Dense2x30,5253,0,0,1,4.1650390625
Dense2x30,9425,0,0,1,1.3525390625
Dense2x30,6454,0,0,1,4.3994140625
Dense2x30,7269,0,0,1,4.228515625
Dense2x30,3804,0,0,1,3.06640625
Dense2x30,1768,0,0,1,3.388671875
Dense2x30,4241,0,0,1,6.396484375
Dense2x30,8212,0,0,1,3.8134765625
Dense2x30,1534,0,0,1,3.1884765625
Dense2x30,8501,0,0,1,6.30859375
Dense2x30,1191,0,7,1,0.380859375
Dense2x30,1271,0,0,1,3.90625
Dense2x30,5695,0,0,1,3.0908203125
Dense2x30,7882,0,0,1,6.3525390625
Dense2x30,2713,0,0,1,1.62109375
Dense2x30,1726,0,0,1,3.9697265625
Dense2x30,2485,0,0,1,4.462890625
Dense2x30,3271,0,0,1,4.6142578125
Dense2x30,1590,0,0,1,3.4130859375
Dense2x30,8278,0,0,1,2.71484375
Dense2x30,9405,0,0,1,6.93359375
Dense2x30,7887,0,0,1,8.3935546875
Dense2x30,3818,0,0,1,0.283203125
Dense2x30,3458,0,0,1,4.2578125
Dense2x30,7699,0,0,1,4.619140625
Dense2x30,6040,0,0,1,3.8232421875
Dense2x30,2358,1,1,1,2.7734375
Dense2x30,2529,1,1,1,4.2919921875
Dense2x30,6044,1,1,1,3.134765625
Dense2x30,2868,1,1,1,4.2822265625
Dense2x30,3679,1,1,1,3.291015625
Dense2x30,2235,1,1,1,2.7587890625
Dense2x30,920,1,1,1,2.2900390625
Dense2x30,5630,1,1,1,3.02734375
Dense2x30,3264,1,1,1,3.7060546875
Dense2x30,8526,1,1,1,3.583984375
Dense2x30,154,1,1,1,2.236328125
Dense2x30,7783,1,1,1,3.84765625
Dense2x30,9978,1,1,1,3.6572265625
Dense2x30,984,1,1,1,3.623046875
Dense2x30,2984,1,1,1,2.529296875
Dense2x30,8268,1,1,1,3.33984375
Dense2x30,1318,1,1,1,3.828125
Dense2x30,3652,1,1,1,3.1103515625
Dense2x30,8048,1,1,1,4.1748046875
Dense2x30,735,1,1,1,3.9453125
Dense2x30,8995,1,1,1,3.408203125
Dense2x30,3380,1,1,1,3.271484375
Dense2x30,8138,1,1,1,3.7548828125
Dense2x30,3689,1,1,1,3.2080078125
Dense2x30,5762,1,1,1,3.7451171875
Dense2x30,3039,1,1,1,2.412109375
Dense2x30,455,1,1,1,3.7939453125
Dense2x30,4303,1,1,1,3.4521484375
Dense2x30,7822,1,1,1,0.419921875
Dense2x30,354,1,1,1,2.8173828125
Dense2x30,3815,1,1,1,4.16015625
Dense2x30,754,1,1,1,3.4521484375
Dense2x30,9049,1,1,1,3.8720703125
Dense2x30,8303,1,1,1,4.62890625
Dense2x30,4719,1,1,1,2.34375
Dense2x30,9249,1,1,1,3.7158203125
Dense2x30,4651,1,1,1,3.7353515625
Dense2x30,529,1,1,1,4.541015625
Dense2x30,8443,1,1,1,3.427734375
Dense2x30,3014,1,1,1,3.525390625
Dense2x30,977,1,1,1,4.0869140625
Dense2x30,3244,1,1,1,3.271484375
Dense2x30,189,1,1,1,2.3388671875
Dense2x30,7167,1,1,1,3.427734375
Dense2x30,5457,1,8,1,1.4697265625
Dense2x30,5506,1,1,1,4.5751953125
Dense2x30,4050,1,1,1,2.6123046875
Dense2x30,7812,1,8,1,0.2392578125
Dense2x30,8875,1,1,1,3.65234375
Dense2x30,4085,1,1,1,3.9013671875
Dense2x30,6276,1,1,1,3.6376953125
Dense2x30,3148,1,1,1,3.3154296875
Dense2x30,5203,1,1,1,2.548828125
Dense2x30,7173,1,1,1,3.984375
Dense2x30,1038,1,1,1,2.646484375
Dense2x30,3937,1,1,1,2.7197265625
Dense2x30,7290,1,1,1,4.140625
Dense2x30,2473,1,1,1,0.7568359375
Dense2x30,4185,1,1,1,2.59765625
Dense2x30,2411,1,1,1,3.5400390625
Dense2x30,8809,1,1,1,3.3544921875
Dense2x30,1646,1,1,1,4.1064453125
Dense2x30,3809,1,1,1,3.0517578125
Dense2x30,5316,1,1,1,4.140625
Dense2x30,9407,1,1,1,3.9404296875
Dense2x30,979,1,1,1,4.5166015625
Dense2x30,6008,1,1,1,2.6806640625
Dense2x30,3421,1,1,1,2.9833984375
Dense2x30,9258,1,1,1,4.267578125
Dense2x30,8045,1,1,1,3.5986328125
Dense2x30,1674,1,1,1,3.4814453125
Dense2x30,663,1,1,1,4.580078125
Dense2x30,2359,1,1,1,3.916015625
Dense2x30,5534,1,1,1,4.462890625
Dense2x30,725,1,1,1,3.3251953125
Dense2x30,191,1,1,1,2.0458984375
Dense2x30,6527,1,1,1,3.1103515625
Dense2x30,5896,1,1,1,3.8671875
Dense2x30,6308,1,1,1,3.7353515625
Dense2x30,2136,1,1,1,3.3154296875
Dense2x30,5044,1,1,1,4.12109375
Dense2x30,9005,1,1,1,4.0283203125
Dense2x30,6231,1,1,1,3.388671875
Dense2x30,9485,1,1,1,3.41796875
Dense2x30,6233,1,1,1,3.6181640625
Dense2x30,9599,1,1,1,3.2958984375
Dense2x30,3733,1,1,1,3.06640625
Dense2x30,7561,1,1,1,3.8330078125
Dense2x30,1137,1,1,1,3.2470703125
Dense2x30,5453,1,1,1,3.671875
Dense2x30,1835,1,1,1,3.2275390625
Dense2x30,6101,1,1,1,1.09375
Dense2x30,178,1,1,1,4.0234375
Dense2x30,672,1,1,1,3.75
Dense2x30,3532,1,1,1,3.251953125
Dense2x30,6623,1,1,1,2.685546875
Dense2x30,4764,1,1,1,2.8662109375
Dense2x30,489,1,1,1,3.1982421875
Dense2x30,4178,1,1,1,1.875
Dense2x30,2013,1,1,1,2.744140625
Dense2x30,2075,3,3,1,3.33984375
Dense2x30,8801,3,3,1,4.2822265625
Dense2x30,3834,3,3,1,0.7421875
Dense2x30,1066,3,3,1,3.896484375
Dense2x30,944,3,3,1,0.341796875
Dense2x30,2255,3,3,1,1.9873046875
Dense2x30,3548,3,3,1,3.642578125
Dense2x30,8293,3,9,1,0.8984375
Dense2x30,2008,3,3,1,1.318359375
Dense2x30,5215,3,3,1,3.046875
Dense2x30,9219,3,3,1,4.677734375
Dense2x30,9727,3,3,1,4.6044921875
Dense2x30,6982,3,3,1,3.9990234375
Dense2x30,1215,3,3,1,1.552734375
Dense2x30,3977,3,3,1,2.0361328125
Dense2x30,1804,3,3,1,5.8203125
Dense2x30,6767,3,3,1,6.8017578125
Dense2x30,9742,3,3,1,3.564453125
Dense2x30,590,3,3,1,4.1552734375
Dense2x30,3484,3,3,1,3.8720703125
Dense2x30,5479,3,3,1,3.515625
Dense2x30,51,3,3,1,5.576171875
Dense2x30,3300,3,3,1,2.685546875
Dense2x30,5446,3,3,1,1.3720703125
Dense2x30,4552,3,3,1,2.158203125
Dense2x30,493,3,3,1,4.970703125
Dense2x30,8716,3,3,1,5.712890625
Dense2x30,1976,3,3,1,2.8759765625
Dense2x30,9524,3,3,1,3.7060546875
Dense2x30,4796,3,3,1,2.1142578125
Dense2x30,8246,3,9,1,2.041015625
Dense2x30,2405,3,3,1,2.470703125
Dense2x30,6447,3,3,1,4.1259765625
Dense2x30,3409,3,3,1,4.013671875
Dense2x30,3659,3,3,1,3.9306640625
Dense2x30,4537,3,3,1,4.9267578125
Dense2x30,2731,3,3,1,1.1669921875
Dense2x30,5616,3,3,1,4.35546875
Dense2x30,7821,3,2,1,2.353515625
Dense2x30,7435,3,3,1,4.833984375
Dense2x30,2105,3,3,1,1.30859375
Dense2x30,4770,3,3,1,3.4716796875
Dense2x30,9762,3,3,1,1.7919921875
Dense2x30,9217,3,3,1,2.7587890625
Dense2x30,2639,3,3,1,1.34765625
Dense2x30,2534,3,5,1,0.5126953125
Dense2x30,6160,3,3,1,1.513671875
Dense2x30,8115,3,3,1,3.9306640625
Dense2x30,2011,3,3,1,3.28125
Dense2x30,9655,3,3,1,0.64453125
Dense2x30,958,3,3,1,1.826171875
Dense2x30,6465,3,3,1,4.580078125
Dense2x30,9750,3,3,1,5.56640625
Dense2x30,7215,3,3,1,4.9951171875
Dense2x30,9182,3,9,1,0.91796875
Dense2x30,1738,3,3,1,3.9794921875
Dense2x30,9559,3,3,1,4.091796875
Dense2x30,4621,3,3,1,5.4638671875
Dense2x30,2284,3,3,1,2.48046875
Dense2x30,5150,3,3,1,6.2353515625
Dense2x30,8972,3,3,1,5.380859375
Dense2x30,4714,3,3,1,4.3212890625
Dense2x30,1779,3,3,1,2.802734375
Dense2x30,3177,3,3,1,4.208984375
Dense2x30,7157,3,3,1,3.9501953125
Dense2x30,1617,3,3,1,1.3232421875
Dense2x30,44,3,3,1,2.3046875
Dense2x30,7006,3,3,1,4.3408203125
Dense2x30,5329,3,3,1,1.7431640625
Dense2x30,6975,3,3,1,5.6201171875
Dense2x30,453,3,3,1,2.7001953125
Dense2x30,1290,3,3,1,1.03515625
Dense2x30,8354,3,3,1,3.154296875
Dense2x30,9872,3,3,1,3.876953125
Dense2x30,6763,3,3,1,6.4306640625
Dense2x30,5309,3,3,1,4.140625
Dense2x30,8206,3,3,1,6.9140625
Dense2x30,9986,3,8,1,0.2783203125
Dense2x30,7350,3,3,1,2.4072265625
Dense2x30,9332,3,3,1,3.349609375
Dense2x30,7431,3,3,1,3.8916015625
Dense2x30,1926,3,5,1,0.107421875
Dense2x30,3448,3,5,1,0.2197265625
Dense2x30,3283,3,3,1,1.03515625
Dense2x30,1472,3,3,1,0.68359375
Dense2x30,1763,3,3,1,2.3193359375
Dense2x30,2583,3,3,1,2.8564453125
Dense2x30,3746,3,3,1,3.4326171875
Dense2x30,4532,3,3,1,3.173828125
Dense2x30,5674,3,3,1,4.052734375
Dense2x30,2712,3,3,1,3.955078125
Dense2x30,6045,3,9,1,1.0595703125
Dense2x30,3083,3,3,1,5.6689453125
Dense2x30,7117,3,3,1,2.783203125
Dense2x30,1291,3,3,1,1.9775390625
Dense2x30,2992,3,3,1,0.8837890625
Dense2x30,4306,3,7,1,3.1005859375
Dense2x30,2623,3,3,1,3.0029296875
Dense2x30,7272,3,3,1,2.8271484375
Dense2x30,2151,3,3,1,2.0947265625
Dense2x35,1712,0,0,1,2.158203125
Dense2x35,7446,0,0,1,2.099609375
Dense2x35,183,0,0,1,5.13671875
Dense2x35,6259,0,0,1,4.6533203125
Dense2x35,9542,0,0,1,4.19921875
Dense2x35,8055,0,0,1,6.484375
Dense2x35,1121,0,0,1,3.2958984375
Dense2x35,3695,0,0,1,5.1904296875
Dense2x35,9663,0,0,1,4.755859375
Dense2x35,8251,0,0,1,4.6875
Dense2x35,8845,0,0,1,5.302734375
Dense2x35,4188,0,0,1,2.7490234375
Dense2x35,4554,0,0,1,5.546875
Dense2x35,3439,0,0,1,4.6240234375
Dense2x35,8513,0,0,1,4.892578125
Dense2x35,7190,0,0,1,3.5546875
Dense2x35,2378,0,0,1,2.3046875
Dense2x35,9038,0,0,1,4.267578125
Dense2x35,6567,0,0,1,3.5498046875
Dense2x35,8137,0,0,1,5.0634765625
Dense2x35,296,0,0,1,6.5283203125
Dense2x35,3013,0,0,1,4.3017578125
Dense2x35,8448,0,0,1,5.9912109375
Dense2x35,9930,0,0,1,3.37890625
Dense2x35,3401,0,0,1,4.2236328125
Dense2x35,2318,0,0,1,1.767578125
Dense2x35,1775,0,0,1,2.5146484375
Dense2x35,8629,0,0,1,3.9501953125
Dense2x35,6097,0,0,1,7.4853515625
Dense2x35,6937,0,0,1,3.73046875
Dense2x35,4804,0,0,1,8.10546875
Dense2x35,4348,0,0,1,4.677734375
Dense2x35,2988,0,0,1,1.2744140625
Dense2x35,2328,0,0,1,0.64453125
Dense2x35,9396,0,0,1,4.619140625
Dense2x35,932,0,0,1,2.98828125
Dense2x35,9552,0,0,1,4.2822265625
Dense2x35,1084,0,0,1,5.947265625
Dense2x35,9993,0,0,1,4.2919921875
Dense2x35,8283,0,0,1,3.6083984375
Dense2x35,6003,0,0,1,3.2177734375
Dense2x35,3215,0,0,1,5.4833984375
Dense2x35,2932,0,0,1,1.38671875
Dense2x35,2376,0,0,1,5.3515625
Dense2x35,7086,0,0,1,3.8330078125
Dense2x35,4447,0,0,1,4.8486328125
Dense2x35,7780,0,0,1,7.6318359375
Dense2x35,5008,0,0,1,2.626953125
Dense2x35,5653,0,0,1,1.9384765625
Dense2x35,3540,0,0,1,4.5361328125
Dense2x35,9850,0,0,1,4.7705078125
Dense2x35,1001,0,0,1,2.9931640625
Dense2x35,8881,0,0,1,4.853515625
Dense2x35,5870,0,0,1,2.1435546875
Dense2x35,8212,0,0,1,3.212890625
Dense2x35,148,0,0,1,3.6083984375
Dense2x35,5124,0,0,1,5.6884765625
Dense2x35,3980,0,0,1,5.3515625
Dense2x35,8373,0,0,1,4.0283203125
Dense2x35,9367,0,0,1,6.07421875
Dense2x35,9236,0,0,1,4.7412109375
Dense2x35,3077,0,0,1,0.986328125
Dense2x35,6580,0,0,1,3.18359375
Dense2x35,5290,0,0,1,3.8525390625
Dense2x35,305,0,0,1,2.98828125
Dense2x35,3178,0,0,1,5.556640625
Dense2x35,3243,0,0,1,1.9384765625
Dense2x35,6921,0,0,1,5.2001953125
Dense2x35,4628,0,0,1,4.1357421875
Dense2x35,9004,0,0,1,2.4072265625
Dense2x35,1223,0,0,1,4.8193359375
Dense2x35,1590,0,0,1,3.046875
Dense2x35,3417,0,0,1,2.978515625
Dense2x35,5531,0,0,1,5.7568359375
Dense2x35,8795,0,0,1,3.8427734375
Dense2x35,9757,0,0,1,4.39453125
Dense2x35,2649,0,0,1,8.486328125
Dense2x35,4146,0,0,1,2.3828125
Dense2x35,8335,0,0,1,3.505859375
Dense2x35,8023,0,0,1,7.7392578125
Dense2x35,2384,0,0,1,2.91015625
Dense2x35,1918,0,0,1,3.28125
Dense2x35,2304,0,0,1,7.705078125
Dense2x35,2506,0,0,1,5.908203125
Dense2x35,8260,0,0,1,4.6435546875
Dense2x35,5257,0,0,1,3.1591796875
Dense2x35,4070,0,0,1,4.8291015625
Dense2x35,1892,0,0,1,5.146484375
Dense2x35,4343,0,0,1,2.822265625
Dense2x35,5567,0,0,1,4.453125
Dense2x35,5603,0,0,1,3.759765625
Dense2x35,1638,0,0,1,4.130859375
Dense2x35,8999,0,0,1,5.478515625
Dense2x35,8382,0,0,1,3.53515625
Dense2x35,8731,0,0,1,5.078125
Dense2x35,6770,0,0,1,6.38671875
Dense2x35,2821,0,0,1,3.5107421875
Dense2x35,7410,0,0,1,1.962890625
Dense2x35,3317,0,0,1,1.97265625
Dense2x35,6752,0,0,1,5.9375
Dense2x35,7223,1,1,1,2.48046875
Dense2x35,9978,1,1,1,2.890625
Dense2x35,7990,1,1,1,0.1123046875
Dense2x35,4869,1,1,1,3.154296875
Dense2x35,4201,1,7,1,0.0
Dense2x35,7928,1,8,1,0.3125
Dense2x35,3272,1,1,1,2.96875
Dense2x35,3779,1,1,1,2.939453125
Dense2x35,1548,1,1,1,2.94921875
Dense2x35,8666,1,1,1,2.4853515625
Dense2x35,1139,1,1,1,3.4423828125
Dense2x35,8058,1,1,1,2.4853515625
Dense2x35,8922,1,1,1,3.505859375
Dense2x35,7839,1,1,1,1.0595703125
Dense2x35,2674,1,1,1,2.919921875
Dense2x35,9848,1,1,1,3.759765625
Dense2x35,2997,1,1,1,2.6611328125
Dense2x35,9520,1,1,1,3.076171875
Dense2x35,6634,1,1,1,2.67578125
Dense2x35,8758,1,1,1,3.056640625
Dense2x35,2816,1,1,1,2.3876953125
Dense2x35,9903,1,1,1,2.7587890625
Dense2x35,8979,1,1,1,3.8232421875
Dense2x35,7638,1,1,1,3.7158203125
Dense2x35,1295,1,1,1,2.705078125
Dense2x35,1736,1,1,1,2.7099609375
Dense2x35,8344,1,1,1,3.125
Dense2x35,4147,1,1,1,2.1435546875
Dense2x35,963,1,1,1,2.021484375
Dense2x35,9969,1,1,1,3.1005859375
Dense2x35,228,1,1,1,2.8125
Dense2x35,4232,1,1,1,2.4462890625
Dense2x35,9896,1,1,1,3.0810546875
Dense2x35,1136,1,1,1,2.8076171875
Dense2x35,8526,1,1,1,3.4326171875
Dense2x35,5128,1,1,1,2.9638671875
Dense2x35,4538,1,1,1,3.4521484375
Dense2x35,8396,1,1,1,2.3095703125
Dense2x35,1351,1,1,1,3.5009765625
Dense2x35,5005,1,1,1,3.1103515625
Dense2x35,6533,1,1,1,2.8857421875
Dense2x35,6869,1,1,1,2.7734375
Dense2x35,2984,1,1,1,2.5537109375
Dense2x35,5978,1,1,1,3.212890625
Dense2x35,7468,1,1,1,3.45703125
Dense2x35,388,1,1,1,2.8759765625
Dense2x35,3231,1,1,1,4.19921875
Dense2x35,2982,1,1,1,3.3935546875
Dense2x35,9878,1,1,1,3.1396484375
Dense2x35,251,1,1,1,1.1328125
Dense2x35,2137,1,1,1,2.5634765625
Dense2x35,8068,1,1,1,3.2373046875
Dense2x35,5091,1,1,1,3.095703125
Dense2x35,3784,1,1,1,3.837890625
Dense2x35,1211,1,1,1,2.9931640625
Dense2x35,357,1,1,1,1.7041015625
Dense2x35,2013,1,1,1,2.5537109375
Dense2x35,4774,1,1,1,2.9345703125
Dense2x35,3320,1,1,1,2.763671875
Dense2x35,7191,1,1,1,2.5
Dense2x35,2287,1,1,1,3.5595703125
Dense2x35,4778,1,1,1,2.958984375
Dense2x35,4524,1,1,1,3.232421875
Dense2x35,5970,1,1,1,2.5732421875
Dense2x35,3253,1,1,1,2.470703125
Dense2x35,4171,1,1,1,3.4375
Dense2x35,826,1,1,1,3.4326171875
Dense2x35,6783,1,1,1,0.91796875
Dense2x35,7847,1,1,1,0.8544921875
Dense2x35,8914,1,1,1,2.8857421875
Dense2x35,6683,1,1,1,3.45703125
Dense2x35,2815,1,1,1,3.6181640625
Dense2x35,5211,1,1,1,2.392578125
Dense2x35,1434,1,1,1,2.822265625
Dense2x35,3281,1,1,1,2.4658203125
Dense2x35,2827,1,1,1,1.796875
Dense2x35,2164,1,1,1,2.7978515625
Dense2x35,9772,1,1,1,3.4912109375
Dense2x35,9956,1,1,1,2.646484375
Dense2x35,7176,1,1,1,2.7587890625
Dense2x35,9715,1,1,1,2.744140625
Dense2x35,696,1,1,1,2.2314453125
Dense2x35,473,1,1,1,2.099609375
Dense2x35,8600,1,1,1,3.212890625
Dense2x35,3438,1,1,1,2.6025390625
Dense2x35,6506,1,1,1,3.1494140625
Dense2x35,994,1,1,1,1.9140625
Dense2x35,2356,1,1,1,3.349609375
Dense2x35,1729,1,1,1,3.5302734375
Dense2x35,1820,1,1,1,3.505859375
Dense2x35,1657,1,1,1,3.0859375
Dense2x35,2599,1,1,1,2.6611328125
Dense2x35,8586,1,1,1,3.583984375
Dense2x35,3211,1,1,1,3.0908203125
Dense2x35,9796,1,1,1,2.83203125
Dense2x35,3689,1,1,1,2.8857421875
Dense2x35,6224,1,1,1,3.2421875
Dense2x35,6799,1,1,1,3.3154296875
Dense2x35,6063,1,1,1,2.2900390625
Dense2x35,279,1,1,1,2.6513671875
Dense2x35,9872,3,3,1,3.017578125
Dense2x35,8290,3,3,1,0.60546875
Dense2x35,1042,3,3,1,3.2421875
Dense2x35,1889,3,3,1,1.640625
Dense2x35,6107,3,3,1,3.310546875
Dense2x35,4758,3,3,1,4.384765625
Dense2x35,2723,3,3,1,3.095703125
Dense2x35,7470,3,3,1,4.1357421875
Dense2x35,3515,3,3,1,6.9482421875
Dense2x35,5583,3,3,1,2.9296875
Dense2x35,2853,3,3,1,2.48046875
Dense2x35,9177,3,3,1,5.01953125
Dense2x35,6876,3,3,1,4.365234375
Dense2x35,3285,3,3,1,2.2509765625
Dense2x35,2555,3,3,1,4.8876953125
Dense2x35,3897,3,3,1,3.06640625
Dense2x35,4581,3,3,1,3.49609375
Dense2x35,528,3,3,1,1.494140625
Dense2x35,7543,3,3,1,4.5654296875
Dense2x35,9308,3,3,1,2.44140625
Dense2x35,4688,3,3,1,3.671875
Dense2x35,5708,3,3,1,4.3603515625
Dense2x35,8972,3,3,1,4.58984375
Dense2x35,9604,3,3,1,4.970703125
Dense2x35,6075,3,3,1,1.5380859375
Dense2x35,9996,3,3,1,4.208984375
Dense2x35,2634,3,3,1,3.30078125
Dense2x35,1976,3,3,1,2.138671875
Dense2x35,9157,3,3,1,7.822265625
Dense2x35,7750,3,3,1,5.5078125
Dense2x35,5596,3,3,1,2.28515625
Dense2x35,5573,3,3,1,1.806640625
Dense2x35,734,3,3,1,1.015625
Dense2x35,3131,3,3,1,2.1142578125
Dense2x35,4841,3,3,1,1.5380859375
Dense2x35,7968,3,3,1,6.240234375
Dense2x35,6059,3,8,1,0.205078125
Dense2x35,2624,3,3,1,3.779296875
Dense2x35,6389,3,3,1,3.7060546875
Dense2x35,9697,3,3,1,1.591796875
Dense2x35,7272,3,3,1,3.3837890625
Dense2x35,32,3,3,1,2.7099609375
Dense2x35,4317,3,3,1,1.8212890625
Dense2x35,9479,3,3,1,2.6904296875
Dense2x35,727,3,3,1,3.515625
Dense2x35,2978,3,3,1,3.662109375
Dense2x35,3080,3,3,1,4.1943359375
Dense2x35,8706,3,3,1,4.033203125
Dense2x35,2716,3,3,1,5.205078125
Dense2x35,9370,3,3,1,5.166015625
Dense2x35,6289,3,3,1,1.5087890625
Dense2x35,4234,3,3,1,3.9111328125
Dense2x35,3548,3,3,1,3.6328125
Dense2x35,2230,3,3,1,2.841796875
Dense2x35,7484,3,3,1,3.896484375
Dense2x35,8842,3,3,1,2.8759765625
Dense2x35,3834,3,3,1,2.1630859375
Dense2x35,2594,3,3,1,1.0888671875
Dense2x35,8603,3,3,1,3.2666015625
Dense2x35,2534,3,5,1,0.29296875
Dense2x35,4990,3,1,1,0.05859375
Dense2x35,6542,3,3,1,0.1220703125
Dense2x35,8876,3,3,1,2.890625
Dense2x35,1284,3,3,1,3.408203125
Dense2x35,8407,3,3,1,3.3056640625
Dense2x35,8624,3,3,1,1.46484375
Dense2x35,1495,3,3,1,2.0166015625
Dense2x35,4311,3,3,1,0.2392578125
Dense2x35,2985,3,3,1,2.6611328125
Dense2x35,335,3,3,1,2.44140625
Dense2x35,4494,3,3,1,2.265625
Dense2x35,3896,3,3,1,3.6181640625
Dense2x35,2799,3,3,1,2.1044921875
Dense2x35,8551,3,3,1,3.7255859375
Dense2x35,9474,3,3,1,2.6025390625
Dense2x35,7214,3,3,1,5.2685546875
Dense2x35,5328,3,3,1,3.3203125
Dense2x35,1472,3,3,1,0.7470703125
Dense2x35,6664,3,3,1,2.470703125
Dense2x35,9175,3,3,1,5.791015625
Dense2x35,2511,3,3,1,1.9970703125
Dense2x35,9881,3,3,1,0.4736328125
Dense2x35,7040,3,3,1,2.5927734375
Dense2x35,9614,3,5,1,0.6787109375
Dense2x35,3630,3,3,1,4.1357421875
Dense2x35,8485,3,3,1,3.5986328125
Dense2x35,6985,3,3,1,5.1904296875
Dense2x35,687,3,3,1,2.763671875
Dense2x35,7644,3,3,1,2.236328125
Dense2x35,2663,3,3,1,6.3818359375
Dense2x35,6255,3,3,1,2.939453125
Dense2x35,2153,3,3,1,1.3916015625
Dense2x35,4907,3,3,1,2.6220703125
Dense2x35,782,3,3,1,3.5107421875
Dense2x35,8328,3,3,1,4.140625
Dense2x35,7590,3,3,1,4.0380859375
Dense2x35,3469,3,3,1,3.9013671875
Dense2x35,2991,3,3,1,1.7236328125
Dense2x35,1531,3,3,1,0.751953125
Dense2x35,6379,3,3,1,4.39453125
Dense2x40,2687,0,0,1,3.4814453125
Dense2x40,5593,0,0,1,1.9873046875
Dense2x40,5051,0,0,1,4.58984375
Dense2x40,5353,0,0,1,5.4541015625
Dense2x40,7485,0,0,1,4.16015625
Dense2x40,4329,0,0,1,2.8662109375
Dense2x40,7049,0,0,1,1.0888671875
Dense2x40,13,0,0,1,3.80859375
Dense2x40,9167,0,0,1,5.8251953125
Dense2x40,8055,0,0,1,7.2314453125
Dense2x40,8929,0,0,1,6.4013671875
Dense2x40,7449,0,0,1,3.466796875
Dense2x40,3581,0,0,1,4.55078125
Dense2x40,3867,0,0,1,2.5439453125
Dense2x40,7723,0,0,1,5.4443359375
Dense2x40,3305,0,0,1,1.337890625
Dense2x40,9952,0,0,1,5.5224609375
Dense2x40,4880,0,5,1,0.01953125
Dense2x40,4023,0,0,1,5.458984375
Dense2x40,9611,0,0,1,4.1064453125
Dense2x40,9296,0,0,1,4.2138671875
Dense2x40,5830,0,0,1,5.8642578125
Dense2x40,4392,0,0,1,4.326171875
Dense2x40,6293,0,0,1,5.2734375
Dense2x40,7702,0,0,1,3.447265625
Dense2x40,2763,0,0,1,4.0625
Dense2x40,9367,0,0,1,5.4931640625
Dense2x40,4403,0,0,1,2.8076171875
Dense2x40,9818,0,0,1,3.0859375
Dense2x40,9060,0,0,1,9.08203125
Dense2x40,4079,0,0,1,4.27734375
Dense2x40,581,0,0,1,4.7998046875
Dense2x40,5301,0,0,1,3.9208984375
Dense2x40,2714,0,0,1,3.7451171875
Dense2x40,3412,0,0,1,1.4306640625
Dense2x40,5899,0,0,1,3.173828125
Dense2x40,981,0,0,1,3.671875
Dense2x40,8199,0,0,1,4.19921875
Dense2x40,8629,0,0,1,4.00390625
Dense2x40,5993,0,0,1,5.8251953125
Dense2x40,7225,0,0,1,3.30078125
Dense2x40,717,0,6,1,0.7421875
Dense2x40,4365,0,0,1,4.31640625
Dense2x40,1203,0,0,1,5.48828125
Dense2x40,8765,0,0,1,5.0146484375
Dense2x40,932,0,0,1,3.7646484375
Dense2x40,6129,0,0,1,5.3125
Dense2x40,1231,0,0,1,3.45703125
Dense2x40,2096,0,0,1,4.3798828125
Dense2x40,6643,0,0,1,0.283203125
Dense2x40,6580,0,0,1,3.5107421875
Dense2x40,5405,0,0,1,3.61328125
Dense2x40,4495,0,0,1,4.9365234375
Dense2x40,6781,0,0,1,8.564453125
Dense2x40,8895,0,0,1,4.8486328125
Dense2x40,7289,0,0,1,6.9091796875
Dense2x40,5342,0,0,1,5.732421875
Dense2x40,3660,0,0,1,4.296875
Dense2x40,7943,0,0,1,6.6064453125
Dense2x40,3170,0,0,1,4.1357421875
Dense2x40,794,0,0,1,4.5751953125
Dense2x40,597,0,0,1,2.6806640625
Dense2x40,6971,0,0,1,3.26171875
Dense2x40,7566,0,0,1,5.1904296875
Dense2x40,3536,0,0,1,3.22265625
Dense2x40,1713,0,0,1,2.939453125
Dense2x40,9236,0,0,1,4.70703125
Dense2x40,5452,0,0,1,6.201171875
Dense2x40,552,0,0,1,2.412109375
Dense2x40,7354,0,0,1,3.5107421875
Dense2x40,2236,0,0,1,3.5107421875
Dense2x40,372,0,0,1,2.099609375
Dense2x40,25,0,0,1,7.7685546875
Dense2x40,7175,0,0,1,3.0078125
Dense2x40,6979,0,0,1,5.146484375
Dense2x40,704,0,0,1,3.0810546875
Dense2x40,3077,0,0,1,0.6787109375
Dense2x40,4937,0,0,1,3.88671875
Dense2x40,7953,0,0,1,6.3720703125
Dense2x40,3870,0,0,1,3.8037109375
Dense2x40,6651,0,5,1,1.1572265625
Dense2x40,821,0,0,1,2.1142578125
Dense2x40,2747,0,0,1,8.1591796875
Dense2x40,1762,0,0,1,0.791015625
Dense2x40,6398,0,0,1,4.4873046875
Dense2x40,1898,0,0,1,3.2373046875
Dense2x40,8992,0,0,1,5.8837890625
Dense2x40,2557,0,0,1,4.35546875
Dense2x40,5673,0,0,1,2.3193359375
Dense2x40,4862,0,0,1,2.0556640625
Dense2x40,5124,0,0,1,6.6552734375
Dense2x40,2703,0,0,1,5.078125
Dense2x40,4432,0,0,1,2.060546875
Dense2x40,1650,0,0,1,4.3701171875
Dense2x40,5603,0,0,1,2.880859375
Dense2x40,5079,0,0,1,4.2138671875
Dense2x40,7161,0,0,1,4.150390625
Dense2x40,6947,0,0,1,5.380859375
Dense2x40,9801,0,0,1,4.9755859375
Dense2x40,2942,0,0,1,3.720703125
Dense2x40,9190,1,1,1,3.80859375
Dense2x40,984,1,1,1,3.6181640625
Dense2x40,9112,1,1,1,0.95703125
Dense2x40,2398,1,1,1,3.3837890625
Dense2x40,191,1,1,1,1.9384765625
Dense2x40,3454,1,1,1,4.0185546875
Dense2x40,4953,1,1,1,4.1162109375
Dense2x40,6917,1,1,1,4.1015625
Dense2x40,314,1,1,1,4.2041015625
Dense2x40,5203,1,1,1,2.34375
Dense2x40,9844,1,1,1,3.1884765625
Dense2x40,4754,1,1,1,4.0234375
Dense2x40,4606,1,1,1,2.568359375
Dense2x40,6556,1,1,1,1.4501953125
Dense2x40,7280,1,1,1,3.3349609375
Dense2x40,9071,1,8,1,1.015625
Dense2x40,6438,1,1,1,2.724609375
Dense2x40,619,1,8,1,0.9912109375
Dense2x40,9485,1,1,1,3.0810546875
Dense2x40,3815,1,1,1,4.0234375
Dense2x40,2261,1,1,1,3.3837890625
Dense2x40,1025,1,1,1,3.18359375
Dense2x40,9143,1,1,1,3.818359375
Dense2x40,7954,1,1,1,2.8955078125
Dense2x40,3237,1,1,1,3.3203125
Dense2x40,5786,1,1,1,3.5302734375
Dense2x40,5486,1,1,1,3.45703125
Dense2x40,3894,1,1,1,2.412109375
Dense2x40,2277,1,1,1,2.1484375
Dense2x40,755,1,1,1,2.91015625
Dense2x40,9896,1,1,1,3.18359375
Dense2x40,504,1,1,1,2.236328125
Dense2x40,652,1,1,1,4.375
Dense2x40,5271,1,1,1,3.0859375
Dense2x40,5604,1,1,1,3.88671875
Dense2x40,9120,1,1,1,3.0224609375
Dense2x40,4949,1,1,1,4.2333984375
Dense2x40,725,1,1,1,3.330078125
Dense2x40,8862,1,1,1,3.3935546875
Dense2x40,7262,1,1,1,1.748046875
Dense2x40,8776,1,1,1,3.1201171875
Dense2x40,918,1,1,1,3.0908203125
Dense2x40,8568,1,1,1,4.4482421875
Dense2x40,5258,1,1,1,2.67578125
Dense2x40,2324,1,1,1,3.6474609375
Dense2x40,8995,1,1,1,2.75390625
Dense2x40,332,1,1,1,3.8916015625
Dense2x40,1643,1,1,1,3.9892578125
Dense2x40,4105,1,1,1,3.1787109375
Dense2x40,4977,1,1,1,3.076171875
Dense2x40,8976,1,1,1,3.6181640625
Dense2x40,8233,1,1,1,3.5986328125
Dense2x40,378,1,1,1,4.1259765625
Dense2x40,4074,1,1,1,2.841796875
Dense2x40,6482,1,1,1,3.9599609375
Dense2x40,8980,1,1,1,2.509765625
Dense2x40,5132,1,1,1,2.841796875
Dense2x40,9356,1,1,1,3.2958984375
Dense2x40,9878,1,1,1,3.3056640625
Dense2x40,2221,1,1,1,2.2412109375
Dense2x40,1674,1,1,1,3.154296875
Dense2x40,8666,1,1,1,2.6806640625
Dense2x40,1008,1,1,1,3.4765625
Dense2x40,9725,1,1,1,3.1640625
Dense2x40,9222,1,1,1,3.88671875
Dense2x40,6799,1,1,1,4.1796875
Dense2x40,3733,1,1,1,2.5
Dense2x40,1004,1,1,1,2.2509765625
Dense2x40,8252,1,1,1,2.724609375
Dense2x40,6224,1,1,1,3.4619140625
Dense2x40,9061,1,1,1,2.6708984375
Dense2x40,1791,1,1,1,3.583984375
Dense2x40,9898,1,1,1,3.4033203125
Dense2x40,4932,1,1,1,2.96875
Dense2x40,3253,1,1,1,2.861328125
Dense2x40,6232,1,1,1,3.134765625
Dense2x40,948,1,1,1,3.4912109375
Dense2x40,2418,1,1,1,2.880859375
Dense2x40,4292,1,1,1,3.6279296875
Dense2x40,196,1,1,1,3.701171875
Dense2x40,9674,1,1,1,3.0810546875
Dense2x40,1083,1,1,1,2.9833984375
Dense2x40,907,1,1,1,2.4755859375
Dense2x40,1318,1,1,1,2.55859375
Dense2x40,5361,1,1,1,3.203125
Dense2x40,3925,1,1,1,3.2666015625
Dense2x40,9772,1,1,1,3.3984375
Dense2x40,393,1,1,1,2.8564453125
Dense2x40,6901,1,1,1,3.955078125
Dense2x40,3148,1,1,1,2.7294921875
Dense2x40,8164,1,1,1,1.6162109375
Dense2x40,2788,1,1,1,2.2705078125
Dense2x40,5,1,1,1,2.880859375
Dense2x40,1939,1,1,1,2.8759765625
Dense2x40,3741,1,1,1,4.6435546875
Dense2x40,1295,1,1,1,2.880859375
Dense2x40,4869,1,1,1,4.5654296875
Dense2x40,3919,1,1,1,4.306640625
Dense2x40,2674,1,1,1,3.115234375
Dense2x40,6110,1,1,1,2.2216796875
Dense2x40,7024,3,3,1,4.3408203125
Dense2x40,1804,3,3,1,4.94140625
Dense2x40,3193,3,2,1,0.322265625
Dense2x40,1172,3,3,1,3.076171875
Dense2x40,349,3,3,1,1.2060546875
Dense2x40,5046,3,3,1,1.26953125
Dense2x40,8706,3,3,1,3.5986328125
Dense2x40,8272,3,8,1,0.2490234375
Dense2x40,9308,3,3,1,1.7919921875
Dense2x40,6481,3,3,1,4.0087890625
Dense2x40,4990,3,2,1,0.4833984375
Dense2x40,9217,3,3,1,1.0888671875
Dense2x40,576,3,3,1,4.51171875
Dense2x40,493,3,3,1,5.0244140625
Dense2x40,2865,3,3,1,3.2861328125
Dense2x40,6107,3,3,1,4.6484375
Dense2x40,5215,3,3,1,3.06640625
Dense2x40,2511,3,3,1,2.2021484375
Dense2x40,3896,3,3,1,3.73046875
Dense2x40,6194,3,3,1,2.8564453125
Dense2x40,9177,3,3,1,4.0673828125
Dense2x40,8246,3,3,1,0.0537109375
Dense2x40,4317,3,3,1,2.509765625
Dense2x40,3120,3,3,1,4.052734375
Dense2x40,4311,3,3,1,0.91796875
Dense2x40,231,3,3,1,2.373046875
Dense2x40,4406,3,3,1,4.2333984375
Dense2x40,2075,3,3,1,2.7490234375
Dense2x40,8483,3,3,1,4.0869140625
Dense2x40,453,3,3,1,3.1201171875
Dense2x40,9697,3,3,1,2.20703125
Dense2x40,8130,3,3,1,3.2861328125
Dense2x40,2756,3,3,1,1.30859375
Dense2x40,7946,3,3,1,2.080078125
Dense2x40,7674,3,3,1,3.3642578125
Dense2x40,1765,3,3,1,1.6162109375
Dense2x40,9614,3,5,1,0.9326171875
Dense2x40,8328,3,3,1,5.771484375
Dense2x40,6096,3,3,1,2.919921875
Dense2x40,1315,3,3,1,0.888671875
Dense2x40,8840,3,3,1,3.4619140625
Dense2x40,657,3,3,1,3.4423828125
Dense2x40,4501,3,3,1,3.359375
Dense2x40,8821,3,3,1,2.7880859375
Dense2x40,2348,3,3,1,2.8466796875
Dense2x40,5703,3,3,1,3.75
Dense2x40,2952,3,5,1,0.732421875
Dense2x40,9804,3,3,1,1.123046875
Dense2x40,2139,3,3,1,3.564453125
Dense2x40,7233,3,3,1,0.4736328125
Dense2x40,2955,3,3,1,6.3671875
Dense2x40,5804,3,3,1,4.560546875
Dense2x40,9156,3,3,1,2.8955078125
Dense2x40,1062,3,7,1,0.244140625
Dense2x40,4306,3,7,1,2.138671875
Dense2x40,927,3,3,1,3.2666015625
Dense2x40,408,3,3,1,2.978515625
Dense2x40,1608,3,3,1,3.0859375
Dense2x40,5336,3,3,1,3.291015625
Dense2x40,4841,3,3,1,1.416015625
Dense2x40,6453,3,3,1,1.38671875
Dense2x40,6030,3,3,1,0.3759765625
Dense2x40,2109,3,7,1,1.357421875
Dense2x40,5814,3,3,1,3.69140625
Dense2x40,1832,3,3,1,0.64453125
Dense2x40,4162,3,3,1,5.888671875
Dense2x40,9231,3,3,1,2.1435546875
Dense2x40,3717,3,3,1,1.6748046875
Dense2x40,4004,3,3,1,3.330078125
Dense2x40,5606,3,3,1,4.0771484375
Dense2x40,4586,3,3,1,3.0810546875
Dense2x40,507,3,5,1,0.60546875
Dense2x40,8379,3,3,1,2.568359375
Dense2x40,3390,3,3,1,3.251953125
Dense2x40,1290,3,3,1,0.9130859375
Dense2x40,6564,3,3,1,0.2685546875
Dense2x40,6681,3,3,1,1.9921875
Dense2x40,1426,3,3,1,2.8515625
Dense2x40,4270,3,3,1,1.9921875
Dense2x40,2776,3,3,1,3.1787109375
Dense2x40,6177,3,3,1,3.0322265625
Dense2x40,1923,3,3,1,4.8974609375
Dense2x40,912,3,3,1,5.107421875
Dense2x40,3787,3,3,1,2.8564453125
Dense2x40,200,3,3,1,4.267578125
Dense2x40,7272,3,3,1,3.603515625
Dense2x40,2533,3,3,1,2.529296875
Dense2x40,8354,3,3,1,2.978515625
Dense2x40,5140,3,5,1,0.41015625
Dense2x40,5492,3,3,1,3.271484375
Dense2x40,1204,3,3,1,1.0693359375
Dense2x40,2284,3,3,1,2.7001953125
Dense2x40,7006,3,3,1,3.1494140625
Dense2x40,7252,3,3,1,2.5048828125
Dense2x40,3549,3,2,1,1.7578125
Dense2x40,4164,3,3,1,2.87109375
Dense2x40,3548,3,3,1,2.55859375
Dense2x40,5935,3,3,1,2.5146484375
Dense2x40,2069,3,3,1,4.736328125
Dense2x40,7639,3,3,1,3.26171875
Dense2x45,8763,0,0,1,5.9912109375
Dense2x45,7855,0,0,1,6.9140625
Dense2x45,4718,0,0,1,4.04296875
Dense2x45,2185,0,5,1,1.8115234375
Dense2x45,7706,0,0,1,4.296875
Dense2x45,1619,0,0,1,2.1337890625
Dense2x45,620,0,0,1,2.7197265625
Dense2x45,9244,0,0,1,5.244140625
Dense2x45,9647,0,0,1,5.3759765625
Dense2x45,8614,0,0,1,4.2333984375
Dense2x45,1271,0,0,1,3.525390625
Dense2x45,28,0,0,1,5.48828125
Dense2x45,7367,0,0,1,5.4541015625
Dense2x45,3077,0,0,1,1.0400390625
Dense2x45,6892,0,0,1,3.8916015625
Dense2x45,8738,0,0,1,3.8720703125
Dense2x45,4447,0,0,1,5.078125
Dense2x45,2204,0,0,1,4.150390625
Dense2x45,8021,0,0,1,6.796875
Dense2x45,9631,0,0,1,3.7158203125
Dense2x45,7485,0,0,1,4.62890625
Dense2x45,8795,0,0,1,4.4970703125
Dense2x45,271,0,0,1,3.310546875
Dense2x45,9948,0,0,1,2.138671875
Dense2x45,8199,0,0,1,4.9755859375
Dense2x45,9016,0,5,1,1.6796875
Dense2x45,5368,0,0,1,5.3759765625
Dense2x45,5321,0,0,1,6.3671875
Dense2x45,5567,0,0,1,3.37890625
Dense2x45,1148,0,0,1,4.4091796875
Dense2x45,1623,0,0,1,3.8818359375
Dense2x45,4090,0,0,1,1.787109375
Dense2x45,1408,0,0,1,4.31640625
Dense2x45,8731,0,0,1,6.0009765625
Dense2x45,1526,0,0,1,4.4775390625
Dense2x45,157,0,0,1,2.7392578125
Dense2x45,6808,0,0,1,4.4091796875
Dense2x45,7566,0,0,1,6.2548828125
Dense2x45,3170,0,0,1,4.326171875
Dense2x45,9455,0,0,1,4.189453125
Dense2x45,194,0,0,1,3.26171875
Dense2x45,4351,0,0,1,4.7705078125
Dense2x45,8619,0,0,1,6.0302734375
Dense2x45,8851,0,0,1,4.3798828125
Dense2x45,2999,0,0,1,3.76953125
Dense2x45,6426,0,6,1,0.8349609375
Dense2x45,2649,0,0,1,7.5634765625
Dense2x45,6532,0,7,1,0.546875
Dense2x45,6181,0,0,1,4.8779296875
Dense2x45,6288,0,0,1,5.7421875
Dense2x45,9801,0,0,1,3.7744140625
Dense2x45,7161,0,0,1,3.466796875
Dense2x45,644,0,0,1,4.1943359375
Dense2x45,3317,0,0,1,1.38671875
Dense2x45,9440,0,0,1,5.7763671875
Dense2x45,1757,0,0,1,2.5830078125
Dense2x45,2641,0,0,1,4.375
Dense2x45,7617,0,0,1,4.58984375
Dense2x45,608,0,0,1,3.0322265625
Dense2x45,6921,0,0,1,4.8095703125
Dense2x45,5428,0,0,1,6.8408203125
Dense2x45,4937,0,0,1,3.41796875
Dense2x45,3982,0,0,1,6.4990234375
Dense2x45,4146,0,0,1,2.265625
Dense2x45,7526,0,0,1,5.09765625
Dense2x45,9310,0,0,1,3.447265625
Dense2x45,2060,0,0,1,6.708984375
Dense2x45,3032,0,0,1,6.767578125
Dense2x45,3660,0,0,1,4.7998046875
Dense2x45,5718,0,0,1,0.5322265625
Dense2x45,7062,0,0,1,4.5458984375
Dense2x45,4188,0,0,1,2.685546875
Dense2x45,8343,0,0,1,4.5458984375
Dense2x45,9879,0,0,1,0.966796875
Dense2x45,8335,0,0,1,4.1015625
Dense2x45,2824,0,0,1,3.3935546875
Dense2x45,7031,0,0,1,3.076171875
Dense2x45,8243,0,0,1,3.671875
Dense2x45,3215,0,0,1,5.830078125
Dense2x45,6099,0,0,1,7.685546875
Dense2x45,5830,0,0,1,4.82421875
Dense2x45,2557,0,0,1,4.033203125
Dense2x45,9239,0,0,1,5.9423828125
Dense2x45,4957,0,0,1,4.599609375
Dense2x45,9158,0,0,1,3.3837890625
Dense2x45,7782,0,0,1,6.484375
Dense2x45,1154,0,0,1,2.4755859375
Dense2x45,6580,0,0,1,3.9892578125
Dense2x45,1034,0,0,1,2.880859375
Dense2x45,2217,0,0,1,3.8427734375
Dense2x45,6309,0,0,1,6.0498046875
Dense2x45,1445,0,0,1,4.091796875
Dense2x45,3608,0,0,1,6.806640625
Dense2x45,6970,0,0,1,4.8291015625
Dense2x45,6444,0,0,1,4.00390625
Dense2x45,3790,0,0,1,5.3564453125
Dense2x45,3413,0,0,1,4.443359375
Dense2x45,561,0,0,1,2.0263671875
Dense2x45,2492,0,0,1,6.005859375
Dense2x45,552,0,0,1,1.103515625
Dense2x45,3203,1,1,1,2.509765625
Dense2x45,8239,1,1,1,2.51953125
Dense2x45,2287,1,1,1,3.28125
Dense2x45,8526,1,1,1,3.49609375
Dense2x45,2867,1,1,1,2.2802734375
Dense2x45,8768,1,1,1,2.9052734375
Dense2x45,1729,1,1,1,3.73046875
Dense2x45,178,1,1,1,3.603515625
Dense2x45,4069,1,1,1,3.7109375
Dense2x45,8396,1,1,1,2.48046875
Dense2x45,2928,1,1,1,3.3154296875
Dense2x45,3430,1,1,1,2.12890625
Dense2x45,4564,1,1,1,3.7939453125
Dense2x45,9903,1,1,1,2.919921875
Dense2x45,6044,1,1,1,2.65625
Dense2x45,7954,1,1,1,2.890625
Dense2x45,2655,1,1,1,3.0859375
Dense2x45,7399,1,1,1,3.1103515625
Dense2x45,4190,1,1,1,2.79296875
Dense2x45,4032,1,1,1,3.3837890625
Dense2x45,6008,1,1,1,2.4072265625
Dense2x45,5859,1,1,1,4.00390625
Dense2x45,8914,1,1,1,2.8125
Dense2x45,9140,1,1,1,4.013671875
Dense2x45,920,1,1,1,2.314453125
Dense2x45,4651,1,1,1,3.65234375
Dense2x45,6254,1,1,1,3.2666015625
Dense2x45,6182,1,1,1,3.0517578125
Dense2x45,1753,1,1,1,3.0322265625
Dense2x45,8758,1,1,1,3.2421875
Dense2x45,3741,1,1,1,4.0966796875
Dense2x45,9499,1,1,1,3.75
Dense2x45,7053,1,1,1,2.5537109375
Dense2x45,2705,1,1,1,2.7685546875
Dense2x45,695,1,1,1,2.607421875
Dense2x45,5759,1,1,1,0.9130859375
Dense2x45,3148,1,1,1,2.8466796875
Dense2x45,7944,1,1,1,3.4912109375
Dense2x45,9200,1,1,1,4.1015625
Dense2x45,1646,1,1,1,3.505859375
Dense2x45,6694,1,1,1,1.962890625
Dense2x45,9485,1,1,1,2.9638671875
Dense2x45,768,1,1,1,3.9111328125
Dense2x45,7928,1,1,1,0.5078125
Dense2x45,2166,1,1,1,3.232421875
Dense2x45,682,1,1,1,3.5888671875
Dense2x45,5090,1,1,1,3.4814453125
Dense2x45,4871,1,1,1,2.529296875
Dense2x45,8873,1,1,1,3.134765625
Dense2x45,8469,1,1,1,2.0166015625
Dense2x45,3152,1,1,1,2.9638671875
Dense2x45,1358,1,1,1,3.0322265625
Dense2x45,7063,1,1,1,2.9345703125
Dense2x45,7527,1,1,1,3.33984375
Dense2x45,2034,1,1,1,2.958984375
Dense2x45,1630,1,1,1,3.5302734375
Dense2x45,1994,1,1,1,3.7353515625
Dense2x45,388,1,1,1,2.5390625
Dense2x45,7507,1,1,1,3.0322265625
Dense2x45,9591,1,1,1,2.7099609375
Dense2x45,6652,1,1,1,2.568359375
Dense2x45,3386,1,1,1,2.5732421875
Dense2x45,6678,1,1,1,2.8076171875
Dense2x45,3815,1,1,1,3.9599609375
Dense2x45,3268,1,1,1,2.44140625
Dense2x45,196,1,1,1,3.671875
Dense2x45,3852,1,1,1,2.080078125
Dense2x45,7280,1,1,1,3.3154296875
Dense2x45,8432,1,1,1,3.115234375
Dense2x45,2164,1,1,1,3.4375
Dense2x45,1214,1,1,1,3.5693359375
Dense2x45,2018,1,1,1,0.6591796875
Dense2x45,9802,1,1,1,3.4375
Dense2x45,357,1,1,1,1.8359375
Dense2x45,1673,1,1,1,2.59765625
Dense2x45,4917,1,1,1,2.67578125
Dense2x45,1075,1,1,1,2.71484375
Dense2x45,984,1,1,1,3.408203125
Dense2x45,4516,1,1,1,2.9638671875
Dense2x45,6276,1,1,1,3.0419921875
Dense2x45,6202,1,1,1,3.232421875
Dense2x45,2041,1,1,1,3.1103515625
Dense2x45,4977,1,1,1,2.7734375
Dense2x45,7661,1,1,1,3.1201171875
Dense2x45,6101,1,1,1,1.474609375
Dense2x45,8493,1,1,1,1.767578125
Dense2x45,918,1,1,1,2.9736328125
Dense2x45,2943,1,1,1,3.046875
Dense2x45,2816,1,1,1,2.4658203125
Dense2x45,5416,1,1,1,3.408203125
Dense2x45,9265,1,1,1,2.392578125
Dense2x45,5651,1,1,1,3.53515625
Dense2x45,9984,1,1,1,2.5439453125
Dense2x45,4595,1,1,1,4.345703125
Dense2x45,176,1,1,1,2.4267578125
Dense2x45,3211,1,1,1,2.8466796875
Dense2x45,4057,1,1,1,4.08203125
Dense2x45,3026,1,1,1,2.177734375
Dense2x45,190,1,1,1,2.1728515625
Dense2x45,272,1,1,1,3.4716796875
Dense2x45,5596,3,3,1,3.1982421875
Dense2x45,4928,3,3,1,2.87109375
Dense2x45,2690,3,3,1,2.5732421875
Dense2x45,2174,3,5,1,1.0888671875
Dense2x45,7595,3,3,1,0.9521484375
Dense2x45,8970,3,3,1,6.0009765625
Dense2x45,8290,3,5,1,0.6005859375
Dense2x45,4277,3,3,1,1.4599609375
Dense2x45,5038,3,3,1,1.357421875
Dense2x45,5168,3,3,1,6.0400390625
Dense2x45,8328,3,3,1,4.7119140625
Dense2x45,8603,3,3,1,3.271484375
Dense2x45,1681,3,7,1,4.3994140625
Dense2x45,9558,3,3,1,1.572265625
Dense2x45,4352,3,3,1,3.154296875
Dense2x45,9524,3,3,1,3.0224609375
Dense2x45,4018,3,3,1,1.650390625
Dense2x45,9914,3,3,1,2.841796875
Dense2x45,2128,3,3,1,4.2529296875
Dense2x45,8156,3,3,1,2.8515625
Dense2x45,1480,3,3,1,4.9169921875
Dense2x45,4537,3,3,1,4.609375
Dense2x45,6575,3,3,1,0.0048828125
Dense2x45,5504,3,3,1,4.2138671875
Dense2x45,158,3,3,1,1.15234375
Dense2x45,7798,3,3,1,4.833984375
Dense2x45,9491,3,3,1,3.3349609375
Dense2x45,9261,3,3,1,4.716796875
Dense2x45,3947,3,3,1,6.0888671875
Dense2x45,6664,3,3,1,2.8466796875
Dense2x45,2072,3,3,1,3.5693359375
Dense2x45,8753,3,3,1,5.3271484375
Dense2x45,8607,3,3,1,1.03515625
Dense2x45,7956,3,3,1,5.2978515625
Dense2x45,6763,3,3,1,6.7626953125
Dense2x45,4973,3,3,1,5.5908203125
Dense2x45,8451,3,3,1,3.984375
Dense2x45,4727,3,3,1,3.9794921875
Dense2x45,8186,3,3,1,6.1376953125
Dense2x45,4084,3,3,1,2.51953125
Dense2x45,1746,3,3,1,3.427734375
Dense2x45,437,3,3,1,6.2744140625
Dense2x45,7326,3,3,1,5.3955078125
Dense2x45,4873,3,3,1,4.3017578125
Dense2x45,1779,3,3,1,2.9150390625
Dense2x45,7590,3,3,1,4.8046875
Dense2x45,1789,3,3,1,2.0556640625
Dense2x45,3769,3,3,1,1.3427734375
Dense2x45,3487,3,3,1,4.365234375
Dense2x45,7024,3,3,1,5.44921875
Dense2x45,4335,3,3,1,1.796875
Dense2x45,3642,3,3,1,6.1083984375
Dense2x45,450,3,3,1,0.9814453125
Dense2x45,7479,3,3,1,2.9443359375
Dense2x45,933,3,3,1,3.876953125
Dense2x45,6059,3,8,1,0.068359375
Dense2x45,7714,3,3,1,2.3486328125
Dense2x45,5245,3,3,1,3.837890625
Dense2x45,5046,3,3,1,1.4794921875
Dense2x45,3407,3,3,1,3.4033203125
Dense2x45,795,3,3,1,1.1962890625
Dense2x45,8624,3,3,1,1.1376953125
Dense2x45,7771,3,3,1,4.70703125
Dense2x45,3177,3,3,1,3.8671875
Dense2x45,87,3,5,1,0.4345703125
Dense2x45,4494,3,3,1,1.9482421875
Dense2x45,1607,3,3,1,0.0048828125
Dense2x45,3740,3,3,1,4.2236328125
Dense2x45,1265,3,3,1,3.3837890625
Dense2x45,1109,3,3,1,3.974609375
Dense2x45,7104,3,3,1,3.8818359375
Dense2x45,5078,3,3,1,0.5029296875
Dense2x45,1069,3,3,1,3.9111328125
Dense2x45,6794,3,3,1,6.1962890625
Dense2x45,4755,3,3,1,2.275390625
Dense2x45,2927,3,2,1,2.1728515625
Dense2x45,6821,3,3,1,4.453125
Dense2x45,2086,3,3,1,3.4423828125
Dense2x45,2634,3,3,1,3.8720703125
Dense2x45,548,3,3,1,1.4892578125
Dense2x45,5158,3,3,1,5.1953125
Dense2x45,4097,3,3,1,5.5859375
Dense2x45,2347,3,3,1,3.2958984375
Dense2x45,4437,3,3,1,0.7470703125
Dense2x45,5329,3,5,1,0.126953125
Dense2x45,3299,3,3,1,2.705078125
Dense2x45,7730,3,3,1,4.248046875
Dense2x45,1503,3,3,1,2.87109375
Dense2x45,1134,3,3,1,4.2822265625
Dense2x45,63,3,3,1,1.611328125
Dense2x45,6023,3,3,1,0.087890625
Dense2x45,1683,3,3,1,4.9609375
Dense2x45,9115,3,3,1,6.005859375
Dense2x45,577,3,3,1,4.0673828125
Dense2x45,614,3,3,1,1.9873046875
Dense2x45,1605,3,3,1,3.57421875
Dense2x45,5472,3,3,1,7.2705078125
Dense2x45,8785,3,3,1,2.919921875
Dense2x45,270,3,3,1,3.1298828125
Dense2x45,855,3,3,1,3.7060546875
Dense2x50,2461,0,0,1,3.22265625
Dense2x50,28,0,0,1,4.90234375
Dense2x50,4062,0,0,1,4.482421875
Dense2x50,6287,0,0,1,6.9775390625
Dense2x50,592,0,0,1,4.35546875
Dense2x50,4720,0,0,1,3.505859375
Dense2x50,441,0,0,1,3.7890625
Dense2x50,804,0,0,1,2.8857421875
Dense2x50,5932,0,0,1,5.1806640625
Dense2x50,1565,0,0,1,2.7001953125
Dense2x50,7330,0,0,1,7.6123046875
Dense2x50,5241,0,0,1,4.345703125
Dense2x50,4320,0,0,1,5.087890625
Dense2x50,5147,0,0,1,3.4912109375
Dense2x50,5987,0,0,1,3.5498046875
Dense2x50,1794,0,0,1,1.0888671875
Dense2x50,8535,0,0,1,6.0107421875
Dense2x50,9528,0,0,1,6.982421875
Dense2x50,4404,0,0,1,3.26171875
Dense2x50,5653,0,0,1,1.19140625
Dense2x50,3271,0,0,1,4.23828125
Dense2x50,9663,0,0,1,5.3369140625
Dense2x50,8671,0,0,1,4.3505859375
Dense2x50,4542,0,0,1,4.9560546875
Dense2x50,2106,0,0,1,5.009765625
Dense2x50,5505,0,0,1,3.8623046875
Dense2x50,5686,0,0,1,5.7470703125
Dense2x50,9167,0,0,1,6.2841796875
Dense2x50,6473,0,0,1,3.9013671875
Dense2x50,8117,0,0,1,4.384765625
Dense2x50,4403,0,0,1,2.32421875
Dense2x50,4462,0,0,1,5.5712890625
Dense2x50,7289,0,0,1,6.4306640625
Dense2x50,8691,0,0,1,4.951171875
Dense2x50,567,0,0,1,1.865234375
Dense2x50,5141,0,0,1,2.98828125
Dense2x50,2972,0,0,1,4.84375
Dense2x50,3698,0,0,1,1.9580078125
Dense2x50,8992,0,0,1,5.1416015625
Dense2x50,6211,0,0,1,6.58203125
Dense2x50,6072,0,0,1,5.52734375
Dense2x50,5079,0,0,1,3.515625
Dense2x50,9763,0,0,1,2.109375
Dense2x50,9016,0,5,1,1.2451171875
Dense2x50,5087,0,0,1,5.1123046875
Dense2x50,3044,0,0,1,3.1494140625
Dense2x50,3774,0,0,1,3.1787109375
Dense2x50,2185,0,5,1,0.107421875
Dense2x50,6925,0,0,1,4.0576171875
Dense2x50,7868,0,0,1,6.2646484375
Dense2x50,5838,0,0,1,4.384765625
Dense2x50,25,0,0,1,6.6064453125
Dense2x50,1918,0,0,1,2.2607421875
Dense2x50,2794,0,0,1,2.1240234375
Dense2x50,2660,0,0,1,2.9052734375
Dense2x50,6478,0,0,1,5.13671875
Dense2x50,6970,0,0,1,4.3896484375
Dense2x50,5305,0,0,1,5.0244140625
Dense2x50,2638,0,0,1,4.8486328125
Dense2x50,9296,0,0,1,3.5595703125
Dense2x50,1739,0,0,1,3.7060546875
Dense2x50,2557,0,0,1,3.7451171875
Dense2x50,6280,0,0,1,5.3662109375
Dense2x50,2536,0,0,1,9.3359375
Dense2x50,661,0,0,1,2.197265625
Dense2x50,1777,0,0,1,2.705078125
Dense2x50,7049,0,0,1,1.7138671875
Dense2x50,5251,0,0,1,3.8037109375
Dense2x50,821,0,0,1,2.63671875
Dense2x50,7782,0,0,1,6.97265625
Dense2x50,4788,0,0,1,2.8125
Dense2x50,7491,0,0,1,2.1484375
Dense2x50,9902,0,0,1,3.2470703125
Dense2x50,8338,0,0,1,4.1796875
Dense2x50,8614,0,0,1,3.330078125
Dense2x50,1590,0,0,1,2.9638671875
Dense2x50,8978,0,0,1,5.2783203125
Dense2x50,2821,0,0,1,3.0322265625
Dense2x50,9739,0,0,1,3.642578125
Dense2x50,5353,0,0,1,5.05859375
Dense2x50,1762,0,0,1,3.2568359375
Dense2x50,9939,0,0,1,3.9208984375
Dense2x50,1271,0,0,1,2.7783203125
Dense2x50,8818,0,0,1,5.087890625
Dense2x50,5731,0,0,1,1.982421875
Dense2x50,5255,0,0,1,2.0751953125
Dense2x50,7671,0,0,1,2.6025390625
Dense2x50,3191,0,0,1,2.705078125
Dense2x50,9223,0,0,1,6.220703125
Dense2x50,3179,0,0,1,5.1953125
Dense2x50,5398,0,0,1,3.154296875
Dense2x50,611,0,0,1,2.6904296875
Dense2x50,8212,0,0,1,3.974609375
Dense2x50,6127,0,0,1,7.24609375
Dense2x50,6795,0,0,1,4.3896484375
Dense2x50,2761,0,0,1,2.1875
Dense2x50,1379,0,0,1,3.5791015625
Dense2x50,2081,0,0,1,2.9541015625
Dense2x50,581,0,0,1,4.27734375
Dense2x50,3911,0,0,1,3.9453125
Dense2x50,3605,1,1,1,2.8173828125
Dense2x50,1994,1,1,1,3.6669921875
Dense2x50,4201,1,1,1,1.2548828125
Dense2x50,696,1,1,1,2.9736328125
Dense2x50,455,1,1,1,3.681640625
Dense2x50,824,1,1,1,2.75390625
Dense2x50,2880,1,1,1,3.291015625
Dense2x50,8914,1,1,1,3.14453125
Dense2x50,329,1,1,1,4.19921875
Dense2x50,8971,1,1,1,3.14453125
Dense2x50,3546,1,1,1,3.7158203125
Dense2x50,6694,1,1,1,1.6162109375
Dense2x50,4949,1,1,1,3.9306640625
Dense2x50,6913,1,1,1,3.1494140625
Dense2x50,288,1,1,1,2.529296875
Dense2x50,2722,1,1,1,2.1728515625
Dense2x50,4847,1,1,1,2.2021484375
Dense2x50,4676,1,1,1,2.9345703125
Dense2x50,9923,1,1,1,3.4228515625
Dense2x50,350,1,1,1,3.59375
Dense2x50,9061,1,1,1,2.5439453125
Dense2x50,1139,1,1,1,3.65234375
Dense2x50,5271,1,1,1,3.1982421875
Dense2x50,3471,1,1,1,3.6767578125
Dense2x50,6712,1,1,1,3.61328125
Dense2x50,2885,1,1,1,2.333984375
Dense2x50,7636,1,1,1,3.6376953125
Dense2x50,7418,1,1,1,2.900390625
Dense2x50,8306,1,1,1,2.71484375
Dense2x50,9049,1,1,1,3.408203125
Dense2x50,9388,1,1,1,2.4951171875
Dense2x50,8708,1,1,1,3.271484375
Dense2x50,7839,1,1,1,2.3681640625
Dense2x50,7582,1,1,1,2.8125
Dense2x50,8068,1,1,1,2.7392578125
Dense2x50,8850,1,1,1,3.65234375
Dense2x50,9645,1,1,1,2.392578125
Dense2x50,4428,1,1,1,2.392578125
Dense2x50,1213,1,1,1,3.92578125
Dense2x50,3922,1,1,1,3.1396484375
Dense2x50,9051,1,1,1,2.587890625
Dense2x50,5588,1,1,1,1.9091796875
Dense2x50,9549,1,1,1,3.26171875
Dense2x50,1835,1,1,1,2.7685546875
Dense2x50,8004,1,1,1,1.9482421875
Dense2x50,8586,1,1,1,3.6572265625
Dense2x50,8636,1,1,1,4.0869140625
Dense2x50,4806,1,1,1,2.7880859375
Dense2x50,6484,1,1,1,3.125
Dense2x50,3784,1,1,1,3.4326171875
Dense2x50,2706,1,1,1,3.1103515625
Dense2x50,979,1,1,1,3.7255859375
Dense2x50,3126,1,1,1,3.623046875
Dense2x50,9003,1,1,1,3.134765625
Dense2x50,8819,1,1,1,3.0078125
Dense2x50,2688,1,1,1,3.583984375
Dense2x50,7005,1,1,1,2.939453125
Dense2x50,755,1,1,1,2.9736328125
Dense2x50,3351,1,1,1,2.1142578125
Dense2x50,1922,1,1,1,2.8955078125
Dense2x50,5406,1,1,1,1.9970703125
Dense2x50,8086,1,1,1,3.5791015625
Dense2x50,1555,1,1,1,3.06640625
Dense2x50,1785,1,1,1,3.1982421875
Dense2x50,4717,1,1,1,3.212890625
Dense2x50,7556,1,1,1,3.0322265625
Dense2x50,2815,1,1,1,3.4326171875
Dense2x50,5370,1,1,1,3.8671875
Dense2x50,7063,1,1,1,3.2958984375
Dense2x50,6533,1,1,1,3.2080078125
Dense2x50,6618,1,1,1,1.875
Dense2x50,2287,1,1,1,3.994140625
Dense2x50,251,1,1,1,1.2646484375
Dense2x50,9415,1,1,1,3.974609375
Dense2x50,1040,1,1,1,2.65625
Dense2x50,7480,1,1,1,3.388671875
Dense2x50,7442,1,1,1,3.0419921875
Dense2x50,1527,1,6,1,0.068359375
Dense2x50,1193,1,1,1,3.8720703125
Dense2x50,2356,1,1,1,3.2763671875
Dense2x50,9324,1,1,1,3.0859375
Dense2x50,202,1,1,1,2.79296875
Dense2x50,135,1,1,1,3.5302734375
Dense2x50,8324,1,1,1,2.978515625
Dense2x50,5809,1,1,1,3.0859375
Dense2x50,1820,1,1,1,3.564453125
Dense2x50,9121,1,1,1,2.8759765625
Dense2x50,5014,1,1,1,3.046875
Dense2x50,9171,1,1,1,3.525390625
Dense2x50,7453,1,1,1,2.4755859375
Dense2x50,5776,1,1,1,3.0224609375
Dense2x50,5590,1,1,1,4.2041015625
Dense2x50,7176,1,1,1,2.9443359375
Dense2x50,7091,1,1,1,3.251953125
Dense2x50,2827,1,1,1,2.373046875
Dense2x50,1403,1,1,1,0.869140625
Dense2x50,39,1,1,1,3.1982421875
Dense2x50,5461,1,1,1,3.5498046875
Dense2x50,6751,1,1,1,2.7880859375
Dense2x50,8493,1,1,1,1.044921875
Dense2x50,2450,3,3,1,0.72265625
Dense2x50,7829,3,3,1,2.3828125
Dense2x50,5616,3,3,1,3.6767578125
Dense2x50,2151,3,3,1,1.3916015625
Dense2x50,7401,3,3,1,3.017578125
Dense2x50,9238,3,3,1,2.001953125
Dense2x50,1586,3,3,1,2.568359375
Dense2x50,9491,3,3,1,3.8818359375
Dense2x50,2807,3,3,1,3.18359375
Dense2x50,1856,3,3,1,2.4853515625
Dense2x50,2629,3,3,1,1.4111328125
Dense2x50,7893,3,3,1,4.453125
Dense2x50,6107,3,3,1,4.541015625
Dense2x50,8393,3,3,1,3.45703125
Dense2x50,9579,3,3,1,4.74609375
Dense2x50,3080,3,3,1,3.974609375
Dense2x50,9409,3,3,1,3.037109375
Dense2x50,3010,3,3,1,2.138671875
Dense2x50,5824,3,3,1,2.4658203125
Dense2x50,4894,3,3,1,3.30078125
Dense2x50,2083,3,3,1,3.955078125
Dense2x50,531,3,3,1,0.986328125
Dense2x50,4664,3,3,1,2.099609375
Dense2x50,6177,3,3,1,3.3154296875
Dense2x50,2575,3,3,1,5.048828125
Dense2x50,6863,3,3,1,3.291015625
Dense2x50,7946,3,3,1,1.572265625
Dense2x50,5293,3,3,1,1.787109375
Dense2x50,4018,3,3,1,0.44921875
Dense2x50,1109,3,3,1,3.681640625
Dense2x50,4782,3,3,1,3.8916015625
Dense2x50,9479,3,3,1,1.875
Dense2x50,4621,3,3,1,5.205078125
Dense2x50,4785,3,8,1,1.5966796875
Dense2x50,5573,3,3,1,1.6357421875
Dense2x50,5635,3,3,1,1.943359375
Dense2x50,4002,3,5,1,0.009765625
Dense2x50,925,3,3,1,3.896484375
Dense2x50,3670,3,3,1,3.3056640625
Dense2x50,6801,3,3,1,2.1875
Dense2x50,2931,3,3,1,2.607421875
Dense2x50,6453,3,3,1,0.7470703125
Dense2x50,1531,3,3,1,0.8056640625
Dense2x50,3944,3,3,1,2.5537109375
Dense2x50,7932,3,3,1,4.208984375
Dense2x50,1519,3,3,1,2.548828125
Dense2x50,2632,3,3,1,3.8232421875
Dense2x50,933,3,3,1,3.7841796875
Dense2x50,6421,3,2,1,0.9033203125
Dense2x50,8624,3,3,1,2.20703125
Dense2x50,9536,3,3,1,1.396484375
Dense2x50,3177,3,3,1,3.3837890625
Dense2x50,7436,3,3,1,3.1201171875
Dense2x50,2308,3,3,1,2.041015625
Dense2x50,3686,3,3,1,1.3916015625
Dense2x50,3493,3,3,1,2.6953125
Dense2x50,2555,3,3,1,4.16015625
Dense2x50,573,3,3,1,4.0087890625
Dense2x50,8354,3,3,1,2.4169921875
Dense2x50,9804,3,3,1,1.845703125
Dense2x50,8674,3,3,1,3.4375
Dense2x50,3261,3,3,1,1.5087890625
Dense2x50,8660,3,3,1,3.75
Dense2x50,4492,3,3,1,2.744140625
Dense2x50,7936,3,3,1,4.345703125
Dense2x50,1204,3,2,1,0.498046875
Dense2x50,8290,3,3,1,0.52734375
Dense2x50,7193,3,3,1,3.0078125
Dense2x50,6151,3,3,1,4.19921875
Dense2x50,2032,3,3,1,3.4228515625
Dense2x50,2985,3,3,1,1.943359375
Dense2x50,6563,3,3,1,1.826171875
Dense2x50,6440,3,3,1,3.6181640625
Dense2x50,8397,3,3,1,2.5732421875
Dense2x50,4605,3,3,1,1.93359375
Dense2x50,4084,3,3,1,2.03125
Dense2x50,3947,3,3,1,4.9267578125
Dense2x50,2560,3,2,1,0.3466796875
Dense2x50,1442,3,3,1,3.3251953125
Dense2x50,1062,3,7,1,0.205078125
Dense2x50,5625,3,3,1,3.0126953125
Dense2x50,9342,3,3,1,1.337890625
Dense2x50,6862,3,3,1,3.3544921875
Dense2x50,6494,3,3,1,0.8837890625
Dense2x50,8277,3,8,1,0.810546875
Dense2x50,2230,3,3,1,3.740234375
Dense2x50,6736,3,3,1,5.107421875
Dense2x50,5815,3,3,1,3.310546875
Dense2x50,3528,3,3,1,2.83203125
Dense2x50,8876,3,3,1,3.06640625
Dense2x50,6349,3,3,1,3.5986328125
Dense2x50,6045,3,8,1,0.6201171875
Dense2x50,3965,3,3,1,1.9384765625
Dense2x50,5248,3,3,1,3.3349609375
Dense2x50,9914,3,3,1,2.3974609375
Dense2x50,1503,3,3,1,2.48046875
Dense2x50,8362,3,5,1,0.3564453125
Dense2x50,1020,3,3,1,3.3447265625
Dense2x50,2945,3,3,1,0.2783203125
Dense2x50,4535,3,3,1,4.9462890625
Dense2x55,895,0,0,1,3.525390625
Dense2x55,6344,0,0,1,4.892578125
Dense2x55,5918,0,0,1,4.111328125
Dense2x55,7133,0,0,1,4.150390625
Dense2x55,6351,0,0,1,3.61328125
Dense2x55,2656,0,0,1,2.7685546875
Dense2x55,3883,0,0,1,6.5087890625
Dense2x55,3242,0,0,1,4.4775390625
Dense2x55,1034,0,0,1,3.2080078125
Dense2x55,7317,0,0,1,7.6318359375
Dense2x55,1445,0,0,1,4.5263671875
Dense2x55,5731,0,0,1,3.5546875
Dense2x55,5965,0,0,1,6.2109375
Dense2x55,9528,0,0,1,8.41796875
Dense2x55,3191,0,0,1,2.8125
Dense2x55,5778,0,0,1,3.642578125
Dense2x55,2449,0,0,1,1.3720703125
Dense2x55,7368,0,0,1,6.201171875
Dense2x55,6567,0,0,1,3.5888671875
Dense2x55,2733,0,0,1,4.443359375
Dense2x55,2304,0,0,1,7.6171875
Dense2x55,9724,0,0,1,4.6044921875
Dense2x55,3090,0,0,1,3.662109375
Dense2x55,6342,0,0,1,5.947265625
Dense2x55,4527,0,0,1,4.1943359375
Dense2x55,194,0,0,1,3.0224609375
Dense2x55,1438,0,0,1,3.193359375
Dense2x55,4642,0,0,1,2.099609375
Dense2x55,4062,0,0,1,5.0732421875
Dense2x55,2217,0,0,1,4.599609375
Dense2x55,2376,0,0,1,6.123046875
Dense2x55,5890,0,0,1,2.392578125
Dense2x55,312,0,0,1,5.5126953125
Dense2x55,3911,0,0,1,4.521484375
Dense2x55,2714,0,0,1,4.9267578125
Dense2x55,3445,0,0,1,5.0
Dense2x55,3512,0,0,1,4.5947265625
Dense2x55,305,0,0,1,1.6015625
Dense2x55,4958,0,0,1,5.859375
Dense2x55,9634,0,3,1,2.1240234375
Dense2x55,2435,0,0,1,3.7060546875
Dense2x55,6163,0,0,1,7.8271484375
Dense2x55,2932,0,0,1,2.2265625
Dense2x55,9498,0,0,1,6.8603515625
Dense2x55,2384,0,0,1,3.310546875
Dense2x55,4675,0,0,1,3.544921875
Dense2x55,7505,0,0,1,1.4794921875
Dense2x55,8681,0,0,1,6.1865234375
Dense2x55,1231,0,0,1,4.619140625
Dense2x55,2962,0,0,1,5.2197265625
Dense2x55,9425,0,0,1,2.5537109375
Dense2x55,5685,0,0,1,4.84375
Dense2x55,9663,0,0,1,5.5224609375
Dense2x55,5942,0,0,1,7.3583984375
Dense2x55,5109,0,0,1,6.30859375
Dense2x55,7782,0,0,1,7.48046875
Dense2x55,6473,0,0,1,4.404296875
Dense2x55,1223,0,0,1,4.8291015625
Dense2x55,3317,0,0,1,2.802734375
Dense2x55,6833,0,0,1,6.142578125
Dense2x55,9221,0,0,1,6.6015625
Dense2x55,4208,0,0,1,3.4033203125
Dense2x55,5043,0,0,1,6.103515625
Dense2x55,8338,0,0,1,5.7421875
Dense2x55,6841,0,0,1,5.5126953125
Dense2x55,750,0,0,1,3.7451171875
Dense2x55,642,0,0,1,3.3837890625
Dense2x55,884,0,0,1,3.6279296875
Dense2x55,7175,0,0,1,4.1162109375
Dense2x55,2641,0,0,1,4.58984375
Dense2x55,2954,0,0,1,1.8359375
Dense2x55,7898,0,0,1,7.0263671875
Dense2x55,611,0,0,1,4.130859375
Dense2x55,7868,0,0,1,7.3193359375
Dense2x55,498,0,0,1,3.4619140625
Dense2x55,8029,0,0,1,7.421875
Dense2x55,7780,0,0,1,8.8427734375
Dense2x55,3710,0,0,1,1.77734375
Dense2x55,6719,0,0,1,7.2900390625
Dense2x55,3315,0,0,1,5.1513671875
Dense2x55,8567,0,0,1,5.3271484375
Dense2x55,271,0,0,1,4.326171875
Dense2x55,3805,0,0,1,3.916015625
Dense2x55,7342,0,0,1,6.7724609375
Dense2x55,2779,0,0,1,3.3056640625
Dense2x55,2842,0,0,1,7.16796875
Dense2x55,794,0,0,1,4.814453125
Dense2x55,4495,0,0,1,4.658203125
Dense2x55,9585,0,0,1,6.3525390625
Dense2x55,5369,0,0,1,6.5869140625
Dense2x55,4611,0,0,1,7.548828125
Dense2x55,5737,0,0,1,3.8232421875
Dense2x55,2204,0,0,1,4.033203125
Dense2x55,6921,0,0,1,5.3173828125
Dense2x55,8243,0,0,1,3.4619140625
Dense2x55,4937,0,0,1,4.3896484375
Dense2x55,7231,0,0,1,4.4580078125
Dense2x55,4282,0,0,1,4.19921875
Dense2x55,4780,0,0,1,3.1884765625
Dense2x55,5695,0,0,1,3.857421875
Dense2x55,7856,1,1,1,0.9619140625
Dense2x55,7784,1,1,1,3.0224609375
Dense2x55,5646,1,1,1,3.0029296875
Dense2x55,2010,1,1,1,1.7431640625
Dense2x55,8988,1,1,1,3.1005859375
Dense2x55,1527,1,6,1,0.732421875
Dense2x55,1240,1,1,1,2.1337890625
Dense2x55,1885,1,1,1,1.953125
Dense2x55,1785,1,1,1,2.6171875
Dense2x55,8586,1,1,1,3.3154296875
Dense2x55,8862,1,1,1,3.3154296875
Dense2x55,2027,1,1,1,2.01171875
Dense2x55,6688,1,1,1,1.6650390625
Dense2x55,4450,1,1,1,2.7734375
Dense2x55,6757,1,1,1,3.6181640625
Dense2x55,143,1,1,1,2.7294921875
Dense2x55,5594,1,1,1,1.875
Dense2x55,1083,1,1,1,2.900390625
Dense2x55,9002,1,1,1,2.8857421875
Dense2x55,4670,1,1,1,2.8955078125
Dense2x55,4927,1,1,1,3.212890625
Dense2x55,3464,1,1,1,2.48046875
Dense2x55,2343,1,1,1,1.8359375
Dense2x55,994,1,1,1,1.943359375
Dense2x55,9549,1,1,1,3.0517578125
Dense2x55,1633,1,1,1,2.8955078125
Dense2x55,9844,1,1,1,2.734375
Dense2x55,176,1,1,1,2.2607421875
Dense2x55,8233,1,1,1,2.6025390625
Dense2x55,9760,1,1,1,2.5244140625
Dense2x55,8020,1,8,1,1.826171875
Dense2x55,1548,1,1,1,2.8564453125
Dense2x55,5281,1,1,1,3.3837890625
Dense2x55,5453,1,1,1,2.7783203125
Dense2x55,3019,1,1,1,2.3779296875
Dense2x55,9795,1,1,1,2.51953125
Dense2x55,4069,1,1,1,3.5205078125
Dense2x55,3070,1,1,1,2.939453125
Dense2x55,4847,1,1,1,2.1826171875
Dense2x55,5889,1,1,1,3.232421875
Dense2x55,3625,1,1,1,2.3583984375
Dense2x55,2261,1,1,1,3.154296875
Dense2x55,4924,1,1,1,3.193359375
Dense2x55,8376,1,1,1,2.3486328125
Dense2x55,4729,1,1,1,3.2373046875
Dense2x55,1736,1,1,1,3.1591796875
Dense2x55,5783,1,1,1,2.7294921875
Dense2x55,2786,1,1,1,2.0703125
Dense2x55,5323,1,1,1,2.607421875
Dense2x55,9912,1,1,1,2.5732421875
Dense2x55,2825,1,1,1,2.4658203125
Dense2x55,783,1,1,1,2.9833984375
Dense2x55,3092,1,1,1,1.8408203125
Dense2x55,2473,1,1,1,1.4697265625
Dense2x55,8045,1,1,1,3.1298828125
Dense2x55,2524,1,1,1,1.9921875
Dense2x55,8650,1,1,1,2.7587890625
Dense2x55,6484,1,1,1,2.5927734375
Dense2x55,7303,1,1,1,3.0224609375
Dense2x55,640,1,1,1,3.359375
Dense2x55,8491,1,1,1,3.0029296875
Dense2x55,8344,1,1,1,2.6513671875
Dense2x55,8187,1,1,1,1.9482421875
Dense2x55,4147,1,1,1,2.3388671875
Dense2x55,920,1,1,1,2.2265625
Dense2x55,2504,1,1,1,2.36328125
Dense2x55,1691,1,1,1,3.046875
Dense2x55,2235,1,1,1,1.982421875
Dense2x55,7847,1,1,1,0.9033203125
Dense2x55,6408,1,1,1,2.6025390625
Dense2x55,4655,1,1,1,1.806640625
Dense2x55,1835,1,1,1,2.6611328125
Dense2x55,5316,1,1,1,3.57421875
Dense2x55,7165,1,1,1,2.9541015625
Dense2x55,749,1,1,1,2.119140625
Dense2x55,7728,1,1,1,2.275390625
Dense2x55,3532,1,1,1,2.4951171875
Dense2x55,1280,1,1,1,2.5
Dense2x55,6445,1,1,1,2.3681640625
Dense2x55,7411,1,1,1,2.958984375
Dense2x55,168,1,1,1,3.4228515625
Dense2x55,4774,1,1,1,2.998046875
Dense2x55,9039,1,1,1,3.0078125
Dense2x55,3379,1,1,1,3.65234375
Dense2x55,3786,1,1,1,3.4521484375
Dense2x55,3843,1,1,1,2.4755859375
Dense2x55,5738,1,1,1,2.7587890625
Dense2x55,3919,1,1,1,3.5888671875
Dense2x55,1939,1,1,1,2.373046875
Dense2x55,7167,1,1,1,2.919921875
Dense2x55,848,1,1,1,2.8466796875
Dense2x55,1257,1,1,1,2.2998046875
Dense2x55,1011,1,1,1,2.919921875
Dense2x55,9978,1,1,1,3.359375
Dense2x55,1820,1,1,1,3.2763671875
Dense2x55,2590,1,1,1,2.8662109375
Dense2x55,1037,1,1,1,2.841796875
Dense2x55,3866,1,1,1,3.2080078125
Dense2x55,7608,1,1,1,2.7294921875
Dense2x55,4595,1,1,1,3.623046875
Dense2x55,9758,3,3,1,2.5048828125
Dense2x55,343,3,3,1,4.2236328125
Dense2x55,7690,3,3,1,3.1494140625
Dense2x55,4894,3,3,1,3.9794921875
Dense2x55,2075,3,3,1,2.5244140625
Dense2x55,4841,3,3,1,2.275390625
Dense2x55,6139,3,3,1,4.7412109375
Dense2x55,7407,3,3,1,3.5986328125
Dense2x55,7750,3,3,1,6.708984375
Dense2x55,6226,3,3,1,4.3115234375
Dense2x55,3659,3,3,1,3.6474609375
Dense2x55,5309,3,3,1,4.2578125
Dense2x55,2639,3,3,1,2.373046875
Dense2x55,7968,3,3,1,6.494140625
Dense2x55,6349,3,3,1,4.8193359375
Dense2x55,9821,3,3,1,5.9033203125
Dense2x55,7214,3,3,1,4.951171875
Dense2x55,8624,3,3,1,2.392578125
Dense2x55,9654,3,3,1,2.998046875
Dense2x55,1742,3,3,1,3.505859375
Dense2x55,5747,3,3,1,4.453125
Dense2x55,2684,3,3,1,1.3623046875
Dense2x55,2931,3,3,1,2.841796875
Dense2x55,3746,3,3,1,3.3349609375
Dense2x55,7936,3,3,1,4.9853515625
Dense2x55,3443,3,3,1,3.30078125
Dense2x55,349,3,3,1,1.6015625
Dense2x55,1804,3,3,1,5.6005859375
Dense2x55,2745,3,3,1,1.2548828125
Dense2x55,3381,3,3,1,0.7958984375
Dense2x55,1600,3,3,1,3.3447265625
Dense2x55,7248,3,3,1,1.5576171875
Dense2x55,2128,3,3,1,4.140625
Dense2x55,8706,3,3,1,4.6142578125
Dense2x55,6511,3,5,1,0.419921875
Dense2x55,2534,3,3,1,2.197265625
Dense2x55,1923,3,3,1,4.2724609375
Dense2x55,6421,3,2,1,1.50390625
Dense2x55,1062,3,7,1,1.11328125
Dense2x55,9227,3,3,1,3.544921875
Dense2x55,464,3,3,1,1.337890625
Dense2x55,8060,3,3,1,4.2236328125
Dense2x55,4873,3,3,1,3.1640625
Dense2x55,2453,3,3,1,3.115234375
Dense2x55,9229,3,3,1,4.8681640625
Dense2x55,8946,3,3,1,3.583984375
Dense2x55,7763,3,3,1,5.1953125
Dense2x55,3916,3,3,1,3.3740234375
Dense2x55,1092,3,3,1,1.884765625
Dense2x55,2281,3,3,1,3.57421875
Dense2x55,590,3,3,1,4.84375
Dense2x55,683,3,3,1,2.34375
Dense2x55,9431,3,3,1,3.9111328125
Dense2x55,5573,3,3,1,3.8671875
Dense2x55,3896,3,3,1,3.7890625
Dense2x55,4018,3,3,1,1.8896484375
Dense2x55,1215,3,3,1,2.55859375
Dense2x55,3766,3,3,1,0.8935546875
Dense2x55,923,3,3,1,7.83203125
Dense2x55,2151,3,3,1,3.291015625
Dense2x55,3094,3,3,1,3.10546875
Dense2x55,6767,3,3,1,6.416015625
Dense2x55,4613,3,3,1,2.783203125
Dense2x55,7024,3,3,1,5.0341796875
Dense2x55,1480,3,3,1,5.5517578125
Dense2x55,5542,3,3,1,4.3994140625
Dense2x55,8785,3,3,1,2.7099609375
Dense2x55,8115,3,3,1,4.0673828125
Dense2x55,1028,3,3,1,2.2412109375
Dense2x55,2927,3,2,1,1.5283203125
Dense2x55,8780,3,3,1,5.87890625
Dense2x55,3965,3,3,1,3.5986328125
Dense2x55,927,3,3,1,3.7744140625
Dense2x55,4220,3,3,1,5.0927734375
Dense2x55,1150,3,3,1,3.4716796875
Dense2x55,912,3,3,1,5.4052734375
Dense2x55,1828,3,7,1,2.8759765625
Dense2x55,6982,3,3,1,4.3798828125
Dense2x55,5293,3,3,1,4.404296875
Dense2x55,2871,3,3,1,2.2802734375
Dense2x55,8597,3,3,1,3.1494140625
Dense2x55,9115,3,3,1,4.912109375
Dense2x55,5628,3,3,1,2.36328125
Dense2x55,6285,3,3,1,6.54296875
Dense2x55,5814,3,3,1,1.591796875
Dense2x55,2799,3,3,1,2.978515625
Dense2x55,7458,3,3,1,4.1748046875
Dense2x55,1205,3,3,1,4.51171875
Dense2x55,5925,3,3,1,2.880859375
Dense2x55,6290,3,3,1,2.8564453125
Dense2x55,9163,3,3,1,2.1337890625
Dense2x55,5150,3,3,1,6.4404296875
Dense2x55,9365,3,3,1,4.3359375
Dense2x55,1738,3,3,1,4.0673828125
Dense2x55,4004,3,3,1,3.720703125
Dense2x55,6453,3,3,1,2.3583984375
Dense2x55,7157,3,3,1,3.7060546875
Dense2x55,6727,3,3,1,7.041015625
Dense2x55,5606,3,3,1,4.755859375
Dense2x55,8080,3,3,1,4.9072265625
Dense2x60,851,0,0,1,3.7060546875
Dense2x60,1918,0,0,1,2.1826171875
Dense2x60,8388,0,0,1,3.1591796875
Dense2x60,7279,0,0,1,2.7099609375
Dense2x60,9663,0,0,1,4.47265625
Dense2x60,3479,0,0,1,2.5927734375
Dense2x60,5006,0,0,1,3.8037109375
Dense2x60,5531,0,0,1,5.869140625
Dense2x60,6211,0,0,1,6.5185546875
Dense2x60,6288,0,0,1,5.478515625
Dense2x60,6588,0,0,1,3.6767578125
Dense2x60,9911,0,0,1,3.5986328125
Dense2x60,4604,0,0,1,5.3125
Dense2x60,7168,0,0,1,4.31640625
Dense2x60,1223,0,0,1,4.267578125
Dense2x60,3847,0,0,1,3.4716796875
Dense2x60,5750,0,0,1,5.3466796875
Dense2x60,3310,0,0,1,3.06640625
Dense2x60,4079,0,0,1,4.8828125
Dense2x60,3140,0,0,1,3.1787109375
Dense2x60,5147,0,0,1,4.0673828125
Dense2x60,311,0,0,1,6.7919921875
Dense2x60,6927,0,0,1,4.51171875
Dense2x60,8535,0,0,1,5.83984375
Dense2x60,4923,0,0,1,2.5537109375
Dense2x60,8865,0,0,1,4.3994140625
Dense2x60,5253,0,0,1,2.4267578125
Dense2x60,3358,0,0,1,1.19140625
Dense2x60,69,0,0,1,3.984375
Dense2x60,9791,0,0,1,3.1494140625
Dense2x60,6140,0,0,1,5.8251953125
Dense2x60,5301,0,0,1,3.8720703125
Dense2x60,7555,0,0,1,3.96484375
Dense2x60,1898,0,0,1,3.1103515625
Dense2x60,9585,0,0,1,4.6728515625
Dense2x60,8111,0,0,1,9.0234375
Dense2x60,7747,0,0,1,6.8896484375
Dense2x60,8278,0,0,1,0.4638671875
Dense2x60,2944,0,0,1,2.294921875
Dense2x60,3581,0,0,1,3.6181640625
Dense2x60,4495,0,0,1,4.462890625
Dense2x60,3774,0,0,1,2.5830078125
Dense2x60,6526,0,0,1,5.29296875
Dense2x60,661,0,0,1,2.67578125
Dense2x60,7516,0,0,1,4.0869140625
Dense2x60,6478,0,0,1,5.0244140625
Dense2x60,7446,0,0,1,2.5439453125
Dense2x60,2779,0,0,1,2.4853515625
Dense2x60,6241,0,0,1,4.70703125
Dense2x60,7868,0,0,1,6.0546875
Dense2x60,2304,0,0,1,7.0654296875
Dense2x60,8382,0,0,1,2.197265625
Dense2x60,4080,0,0,1,2.451171875
Dense2x60,9387,0,0,1,6.142578125
Dense2x60,9508,0,0,1,2.294921875
Dense2x60,7190,0,0,1,3.4912109375
Dense2x60,6766,0,0,1,5.6689453125
Dense2x60,2592,0,0,1,4.86328125
Dense2x60,1638,0,0,1,3.1005859375
Dense2x60,1775,0,0,1,2.5048828125
Dense2x60,4776,0,0,1,6.7578125
Dense2x60,7505,0,0,1,0.9228515625
Dense2x60,5342,0,0,1,6.0986328125
Dense2x60,5513,0,0,1,4.1162109375
Dense2x60,4470,0,0,1,4.31640625
Dense2x60,7342,0,0,1,6.0791015625
Dense2x60,9455,0,0,1,3.5791015625
Dense2x60,4353,0,0,1,2.568359375
Dense2x60,6833,0,0,1,5.576171875
Dense2x60,7873,0,0,1,8.0078125
Dense2x60,5369,0,0,1,6.1083984375
Dense2x60,3660,0,0,1,4.6533203125
Dense2x60,5737,0,0,1,2.2314453125
Dense2x60,2817,0,0,1,6.923828125
Dense2x60,6426,0,0,1,1.4013671875
Dense2x60,1794,0,0,1,1.8798828125
Dense2x60,5033,0,0,1,4.04296875
Dense2x60,5918,0,0,1,2.099609375
Dense2x60,8881,0,0,1,3.6376953125
Dense2x60,7907,0,0,1,6.4990234375
Dense2x60,8929,0,0,1,6.1962890625
Dense2x60,1084,0,0,1,6.455078125
Dense2x60,5603,0,0,1,4.2138671875
Dense2x60,7617,0,0,1,4.296875
Dense2x60,9952,0,0,1,5.3759765625
Dense2x60,1504,0,0,1,2.0849609375
Dense2x60,6473,0,0,1,2.83203125
Dense2x60,4065,0,5,1,0.166015625
Dense2x60,2765,0,0,1,4.931640625
Dense2x60,6201,0,0,1,5.8349609375
Dense2x60,2410,0,0,1,3.447265625
Dense2x60,1723,0,0,1,5.5029296875
Dense2x60,7368,0,0,1,6.2109375
Dense2x60,1416,0,0,1,4.814453125
Dense2x60,8221,0,0,1,5.91796875
Dense2x60,6510,0,0,1,5.9375
Dense2x60,3087,0,0,1,4.638671875
Dense2x60,3695,0,0,1,4.052734375
Dense2x60,884,0,0,1,2.9736328125
Dense2x60,9631,0,0,1,3.57421875
Dense2x60,9845,1,1,1,1.748046875
Dense2x60,4869,1,1,1,3.75
Dense2x60,9258,1,1,1,3.3740234375
Dense2x60,7869,1,1,1,3.0712890625
Dense2x60,9950,1,1,1,2.8125
Dense2x60,7087,1,1,1,2.2119140625
Dense2x60,8493,1,1,1,1.3525390625
Dense2x60,7232,1,1,1,2.1728515625
Dense2x60,6533,1,1,1,2.9248046875
Dense2x60,3925,1,1,1,2.8271484375
Dense2x60,9602,1,1,1,2.646484375
Dense2x60,5092,1,1,1,2.7099609375
Dense2x60,5666,1,1,1,3.7841796875
Dense2x60,6901,1,1,1,3.2470703125
Dense2x60,9485,1,1,1,2.6123046875
Dense2x60,1214,1,1,1,3.0078125
Dense2x60,4450,1,1,1,3.2373046875
Dense2x60,7563,1,1,1,2.822265625
Dense2x60,7896,1,1,1,1.9580078125
Dense2x60,9984,1,1,1,2.734375
Dense2x60,7176,1,1,1,2.6416015625
Dense2x60,5544,1,1,1,3.349609375
Dense2x60,8938,1,1,1,2.83203125
Dense2x60,1075,1,1,1,2.5927734375
Dense2x60,5186,1,1,1,2.8076171875
Dense2x60,1646,1,1,1,2.998046875
Dense2x60,3851,1,1,1,1.6650390625
Dense2x60,8048,1,1,1,3.212890625
Dense2x60,3919,1,1,1,3.7939453125
Dense2x60,9903,1,1,1,2.5390625
Dense2x60,5013,1,1,1,2.646484375
Dense2x60,7447,1,1,1,1.8115234375
Dense2x60,9622,1,1,1,2.9736328125
Dense2x60,1137,1,1,1,2.7099609375
Dense2x60,1193,1,1,1,3.2275390625
Dense2x60,4764,1,1,1,2.2119140625
Dense2x60,5052,1,1,1,1.9775390625
Dense2x60,8159,1,1,1,2.34375
Dense2x60,3097,1,1,1,1.884765625
Dense2x60,9401,1,1,1,3.59375
Dense2x60,956,1,2,1,2.1044921875
Dense2x60,5689,1,1,1,3.896484375
Dense2x60,1729,1,1,1,3.623046875
Dense2x60,8118,1,1,1,2.7490234375
Dense2x60,4717,1,1,1,3.046875
Dense2x60,8219,1,1,1,2.75390625
Dense2x60,5590,1,1,1,3.3837890625
Dense2x60,7247,1,1,1,1.884765625
Dense2x60,1240,1,1,1,2.6513671875
Dense2x60,6192,1,1,1,3.1396484375
Dense2x60,5227,1,1,1,2.822265625
Dense2x60,8244,1,1,1,2.4072265625
Dense2x60,7600,1,1,1,2.6416015625
Dense2x60,5499,1,1,1,1.787109375
Dense2x60,8538,1,1,1,3.505859375
Dense2x60,9846,1,1,1,1.5380859375
Dense2x60,7980,1,1,1,3.2861328125
Dense2x60,7167,1,1,1,2.6708984375
Dense2x60,1861,1,1,1,3.6376953125
Dense2x60,9715,1,1,1,2.4365234375
Dense2x60,2398,1,1,1,3.9453125
Dense2x60,790,1,1,1,2.94921875
Dense2x60,14,1,1,1,3.75
Dense2x60,8905,1,1,1,2.3095703125
Dense2x60,6819,1,1,1,3.6767578125
Dense2x60,7395,1,1,1,2.470703125
Dense2x60,6329,1,1,1,2.841796875
Dense2x60,8887,1,1,1,1.884765625
Dense2x60,6799,1,1,1,3.662109375
Dense2x60,7802,1,1,1,2.12890625
Dense2x60,1820,1,1,1,2.9638671875
Dense2x60,3092,1,1,1,1.328125
Dense2x60,9282,1,1,1,2.8125
Dense2x60,9324,1,1,1,3.10546875
Dense2x60,3582,1,1,1,1.97265625
Dense2x60,7183,1,1,1,2.5048828125
Dense2x60,2753,1,1,1,2.1875
Dense2x60,6883,1,1,1,1.4306640625
Dense2x60,3777,1,1,1,2.685546875
Dense2x60,6310,1,1,1,3.10546875
Dense2x60,330,1,1,1,3.291015625
Dense2x60,4273,1,1,1,2.255859375
Dense2x60,735,1,1,1,3.5205078125
Dense2x60,7567,1,1,1,2.3486328125
Dense2x60,2137,1,1,1,3.0419921875
Dense2x60,3638,1,1,1,3.1201171875
Dense2x60,6397,1,1,1,3.232421875
Dense2x60,1939,1,1,1,2.7197265625
Dense2x60,2688,1,1,1,3.7158203125
Dense2x60,1885,1,1,1,2.2998046875
Dense2x60,8286,1,1,1,1.416015625
Dense2x60,7527,1,1,1,2.3583984375
Dense2x60,7303,1,1,1,3.2666015625
Dense2x60,2674,1,1,1,3.125
Dense2x60,8875,1,1,1,2.7392578125
Dense2x60,3026,1,1,1,1.69921875
Dense2x60,8636,1,1,1,3.33984375
Dense2x60,4085,1,1,1,3.6865234375
Dense2x60,7399,1,1,1,2.578125
Dense2x60,4977,1,1,1,2.431640625
Dense2x60,4688,3,3,1,4.7021484375
Dense2x60,1310,3,3,1,1.0888671875
Dense2x60,507,3,5,1,0.1318359375
Dense2x60,6727,3,3,1,6.89453125
Dense2x60,8379,3,3,1,2.59765625
Dense2x60,3975,3,3,1,4.7314453125
Dense2x60,9717,3,3,1,5.6884765625
Dense2x60,9238,3,3,1,2.919921875
Dense2x60,8603,3,3,1,4.6826171875
Dense2x60,4703,3,3,1,4.443359375
Dense2x60,1856,3,3,1,1.6845703125
Dense2x60,2139,3,3,1,4.1455078125
Dense2x60,2989,3,3,1,2.0556640625
Dense2x60,4782,3,3,1,3.0810546875
Dense2x60,500,3,3,1,5.8203125
Dense2x60,7568,3,3,1,4.0185546875
Dense2x60,4109,3,3,1,2.4853515625
Dense2x60,6862,3,3,1,3.9306640625
Dense2x60,1513,3,3,1,2.646484375
Dense2x60,5538,3,3,1,5.8837890625
Dense2x60,849,3,3,1,2.67578125
Dense2x60,1092,3,3,1,1.826171875
Dense2x60,5224,3,3,1,3.4326171875
Dense2x60,5054,3,3,1,0.3076171875
Dense2x60,2952,3,3,1,0.5224609375
Dense2x60,8766,3,3,1,5.3173828125
Dense2x60,68,3,3,1,4.765625
Dense2x60,4996,3,3,1,5.8203125
Dense2x60,5687,3,3,1,3.22265625
Dense2x60,9680,3,3,1,2.744140625
Dense2x60,9925,3,3,1,1.240234375
Dense2x60,6331,3,3,1,4.6630859375
Dense2x60,3579,3,3,1,4.4677734375
Dense2x60,7692,3,3,1,1.4794921875
Dense2x60,2813,3,3,1,3.3740234375
Dense2x60,9125,3,3,1,4.853515625
Dense2x60,808,3,3,1,3.6669921875
Dense2x60,6982,3,3,1,4.6533203125
Dense2x60,2927,3,2,1,0.595703125
Dense2x60,6030,3,3,1,2.373046875
Dense2x60,1531,3,3,1,0.9619140625
Dense2x60,6413,3,3,1,5.3662109375
Dense2x60,4026,3,3,1,3.505859375
Dense2x60,2288,3,3,1,3.6083984375
Dense2x60,1317,3,3,1,2.0166015625
Dense2x60,1615,3,3,1,4.736328125
Dense2x60,8655,3,3,1,3.4521484375
Dense2x60,8419,3,3,1,3.6328125
Dense2x60,5212,3,3,1,4.3701171875
Dense2x60,1983,3,3,1,1.5771484375
Dense2x60,7821,3,2,1,1.6455078125
Dense2x60,2522,3,3,1,2.8125
Dense2x60,9308,3,3,1,1.8603515625
Dense2x60,2453,3,3,1,3.0517578125
Dense2x60,3944,3,3,1,3.076171875
Dense2x60,8716,3,3,1,6.5283203125
Dense2x60,7436,3,3,1,3.0908203125
Dense2x60,7804,3,3,1,3.154296875
Dense2x60,9914,3,3,1,3.369140625
Dense2x60,9582,3,3,1,5.5419921875
Dense2x60,1315,3,3,1,0.8544921875
Dense2x60,5336,3,3,1,4.111328125
Dense2x60,6103,3,3,1,6.19140625
Dense2x60,51,3,3,1,4.6337890625
Dense2x60,142,3,3,1,1.708984375
Dense2x60,9275,3,3,1,3.9892578125
Dense2x60,6011,3,3,1,3.369140625
Dense2x60,3443,3,3,1,3.3447265625
Dense2x60,1166,3,3,1,0.5322265625
Dense2x60,8461,3,3,1,4.2822265625
Dense2x60,5479,3,3,1,4.4677734375
Dense2x60,2712,3,3,1,3.8427734375
Dense2x60,9022,3,2,1,0.7080078125
Dense2x60,4664,3,3,1,2.4609375
Dense2x60,2756,3,3,1,1.8896484375
Dense2x60,7257,3,3,1,4.921875
Dense2x60,3300,3,3,1,3.466796875
Dense2x60,6139,3,3,1,2.7783203125
Dense2x60,2893,3,3,1,6.5576171875
Dense2x60,7431,3,3,1,4.3701171875
Dense2x60,9882,3,3,1,1.9384765625
Dense2x60,9965,3,3,1,3.2080078125
Dense2x60,574,3,3,1,4.4091796875
Dense2x60,2555,3,3,1,6.0302734375
Dense2x60,7065,3,3,1,3.88671875
Dense2x60,2284,3,3,1,3.28125
Dense2x60,8026,3,3,1,4.90234375
Dense2x60,8867,3,3,1,4.51171875
Dense2x60,938,3,5,1,0.234375
Dense2x60,4306,3,7,1,2.373046875
Dense2x60,4818,3,3,1,4.12109375
Dense2x60,7763,3,3,1,6.3330078125
Dense2x60,5904,3,3,1,3.0615234375
Dense2x60,3916,3,3,1,3.544921875
Dense2x60,2681,3,3,1,1.9677734375
Dense2x60,5573,3,3,1,2.724609375
Dense2x60,4044,3,5,1,0.6591796875
Dense2x60,8570,3,3,1,6.416015625
Dense2x60,7932,3,3,1,6.03515625
Dense2x60,2501,3,3,1,3.8818359375
Dense2x65,485,0,0,1,3.1787109375
Dense2x65,6181,0,0,1,5.2490234375
Dense2x65,8325,0,0,1,0.1416015625
Dense2x65,4432,0,0,1,3.1005859375
Dense2x65,4515,0,0,1,3.349609375
Dense2x65,4281,0,0,1,3.7255859375
Dense2x65,552,0,0,1,3.1982421875
Dense2x65,7162,0,0,1,4.12109375
Dense2x65,6877,0,0,1,5.2734375
Dense2x65,9174,0,0,1,6.484375
Dense2x65,7625,0,0,1,5.5517578125
Dense2x65,1231,0,0,1,4.08203125
Dense2x65,6400,0,0,1,1.005859375
Dense2x65,1768,0,0,1,4.3505859375
Dense2x65,3942,0,0,1,1.9580078125
Dense2x65,3413,0,0,1,4.4091796875
Dense2x65,2707,0,0,1,5.029296875
Dense2x65,8307,0,0,1,4.326171875
Dense2x65,6097,0,0,1,8.2568359375
Dense2x65,9952,0,0,1,6.2353515625
Dense2x65,7506,0,0,1,5.673828125
Dense2x65,5165,0,0,1,0.9033203125
Dense2x65,9405,0,0,1,5.64453125
Dense2x65,3764,0,0,1,0.1416015625
Dense2x65,8425,0,0,1,3.154296875
Dense2x65,9220,0,0,1,7.1240234375
Dense2x65,6833,0,0,1,6.54296875
Dense2x65,1191,0,0,1,1.1328125
Dense2x65,5435,0,0,1,5.234375
Dense2x65,1001,0,0,1,4.111328125
Dense2x65,8818,0,0,1,5.83984375
Dense2x65,9052,0,0,1,8.75
Dense2x65,8764,0,0,1,5.6298828125
Dense2x65,9396,0,0,1,4.384765625
Dense2x65,5890,0,0,1,2.939453125
Dense2x65,6597,0,7,1,1.1865234375
Dense2x65,7820,0,0,1,5.95703125
Dense2x65,3458,0,0,1,4.3701171875
Dense2x65,3450,0,0,1,2.28515625
Dense2x65,6959,0,0,1,6.1376953125
Dense2x65,717,0,7,1,0.5810546875
Dense2x65,1712,0,0,1,3.564453125
Dense2x65,9528,0,0,1,7.7587890625
Dense2x65,3140,0,0,1,3.701171875
Dense2x65,5567,0,0,1,4.7412109375
Dense2x65,5584,0,0,1,7.548828125
Dense2x65,7558,0,0,1,3.447265625
Dense2x65,1796,0,0,1,1.669921875
Dense2x65,9663,0,0,1,5.3076171875
Dense2x65,1416,0,0,1,5.4052734375
Dense2x65,8621,0,0,1,4.4384765625
Dense2x65,2304,0,0,1,6.259765625
Dense2x65,5155,0,0,1,1.5478515625
Dense2x65,5737,0,0,1,2.4951171875
Dense2x65,2824,0,0,1,3.84765625
Dense2x65,5659,0,0,1,5.72265625
Dense2x65,8194,0,0,1,3.76953125
Dense2x65,5257,0,0,1,4.0380859375
Dense2x65,9455,0,0,1,4.892578125
Dense2x65,8881,0,0,1,4.7607421875
Dense2x65,7536,0,0,1,5.48828125
Dense2x65,5270,0,0,1,4.794921875
Dense2x65,2568,0,0,1,3.720703125
Dense2x65,6979,0,0,1,6.1767578125
Dense2x65,4166,0,0,1,4.1357421875
Dense2x65,1457,0,0,1,7.5927734375
Dense2x65,8619,0,0,1,6.044921875
Dense2x65,7702,0,0,1,4.814453125
Dense2x65,5929,0,0,1,5.01953125
Dense2x65,1650,0,0,1,4.091796875
Dense2x65,9158,0,0,1,4.3896484375
Dense2x65,1918,0,0,1,2.67578125
Dense2x65,3013,0,0,1,6.07421875
Dense2x65,8127,0,0,1,6.240234375
Dense2x65,3818,0,6,1,1.6015625
Dense2x65,3496,0,0,1,2.8369140625
Dense2x65,1708,0,0,1,4.091796875
Dense2x65,8798,0,0,1,5.224609375
Dense2x65,6970,0,0,1,4.541015625
Dense2x65,4447,0,0,1,4.82421875
Dense2x65,459,0,0,1,4.150390625
Dense2x65,545,0,0,1,2.9638671875
Dense2x65,2531,0,0,1,5.283203125
Dense2x65,1826,0,0,1,4.3701171875
Dense2x65,9634,0,3,1,1.0302734375
Dense2x65,4959,0,0,1,4.3408203125
Dense2x65,2328,0,0,1,2.6318359375
Dense2x65,4034,0,0,1,5.2587890625
Dense2x65,5035,0,0,1,5.64453125
Dense2x65,6602,0,0,1,4.6337890625
Dense2x65,8496,0,0,1,6.0205078125
Dense2x65,7049,0,0,1,1.1181640625
Dense2x65,3052,0,0,1,5.517578125
Dense2x65,7255,0,0,1,4.931640625
Dense2x65,6259,0,0,1,5.7080078125
Dense2x65,561,0,0,1,2.2900390625
Dense2x65,5321,0,0,1,6.8359375
Dense2x65,380,0,0,1,3.75
Dense2x65,8629,0,0,1,3.125
Dense2x65,1261,0,0,1,5.1220703125
Dense2x65,8568,1,1,1,3.88671875
Dense2x65,8650,1,1,1,3.447265625
Dense2x65,6572,1,1,1,0.80078125
Dense2x65,9912,1,1,1,3.525390625
Dense2x65,8862,1,1,1,4.2333984375
Dense2x65,4924,1,1,1,3.154296875
Dense2x65,6757,1,1,1,4.3505859375
Dense2x65,7869,1,1,1,4.1552734375
Dense2x65,2258,1,1,1,3.837890625
Dense2x65,6338,1,1,1,2.6806640625
Dense2x65,1994,1,1,1,3.0810546875
Dense2x65,7990,1,1,1,2.392578125
Dense2x65,2276,1,1,1,2.5048828125
Dense2x65,7424,1,1,1,3.0419921875
Dense2x65,1392,1,1,1,2.2119140625
Dense2x65,7167,1,1,1,3.5693359375
Dense2x65,224,1,1,1,1.845703125
Dense2x65,8261,1,1,1,3.49609375
Dense2x65,2315,1,1,1,2.8759765625
Dense2x65,5156,1,1,1,3.1787109375
Dense2x65,994,1,1,1,2.96875
Dense2x65,5689,1,1,1,3.720703125
Dense2x65,3532,1,1,1,2.91015625
Dense2x65,5630,1,1,1,2.734375
Dense2x65,2041,1,1,1,3.0029296875
Dense2x65,8303,1,1,1,4.052734375
Dense2x65,6008,1,1,1,2.685546875
Dense2x65,4179,1,1,1,3.6474609375
Dense2x65,8128,1,1,1,3.271484375
Dense2x65,1897,1,1,1,3.2470703125
Dense2x65,1075,1,1,1,2.63671875
Dense2x65,9017,1,1,1,3.57421875
Dense2x65,745,1,1,1,3.6669921875
Dense2x65,196,1,1,1,3.6279296875
Dense2x65,2273,1,1,1,2.2314453125
Dense2x65,143,1,1,1,3.173828125
Dense2x65,8914,1,1,1,3.59375
Dense2x65,7223,1,1,1,2.626953125
Dense2x65,8892,1,1,1,3.212890625
Dense2x65,8058,1,1,1,2.8271484375
Dense2x65,2524,1,1,1,2.626953125
Dense2x65,4759,1,1,1,2.2265625
Dense2x65,5044,1,1,1,3.9453125
Dense2x65,5552,1,1,1,3.49609375
Dense2x65,5457,1,1,1,0.068359375
Dense2x65,2612,1,1,1,3.7255859375
Dense2x65,9345,1,1,1,3.30078125
Dense2x65,5642,1,5,1,1.142578125
Dense2x65,3152,1,1,1,2.8662109375
Dense2x65,9324,1,1,1,2.880859375
Dense2x65,7217,1,1,1,2.6318359375
Dense2x65,1019,1,1,1,3.1640625
Dense2x65,7063,1,1,1,3.80859375
Dense2x65,1836,1,1,1,3.1787109375
Dense2x65,3593,1,1,1,3.5595703125
Dense2x65,5211,1,1,1,3.1787109375
Dense2x65,5227,1,1,1,3.4033203125
Dense2x65,5872,1,1,1,3.0224609375
Dense2x65,3852,1,1,1,2.3193359375
Dense2x65,7783,1,1,1,3.6181640625
Dense2x65,2324,1,1,1,3.2763671875
Dense2x65,8088,1,1,1,3.154296875
Dense2x65,4331,1,1,1,2.7587890625
Dense2x65,6694,1,1,1,2.32421875
Dense2x65,3420,1,1,1,2.744140625
Dense2x65,1603,1,1,1,3.30078125
Dense2x65,5072,1,1,1,4.0478515625
Dense2x65,2444,1,1,1,3.251953125
Dense2x65,2827,1,1,1,2.138671875
Dense2x65,8439,1,1,1,2.8857421875
Dense2x65,4764,1,1,1,2.2021484375
Dense2x65,1430,1,1,1,3.8916015625
Dense2x65,4201,1,1,1,0.2392578125
Dense2x65,4858,1,1,1,3.046875
Dense2x65,2221,1,1,1,2.03125
Dense2x65,6073,1,1,1,2.587890625
Dense2x65,1004,1,1,1,2.4755859375
Dense2x65,8586,1,1,1,3.8134765625
Dense2x65,2693,1,1,1,3.466796875
Dense2x65,6712,1,1,1,3.701171875
Dense2x65,4104,1,1,1,3.4912109375
Dense2x65,8352,1,1,1,3.6279296875
Dense2x65,350,1,1,1,2.822265625
Dense2x65,5092,1,1,1,4.3359375
Dense2x65,2590,1,1,1,3.310546875
Dense2x65,9846,1,1,1,2.861328125
Dense2x65,7954,1,1,1,3.75
Dense2x65,8819,1,1,1,2.9345703125
Dense2x65,302,1,1,1,3.8037109375
Dense2x65,4337,1,1,1,3.45703125
Dense2x65,4025,1,1,1,3.5400390625
Dense2x65,3175,1,1,1,2.9443359375
Dense2x65,3143,1,1,1,3.2763671875
Dense2x65,5811,1,1,1,3.759765625
Dense2x65,8443,1,1,1,3.5205078125
Dense2x65,3132,1,1,1,2.1435546875
Dense2x65,3380,1,1,1,2.7099609375
Dense2x65,6726,1,1,1,4.189453125
Dense2x65,1193,1,1,1,3.3984375
Dense2x65,5323,1,1,1,3.1689453125
Dense2x65,4808,3,5,1,0.48828125
Dense2x65,3082,3,3,1,3.0224609375
Dense2x65,1472,3,3,1,2.1630859375
Dense2x65,3795,3,3,1,2.0361328125
Dense2x65,7821,3,2,1,0.5908203125
Dense2x65,7006,3,3,1,3.5009765625
Dense2x65,8939,3,3,1,3.505859375
Dense2x65,4492,3,3,1,3.3056640625
Dense2x65,9804,3,3,1,3.3935546875
Dense2x65,9750,3,3,1,5.615234375
Dense2x65,7040,3,3,1,4.5654296875
Dense2x65,408,3,3,1,3.115234375
Dense2x65,4854,3,3,1,4.4677734375
Dense2x65,1913,3,3,1,0.478515625
Dense2x65,2139,3,3,1,3.9501953125
Dense2x65,1092,3,3,1,1.6064453125
Dense2x65,1215,3,3,1,2.197265625
Dense2x65,87,3,3,1,1.3623046875
Dense2x65,8014,3,3,1,3.8427734375
Dense2x65,925,3,3,1,3.4130859375
Dense2x65,313,3,3,1,0.185546875
Dense2x65,801,3,3,1,2.841796875
Dense2x65,2008,3,3,1,2.1923828125
Dense2x65,6690,3,3,1,3.59375
Dense2x65,245,3,3,1,1.875
Dense2x65,7730,3,3,1,4.091796875
Dense2x65,5955,3,8,1,3.4912109375
Dense2x65,5078,3,8,1,0.1416015625
Dense2x65,7551,3,3,1,4.4677734375
Dense2x65,216,3,3,1,4.501953125
Dense2x65,9762,3,3,1,2.3486328125
Dense2x65,334,3,3,1,3.8427734375
Dense2x65,8821,3,3,1,4.091796875
Dense2x65,5346,3,3,1,2.87109375
Dense2x65,7610,3,3,1,3.22265625
Dense2x65,2069,3,3,1,4.98046875
Dense2x65,5359,3,3,1,2.32421875
Dense2x65,2555,3,3,1,5.205078125
Dense2x65,4244,3,3,1,2.451171875
Dense2x65,1317,3,3,1,2.1337890625
Dense2x65,6876,3,3,1,4.716796875
Dense2x65,2575,3,3,1,5.3076171875
Dense2x65,7117,3,3,1,3.505859375
Dense2x65,3739,3,3,1,1.6259765625
Dense2x65,6569,3,3,1,1.1328125
Dense2x65,4802,3,3,1,2.3291015625
Dense2x65,8867,3,3,1,4.326171875
Dense2x65,7365,3,3,1,2.412109375
Dense2x65,526,3,3,1,3.818359375
Dense2x65,3469,3,3,1,2.3779296875
Dense2x65,6160,3,3,1,1.064453125
Dense2x65,8561,3,3,1,5.302734375
Dense2x65,8603,3,3,1,3.6767578125
Dense2x65,6272,3,3,1,3.740234375
Dense2x65,5766,3,3,1,4.8095703125
Dense2x65,4996,3,3,1,5.1416015625
Dense2x65,4097,3,3,1,5.732421875
Dense2x65,2985,3,3,1,2.44140625
Dense2x65,5734,3,7,1,2.9345703125
Dense2x65,6194,3,3,1,3.26171875
Dense2x65,6331,3,3,1,4.3212890625
Dense2x65,8397,3,3,1,2.470703125
Dense2x65,9727,3,3,1,4.94140625
Dense2x65,3975,3,3,1,3.92578125
Dense2x65,8876,3,3,1,3.5693359375
Dense2x65,4664,3,3,1,2.32421875
Dense2x65,1109,3,3,1,4.375
Dense2x65,76,3,3,1,2.568359375
Dense2x65,6985,3,3,1,6.7919921875
Dense2x65,310,3,3,1,2.7734375
Dense2x65,7568,3,3,1,3.7548828125
Dense2x65,1020,3,3,1,3.4716796875
Dense2x65,1463,3,3,1,2.1337890625
Dense2x65,4288,3,3,1,4.3603515625
Dense2x65,1804,3,3,1,4.8681640625
Dense2x65,1503,3,3,1,2.705078125
Dense2x65,3962,3,4,1,0.5224609375
Dense2x65,8655,3,3,1,2.822265625
Dense2x65,6177,3,3,1,3.759765625
Dense2x65,7252,3,3,1,3.2080078125
Dense2x65,1208,3,3,1,1.240234375
Dense2x65,51,3,3,1,4.6533203125
Dense2x65,6349,3,3,1,4.7021484375
Dense2x65,1798,3,3,1,1.4306640625
Dense2x65,3787,3,3,1,2.841796875
Dense2x65,7193,3,3,1,4.1552734375
Dense2x65,8430,3,3,1,2.587890625
Dense2x65,6312,3,3,1,3.896484375
Dense2x65,578,3,2,1,1.5283203125
Dense2x65,958,3,3,1,1.23046875
Dense2x65,6564,3,3,1,0.4931640625
Dense2x65,7374,3,3,1,4.90234375
Dense2x65,8856,3,3,1,4.6240234375
Dense2x65,3493,3,3,1,3.6083984375
Dense2x65,8140,3,3,1,6.2890625
Dense2x65,63,3,3,1,0.927734375
Dense2x65,1150,3,3,1,2.3876953125
Dense2x65,1495,3,3,1,1.7236328125
Dense2x65,6289,3,3,1,3.7255859375
Dense2x65,6982,3,3,1,3.9892578125
Dense2x70,6959,0,0,1,5.1953125
Dense2x70,5398,0,0,1,4.0283203125
Dense2x70,525,0,0,1,4.248046875
Dense2x70,1764,0,0,1,4.1796875
Dense2x70,5830,0,0,1,5.048828125
Dense2x70,9174,0,0,1,6.787109375
Dense2x70,4857,0,0,1,2.9345703125
Dense2x70,8895,0,0,1,5.2880859375
Dense2x70,4604,0,0,1,5.01953125
Dense2x70,2127,0,0,1,4.6044921875
Dense2x70,3,0,0,1,5.205078125
Dense2x70,5592,0,0,1,4.8291015625
Dense2x70,845,0,0,1,4.35546875
Dense2x70,4923,0,0,1,2.568359375
Dense2x70,8858,0,0,1,6.611328125
Dense2x70,55,0,0,1,3.486328125
Dense2x70,8114,0,0,1,7.7197265625
Dense2x70,5155,0,0,1,3.0908203125
Dense2x70,5430,0,0,1,7.3974609375
Dense2x70,2568,0,0,1,3.8427734375
Dense2x70,6798,0,0,1,7.03125
Dense2x70,6489,0,0,1,6.50390625
Dense2x70,8764,0,0,1,6.0986328125
Dense2x70,5320,0,0,1,4.8828125
Dense2x70,3574,0,0,1,1.2646484375
Dense2x70,7835,0,0,1,6.97265625
Dense2x70,2765,0,0,1,4.404296875
Dense2x70,5307,0,0,1,5.4833984375
Dense2x70,6526,0,0,1,4.853515625
Dense2x70,3412,0,0,1,2.5341796875
Dense2x70,2378,0,0,1,3.4814453125
Dense2x70,5930,0,0,1,5.771484375
Dense2x70,7139,0,0,1,4.1064453125
Dense2x70,9714,0,0,1,5.0537109375
Dense2x70,3911,0,0,1,4.8193359375
Dense2x70,8868,0,0,1,5.5712890625
Dense2x70,7873,0,0,1,8.2666015625
Dense2x70,5519,0,0,1,3.4130859375
Dense2x70,1918,0,0,1,3.28125
Dense2x70,3735,0,0,1,5.8203125
Dense2x70,4392,0,0,1,5.419921875
Dense2x70,4070,0,0,1,5.56640625
Dense2x70,7190,0,0,1,3.3203125
Dense2x70,4992,0,0,1,6.1328125
Dense2x70,9162,0,0,1,6.474609375
Dense2x70,3867,0,0,1,3.583984375
Dense2x70,2226,0,0,1,4.248046875
Dense2x70,3646,0,0,1,2.44140625
Dense2x70,9647,0,0,1,5.732421875
Dense2x70,6288,0,0,1,5.9375
Dense2x70,8587,0,0,1,5.01953125
Dense2x70,3481,0,0,1,5.0927734375
Dense2x70,9396,0,0,1,3.3935546875
Dense2x70,5603,0,0,1,4.912109375
Dense2x70,5756,0,0,1,1.66015625
Dense2x70,9585,0,0,1,5.302734375
Dense2x70,5452,0,0,1,7.431640625
Dense2x70,9264,0,0,1,3.5546875
Dense2x70,6133,0,0,1,8.7060546875
Dense2x70,2081,0,0,1,3.203125
Dense2x70,7889,0,0,1,7.67578125
Dense2x70,884,0,0,1,3.5205078125
Dense2x70,5321,0,0,1,6.5478515625
Dense2x70,8951,0,0,1,5.634765625
Dense2x70,327,0,0,1,5.1025390625
Dense2x70,2656,0,0,1,2.8564453125
Dense2x70,9801,0,0,1,5.4345703125
Dense2x70,642,0,0,1,3.8525390625
Dense2x70,2717,0,0,1,5.1513671875
Dense2x70,1273,0,0,1,2.0947265625
Dense2x70,2763,0,0,1,4.0771484375
Dense2x70,7601,0,0,1,4.931640625
Dense2x70,7485,0,0,1,4.2333984375
Dense2x70,7086,0,0,1,4.31640625
Dense2x70,7967,0,0,1,7.5634765625
Dense2x70,5965,0,0,1,6.9140625
Dense2x70,7385,0,0,1,6.162109375
Dense2x70,5133,0,0,1,6.8115234375
Dense2x70,4957,0,0,1,4.08203125
Dense2x70,7037,0,0,1,3.2568359375
Dense2x70,2996,0,0,1,4.4580078125
Dense2x70,4150,0,0,1,6.9775390625
Dense2x70,5428,0,0,1,6.474609375
Dense2x70,5043,0,0,1,5.8154296875
Dense2x70,6621,0,0,1,2.32421875
Dense2x70,3322,0,0,1,2.8466796875
Dense2x70,6795,0,0,1,5.7275390625
Dense2x70,4834,0,0,1,3.2666015625
Dense2x70,7330,0,0,1,6.474609375
Dense2x70,8194,0,0,1,2.0703125
Dense2x70,8343,0,0,1,5.048828125
Dense2x70,1959,0,0,1,3.251953125
Dense2x70,2033,0,0,1,1.6357421875
Dense2x70,4090,0,0,1,3.0419921875
Dense2x70,6114,0,0,1,9.130859375
Dense2x70,3265,0,0,1,4.9609375
Dense2x70,1712,0,0,1,2.734375
Dense2x70,269,0,0,1,3.837890625
Dense2x70,6286,0,0,1,6.9482421875
Dense2x70,3191,0,0,1,3.0615234375
Dense2x70,6601,1,1,1,3.41796875
Dense2x70,9705,1,1,1,3.6181640625
Dense2x70,8443,1,1,1,3.1640625
Dense2x70,9345,1,1,1,3.3349609375
Dense2x70,5013,1,1,1,3.2373046875
Dense2x70,3454,1,1,1,3.49609375
Dense2x70,7167,1,1,1,3.2470703125
Dense2x70,2166,1,1,1,2.578125
Dense2x70,1867,1,1,1,2.958984375
Dense2x70,5281,1,1,1,3.828125
Dense2x70,7323,1,1,1,3.3935546875
Dense2x70,6628,1,1,1,1.8115234375
Dense2x70,4273,1,1,1,2.0068359375
Dense2x70,7223,1,1,1,2.3291015625
Dense2x70,1129,1,1,1,3.88671875
Dense2x70,9570,1,1,1,3.76953125
Dense2x70,6913,1,1,1,2.9296875
Dense2x70,8538,1,1,1,2.98828125
Dense2x70,1434,1,1,1,3.046875
Dense2x70,5014,1,1,1,2.9541015625
Dense2x70,9222,1,1,1,3.41796875
Dense2x70,4179,1,1,1,3.1787109375
Dense2x70,8850,1,1,1,3.7939453125
Dense2x70,619,1,8,1,0.7568359375
Dense2x70,3747,1,1,1,3.0517578125
Dense2x70,5211,1,1,1,2.3291015625
Dense2x70,6688,1,1,1,2.0361328125
Dense2x70,2335,1,1,1,3.291015625
Dense2x70,5896,1,1,1,2.9150390625
Dense2x70,4774,1,1,1,2.822265625
Dense2x70,7636,1,1,1,2.783203125
Dense2x70,3733,1,1,1,2.734375
Dense2x70,907,1,1,1,2.4462890625
Dense2x70,1011,1,1,1,3.3447265625
Dense2x70,6726,1,1,1,3.7646484375
Dense2x70,2416,1,1,1,2.98828125
Dense2x70,2411,1,1,1,2.890625
Dense2x70,3264,1,1,1,3.2080078125
Dense2x70,3789,1,1,1,3.10546875
Dense2x70,5859,1,1,1,3.7548828125
Dense2x70,6976,1,1,1,3.0908203125
Dense2x70,7405,1,1,1,3.0078125
Dense2x70,6829,1,1,1,3.193359375
Dense2x70,8980,1,1,1,2.3291015625
Dense2x70,6702,1,1,1,3.9111328125
Dense2x70,2010,1,1,1,2.119140625
Dense2x70,9878,1,1,1,2.919921875
Dense2x70,6192,1,1,1,3.583984375
Dense2x70,265,1,1,1,3.6181640625
Dense2x70,948,1,1,1,2.802734375
Dense2x70,2676,1,1,1,1.953125
Dense2x70,6694,1,1,1,1.9873046875
Dense2x70,6652,1,1,1,2.83203125
Dense2x70,5984,1,1,1,2.8466796875
Dense2x70,9643,1,7,1,0.419921875
Dense2x70,9645,1,1,1,1.611328125
Dense2x70,5148,1,1,1,3.33984375
Dense2x70,8758,1,1,1,3.5595703125
Dense2x70,5361,1,1,1,3.5498046875
Dense2x70,929,1,1,1,2.28515625
Dense2x70,4691,1,1,1,2.822265625
Dense2x70,9464,1,1,1,3.203125
Dense2x70,2315,1,1,1,2.6611328125
Dense2x70,3070,1,1,1,2.490234375
Dense2x70,3351,1,1,1,2.2265625
Dense2x70,7626,1,1,1,3.75
Dense2x70,4685,1,1,1,2.841796875
Dense2x70,2245,1,1,1,1.8994140625
Dense2x70,89,1,1,1,4.0771484375
Dense2x70,3894,1,1,1,2.2412109375
Dense2x70,9795,1,1,1,2.48046875
Dense2x70,46,1,1,1,1.9384765625
Dense2x70,4538,1,1,1,2.8564453125
Dense2x70,9368,1,1,1,3.28125
Dense2x70,9896,1,1,1,2.841796875
Dense2x70,3922,1,1,1,3.3837890625
Dense2x70,4170,1,1,1,2.7978515625
Dense2x70,6618,1,1,1,2.05078125
Dense2x70,9388,1,1,1,2.6708984375
Dense2x70,977,1,1,1,4.0185546875
Dense2x70,5091,1,1,1,2.3095703125
Dense2x70,7869,1,1,1,3.75
Dense2x70,6445,1,1,1,2.7294921875
Dense2x70,8128,1,1,1,3.2763671875
Dense2x70,9810,1,1,1,2.7587890625
Dense2x70,5889,1,1,1,2.9248046875
Dense2x70,2283,1,1,1,3.2275390625
Dense2x70,918,1,1,1,2.392578125
Dense2x70,2706,1,1,1,2.880859375
Dense2x70,350,1,1,1,2.3583984375
Dense2x70,4014,1,1,1,2.9296875
Dense2x70,5699,1,1,1,3.1689453125
Dense2x70,5005,1,1,1,3.10546875
Dense2x70,8268,1,1,1,2.9931640625
Dense2x70,8020,1,8,1,1.6162109375
Dense2x70,7447,1,1,1,1.93359375
Dense2x70,9994,1,1,1,3.7255859375
Dense2x70,4147,1,1,1,2.36328125
Dense2x70,2789,1,1,1,3.5400390625
Dense2x70,4984,1,1,1,2.880859375
Dense2x70,8370,3,3,1,3.8671875
Dense2x70,5674,3,3,1,2.392578125
Dense2x70,7798,3,3,1,3.8037109375
Dense2x70,8271,3,3,1,3.3935546875
Dense2x70,3120,3,3,1,3.4814453125
Dense2x70,8060,3,3,1,2.763671875
Dense2x70,7312,3,3,1,4.6044921875
Dense2x70,8840,3,3,1,3.4716796875
Dense2x70,8226,3,3,1,1.2109375
Dense2x70,2629,3,3,1,1.6845703125
Dense2x70,8489,3,3,1,2.2119140625
Dense2x70,2756,3,3,1,3.2080078125
Dense2x70,3082,3,3,1,3.076171875
Dense2x70,6973,3,3,1,4.404296875
Dense2x70,9192,3,3,1,3.22265625
Dense2x70,1479,3,3,1,4.7900390625
Dense2x70,6322,3,3,1,3.046875
Dense2x70,3085,3,3,1,1.3671875
Dense2x70,6379,3,3,1,3.623046875
Dense2x70,4270,3,3,1,2.51953125
Dense2x70,6260,3,3,1,2.646484375
Dense2x70,8674,3,3,1,2.4560546875
Dense2x70,7849,3,2,1,0.1806640625
Dense2x70,6290,3,3,1,1.07421875
Dense2x70,3630,3,3,1,4.8583984375
Dense2x70,4317,3,3,1,2.2265625
Dense2x70,9007,3,3,1,2.1435546875
Dense2x70,4437,3,3,1,0.0146484375
Dense2x70,2303,3,3,1,3.6279296875
Dense2x70,9063,3,3,1,4.013671875
Dense2x70,2690,3,3,1,2.36328125
Dense2x70,7257,3,3,1,2.9541015625
Dense2x70,9275,3,3,1,4.033203125
Dense2x70,7130,3,3,1,1.875
Dense2x70,4120,3,3,1,2.1875
Dense2x70,4532,3,3,1,2.9296875
Dense2x70,7893,3,3,1,3.7939453125
Dense2x70,3432,3,3,1,1.9580078125
Dense2x70,9604,3,3,1,4.140625
Dense2x70,548,3,3,1,2.7978515625
Dense2x70,7248,3,3,1,1.5087890625
Dense2x70,4366,3,3,1,3.3203125
Dense2x70,1208,3,9,1,0.0244140625
Dense2x70,2978,3,3,1,2.5927734375
Dense2x70,1804,3,3,1,4.814453125
Dense2x70,7215,3,3,1,3.330078125
Dense2x70,6876,3,3,1,4.8388671875
Dense2x70,4087,3,3,1,3.759765625
Dense2x70,1742,3,3,1,3.7841796875
Dense2x70,7656,3,3,1,2.7294921875
Dense2x70,5638,3,3,1,3.1494140625
Dense2x70,8130,3,3,1,2.8271484375
Dense2x70,1798,3,3,1,1.81640625
Dense2x70,4443,3,3,1,1.1181640625
Dense2x70,815,3,3,1,3.681640625
Dense2x70,3108,3,3,1,0.9765625
Dense2x70,7250,3,3,1,4.765625
Dense2x70,4435,3,7,1,1.26953125
Dense2x70,3795,3,3,1,3.1494140625
Dense2x70,5878,3,3,1,3.3056640625
Dense2x70,9881,3,3,1,1.5283203125
Dense2x70,3193,3,3,1,1.4306640625
Dense2x70,1928,3,3,1,2.4169921875
Dense2x70,5309,3,3,1,3.701171875
Dense2x70,313,3,3,1,0.302734375
Dense2x70,4494,3,3,1,2.7490234375
Dense2x70,3515,3,3,1,6.25
Dense2x70,2511,3,3,1,1.669921875
Dense2x70,5734,3,7,1,1.259765625
Dense2x70,3965,3,3,1,3.1884765625
Dense2x70,8494,3,3,1,3.9404296875
Dense2x70,9261,3,3,1,4.013671875
Dense2x70,3910,3,3,1,4.697265625
Dense2x70,5329,3,3,1,2.08984375
Dense2x70,6801,3,3,1,3.1640625
Dense2x70,6564,3,3,1,0.76171875
Dense2x70,2408,3,9,1,0.7666015625
Dense2x70,4770,3,3,1,2.880859375
Dense2x70,2308,3,3,1,1.494140625
Dense2x70,648,3,3,1,4.8828125
Dense2x70,7936,3,3,1,3.505859375
Dense2x70,8308,3,3,1,1.2353515625
Dense2x70,9011,3,3,1,3.642578125
Dense2x70,9662,3,2,1,0.2587890625
Dense2x70,4727,3,3,1,3.2666015625
Dense2x70,8379,3,3,1,0.966796875
Dense2x70,8624,3,3,1,2.2216796875
Dense2x70,8867,3,3,1,3.7841796875
Dense2x70,5724,3,3,1,2.7685546875
Dense2x70,7841,3,3,1,3.896484375
Dense2x70,5408,3,3,1,3.505859375
Dense2x70,4244,3,3,1,2.4951171875
Dense2x70,4004,3,3,1,3.4912109375
Dense2x70,4109,3,3,1,2.373046875
Dense2x70,687,3,3,1,2.2021484375
Dense2x70,8115,3,3,1,1.123046875
Dense2x70,6739,3,3,1,1.6552734375
Dense2x70,9479,3,3,1,3.1494140625
Dense2x70,5358,3,3,1,2.0849609375
Dense2x70,8026,3,3,1,5.52734375
Dense3x15,485,0,0,1,2.7783203125
Dense3x15,9230,0,0,1,4.9560546875
Dense3x15,5990,0,0,1,5.2734375
Dense3x15,7385,0,0,1,4.9267578125
Dense3x15,3734,0,0,1,3.02734375
Dense3x15,6473,0,0,1,2.7734375
Dense3x15,3,0,0,1,4.0185546875
Dense3x15,9542,0,0,1,2.9931640625
Dense3x15,1288,0,0,1,1.2060546875
Dense3x15,4361,0,0,1,1.8310546875
Dense3x15,6602,0,0,1,3.9697265625
Dense3x15,9850,0,0,1,2.353515625
Dense3x15,4432,0,0,1,2.2705078125
Dense3x15,2506,0,0,1,3.02734375
Dense3x15,2461,0,0,1,2.0263671875
Dense3x15,8057,0,0,1,5.9326171875
Dense3x15,9930,0,0,1,2.5341796875
Dense3x15,4741,0,0,1,3.2177734375
Dense3x15,6131,0,0,1,8.1103515625
Dense3x15,8251,0,0,1,4.5166015625
Dense3x15,8951,0,0,1,4.62890625
Dense3x15,5124,0,0,1,7.1630859375
Dense3x15,4033,0,0,1,5.1611328125
Dense3x15,6621,0,0,1,2.3046875
Dense3x15,4477,0,5,1,0.3564453125
Dense3x15,4320,0,0,1,6.884765625
Dense3x15,3883,0,0,1,6.0009765625
Dense3x15,5827,0,0,1,2.0263671875
Dense3x15,9339,0,0,1,3.9404296875
Dense3x15,4804,0,0,1,6.3037109375
Dense3x15,1726,0,0,1,4.375
Dense3x15,6288,0,0,1,5.556640625
Dense3x15,6753,0,0,1,5.859375
Dense3x15,6426,0,6,1,1.5234375
Dense3x15,8389,0,0,1,3.0615234375
Dense3x15,3867,0,0,1,3.4619140625
Dense3x15,5320,0,0,1,2.6025390625
Dense3x15,3959,0,0,1,4.4091796875
Dense3x15,9763,0,0,1,2.2412109375
Dense3x15,4365,0,0,1,2.6513671875
Dense3x15,3315,0,0,1,3.4375
Dense3x15,4641,0,0,1,1.7529296875
Dense3x15,4650,0,0,1,4.296875
Dense3x15,8798,0,0,1,4.3310546875
Dense3x15,1918,0,0,1,1.1376953125
Dense3x15,5430,0,0,1,7.2998046875
Dense3x15,1411,0,5,1,0.2978515625
Dense3x15,28,0,0,1,3.6962890625
Dense3x15,3540,0,0,1,3.75
Dense3x15,8895,0,0,1,4.560546875
Dense3x15,9311,0,0,1,3.701171875
Dense3x15,8501,0,0,1,5.64453125
Dense3x15,9631,0,0,1,2.6123046875
Dense3x15,1533,0,0,1,3.837890625
Dense3x15,2435,0,0,1,3.759765625
Dense3x15,7465,0,0,1,3.57421875
Dense3x15,3803,0,0,1,5.9521484375
Dense3x15,6962,0,0,1,2.1240234375
Dense3x15,6129,0,0,1,6.15234375
Dense3x15,9162,0,0,1,3.935546875
Dense3x15,8194,0,0,1,4.1015625
Dense3x15,3013,0,0,1,3.7158203125
Dense3x15,4353,0,0,1,1.8798828125
Dense3x15,3305,0,0,1,0.9375
Dense3x15,9757,0,0,1,3.896484375
Dense3x15,904,0,0,1,3.8916015625
Dense3x15,1748,0,0,1,2.9248046875
Dense3x15,9297,0,0,1,3.0517578125
Dense3x15,297,0,0,1,3.8720703125
Dense3x15,4403,0,2,1,0.68359375
Dense3x15,4880,0,5,1,1.1376953125
Dense3x15,9038,0,0,1,3.3935546875
Dense3x15,3310,0,0,1,3.1103515625
Dense3x15,7868,0,0,1,4.9267578125
Dense3x15,5513,0,0,1,3.5791015625
Dense3x15,1764,0,0,1,1.8408203125
Dense3x15,7368,0,0,1,4.2529296875
Dense3x15,5368,0,0,1,4.931640625
Dense3x15,2894,0,0,1,1.5234375
Dense3x15,3140,0,0,1,3.1689453125
Dense3x15,6461,0,0,1,4.3603515625
Dense3x15,2748,0,0,1,1.4892578125
Dense3x15,6328,0,0,1,4.66796875
Dense3x15,5415,0,0,1,3.642578125
Dense3x15,5686,0,0,1,4.6826171875
Dense3x15,7913,0,0,1,5.9228515625
Dense3x15,972,0,0,1,5.0732421875
Dense3x15,3077,0,0,1,2.158203125
Dense3x15,3358,0,0,1,1.826171875
Dense3x15,9983,0,0,1,5.9521484375
Dense3x15,1404,0,5,1,0.1904296875
Dense3x15,5828,0,0,1,1.474609375
Dense3x15,8278,0,0,1,2.431640625
Dense3x15,9634,0,3,1,1.6162109375
Dense3x15,3325,0,0,1,4.3896484375
Dense3x15,8307,0,0,1,4.90234375
Dense3x15,6927,0,0,1,3.22265625
Dense3x15,2318,0,6,1,0.4443359375
Dense3x15,2294,0,0,1,1.30859375
Dense3x15,9809,0,0,1,2.1142578125
Dense3x15,267,1,1,1,3.076171875
Dense3x15,2510,1,1,1,1.6650390625
Dense3x15,2137,1,1,1,2.44140625
Dense3x15,4719,1,1,1,1.689453125
Dense3x15,7802,1,1,1,1.220703125
Dense3x15,4050,1,1,1,1.93359375
Dense3x15,8289,1,1,1,2.7978515625
Dense3x15,6928,1,1,1,2.59765625
Dense3x15,5013,1,1,1,2.275390625
Dense3x15,3268,1,1,1,2.1435546875
Dense3x15,5490,1,1,1,2.1923828125
Dense3x15,529,1,1,1,2.5390625
Dense3x15,2719,1,1,1,1.318359375
Dense3x15,4039,1,1,1,2.255859375
Dense3x15,2359,1,1,1,2.998046875
Dense3x15,6110,1,1,1,1.6015625
Dense3x15,2529,1,1,1,2.4560546875
Dense3x15,9725,1,1,1,2.998046875
Dense3x15,7896,1,1,1,0.6640625
Dense3x15,8303,1,1,1,3.33984375
Dense3x15,1555,1,1,1,2.4462890625
Dense3x15,3351,1,1,1,2.0751953125
Dense3x15,918,1,1,1,2.44140625
Dense3x15,3852,1,1,1,1.943359375
Dense3x15,5783,1,1,1,2.421875
Dense3x15,2997,1,1,1,2.59765625
Dense3x15,489,1,1,1,2.109375
Dense3x15,7563,1,1,1,3.41796875
Dense3x15,7173,1,1,1,2.9638671875
Dense3x15,5880,1,1,1,2.578125
Dense3x15,1403,1,1,1,0.9716796875
Dense3x15,9324,1,1,1,2.265625
Dense3x15,2878,1,1,1,2.01171875
Dense3x15,9395,1,1,1,2.44140625
Dense3x15,4005,1,1,1,2.6611328125
Dense3x15,9846,1,1,1,2.2412109375
Dense3x15,1392,1,1,1,1.4013671875
Dense3x15,176,1,1,1,2.1728515625
Dense3x15,6976,1,1,1,2.412109375
Dense3x15,4597,1,1,1,2.265625
Dense3x15,1988,1,1,1,2.28515625
Dense3x15,809,1,1,1,1.767578125
Dense3x15,8090,1,1,1,1.904296875
Dense3x15,1305,1,1,1,2.01171875
Dense3x15,8305,1,1,1,3.3203125
Dense3x15,2661,1,1,1,2.216796875
Dense3x15,4212,1,3,1,1.1279296875
Dense3x15,3532,1,1,1,1.93359375
Dense3x15,6618,1,1,1,1.8017578125
Dense3x15,5893,1,1,1,1.9091796875
Dense3x15,1430,1,1,1,2.8125
Dense3x15,3457,1,1,1,1.4404296875
Dense3x15,4759,1,1,1,1.1572265625
Dense3x15,7839,1,1,1,0.390625
Dense3x15,3480,1,1,1,2.041015625
Dense3x15,5544,1,1,1,2.6416015625
Dense3x15,6320,1,1,1,2.646484375
Dense3x15,5991,1,1,1,2.6025390625
Dense3x15,3983,1,1,1,2.021484375
Dense3x15,1139,1,1,1,2.2509765625
Dense3x15,9265,1,1,1,1.9189453125
Dense3x15,5588,1,1,1,1.455078125
Dense3x15,8659,1,1,1,2.6123046875
Dense3x15,4249,1,1,1,2.2705078125
Dense3x15,9258,1,1,1,3.37890625
Dense3x15,964,1,1,1,1.8212890625
Dense3x15,1900,1,1,1,1.455078125
Dense3x15,4588,1,1,1,2.3486328125
Dense3x15,9434,1,1,1,2.5634765625
Dense3x15,3126,1,1,1,2.861328125
Dense3x15,6276,1,1,1,2.3291015625
Dense3x15,6809,1,1,1,1.6357421875
Dense3x15,8708,1,1,1,2.2607421875
Dense3x15,9295,1,1,1,2.3291015625
Dense3x15,3073,1,2,1,0.9375
Dense3x15,2524,1,1,1,1.9580078125
Dense3x15,5524,1,1,1,2.7880859375
Dense3x15,2786,1,1,1,1.8701171875
Dense3x15,7048,1,1,1,2.4853515625
Dense3x15,7783,1,1,1,1.474609375
Dense3x15,4349,1,1,1,1.787109375
Dense3x15,3070,1,1,1,2.4169921875
Dense3x15,4984,1,1,1,2.705078125
Dense3x15,7944,1,1,1,2.4072265625
Dense3x15,2705,1,8,1,0.029296875
Dense3x15,3546,1,1,1,2.9541015625
Dense3x15,2706,1,1,1,2.177734375
Dense3x15,8892,1,1,1,2.0751953125
Dense3x15,8286,1,1,1,0.6982421875
Dense3x15,2612,1,1,1,2.724609375
Dense3x15,1780,1,1,1,2.294921875
Dense3x15,8509,1,1,1,0.3759765625
Dense3x15,9641,1,1,1,1.7138671875
Dense3x15,3230,1,1,1,3.02734375
Dense3x15,9345,1,1,1,2.5439453125
Dense3x15,4533,1,1,1,2.3681640625
Dense3x15,8344,1,1,1,2.2900390625
Dense3x15,6506,1,1,1,2.9931640625
Dense3x15,5044,1,1,1,2.158203125
Dense3x15,4778,1,1,1,2.216796875
Dense3x15,5674,3,3,1,3.9111328125
Dense3x15,7730,3,3,1,2.55859375
Dense3x15,8597,3,3,1,1.9580078125
Dense3x15,4097,3,3,1,3.8037109375
Dense3x15,9548,3,3,1,4.150390625
Dense3x15,6030,3,3,1,0.8154296875
Dense3x15,9804,3,3,1,3.6669921875
Dense3x15,1317,3,3,1,0.908203125
Dense3x15,5925,3,3,1,1.93359375
Dense3x15,442,3,3,1,3.984375
Dense3x15,3015,3,3,1,3.1103515625
Dense3x15,216,3,3,1,2.8271484375
Dense3x15,2453,3,3,1,2.2216796875
Dense3x15,3977,3,3,1,2.3046875
Dense3x15,7849,3,3,1,0.6201171875
Dense3x15,8246,3,9,1,1.2744140625
Dense3x15,4833,3,2,1,0.5712890625
Dense3x15,500,3,3,1,2.4365234375
Dense3x15,1605,3,3,1,3.3544921875
Dense3x15,2914,3,3,1,1.8896484375
Dense3x15,343,3,3,1,3.0517578125
Dense3x15,7006,3,3,1,1.66015625
Dense3x15,6542,3,9,1,0.576171875
Dense3x15,2871,3,3,1,2.6123046875
Dense3x15,2924,3,3,1,2.5439453125
Dense3x15,8411,3,3,1,4.8046875
Dense3x15,2551,3,3,1,4.0869140625
Dense3x15,1291,3,3,1,2.5390625
Dense3x15,9157,3,3,1,4.326171875
Dense3x15,8451,3,3,1,2.8759765625
Dense3x15,890,3,3,1,1.0009765625
Dense3x15,9727,3,3,1,4.43359375
Dense3x15,3221,3,3,1,2.96875
Dense3x15,2032,3,3,1,3.0517578125
Dense3x15,6950,3,3,1,2.75390625
Dense3x15,815,3,3,1,2.6416015625
Dense3x15,3670,3,3,1,1.4697265625
Dense3x15,1069,3,3,1,3.3837890625
Dense3x15,32,3,3,1,2.2021484375
Dense3x15,3138,3,3,1,1.015625
Dense3x15,8946,3,3,1,5.5419921875
Dense3x15,7476,3,3,1,1.81640625
Dense3x15,2684,3,7,1,0.4736328125
Dense3x15,3953,3,3,1,2.6171875
Dense3x15,4437,3,2,1,0.234375
Dense3x15,5062,3,3,1,1.2744140625
Dense3x15,8354,3,3,1,3.8818359375
Dense3x15,3432,3,3,1,0.91796875
Dense3x15,9380,3,3,1,1.8212890625
Dense3x15,3944,3,3,1,2.8759765625
Dense3x15,3469,3,3,1,1.9921875
Dense3x15,3078,3,3,1,0.46875
Dense3x15,3049,3,3,1,1.9873046875
Dense3x15,9177,3,3,1,3.5107421875
Dense3x15,1845,3,3,1,4.3603515625
Dense3x15,4664,3,3,1,2.3486328125
Dense3x15,8780,3,3,1,4.3115234375
Dense3x15,4002,3,5,1,0.0537109375
Dense3x15,9163,3,3,1,1.7626953125
Dense3x15,2634,3,3,1,3.4033203125
Dense3x15,334,3,3,1,3.0322265625
Dense3x15,4758,3,3,1,3.564453125
Dense3x15,6370,3,3,1,0.205078125
Dense3x15,4366,3,3,1,3.9013671875
Dense3x15,3150,3,3,1,1.7822265625
Dense3x15,4841,3,3,1,0.7763671875
Dense3x15,4109,3,3,1,2.2607421875
Dense3x15,3825,3,3,1,2.8076171875
Dense3x15,4885,3,3,1,2.119140625
Dense3x15,1769,3,3,1,0.37109375
Dense3x15,7750,3,3,1,4.6875
Dense3x15,2441,3,3,1,1.5478515625
Dense3x15,8277,3,5,1,1.5869140625
Dense3x15,7551,3,3,1,3.9453125
Dense3x15,3487,3,3,1,3.6865234375
Dense3x15,4317,3,3,1,1.6552734375
Dense3x15,4335,3,3,1,1.484375
Dense3x15,6322,3,3,1,2.3291015625
Dense3x15,1913,3,3,1,0.7275390625
Dense3x15,8856,3,3,1,5.0634765625
Dense3x15,7065,3,3,1,3.0517578125
Dense3x15,8154,3,3,1,4.296875
Dense3x15,3834,3,3,1,0.0830078125
Dense3x15,5912,3,3,1,0.05859375
Dense3x15,3701,3,3,1,2.0947265625
Dense3x15,2281,3,3,1,1.9775390625
Dense3x15,4106,3,3,1,1.5576171875
Dense3x15,8087,3,3,1,3.056640625
Dense3x15,9636,3,3,1,1.4501953125
Dense3x15,1384,3,3,1,1.796875
Dense3x15,6382,3,3,1,3.896484375
Dense3x15,6930,3,3,1,1.875
Dense3x15,7821,3,2,1,1.4697265625
Dense3x15,6593,3,3,1,1.884765625
Dense3x15,6107,3,3,1,3.57421875
Dense3x15,7140,3,3,1,2.7978515625
Dense3x15,1495,3,3,1,0.7958984375
Dense3x15,1066,3,3,1,2.0654296875
Dense3x15,4220,3,3,1,2.5634765625
Dense3x15,7312,3,3,1,1.9873046875
Dense3x20,1739,0,0,1,4.013671875
Dense3x20,7505,0,0,1,1.376953125
Dense3x20,8851,0,0,1,4.306640625
Dense3x20,2687,0,0,1,2.802734375
Dense3x20,5613,0,0,1,3.310546875
Dense3x20,3371,0,0,1,3.7451171875
Dense3x20,5965,0,0,1,3.65234375
Dense3x20,620,0,0,1,2.890625
Dense3x20,8458,0,0,1,5.771484375
Dense3x20,4495,0,0,1,4.82421875
Dense3x20,8172,0,0,1,5.7568359375
Dense3x20,6779,0,0,1,5.9619140625
Dense3x20,6841,0,0,1,4.6630859375
Dense3x20,9677,0,0,1,1.455078125
Dense3x20,7699,0,0,1,4.1748046875
Dense3x20,380,0,0,1,1.3916015625
Dense3x20,972,0,0,1,3.955078125
Dense3x20,13,0,0,1,3.6767578125
Dense3x20,1764,0,0,1,4.013671875
Dense3x20,5305,0,0,1,5.8740234375
Dense3x20,69,0,0,1,4.4921875
Dense3x20,4757,0,0,1,5.7080078125
Dense3x20,9439,0,0,1,6.2890625
Dense3x20,2295,0,0,1,2.5634765625
Dense3x20,5653,0,0,1,0.99609375
Dense3x20,6766,0,0,1,6.3623046875
Dense3x20,4157,0,0,1,8.2666015625
Dense3x20,7363,0,0,1,3.4375
Dense3x20,3305,0,0,1,1.5380859375
Dense3x20,6127,0,0,1,6.7529296875
Dense3x20,4477,0,5,1,0.517578125
Dense3x20,2656,0,0,1,2.802734375
Dense3x20,4048,0,0,1,2.177734375
Dense3x20,3803,0,0,1,5.91796875
Dense3x20,8991,0,0,1,3.759765625
Dense3x20,8881,0,0,1,4.833984375
Dense3x20,4923,0,0,1,3.5009765625
Dense3x20,3624,0,0,1,5.4296875
Dense3x20,6760,0,0,1,6.416015625
Dense3x20,407,0,0,1,3.1103515625
Dense3x20,4834,0,0,1,2.2021484375
Dense3x20,9158,0,0,1,1.62109375
Dense3x20,5669,0,0,1,6.630859375
Dense3x20,443,0,0,1,1.474609375
Dense3x20,2954,0,0,1,1.669921875
Dense3x20,4617,0,0,1,4.208984375
Dense3x20,8671,0,0,1,5.2783203125
Dense3x20,8057,0,0,1,8.5888671875
Dense3x20,9663,0,0,1,5.5029296875
Dense3x20,3980,0,0,1,6.7822265625
Dense3x20,3574,0,0,1,0.068359375
Dense3x20,3710,0,0,1,2.16796875
Dense3x20,2527,0,0,1,3.232421875
Dense3x20,7133,0,0,1,4.16015625
Dense3x20,1487,0,0,1,2.041015625
Dense3x20,9648,0,0,1,5.0390625
Dense3x20,3178,0,0,1,3.4375
Dense3x20,6241,0,0,1,4.6728515625
Dense3x20,5993,0,0,1,5.6494140625
Dense3x20,3413,0,0,1,4.2138671875
Dense3x20,1700,0,0,1,2.021484375
Dense3x20,3680,0,0,1,3.9892578125
Dense3x20,4935,0,0,1,4.1162109375
Dense3x20,8055,0,0,1,6.8017578125
Dense3x20,7161,0,0,1,4.39453125
Dense3x20,3940,0,0,1,4.5263671875
Dense3x20,2329,0,0,1,1.7822265625
Dense3x20,3458,0,0,1,4.365234375
Dense3x20,7791,0,0,1,6.875
Dense3x20,7162,0,0,1,2.8173828125
Dense3x20,2333,0,0,1,2.158203125
Dense3x20,9264,0,0,1,2.3681640625
Dense3x20,8501,0,0,1,6.3671875
Dense3x20,9885,0,0,1,4.365234375
Dense3x20,6962,0,0,1,3.37890625
Dense3x20,8023,0,0,1,8.369140625
Dense3x20,6426,0,6,1,0.9423828125
Dense3x20,1001,0,0,1,3.45703125
Dense3x20,4959,0,0,1,3.7841796875
Dense3x20,2188,0,0,1,4.072265625
Dense3x20,5398,0,0,1,3.779296875
Dense3x20,5463,0,0,1,6.0546875
Dense3x20,3774,0,0,1,3.681640625
Dense3x20,6114,0,0,1,8.80859375
Dense3x20,9038,0,0,1,2.939453125
Dense3x20,5791,0,0,1,6.923828125
Dense3x20,1197,0,0,1,2.958984375
Dense3x20,9850,0,0,1,4.9755859375
Dense3x20,2996,0,0,1,2.6123046875
Dense3x20,2593,0,0,1,1.2646484375
Dense3x20,365,0,0,1,3.2275390625
Dense3x20,4741,0,0,1,3.3251953125
Dense3x20,327,0,0,1,5.8544921875
Dense3x20,3830,0,0,1,5.4443359375
Dense3x20,2894,0,0,1,1.416015625
Dense3x20,490,0,0,1,0.7470703125
Dense3x20,9666,0,0,1,1.572265625
Dense3x20,2236,0,0,1,3.1787109375
Dense3x20,6795,0,0,1,5.029296875
Dense3x20,6621,0,7,1,0.361328125
Dense3x20,6976,1,1,1,2.94921875
Dense3x20,3148,1,1,1,2.6025390625
Dense3x20,9348,1,1,1,3.0078125
Dense3x20,1900,1,1,1,2.5732421875
Dense3x20,2357,1,1,1,2.900390625
Dense3x20,3027,1,1,1,2.822265625
Dense3x20,4951,1,1,1,1.4794921875
Dense3x20,9143,1,1,1,3.017578125
Dense3x20,2912,1,1,1,2.75390625
Dense3x20,5524,1,1,1,3.8037109375
Dense3x20,9760,1,1,1,2.6416015625
Dense3x20,5699,1,1,1,3.8720703125
Dense3x20,1329,1,1,1,3.0810546875
Dense3x20,6623,1,1,1,2.0849609375
Dense3x20,755,1,1,1,2.94921875
Dense3x20,798,1,1,1,2.841796875
Dense3x20,8930,1,1,1,3.388671875
Dense3x20,8231,1,1,1,2.6416015625
Dense3x20,6135,1,1,1,2.4658203125
Dense3x20,2753,1,1,1,1.9384765625
Dense3x20,6618,1,1,1,2.099609375
Dense3x20,7608,1,1,1,2.275390625
Dense3x20,5614,1,1,1,3.076171875
Dense3x20,4318,1,1,1,2.041015625
Dense3x20,4035,1,1,1,3.935546875
Dense3x20,5044,1,1,1,3.1494140625
Dense3x20,1214,1,1,1,2.44140625
Dense3x20,6278,1,1,1,2.841796875
Dense3x20,265,1,1,1,3.9892578125
Dense3x20,4181,1,1,1,4.1845703125
Dense3x20,8540,1,1,1,3.828125
Dense3x20,7280,1,1,1,3.1884765625
Dense3x20,2302,1,1,1,2.568359375
Dense3x20,178,1,1,1,3.5107421875
Dense3x20,1934,1,1,1,3.505859375
Dense3x20,6044,1,1,1,2.392578125
Dense3x20,1909,1,1,1,2.4951171875
Dense3x20,9674,1,1,1,3.2861328125
Dense3x20,9081,1,1,1,2.861328125
Dense3x20,9682,1,1,1,3.22265625
Dense3x20,9356,1,1,1,2.63671875
Dense3x20,6628,1,1,1,2.763671875
Dense3x20,5013,1,1,1,2.9248046875
Dense3x20,9061,1,1,1,3.2080078125
Dense3x20,8536,1,1,1,3.1884765625
Dense3x20,1193,1,1,1,3.3740234375
Dense3x20,473,1,1,1,2.2509765625
Dense3x20,2324,1,1,1,3.8330078125
Dense3x20,5093,1,1,1,2.5390625
Dense3x20,1773,1,6,1,0.6201171875
Dense3x20,3669,1,1,1,2.7587890625
Dense3x20,3452,1,1,1,3.26171875
Dense3x20,6063,1,1,1,1.8701171875
Dense3x20,5132,1,1,1,3.466796875
Dense3x20,176,1,1,1,2.5048828125
Dense3x20,7728,1,1,1,1.1669921875
Dense3x20,5193,1,1,1,2.03125
Dense3x20,6783,1,6,1,1.62109375
Dense3x20,3320,1,1,1,2.6611328125
Dense3x20,4676,1,1,1,2.5341796875
Dense3x20,6233,1,1,1,2.63671875
Dense3x20,5893,1,1,1,2.7978515625
Dense3x20,4655,1,1,1,1.9384765625
Dense3x20,4190,1,1,1,2.98828125
Dense3x20,2171,1,1,1,2.59765625
Dense3x20,7847,1,1,1,1.2451171875
Dense3x20,4232,1,1,1,2.36328125
Dense3x20,907,1,1,1,2.1142578125
Dense3x20,4292,1,1,1,2.9345703125
Dense3x20,1988,1,1,1,2.958984375
Dense3x20,1097,1,1,1,2.6220703125
Dense3x20,2010,1,1,1,1.6748046875
Dense3x20,4646,1,1,1,2.158203125
Dense3x20,2803,1,1,1,2.8125
Dense3x20,9819,1,1,1,3.154296875
Dense3x20,9124,1,1,1,3.4912109375
Dense3x20,4105,1,1,1,2.8076171875
Dense3x20,135,1,1,1,3.525390625
Dense3x20,330,1,1,1,3.61328125
Dense3x20,239,1,1,1,3.6181640625
Dense3x20,4138,1,1,1,3.0712890625
Dense3x20,5399,1,1,1,3.0859375
Dense3x20,2825,1,1,1,1.923828125
Dense3x20,3214,1,1,1,2.6708984375
Dense3x20,4185,1,1,1,1.6650390625
Dense3x20,7717,1,1,1,3.408203125
Dense3x20,5203,1,1,1,2.626953125
Dense3x20,3014,1,1,1,2.7978515625
Dense3x20,9844,1,1,1,2.9638671875
Dense3x20,7899,1,8,1,0.6689453125
Dense3x20,7527,1,1,1,3.0078125
Dense3x20,1030,1,1,1,2.83203125
Dense3x20,4025,1,1,1,3.759765625
Dense3x20,480,1,1,1,2.7001953125
Dense3x20,8604,1,1,1,2.9833984375
Dense3x20,6809,1,1,1,2.40234375
Dense3x20,39,1,1,1,2.7197265625
Dense3x20,725,1,1,1,2.7099609375
Dense3x20,1603,1,1,1,3.10546875
Dense3x20,2786,1,1,1,2.3046875
Dense3x20,958,3,3,1,0.0439453125
Dense3x20,2347,3,3,1,1.328125
Dense3x20,3659,3,3,1,3.076171875
Dense3x20,5747,3,3,1,2.55859375
Dense3x20,6704,3,3,1,4.55078125
Dense3x20,30,3,3,1,3.046875
Dense3x20,8026,3,3,1,6.2060546875
Dense3x20,6745,3,3,1,3.466796875
Dense3x20,4541,3,3,1,3.02734375
Dense3x20,2884,3,3,1,1.6552734375
Dense3x20,5283,3,5,1,1.40625
Dense3x20,2731,3,3,1,2.3876953125
Dense3x20,5468,3,3,1,3.466796875
Dense3x20,6116,3,3,1,1.8115234375
Dense3x20,7257,3,3,1,4.052734375
Dense3x20,9717,3,3,1,5.6298828125
Dense3x20,569,3,5,1,0.2197265625
Dense3x20,2555,3,3,1,4.6142578125
Dense3x20,9007,3,8,1,1.38671875
Dense3x20,3486,3,3,1,3.4423828125
Dense3x20,5078,3,5,1,0.3369140625
Dense3x20,5446,3,3,1,0.6689453125
Dense3x20,3129,3,3,1,0.2001953125
Dense3x20,657,3,3,1,2.6318359375
Dense3x20,9192,3,3,1,3.505859375
Dense3x20,1617,3,3,1,1.7578125
Dense3x20,6821,3,3,1,3.5791015625
Dense3x20,4785,3,8,1,2.509765625
Dense3x20,524,3,3,1,2.1484375
Dense3x20,507,3,5,1,2.6806640625
Dense3x20,173,3,3,1,1.328125
Dense3x20,4526,3,3,1,4.111328125
Dense3x20,9491,3,3,1,2.6220703125
Dense3x20,1798,3,3,1,1.4501953125
Dense3x20,2955,3,3,1,6.0302734375
Dense3x20,976,3,3,1,1.611328125
Dense3x20,8801,3,3,1,4.1943359375
Dense3x20,1067,3,3,1,2.2021484375
Dense3x20,3943,3,5,1,1.181640625
Dense3x20,9680,3,3,1,1.9140625
Dense3x20,5824,3,3,1,1.25
Dense3x20,6950,3,3,1,3.6474609375
Dense3x20,9762,3,3,1,1.484375
Dense3x20,9581,3,3,1,3.857421875
Dense3x20,7479,3,3,1,3.3642578125
Dense3x20,3469,3,3,1,3.388671875
Dense3x20,5700,3,3,1,2.67578125
Dense3x20,8607,3,3,1,1.1376953125
Dense3x20,4808,3,3,1,2.177734375
Dense3x20,2756,3,3,1,0.2490234375
Dense3x20,8489,3,3,1,1.5771484375
Dense3x20,4600,3,3,1,3.8525390625
Dense3x20,782,3,3,1,2.919921875
Dense3x20,4904,3,3,1,5.1123046875
Dense3x20,9238,3,3,1,3.1787109375
Dense3x20,3738,3,3,1,2.021484375
Dense3x20,7329,3,3,1,5.400390625
Dense3x20,3787,3,3,1,1.8603515625
Dense3x20,4836,3,3,1,1.11328125
Dense3x20,2351,3,3,1,0.712890625
Dense3x20,7211,3,3,1,1.7724609375
Dense3x20,8916,3,3,1,3.49609375
Dense3x20,4397,3,3,1,1.9189453125
Dense3x20,2076,3,3,1,3.2666015625
Dense3x20,5150,3,3,1,5.41015625
Dense3x20,8821,3,3,1,4.2138671875
Dense3x20,6982,3,3,1,3.271484375
Dense3x20,9027,3,3,1,3.0615234375
Dense3x20,7252,3,3,1,3.6376953125
Dense3x20,7282,3,3,1,2.2705078125
Dense3x20,3493,3,3,1,3.2080078125
Dense3x20,6665,3,3,1,2.1728515625
Dense3x20,335,3,3,1,1.54296875
Dense3x20,6331,3,3,1,2.4755859375
Dense3x20,4311,3,3,1,0.8837890625
Dense3x20,2712,3,3,1,2.666015625
Dense3x20,6011,3,3,1,1.640625
Dense3x20,9100,3,3,1,5.185546875
Dense3x20,8483,3,3,1,3.4912109375
Dense3x20,4437,3,3,1,0.7666015625
Dense3x20,9536,3,3,1,1.6259765625
Dense3x20,4277,3,3,1,1.7236328125
Dense3x20,7026,3,3,1,5.1611328125
Dense3x20,3910,3,3,1,4.5654296875
Dense3x20,2914,3,8,1,0.2685546875
Dense3x20,5815,3,3,1,2.880859375
Dense3x20,7674,3,3,1,3.0810546875
Dense3x20,6481,3,3,1,3.5546875
Dense3x20,6564,3,3,1,0.732421875
Dense3x20,8624,3,3,1,2.4560546875
Dense3x20,792,3,3,1,4.0185546875
Dense3x20,6151,3,3,1,3.92578125
Dense3x20,6046,3,3,1,0.8056640625
Dense3x20,213,3,3,1,1.7431640625
Dense3x20,1463,3,7,1,0.2001953125
Dense3x20,938,3,5,1,1.142578125
Dense3x20,2031,3,3,1,4.7509765625
Dense3x20,933,3,3,1,3.3642578125
Dense3x20,4885,3,3,1,2.177734375
Dense3x20,686,3,3,1,3.203125
Dense3x25,8127,0,0,1,4.8095703125
Dense3x25,5069,0,0,1,4.716796875
Dense3x25,157,0,0,1,2.9052734375
Dense3x25,8951,0,0,1,3.8720703125
Dense3x25,851,0,0,1,2.8271484375
Dense3x25,9585,0,0,1,4.4970703125
Dense3x25,7440,0,0,1,2.314453125
Dense3x25,1535,0,0,1,3.603515625
Dense3x25,1775,0,0,1,2.1728515625
Dense3x25,1203,0,0,1,4.3310546875
Dense3x25,6526,0,0,1,4.4970703125
Dense3x25,8501,0,0,1,4.9267578125
Dense3x25,5428,0,0,1,5.390625
Dense3x25,7342,0,0,1,5.3564453125
Dense3x25,6843,0,0,1,2.94921875
Dense3x25,3077,0,0,1,1.318359375
Dense3x25,5270,0,0,1,2.2119140625
Dense3x25,3634,0,0,1,2.1044921875
Dense3x25,3322,0,0,1,2.0703125
Dense3x25,13,0,0,1,4.3505859375
Dense3x25,6259,0,0,1,4.7607421875
Dense3x25,3803,0,0,1,4.2041015625
Dense3x25,4241,0,0,1,5.1513671875
Dense3x25,2873,0,0,1,3.3935546875
Dense3x25,5251,0,0,1,2.4462890625
Dense3x25,2185,0,5,1,1.1474609375
Dense3x25,6786,0,0,1,4.8046875
Dense3x25,8343,0,0,1,2.8125
Dense3x25,5695,0,5,1,0.0341796875
Dense3x25,4365,0,0,1,3.6572265625
Dense3x25,6962,0,0,1,2.4755859375
Dense3x25,2236,0,0,1,3.037109375
Dense3x25,904,0,0,1,2.8369140625
Dense3x25,3870,0,0,1,3.61328125
Dense3x25,896,0,0,1,1.865234375
Dense3x25,136,0,0,1,2.734375
Dense3x25,8548,0,0,1,5.283203125
Dense3x25,9137,0,0,1,6.669921875
Dense3x25,5243,0,0,1,2.7978515625
Dense3x25,1487,0,0,1,2.607421875
Dense3x25,7202,0,0,1,4.013671875
Dense3x25,3191,0,0,1,2.392578125
Dense3x25,1121,0,0,1,1.40625
Dense3x25,5249,0,0,1,3.6865234375
Dense3x25,6643,0,5,1,1.650390625
Dense3x25,6621,0,0,1,1.26953125
Dense3x25,9704,0,0,1,3.28125
Dense3x25,7368,0,0,1,5.0146484375
Dense3x25,6191,0,0,1,6.3623046875
Dense3x25,5613,0,0,1,0.4638671875
Dense3x25,5305,0,0,1,4.736328125
Dense3x25,1009,0,0,1,1.6796875
Dense3x25,3540,0,0,1,3.9404296875
Dense3x25,5987,0,0,1,0.2685546875
Dense3x25,1411,0,0,1,1.1083984375
Dense3x25,3734,0,0,1,1.9775390625
Dense3x25,4150,0,0,1,5.7568359375
Dense3x25,5337,0,0,1,5.595703125
Dense3x25,8595,0,0,1,5.8154296875
Dense3x25,7410,0,0,1,2.0751953125
Dense3x25,8634,0,0,1,3.4716796875
Dense3x25,4166,0,0,1,1.93359375
Dense3x25,6580,0,0,1,2.841796875
Dense3x25,7175,0,0,1,3.6572265625
Dense3x25,296,0,0,1,5.2783203125
Dense3x25,2326,0,0,1,0.869140625
Dense3x25,1534,0,0,1,1.9775390625
Dense3x25,9440,0,0,1,4.8974609375
Dense3x25,1796,0,6,1,0.849609375
Dense3x25,717,0,0,1,0.400390625
Dense3x25,8023,0,0,1,6.357421875
Dense3x25,5685,0,0,1,4.2724609375
Dense3x25,8382,0,0,1,2.060546875
Dense3x25,5257,0,0,1,2.6416015625
Dense3x25,1619,0,0,1,2.2119140625
Dense3x25,997,0,0,1,4.6044921875
Dense3x25,2209,0,0,1,3.2177734375
Dense3x25,9174,0,0,1,6.1767578125
Dense3x25,4937,0,0,1,2.7001953125
Dense3x25,9647,0,0,1,4.6630859375
Dense3x25,7706,0,0,1,3.740234375
Dense3x25,5079,0,0,1,3.37890625
Dense3x25,6040,0,0,1,2.5244140625
Dense3x25,9179,0,0,1,4.98046875
Dense3x25,8978,0,0,1,5.4736328125
Dense3x25,498,0,0,1,1.162109375
Dense3x25,305,0,0,1,0.4248046875
Dense3x25,9281,0,0,1,3.505859375
Dense3x25,1148,0,0,1,4.21875
Dense3x25,2033,0,0,1,0.6689453125
Dense3x25,9791,0,0,1,3.37890625
Dense3x25,8114,0,0,1,6.0888671875
Dense3x25,4188,0,0,1,2.1875
Dense3x25,4146,0,0,1,1.6162109375
Dense3x25,6264,0,0,1,5.2783203125
Dense3x25,4329,0,0,1,1.3818359375
Dense3x25,4079,0,0,1,3.6767578125
Dense3x25,6099,0,0,1,5.3173828125
Dense3x25,3706,0,0,1,3.1494140625
Dense3x25,8798,0,0,1,4.2431640625
Dense3x25,6445,1,1,1,2.51953125
Dense3x25,2411,1,1,1,2.32421875
Dense3x25,4869,1,1,1,3.798828125
Dense3x25,5203,1,1,1,2.2314453125
Dense3x25,2519,1,1,1,1.962890625
Dense3x25,2722,1,1,1,2.0654296875
Dense3x25,276,1,1,1,2.890625
Dense3x25,8340,1,1,1,2.2998046875
Dense3x25,4602,1,1,1,2.2021484375
Dense3x25,6688,1,1,1,3.8427734375
Dense3x25,203,1,1,1,2.2265625
Dense3x25,9143,1,1,1,2.9345703125
Dense3x25,9407,1,1,1,2.7490234375
Dense3x25,5072,1,1,1,2.587890625
Dense3x25,9435,1,1,1,2.9248046875
Dense3x25,6720,1,1,1,2.763671875
Dense3x25,4057,1,1,1,3.2275390625
Dense3x25,4190,1,1,1,2.548828125
Dense3x25,6159,1,1,1,3.1298828125
Dense3x25,5794,1,1,1,2.2216796875
Dense3x25,2221,1,1,1,2.0751953125
Dense3x25,9324,1,1,1,2.3779296875
Dense3x25,3809,1,1,1,2.0849609375
Dense3x25,8493,1,1,1,0.6201171875
Dense3x25,2529,1,1,1,2.8515625
Dense3x25,1900,1,1,1,3.369140625
Dense3x25,6110,1,1,1,2.294921875
Dense3x25,4872,1,1,1,1.9140625
Dense3x25,8724,1,1,1,2.2412109375
Dense3x25,419,1,1,1,2.412109375
Dense3x25,818,1,1,1,3.076171875
Dense3x25,9401,1,1,1,3.388671875
Dense3x25,3438,1,1,1,1.982421875
Dense3x25,4304,1,1,1,2.216796875
Dense3x25,1040,1,1,1,1.9384765625
Dense3x25,8113,1,1,1,2.7587890625
Dense3x25,8658,1,1,1,2.65625
Dense3x25,6673,1,1,1,2.3828125
Dense3x25,772,1,1,1,2.4609375
Dense3x25,8986,1,1,1,2.6611328125
Dense3x25,5093,1,1,1,2.6220703125
Dense3x25,7395,1,1,1,2.08984375
Dense3x25,7005,1,1,1,2.0751953125
Dense3x25,8526,1,1,1,2.96875
Dense3x25,6278,1,1,1,1.9970703125
Dense3x25,7916,1,1,1,2.5439453125
Dense3x25,5984,1,1,1,2.5830078125
Dense3x25,9485,1,1,1,2.48046875
Dense3x25,189,1,1,1,1.7333984375
Dense3x25,2757,1,1,1,2.6611328125
Dense3x25,2302,1,1,1,2.1142578125
Dense3x25,7399,1,1,1,2.3583984375
Dense3x25,4318,1,1,1,1.38671875
Dense3x25,4014,1,1,1,2.890625
Dense3x25,4733,1,1,1,1.259765625
Dense3x25,8715,1,1,1,2.333984375
Dense3x25,9799,1,1,1,2.9248046875
Dense3x25,735,1,1,1,2.5830078125
Dense3x25,3605,1,1,1,2.05078125
Dense3x25,8090,1,1,1,2.6953125
Dense3x25,1316,1,1,1,2.4609375
Dense3x25,3264,1,1,1,2.83203125
Dense3x25,9378,1,1,1,3.9208984375
Dense3x25,3866,1,1,1,3.0810546875
Dense3x25,1030,1,1,1,2.2509765625
Dense3x25,7073,1,1,1,2.7392578125
Dense3x25,4580,1,1,1,2.67578125
Dense3x25,9912,1,1,1,3.193359375
Dense3x25,1753,1,1,1,2.7783203125
Dense3x25,135,1,1,1,3.28125
Dense3x25,8231,1,1,1,3.095703125
Dense3x25,393,1,1,1,2.412109375
Dense3x25,5762,1,1,1,2.3193359375
Dense3x25,272,1,1,1,2.91015625
Dense3x25,8543,1,1,1,3.2568359375
Dense3x25,9061,1,1,1,2.9296875
Dense3x25,948,1,1,1,2.587890625
Dense3x25,9282,1,1,1,2.2265625
Dense3x25,3900,1,1,1,2.87109375
Dense3x25,1673,1,1,1,2.6904296875
Dense3x25,3143,1,1,1,2.880859375
Dense3x25,1193,1,1,1,2.4609375
Dense3x25,7802,1,1,1,2.0751953125
Dense3x25,3255,1,1,1,1.8310546875
Dense3x25,7319,1,1,1,2.8076171875
Dense3x25,7232,1,1,1,1.5966796875
Dense3x25,6482,1,1,1,2.6220703125
Dense3x25,4595,1,1,1,3.6279296875
Dense3x25,4764,1,1,1,1.9482421875
Dense3x25,3073,1,2,1,1.4697265625
Dense3x25,5499,1,1,1,2.1240234375
Dense3x25,6472,1,1,1,2.3193359375
Dense3x25,4778,1,1,1,2.6123046875
Dense3x25,682,1,1,1,2.607421875
Dense3x25,8088,1,1,1,2.392578125
Dense3x25,8469,1,1,1,3.388671875
Dense3x25,2017,1,1,1,3.1298828125
Dense3x25,265,1,1,1,3.4423828125
Dense3x25,8068,1,1,1,3.3154296875
Dense3x25,1238,1,1,1,2.978515625
Dense3x25,6096,3,3,1,3.9501953125
Dense3x25,32,3,3,1,2.2314453125
Dense3x25,526,3,3,1,2.841796875
Dense3x25,6593,3,3,1,3.2373046875
Dense3x25,4026,3,3,1,3.57421875
Dense3x25,4657,3,3,1,1.5576171875
Dense3x25,4541,3,3,1,4.70703125
Dense3x25,7690,3,3,1,2.1826171875
Dense3x25,76,3,3,1,2.5390625
Dense3x25,1926,3,3,1,0.1220703125
Dense3x25,369,3,3,1,2.1826171875
Dense3x25,8201,3,3,1,4.6240234375
Dense3x25,8010,3,2,1,0.25390625
Dense3x25,4501,3,3,1,2.48046875
Dense3x25,528,3,3,1,0.1025390625
Dense3x25,5734,3,7,1,1.7236328125
Dense3x25,1913,3,3,1,0.7861328125
Dense3x25,216,3,3,1,4.1064453125
Dense3x25,6046,3,8,1,0.1806640625
Dense3x25,6857,3,3,1,3.857421875
Dense3x25,7040,3,3,1,0.361328125
Dense3x25,2222,3,3,1,3.02734375
Dense3x25,3620,3,3,1,4.16015625
Dense3x25,1489,3,3,1,2.255859375
Dense3x25,230,3,3,1,2.7880859375
Dense3x25,2431,3,3,1,3.720703125
Dense3x25,5283,3,5,1,0.625
Dense3x25,4532,3,3,1,2.20703125
Dense3x25,8903,3,3,1,4.00390625
Dense3x25,6289,3,3,1,2.021484375
Dense3x25,6194,3,3,1,1.318359375
Dense3x25,3449,3,3,1,3.75
Dense3x25,1601,3,3,1,0.7373046875
Dense3x25,6447,3,3,1,3.5205078125
Dense3x25,3285,3,3,1,3.3349609375
Dense3x25,1134,3,3,1,3.916015625
Dense3x25,2884,3,3,1,1.5185546875
Dense3x25,5074,3,3,1,1.3330078125
Dense3x25,6299,3,3,1,4.74609375
Dense3x25,7750,3,3,1,6.0888671875
Dense3x25,4586,3,3,1,3.046875
Dense3x25,669,3,3,1,3.203125
Dense3x25,7875,3,3,1,3.2275390625
Dense3x25,1605,3,3,1,3.6669921875
Dense3x25,5766,3,3,1,5.5615234375
Dense3x25,8370,3,3,1,4.51171875
Dense3x25,2427,3,3,1,2.7294921875
Dense3x25,3487,3,3,1,4.482421875
Dense3x25,958,3,3,1,1.26953125
Dense3x25,1832,3,3,1,0.986328125
Dense3x25,6918,3,3,1,3.623046875
Dense3x25,6349,3,3,1,3.53515625
Dense3x25,2364,3,3,1,4.130859375
Dense3x25,8840,3,3,1,4.3603515625
Dense3x25,3812,3,3,1,4.326171875
Dense3x25,849,3,3,1,3.7060546875
Dense3x25,7821,3,2,1,3.583984375
Dense3x25,1803,3,3,1,3.7060546875
Dense3x25,7484,3,3,1,3.9990234375
Dense3x25,887,3,3,1,3.2373046875
Dense3x25,9073,3,3,1,3.8134765625
Dense3x25,7956,3,3,1,6.025390625
Dense3x25,2767,3,3,1,3.3203125
Dense3x25,3409,3,3,1,4.326171875
Dense3x25,4469,3,3,1,2.7685546875
Dense3x25,6365,3,3,1,4.2724609375
Dense3x25,1367,3,3,1,5.7958984375
Dense3x25,8430,3,3,1,1.5380859375
Dense3x25,2086,3,3,1,3.69140625
Dense3x25,2991,3,3,1,0.72265625
Dense3x25,5573,3,3,1,1.572265625
Dense3x25,9821,3,3,1,5.4296875
Dense3x25,4306,3,7,1,1.474609375
Dense3x25,7119,3,3,1,4.1455078125
Dense3x25,2799,3,3,1,2.7978515625
Dense3x25,3916,3,3,1,2.509765625
Dense3x25,8489,3,3,1,2.8369140625
Dense3x25,6213,3,3,1,3.8330078125
Dense3x25,200,3,3,1,4.9462890625
Dense3x25,2109,3,7,1,0.4052734375
Dense3x25,4836,3,3,1,1.0595703125
Dense3x25,7117,3,3,1,2.9833984375
Dense3x25,4630,3,3,1,0.6689453125
Dense3x25,6382,3,3,1,5.5419921875
Dense3x25,2045,3,3,1,3.388671875
Dense3x25,3630,3,3,1,3.5595703125
Dense3x25,2555,3,3,1,5.3173828125
Dense3x25,5038,3,3,1,1.1572265625
Dense3x25,2032,3,3,1,3.8916015625
Dense3x25,8939,3,3,1,4.228515625
Dense3x25,4928,3,3,1,0.8740234375
Dense3x25,6061,3,3,1,2.4609375
Dense3x25,637,3,3,1,2.7783203125
Dense3x25,1983,3,3,1,2.158203125
Dense3x25,1062,3,3,1,1.025390625
Dense3x25,1804,3,3,1,5.732421875
Dense3x25,9083,3,3,1,6.533203125
Dense3x25,9975,3,2,1,0.41015625
Dense3x25,5764,3,3,1,4.4921875
Dense3x25,1067,3,3,1,2.294921875
Dense3x30,2081,0,0,1,2.9296875
Dense3x30,2817,0,0,1,7.4365234375
Dense3x30,1589,0,0,1,4.84375
Dense3x30,642,0,0,1,3.30078125
Dense3x30,7536,0,0,1,4.130859375
Dense3x30,4776,0,0,1,5.283203125
Dense3x30,3219,0,0,1,1.1279296875
Dense3x30,3677,0,0,1,6.494140625
Dense3x30,6781,0,0,1,7.275390625
Dense3x30,2899,0,0,1,3.73046875
Dense3x30,4348,0,0,1,5.869140625
Dense3x30,6719,0,0,1,6.220703125
Dense3x30,9167,0,0,1,5.9765625
Dense3x30,7330,0,0,1,6.044921875
Dense3x30,1001,0,0,1,3.4326171875
Dense3x30,7031,0,0,1,2.3095703125
Dense3x30,1794,0,0,1,1.4013671875
Dense3x30,8351,0,0,1,3.8427734375
Dense3x30,4146,0,0,1,2.8076171875
Dense3x30,6250,0,0,1,4.23828125
Dense3x30,2378,0,0,1,2.75390625
Dense3x30,8657,0,0,1,5.6591796875
Dense3x30,4957,0,0,1,4.0869140625
Dense3x30,5567,0,0,1,3.9453125
Dense3x30,6429,0,0,1,6.240234375
Dense3x30,9688,0,0,1,4.4287109375
Dense3x30,5529,0,0,1,4.423828125
Dense3x30,6701,0,0,1,6.26953125
Dense3x30,1188,0,0,1,3.232421875
Dense3x30,3695,0,0,1,4.0869140625
Dense3x30,9902,0,0,1,2.9296875
Dense3x30,5592,0,0,1,5.5712890625
Dense3x30,3536,0,0,1,3.3837890625
Dense3x30,9455,0,0,1,5.1318359375
Dense3x30,5930,0,0,1,5.3173828125
Dense3x30,7062,0,0,1,4.1259765625
Dense3x30,1944,0,0,1,4.1259765625
Dense3x30,7835,0,0,1,6.328125
Dense3x30,9519,0,0,1,5.5322265625
Dense3x30,9983,0,0,1,6.767578125
Dense3x30,4448,0,0,1,3.9697265625
Dense3x30,1220,0,0,1,4.1455078125
Dense3x30,8388,0,0,1,3.30078125
Dense3x30,6428,0,0,1,1.015625
Dense3x30,2824,0,0,1,2.7197265625
Dense3x30,7646,0,0,1,4.1357421875
Dense3x30,3358,0,0,1,2.7392578125
Dense3x30,4477,0,6,1,0.33203125
Dense3x30,8514,0,0,1,5.46875
Dense3x30,9704,0,0,1,3.5986328125
Dense3x30,1197,0,0,1,3.017578125
Dense3x30,3574,0,7,1,0.205078125
Dense3x30,1843,0,0,1,0.0927734375
Dense3x30,8535,0,0,1,7.294921875
Dense3x30,5653,0,0,1,1.2890625
Dense3x30,2190,0,0,1,2.705078125
Dense3x30,2568,0,0,1,3.681640625
Dense3x30,8845,0,0,1,4.697265625
Dense3x30,9080,0,0,1,7.119140625
Dense3x30,3446,0,0,1,3.14453125
Dense3x30,7190,0,0,1,2.7783203125
Dense3x30,2777,0,0,1,2.8955078125
Dense3x30,1438,0,0,1,2.0703125
Dense3x30,5141,0,0,1,5.60546875
Dense3x30,5942,0,0,1,6.5380859375
Dense3x30,7866,0,0,1,5.673828125
Dense3x30,7261,0,0,1,4.033203125
Dense3x30,380,0,0,1,4.2236328125
Dense3x30,3090,0,0,1,2.6953125
Dense3x30,8752,0,0,1,4.4580078125
Dense3x30,6280,0,0,1,5.8056640625
Dense3x30,5259,0,0,1,4.8828125
Dense3x30,5463,0,0,1,5.791015625
Dense3x30,7898,0,0,1,6.6064453125
Dense3x30,6489,0,0,1,5.2783203125
Dense3x30,3032,0,0,1,5.732421875
Dense3x30,2717,0,0,1,3.75
Dense3x30,1333,0,0,1,5.615234375
Dense3x30,9948,0,0,1,4.23828125
Dense3x30,2226,0,0,1,3.90625
Dense3x30,2999,0,0,1,3.0078125
Dense3x30,5791,0,0,1,3.974609375
Dense3x30,1154,0,0,1,4.384765625
Dense3x30,7049,0,0,1,0.5859375
Dense3x30,7617,0,0,1,4.619140625
Dense3x30,2295,0,0,1,4.4140625
Dense3x30,904,0,0,1,4.66796875
Dense3x30,1504,0,0,1,3.3154296875
Dense3x30,8501,0,0,1,5.3271484375
Dense3x30,1826,0,0,1,4.19921875
Dense3x30,2370,0,0,1,2.1826171875
Dense3x30,4473,0,0,1,2.5439453125
Dense3x30,9223,0,0,1,6.15234375
Dense3x30,3412,0,0,1,1.3720703125
Dense3x30,2106,0,0,1,4.7412109375
Dense3x30,1534,0,0,1,2.36328125
Dense3x30,6398,0,0,1,4.5556640625
Dense3x30,9358,0,0,1,4.892578125
Dense3x30,6971,0,0,1,3.8330078125
Dense3x30,365,0,0,1,2.6708984375
Dense3x30,4564,1,1,1,2.685546875
Dense3x30,7806,1,1,1,0.3662109375
Dense3x30,5732,1,1,1,2.44140625
Dense3x30,455,1,1,1,2.978515625
Dense3x30,7167,1,1,1,2.34375
Dense3x30,8390,1,1,1,2.919921875
Dense3x30,3027,1,1,1,2.5341796875
Dense3x30,4670,1,1,1,2.4951171875
Dense3x30,2984,1,1,1,2.490234375
Dense3x30,7783,1,1,1,0.21484375
Dense3x30,4643,1,1,1,1.923828125
Dense3x30,1988,1,1,1,2.5146484375
Dense3x30,4953,1,1,1,3.2373046875
Dense3x30,6869,1,1,1,2.998046875
Dense3x30,9978,1,1,1,2.8955078125
Dense3x30,1760,1,1,1,2.841796875
Dense3x30,8078,1,1,1,1.6162109375
Dense3x30,4759,1,1,1,1.6357421875
Dense3x30,5112,1,1,1,3.2275390625
Dense3x30,6604,1,1,1,2.55859375
Dense3x30,329,1,1,1,3.0224609375
Dense3x30,7399,1,1,1,2.83203125
Dense3x30,4168,1,1,1,2.734375
Dense3x30,7556,1,1,1,2.3828125
Dense3x30,7839,1,8,1,2.71484375
Dense3x30,3354,1,1,1,2.96875
Dense3x30,1753,1,1,1,2.8466796875
Dense3x30,7053,1,1,1,0.751953125
Dense3x30,1030,1,1,1,2.705078125
Dense3x30,7969,1,1,1,2.8369140625
Dense3x30,1075,1,1,1,2.099609375
Dense3x30,3741,1,1,1,3.4912109375
Dense3x30,7422,1,1,1,2.8173828125
Dense3x30,3983,1,1,1,2.080078125
Dense3x30,8159,1,1,1,2.5927734375
Dense3x30,1448,1,1,1,2.685546875
Dense3x30,5211,1,1,1,2.4169921875
Dense3x30,3699,1,1,1,2.7099609375
Dense3x30,3922,1,1,1,2.6513671875
Dense3x30,2885,1,1,1,1.7822265625
Dense3x30,9049,1,1,1,2.63671875
Dense3x30,1555,1,1,1,2.3291015625
Dense3x30,3562,1,1,1,2.28515625
Dense3x30,1129,1,1,1,3.0419921875
Dense3x30,984,1,1,1,2.5634765625
Dense3x30,3438,1,1,1,2.3974609375
Dense3x30,5991,1,1,1,3.22265625
Dense3x30,3593,1,1,1,2.724609375
Dense3x30,8980,1,1,1,2.021484375
Dense3x30,5316,1,1,1,2.890625
Dense3x30,4580,1,1,1,3.0517578125
Dense3x30,848,1,1,1,2.7294921875
Dense3x30,8289,1,1,1,2.7001953125
Dense3x30,3244,1,1,1,1.8115234375
Dense3x30,3480,1,1,1,2.392578125
Dense3x30,9434,1,1,1,2.744140625
Dense3x30,9641,1,1,1,1.9775390625
Dense3x30,7171,1,1,1,1.9287109375
Dense3x30,1350,1,1,1,2.900390625
Dense3x30,1040,1,1,1,2.3779296875
Dense3x30,3652,1,1,1,2.4365234375
Dense3x30,8862,1,1,1,2.55859375
Dense3x30,4036,1,1,1,3.3203125
Dense3x30,4909,1,1,1,2.197265625
Dense3x30,824,1,1,1,2.20703125
Dense3x30,1392,1,1,1,1.9580078125
Dense3x30,3639,1,1,1,2.6904296875
Dense3x30,7567,1,1,1,2.3779296875
Dense3x30,1213,1,1,1,2.7880859375
Dense3x30,9509,1,1,1,2.392578125
Dense3x30,1434,1,1,1,2.880859375
Dense3x30,1876,1,1,1,2.8662109375
Dense3x30,2822,1,1,1,2.939453125
Dense3x30,204,1,1,1,2.16796875
Dense3x30,9388,1,1,1,2.08984375
Dense3x30,1011,1,1,1,3.0078125
Dense3x30,9645,1,1,1,1.865234375
Dense3x30,6670,1,1,1,2.529296875
Dense3x30,9444,1,1,1,2.626953125
Dense3x30,6472,1,1,1,2.2509765625
Dense3x30,276,1,1,1,2.998046875
Dense3x30,5679,1,1,1,2.8369140625
Dense3x30,37,1,1,1,2.548828125
Dense3x30,8469,1,1,1,2.216796875
Dense3x30,9200,1,1,1,2.2314453125
Dense3x30,6468,1,1,1,2.08984375
Dense3x30,6720,1,1,1,1.9384765625
Dense3x30,9112,1,1,1,0.1025390625
Dense3x30,3143,1,1,1,2.9638671875
Dense3x30,5550,1,1,1,3.2373046875
Dense3x30,2366,1,1,1,2.5390625
Dense3x30,1139,1,1,1,2.9443359375
Dense3x30,7832,1,1,1,3.095703125
Dense3x30,3777,1,1,1,2.0556640625
Dense3x30,8229,1,1,1,0.37109375
Dense3x30,9802,1,1,1,3.1494140625
Dense3x30,3386,1,1,1,2.119140625
Dense3x30,5506,1,1,1,3.61328125
Dense3x30,267,1,1,1,3.193359375
Dense3x30,3779,1,1,1,2.890625
Dense3x30,1278,3,3,1,5.6591796875
Dense3x30,5472,3,3,1,7.6123046875
Dense3x30,7401,3,3,1,2.421875
Dense3x30,1746,3,3,1,3.6962890625
Dense3x30,8777,3,3,1,6.0107421875
Dense3x30,5248,3,3,1,3.88671875
Dense3x30,8561,3,3,1,6.5185546875
Dense3x30,4758,3,3,1,4.04296875
Dense3x30,1797,3,3,1,1.9873046875
Dense3x30,7509,3,3,1,5.6396484375
Dense3x30,7103,3,3,1,3.779296875
Dense3x30,9308,3,3,1,2.6513671875
Dense3x30,5687,3,3,1,2.451171875
Dense3x30,9177,3,3,1,6.2255859375
Dense3x30,9727,3,3,1,4.970703125
Dense3x30,2549,3,3,1,3.4814453125
Dense3x30,8864,3,3,1,4.228515625
Dense3x30,9548,3,3,1,4.5947265625
Dense3x30,5760,3,3,1,4.4189453125
Dense3x30,7763,3,3,1,5.6494140625
Dense3x30,6542,3,3,1,1.73828125
Dense3x30,9707,3,3,1,6.484375
Dense3x30,6704,3,3,1,4.3896484375
Dense3x30,6504,3,3,1,3.671875
Dense3x30,1983,3,3,1,2.734375
Dense3x30,1172,3,3,1,2.8076171875
Dense3x30,7674,3,3,1,3.6376953125
Dense3x30,7893,3,3,1,5.3369140625
Dense3x30,6034,3,3,1,1.66015625
Dense3x30,2020,3,3,1,3.2421875
Dense3x30,2408,3,3,1,2.4462890625
Dense3x30,577,3,3,1,3.447265625
Dense3x30,9501,3,3,1,3.701171875
Dense3x30,3010,3,3,1,3.3642578125
Dense3x30,4244,3,3,1,2.607421875
Dense3x30,5074,3,3,1,2.16796875
Dense3x30,9175,3,3,1,4.931640625
Dense3x30,32,3,3,1,3.4228515625
Dense3x30,7250,3,3,1,5.4638671875
Dense3x30,5764,3,3,1,4.1357421875
Dense3x30,1134,3,3,1,5.7275390625
Dense3x30,4928,3,3,1,1.6357421875
Dense3x30,402,3,3,1,3.88671875
Dense3x30,1661,3,3,1,3.505859375
Dense3x30,573,3,3,1,4.892578125
Dense3x30,8010,3,8,1,0.2783203125
Dense3x30,7993,3,3,1,5.80078125
Dense3x30,3129,3,3,1,2.2509765625
Dense3x30,5638,3,3,1,3.5546875
Dense3x30,2312,3,3,1,0.751953125
Dense3x30,245,3,3,1,1.5966796875
Dense3x30,795,3,3,1,1.044921875
Dense3x30,1731,3,3,1,3.5888671875
Dense3x30,3108,3,3,1,0.3759765625
Dense3x30,8328,3,3,1,5.5810546875
Dense3x30,5336,3,3,1,3.45703125
Dense3x30,8939,3,3,1,4.0625
Dense3x30,9217,3,3,1,3.1591796875
Dense3x30,2153,3,3,1,3.41796875
Dense3x30,1962,3,3,1,5.048828125
Dense3x30,9561,3,3,1,3.7744140625
Dense3x30,5140,3,4,1,0.0390625
Dense3x30,8494,3,3,1,4.74609375
Dense3x30,4925,3,3,1,3.4765625
Dense3x30,9182,3,8,1,0.8203125
Dense3x30,7476,3,3,1,2.041015625
Dense3x30,3738,3,3,1,2.421875
Dense3x30,369,3,3,1,2.998046875
Dense3x30,8411,3,3,1,5.05859375
Dense3x30,6811,3,3,1,3.6181640625
Dense3x30,9163,3,3,1,2.6220703125
Dense3x30,2731,3,3,1,0.7373046875
Dense3x30,8684,3,3,1,1.77734375
Dense3x30,9056,3,3,1,4.1455078125
Dense3x30,7529,3,3,1,4.4873046875
Dense3x30,9882,3,3,1,2.021484375
Dense3x30,8451,3,3,1,4.052734375
Dense3x30,9943,3,3,1,0.0048828125
Dense3x30,9804,3,3,1,3.515625
Dense3x30,569,3,5,1,2.216796875
Dense3x30,7436,3,3,1,1.8896484375
Dense3x30,8226,3,3,1,3.134765625
Dense3x30,6727,3,3,1,6.38671875
Dense3x30,4162,3,3,1,6.0693359375
Dense3x30,7829,3,3,1,4.3017578125
Dense3x30,3944,3,3,1,4.0478515625
Dense3x30,574,3,3,1,3.5009765625
Dense3x30,4638,3,3,1,4.6533203125
Dense3x30,8660,3,3,1,4.6875
Dense3x30,5479,3,3,1,4.12109375
Dense3x30,5747,3,3,1,3.662109375
Dense3x30,1840,3,3,1,5.4541015625
Dense3x30,7484,3,3,1,4.8046875
Dense3x30,2555,3,3,1,5.9375
Dense3x30,1298,3,3,1,2.9638671875
Dense3x30,2348,3,3,1,2.36328125
Dense3x30,5538,3,3,1,5.966796875
Dense3x30,7730,3,3,1,4.5703125
Dense3x30,2785,3,3,1,5.1904296875
Dense3x30,9942,3,3,1,3.6181640625
Dense3x35,4780,0,0,1,2.1630859375
Dense3x35,7491,0,5,1,0.400390625
Dense3x35,6753,0,0,1,4.2041015625
Dense3x35,3322,0,0,1,2.294921875
Dense3x35,7989,0,0,1,4.8583984375
Dense3x35,4448,0,0,1,4.1064453125
Dense3x35,5952,0,0,1,5.029296875
Dense3x35,2656,0,0,1,1.9091796875
Dense3x35,8468,0,0,1,5.0390625
Dense3x35,3849,0,0,1,2.87109375
Dense3x35,4720,0,0,1,2.7734375
Dense3x35,6590,0,5,1,0.8447265625
Dense3x35,5321,0,0,1,4.3505859375
Dense3x35,4617,0,0,1,4.4482421875
Dense3x35,4999,0,0,1,5.25390625
Dense3x35,3178,0,0,1,5.0634765625
Dense3x35,5818,0,0,1,3.5205078125
Dense3x35,8243,0,0,1,2.63671875
Dense3x35,8056,0,0,1,6.9775390625
Dense3x35,5006,0,0,1,2.470703125
Dense3x35,2703,0,0,1,4.12109375
Dense3x35,6129,0,0,1,4.8193359375
Dense3x35,1288,0,0,1,1.8017578125
Dense3x35,3446,0,0,1,2.3046875
Dense3x35,4155,0,0,1,4.43359375
Dense3x35,1610,0,0,1,4.365234375
Dense3x35,7225,0,0,1,2.353515625
Dense3x35,6798,0,0,1,5.7470703125
Dense3x35,4542,0,0,1,4.1259765625
Dense3x35,6444,0,0,1,2.4267578125
Dense3x35,7049,0,0,1,0.9033203125
Dense3x35,2294,0,0,1,1.728515625
Dense3x35,9095,0,0,1,5.3173828125
Dense3x35,7868,0,0,1,4.873046875
Dense3x35,3417,0,0,1,2.63671875
Dense3x35,4604,0,0,1,5.0830078125
Dense3x35,8657,0,0,1,4.0478515625
Dense3x35,3574,0,9,1,0.0390625
Dense3x35,9436,0,0,1,2.0849609375
Dense3x35,9601,0,0,1,3.3544921875
Dense3x35,7838,0,0,1,5.5419921875
Dense3x35,4227,0,0,1,2.8173828125
Dense3x35,2527,0,0,1,3.0322265625
Dense3x35,9688,0,0,1,2.9296875
Dense3x35,1764,0,0,1,3.6328125
Dense3x35,4880,0,8,1,3.0224609375
Dense3x35,7607,0,0,1,3.3935546875
Dense3x35,4741,0,0,1,3.02734375
Dense3x35,4641,0,0,1,2.9931640625
Dense3x35,2087,0,0,1,5.048828125
Dense3x35,7168,0,0,1,4.3017578125
Dense3x35,2899,0,0,1,3.486328125
Dense3x35,4186,0,0,1,2.79296875
Dense3x35,993,0,0,1,2.8369140625
Dense3x35,3450,0,8,1,1.1181640625
Dense3x35,3210,0,0,1,2.6318359375
Dense3x35,5241,0,0,1,3.525390625
Dense3x35,9648,0,0,1,4.296875
Dense3x35,8951,0,0,1,4.3798828125
Dense3x35,7882,0,0,1,4.9658203125
Dense3x35,2318,0,0,1,1.7919921875
Dense3x35,6962,0,0,1,3.2861328125
Dense3x35,6557,0,0,1,2.01171875
Dense3x35,7810,0,0,1,5.712890625
Dense3x35,7202,0,0,1,3.681640625
Dense3x35,1246,0,0,1,2.197265625
Dense3x35,7846,0,0,1,5.8740234375
Dense3x35,6971,0,0,1,2.900390625
Dense3x35,8595,0,0,1,5.0634765625
Dense3x35,1987,0,0,1,2.7587890625
Dense3x35,9396,0,0,1,3.818359375
Dense3x35,4286,0,0,1,2.841796875
Dense3x35,1826,0,0,1,2.87109375
Dense3x35,2592,0,0,1,3.9794921875
Dense3x35,5008,0,0,1,2.1728515625
Dense3x35,5980,0,0,1,2.8125
Dense3x35,9704,0,0,1,3.896484375
Dense3x35,6400,0,0,1,0.68359375
Dense3x35,7368,0,0,1,4.951171875
Dense3x35,9952,0,0,1,4.7412109375
Dense3x35,9440,0,0,1,4.775390625
Dense3x35,3536,0,0,1,2.6953125
Dense3x35,188,0,0,1,4.443359375
Dense3x35,1273,0,0,1,2.861328125
Dense3x35,1570,0,0,1,1.1083984375
Dense3x35,6894,0,0,1,2.7587890625
Dense3x35,4090,0,0,1,2.236328125
Dense3x35,1700,0,0,1,2.8515625
Dense3x35,8895,0,0,1,3.876953125
Dense3x35,7465,0,0,1,2.3046875
Dense3x35,5653,0,0,1,0.8349609375
Dense3x35,5890,0,0,1,1.5869140625
Dense3x35,3764,0,9,1,0.17578125
Dense3x35,552,0,0,1,2.001953125
Dense3x35,7536,0,0,1,3.5498046875
Dense3x35,441,0,0,1,3.3203125
Dense3x35,5368,0,0,1,4.3603515625
Dense3x35,9167,0,0,1,4.9755859375
Dense3x35,9687,0,0,1,2.060546875
Dense3x35,6454,0,0,1,3.505859375
Dense3x35,8420,1,1,1,2.958984375
Dense3x35,8971,1,1,1,3.134765625
Dense3x35,3379,1,1,1,3.3251953125
Dense3x35,836,1,1,1,2.9345703125
Dense3x35,330,1,1,1,3.28125
Dense3x35,3937,1,1,1,2.177734375
Dense3x35,7228,1,1,1,2.1142578125
Dense3x35,2154,1,1,1,3.212890625
Dense3x35,7053,1,1,1,2.3291015625
Dense3x35,6751,1,1,1,2.705078125
Dense3x35,5873,1,1,1,2.7783203125
Dense3x35,4717,1,1,1,2.7099609375
Dense3x35,4249,1,1,1,2.75390625
Dense3x35,2815,1,1,1,2.9833984375
Dense3x35,2239,1,1,1,2.12890625
Dense3x35,8986,1,1,1,2.4169921875
Dense3x35,1945,1,1,1,3.271484375
Dense3x35,9049,1,1,1,3.4130859375
Dense3x35,6661,1,1,1,2.3583984375
Dense3x35,1867,1,1,1,3.28125
Dense3x35,5646,1,1,1,3.1884765625
Dense3x35,537,1,1,1,3.173828125
Dense3x35,2366,1,1,1,2.9541015625
Dense3x35,2261,1,1,1,3.369140625
Dense3x35,1548,1,1,1,2.900390625
Dense3x35,6733,1,1,1,3.8037109375
Dense3x35,4201,1,7,1,0.517578125
Dense3x35,1316,1,1,1,3.0126953125
Dense3x35,8938,1,1,1,2.87109375
Dense3x35,4050,1,1,1,2.294921875
Dense3x35,2946,1,1,1,2.40234375
Dense3x35,3203,1,1,1,2.3095703125
Dense3x35,7191,1,1,1,2.3828125
Dense3x35,6058,1,1,1,3.0908203125
Dense3x35,224,1,1,1,1.5576171875
Dense3x35,5453,1,1,1,2.783203125
Dense3x35,7728,1,1,1,2.4658203125
Dense3x35,409,1,1,1,2.880859375
Dense3x35,5477,1,1,1,2.822265625
Dense3x35,6430,1,1,1,3.14453125
Dense3x35,6917,1,1,1,3.3837890625
Dense3x35,6254,1,1,1,3.056640625
Dense3x35,8068,1,1,1,2.2802734375
Dense3x35,6202,1,1,1,3.076171875
Dense3x35,9796,1,1,1,2.7783203125
Dense3x35,1900,1,1,1,2.0068359375
Dense3x35,5,1,1,1,2.8369140625
Dense3x35,6758,1,1,1,3.3251953125
Dense3x35,9180,1,1,1,3.193359375
Dense3x35,8862,1,1,1,3.3203125
Dense3x35,700,1,1,1,2.4462890625
Dense3x35,2175,1,1,1,2.236328125
Dense3x35,4872,1,1,1,2.5146484375
Dense3x35,5281,1,1,1,3.681640625
Dense3x35,6083,1,1,1,1.845703125
Dense3x35,7920,1,1,1,2.0703125
Dense3x35,5044,1,1,1,3.1689453125
Dense3x35,4653,1,1,1,2.734375
Dense3x35,191,1,1,1,1.7529296875
Dense3x35,1434,1,1,1,3.0908203125
Dense3x35,1643,1,1,1,3.1884765625
Dense3x35,2612,1,1,1,3.603515625
Dense3x35,189,1,1,1,1.71875
Dense3x35,5013,1,1,1,3.18359375
Dense3x35,9002,1,1,1,3.0908203125
Dense3x35,9848,1,1,1,3.2861328125
Dense3x35,9345,1,1,1,3.0224609375
Dense3x35,154,1,1,1,2.4951171875
Dense3x35,3433,1,1,1,2.9443359375
Dense3x35,9324,1,1,1,2.6708984375
Dense3x35,4864,1,1,1,2.1533203125
Dense3x35,9838,1,1,1,2.94921875
Dense3x35,8390,1,1,1,2.6416015625
Dense3x35,826,1,1,1,3.2275390625
Dense3x35,4859,1,1,1,2.8857421875
Dense3x35,1254,1,1,1,2.890625
Dense3x35,2013,1,1,1,2.3681640625
Dense3x35,8396,1,1,1,2.65625
Dense3x35,9051,1,1,1,1.953125
Dense3x35,7618,1,1,1,3.5009765625
Dense3x35,3919,1,1,1,3.5205078125
Dense3x35,3148,1,1,1,2.578125
Dense3x35,1934,1,1,1,3.33984375
Dense3x35,4685,1,1,1,2.7490234375
Dense3x35,9190,1,1,1,2.8173828125
Dense3x35,7005,1,1,1,2.8125
Dense3x35,725,1,1,1,2.67578125
Dense3x35,3930,1,1,1,3.4765625
Dense3x35,9140,1,1,1,3.41796875
Dense3x35,9795,1,1,1,2.5341796875
Dense3x35,9443,1,1,1,3.251953125
Dense3x35,1753,1,1,1,2.8662109375
Dense3x35,5524,1,1,1,3.4765625
Dense3x35,798,1,1,1,3.115234375
Dense3x35,4719,1,1,1,1.8505859375
Dense3x35,4564,1,1,1,3.1591796875
Dense3x35,6783,1,1,1,1.982421875
Dense3x35,29,1,1,1,2.529296875
Dense3x35,4153,1,1,1,3.90625
Dense3x35,6468,1,1,1,2.4853515625
Dense3x35,808,3,3,1,2.8759765625
Dense3x35,4928,3,3,1,2.36328125
Dense3x35,3131,3,3,1,3.046875
Dense3x35,6494,3,3,1,1.3720703125
Dense3x35,7140,3,3,1,3.4130859375
Dense3x35,5585,3,3,1,5.771484375
Dense3x35,1150,3,3,1,2.59765625
Dense3x35,9925,3,3,1,0.15625
Dense3x35,3049,3,3,1,1.2451171875
Dense3x35,8494,3,3,1,3.88671875
Dense3x35,3531,3,3,1,2.2119140625
Dense3x35,1239,3,3,1,1.89453125
Dense3x35,334,3,3,1,3.7255859375
Dense3x35,3943,3,5,1,1.4697265625
Dense3x35,2989,3,3,1,1.5771484375
Dense3x35,5747,3,3,1,3.828125
Dense3x35,9561,3,3,1,2.3095703125
Dense3x35,7750,3,3,1,5.5615234375
Dense3x35,1067,3,3,1,1.8408203125
Dense3x35,5468,3,3,1,3.7890625
Dense3x35,2647,3,3,1,3.125
Dense3x35,9944,3,9,1,0.3271484375
Dense3x35,3448,3,3,1,1.044921875
Dense3x35,5358,3,3,1,0.7958984375
Dense3x35,2086,3,3,1,2.7783203125
Dense3x35,590,3,3,1,5.0390625
Dense3x35,2025,3,3,1,1.0791015625
Dense3x35,5674,3,3,1,2.3974609375
Dense3x35,9624,3,8,1,2.0166015625
Dense3x35,3484,3,3,1,2.6025390625
Dense3x35,8328,3,3,1,5.2978515625
Dense3x35,6065,3,8,1,2.0556640625
Dense3x35,3221,3,3,1,3.76953125
Dense3x35,4242,3,3,1,4.3994140625
Dense3x35,6940,3,3,1,2.0751953125
Dense3x35,7543,3,3,1,5.4150390625
Dense3x35,3769,3,9,1,0.2392578125
Dense3x35,5283,3,8,1,0.556640625
Dense3x35,4758,3,3,1,3.3935546875
Dense3x35,9986,3,3,1,0.4052734375
Dense3x35,7215,3,3,1,4.0283203125
Dense3x35,6665,3,3,1,4.2041015625
Dense3x35,4818,3,3,1,3.2861328125
Dense3x35,3407,3,3,1,3.5009765625
Dense3x35,7292,3,3,1,3.154296875
Dense3x35,4755,3,3,1,1.6748046875
Dense3x35,2684,3,7,1,1.142578125
Dense3x35,6875,3,3,1,3.88671875
Dense3x35,5780,3,3,1,2.5341796875
Dense3x35,6975,3,3,1,5.6494140625
Dense3x35,44,3,3,1,2.607421875
Dense3x35,957,3,3,1,2.8173828125
Dense3x35,8010,3,3,1,1.7431640625
Dense3x35,4106,3,3,1,2.2119140625
Dense3x35,5904,3,3,1,2.12890625
Dense3x35,1742,3,3,1,3.0859375
Dense3x35,2281,3,3,1,3.0712890625
Dense3x35,9227,3,3,1,2.28515625
Dense3x35,890,3,5,1,0.205078125
Dense3x35,2623,3,3,1,3.5400390625
Dense3x35,4084,3,3,1,2.2021484375
Dense3x35,5796,3,3,1,4.2919921875
Dense3x35,5973,3,8,1,2.87109375
Dense3x35,9056,3,3,1,4.345703125
Dense3x35,8337,3,3,1,2.1484375
Dense3x35,7656,3,3,1,2.1240234375
Dense3x35,3456,3,3,1,0.0634765625
Dense3x35,4983,3,3,1,4.443359375
Dense3x35,3896,3,3,1,3.45703125
Dense3x35,6440,3,3,1,4.58984375
Dense3x35,1042,3,3,1,3.8427734375
Dense3x35,9656,3,3,1,3.4912109375
Dense3x35,8201,3,3,1,3.9599609375
Dense3x35,6982,3,3,1,4.443359375
Dense3x35,4044,3,5,1,2.05078125
Dense3x35,6226,3,3,1,4.9853515625
Dense3x35,7470,3,3,1,5.751953125
Dense3x35,2566,3,3,1,2.1142578125
Dense3x35,7097,3,3,1,3.8818359375
Dense3x35,1607,3,3,1,0.5224609375
Dense3x35,6023,3,8,1,0.3125
Dense3x35,9390,3,3,1,4.43359375
Dense3x35,9790,3,3,1,3.349609375
Dense3x35,5212,3,3,1,3.3154296875
Dense3x35,4234,3,3,1,5.4296875
Dense3x35,7995,3,3,1,5.126953125
Dense3x35,7458,3,3,1,4.1357421875
Dense3x35,6722,3,3,1,4.794921875
Dense3x35,1208,3,3,1,0.0732421875
Dense3x35,5841,3,3,1,1.572265625
Dense3x35,4907,3,3,1,2.6513671875
Dense3x35,6511,3,3,1,0.0244140625
Dense3x35,9654,3,3,1,2.6025390625
Dense3x35,4435,3,7,1,1.318359375
Dense3x35,6371,3,3,1,3.1640625
Dense3x35,1804,3,3,1,4.62890625
Dense3x35,9106,3,3,1,4.2919921875
Dense3x35,8206,3,3,1,6.6943359375
Dense3x35,2555,3,3,1,5.087890625
Dense3x35,1612,3,3,1,5.107421875
Dense3x45,3446,0,0,1,2.8466796875
Dense3x45,6117,0,0,1,5.7373046875
Dense3x45,1009,0,0,1,2.48046875
Dense3x45,6241,0,0,1,4.580078125
Dense3x45,5452,0,0,1,5.7763671875
Dense3x45,1408,0,0,1,3.818359375
Dense3x45,8163,0,0,1,3.3935546875
Dense3x45,9414,0,0,1,5.185546875
Dense3x45,5051,0,0,1,3.3544921875
Dense3x45,4155,0,0,1,4.1650390625
Dense3x45,4062,0,0,1,3.720703125
Dense3x45,3764,0,7,1,0.107421875
Dense3x45,2714,0,0,1,3.974609375
Dense3x45,8849,0,0,1,3.0126953125
Dense3x45,1723,0,0,1,4.9365234375
Dense3x45,1762,0,0,1,2.5634765625
Dense3x45,2660,0,0,1,2.2998046875
Dense3x45,3412,0,0,1,1.9189453125
Dense3x45,5459,0,0,1,5.0341796875
Dense3x45,7221,0,0,1,3.2421875
Dense3x45,3346,0,0,1,5.0146484375
Dense3x45,8535,0,0,1,5.0390625
Dense3x45,3735,0,0,1,4.04296875
Dense3x45,7817,0,0,1,6.3623046875
Dense3x45,9648,0,0,1,3.9404296875
Dense3x45,2217,0,0,1,2.9443359375
Dense3x45,5301,0,0,1,4.111328125
Dense3x45,3695,0,0,1,4.4677734375
Dense3x45,6437,0,0,1,3.4228515625
Dense3x45,8895,0,0,1,4.2431640625
Dense3x45,4531,0,0,1,2.392578125
Dense3x45,5592,0,0,1,4.3408203125
Dense3x45,9688,0,0,1,2.8662109375
Dense3x45,8496,0,0,1,5.1953125
Dense3x45,5870,0,0,1,1.38671875
Dense3x45,2817,0,0,1,5.78125
Dense3x45,6753,0,0,1,5.078125
Dense3x45,8992,0,0,1,4.66796875
Dense3x45,6140,0,0,1,5.3759765625
Dense3x45,2954,0,0,1,2.16796875
Dense3x45,6602,0,0,1,3.2861328125
Dense3x45,8614,0,0,1,3.4375
Dense3x45,2127,0,0,1,3.6279296875
Dense3x45,3805,0,0,1,3.1640625
Dense3x45,2777,0,0,1,2.2314453125
Dense3x45,2842,0,0,1,5.6689453125
Dense3x45,8098,0,0,1,4.8974609375
Dense3x45,9993,0,0,1,3.18359375
Dense3x45,9367,0,0,1,4.755859375
Dense3x45,9296,0,0,1,2.9833984375
Dense3x45,3911,0,0,1,3.73046875
Dense3x45,9666,0,0,1,1.23046875
Dense3x45,3849,0,0,1,2.83203125
Dense3x45,2631,0,0,1,0.625
Dense3x45,5307,0,0,1,4.2578125
Dense3x45,8983,0,0,1,3.7548828125
Dense3x45,4862,0,0,1,1.3525390625
Dense3x45,8763,0,0,1,4.6484375
Dense3x45,7913,0,0,1,5.8056640625
Dense3x45,581,0,0,1,4.2236328125
Dense3x45,8194,0,0,1,3.7939453125
Dense3x45,7410,0,0,1,2.2265625
Dense3x45,4146,0,0,1,2.08984375
Dense3x45,2417,0,0,1,2.5146484375
Dense3x45,8351,0,0,1,3.3251953125
Dense3x45,7889,0,0,1,6.09375
Dense3x45,5827,0,0,1,2.958984375
Dense3x45,2485,0,0,1,2.8759765625
Dense3x45,1191,0,7,1,0.849609375
Dense3x45,6444,0,0,1,3.3349609375
Dense3x45,9387,0,0,1,5.09765625
Dense3x45,4741,0,0,1,3.2861328125
Dense3x45,9037,0,0,1,4.7119140625
Dense3x45,8929,0,0,1,5.1123046875
Dense3x45,3,0,0,1,4.3017578125
Dense3x45,7337,0,0,1,2.9931640625
Dense3x45,7505,0,0,1,2.16796875
Dense3x45,8795,0,0,1,3.3349609375
Dense3x45,9528,0,0,1,6.162109375
Dense3x45,215,0,0,1,2.6318359375
Dense3x45,6766,0,0,1,5.3125
Dense3x45,3634,0,0,1,2.01171875
Dense3x45,1623,0,0,1,3.8232421875
Dense3x45,5980,0,0,1,4.19921875
Dense3x45,972,0,0,1,4.19921875
Dense3x45,5847,0,0,1,3.88671875
Dense3x45,3660,0,0,1,3.994140625
Dense3x45,8117,0,0,1,4.1259765625
Dense3x45,7838,0,0,1,5.1904296875
Dense3x45,4739,0,0,1,1.97265625
Dense3x45,723,0,0,1,2.373046875
Dense3x45,6711,0,0,1,5.908203125
Dense3x45,7084,0,0,1,3.3935546875
Dense3x45,327,0,0,1,4.306640625
Dense3x45,1271,0,0,1,3.0224609375
Dense3x45,9634,0,3,1,3.1494140625
Dense3x45,4065,0,0,1,0.29296875
Dense3x45,3445,0,0,1,4.12109375
Dense3x45,8056,0,0,1,7.470703125
Dense3x45,6131,0,0,1,6.591796875
Dense3x45,4331,1,1,1,2.4853515625
Dense3x45,6678,1,1,1,2.412109375
Dense3x45,9049,1,1,1,2.5634765625
Dense3x45,2277,1,1,1,1.9140625
Dense3x45,8128,1,1,1,2.3583984375
Dense3x45,8636,1,1,1,3.4423828125
Dense3x45,6310,1,1,1,3.02734375
Dense3x45,7658,1,1,1,3.3251953125
Dense3x45,1766,1,1,1,2.98828125
Dense3x45,5811,1,1,1,2.978515625
Dense3x45,3264,1,1,1,3.3447265625
Dense3x45,5506,1,1,1,3.6669921875
Dense3x45,5132,1,1,1,2.9443359375
Dense3x45,640,1,1,1,3.0712890625
Dense3x45,3196,1,1,1,1.2060546875
Dense3x45,755,1,1,1,2.5048828125
Dense3x45,7954,1,1,1,2.8466796875
Dense3x45,5093,1,1,1,2.08984375
Dense3x45,4005,1,1,1,2.7392578125
Dense3x45,652,1,1,1,3.4033203125
Dense3x45,4178,1,1,1,1.2890625
Dense3x45,8633,1,1,1,2.802734375
Dense3x45,2822,1,1,1,3.173828125
Dense3x45,2676,1,1,1,1.8310546875
Dense3x45,1004,1,1,1,2.1142578125
Dense3x45,9124,1,1,1,3.251953125
Dense3x45,5486,1,1,1,3.2666015625
Dense3x45,9140,1,1,1,3.1640625
Dense3x45,3027,1,1,1,2.587890625
Dense3x45,1254,1,1,1,2.8076171875
Dense3x45,2815,1,1,1,3.1884765625
Dense3x45,8100,1,1,1,3.4912109375
Dense3x45,9030,1,1,1,2.48046875
Dense3x45,6374,1,1,1,3.3837890625
Dense3x45,4036,1,1,1,3.515625
Dense3x45,2034,1,1,1,2.7880859375
Dense3x45,2674,1,1,1,2.763671875
Dense3x45,6338,1,1,1,2.05078125
Dense3x45,7323,1,1,1,2.98828125
Dense3x45,7191,1,1,1,2.1826171875
Dense3x45,9434,1,1,1,3.173828125
Dense3x45,5112,1,1,1,3.45703125
Dense3x45,2359,1,1,1,2.6806640625
Dense3x45,1838,1,1,1,2.79296875
Dense3x45,4491,1,1,1,2.1044921875
Dense3x45,8892,1,1,1,2.2412109375
Dense3x45,6182,1,1,1,2.8564453125
Dense3x45,357,1,1,1,1.6259765625
Dense3x45,8862,1,1,1,3.125
Dense3x45,2655,1,1,1,2.6611328125
Dense3x45,4708,1,1,1,3.369140625
Dense3x45,948,1,1,1,2.87109375
Dense3x45,8449,1,1,1,3.45703125
Dense3x45,6634,1,1,1,2.3828125
Dense3x45,7990,1,8,1,0.01953125
Dense3x45,4014,1,1,1,2.939453125
Dense3x45,9274,1,1,1,2.568359375
Dense3x45,8938,1,1,1,2.8173828125
Dense3x45,4105,1,1,1,2.783203125
Dense3x45,9705,1,1,1,2.9931640625
Dense3x45,4318,1,1,1,1.865234375
Dense3x45,5281,1,1,1,3.3642578125
Dense3x45,7373,1,1,1,3.4130859375
Dense3x45,831,1,1,1,2.3583984375
Dense3x45,6008,1,1,1,2.3291015625
Dense3x45,9549,1,1,1,2.59765625
Dense3x45,2366,1,1,1,1.9287109375
Dense3x45,6320,1,1,1,2.9296875
Dense3x45,7087,1,1,1,2.236328125
Dense3x45,1305,1,1,1,2.7197265625
Dense3x45,9336,1,1,1,3.046875
Dense3x45,5998,1,1,1,1.4892578125
Dense3x45,1019,1,1,1,2.6416015625
Dense3x45,473,1,1,1,1.787109375
Dense3x45,46,1,1,1,2.2705078125
Dense3x45,5291,1,1,1,3.1298828125
Dense3x45,39,1,1,1,3.1201171875
Dense3x45,8819,1,1,1,2.3486328125
Dense3x45,1351,1,1,1,3.4814453125
Dense3x45,3211,1,1,1,2.587890625
Dense3x45,8045,1,1,1,3.3056640625
Dense3x45,3651,1,1,1,3.5009765625
Dense3x45,2379,1,1,1,3.1494140625
Dense3x45,7790,1,1,1,3.1591796875
Dense3x45,9509,1,1,1,2.431640625
Dense3x45,7418,1,1,1,2.7734375
Dense3x45,5991,1,1,1,3.3251953125
Dense3x45,9249,1,1,1,2.8662109375
Dense3x45,5722,1,1,1,3.0224609375
Dense3x45,2358,1,1,1,2.421875
Dense3x45,8088,1,1,1,3.134765625
Dense3x45,836,1,1,1,2.6123046875
Dense3x45,57,1,1,1,2.0263671875
Dense3x45,4201,1,7,1,0.498046875
Dense3x45,818,1,1,1,3.3935546875
Dense3x45,330,1,1,1,3.1298828125
Dense3x45,7563,1,1,1,3.14453125
Dense3x45,2315,1,1,1,2.373046875
Dense3x45,6159,1,1,1,3.525390625
Dense3x45,9978,1,1,1,2.646484375
Dense3x45,515,3,3,1,1.1376953125
Dense3x45,5293,3,3,1,5.1708984375
Dense3x45,9558,3,3,1,2.626953125
Dense3x45,9581,3,3,1,4.365234375
Dense3x45,2072,3,3,1,2.9541015625
Dense3x45,3390,3,3,1,3.7744140625
Dense3x45,9429,3,3,1,3.90625
Dense3x45,7763,3,3,1,5.76171875
Dense3x45,9156,3,3,1,4.8828125
Dense3x45,8716,3,3,1,6.4892578125
Dense3x45,6103,3,3,1,5.7861328125
Dense3x45,6504,3,3,1,3.7451171875
Dense3x45,9202,3,3,1,1.9384765625
Dense3x45,1738,3,3,1,4.140625
Dense3x45,5309,3,3,1,5.0390625
Dense3x45,6481,3,3,1,4.4921875
Dense3x45,5623,3,3,1,1.0888671875
Dense3x45,526,3,3,1,4.1015625
Dense3x45,3085,3,3,1,2.01171875
Dense3x45,8975,3,3,1,4.2724609375
Dense3x45,3659,3,3,1,3.45703125
Dense3x45,1731,3,3,1,4.35546875
Dense3x45,4836,3,3,1,1.7333984375
Dense3x45,2799,3,3,1,3.0859375
Dense3x45,5140,3,4,1,0.498046875
Dense3x45,8010,3,3,1,1.943359375
Dense3x45,6840,3,3,1,4.21875
Dense3x45,142,3,3,1,2.3876953125
Dense3x45,1928,3,3,1,2.5048828125
Dense3x45,8397,3,3,1,3.515625
Dense3x45,9235,3,3,1,4.7607421875
Dense3x45,173,3,3,1,2.529296875
Dense3x45,6665,3,3,1,3.37890625
Dense3x45,944,3,3,1,1.0546875
Dense3x45,8171,3,3,1,3.3203125
Dense3x45,3795,3,3,1,1.3330078125
Dense3x45,9229,3,3,1,4.3896484375
Dense3x45,1127,3,3,1,3.115234375
Dense3x45,5143,3,3,1,3.037109375
Dense3x45,5583,3,3,1,3.8134765625
Dense3x45,2560,3,3,1,0.5224609375
Dense3x45,8167,3,3,1,6.044921875
Dense3x45,6811,3,3,1,3.5498046875
Dense3x45,3916,3,3,1,1.4697265625
Dense3x45,7026,3,3,1,5.7666015625
Dense3x45,2952,3,3,1,2.4267578125
Dense3x45,7519,3,3,1,4.5751953125
Dense3x45,3010,3,3,1,3.0126953125
Dense3x45,6061,3,3,1,3.3349609375
Dense3x45,2139,3,3,1,4.3505859375
Dense3x45,2978,3,3,1,3.8525390625
Dense3x45,313,3,3,1,2.763671875
Dense3x45,9445,3,3,1,6.318359375
Dense3x45,7968,3,3,1,6.5966796875
Dense3x45,6511,3,3,1,2.4462890625
Dense3x45,1098,3,3,1,2.158203125
Dense3x45,6575,3,3,1,1.2548828125
Dense3x45,9821,3,3,1,6.2841796875
Dense3x45,9182,3,3,1,1.23046875
Dense3x45,1976,3,3,1,3.4765625
Dense3x45,4234,3,3,1,5.4541015625
Dense3x45,8120,3,3,1,3.642578125
Dense3x45,9797,3,3,1,4.296875
Dense3x45,87,3,3,1,2.470703125
Dense3x45,7595,3,3,1,1.787109375
Dense3x45,637,3,3,1,2.8662109375
Dense3x45,807,3,3,1,4.4384765625
Dense3x45,51,3,3,1,4.375
Dense3x45,5814,3,3,1,2.626953125
Dense3x45,628,3,3,1,1.4111328125
Dense3x45,7257,3,3,1,5.3662109375
Dense3x45,3965,3,3,1,3.7158203125
Dense3x45,2069,3,3,1,4.6923828125
Dense3x45,9840,3,3,1,1.533203125
Dense3x45,9654,3,3,1,3.0517578125
Dense3x45,5330,3,3,1,3.505859375
Dense3x45,4664,3,3,1,2.91015625
Dense3x45,6213,3,3,1,4.47265625
Dense3x45,9975,3,3,1,1.25
Dense3x45,7875,3,3,1,3.9013671875
Dense3x45,4925,3,3,1,3.6279296875
Dense3x45,3487,3,3,1,4.619140625
Dense3x45,349,3,3,1,1.6943359375
Dense3x45,9261,3,3,1,5.3662109375
Dense3x45,595,3,3,1,3.134765625
Dense3x45,4755,3,3,1,2.3193359375
Dense3x45,6985,3,3,1,7.3046875
Dense3x45,3742,3,3,1,0.9375
Dense3x45,8308,3,3,1,3.505859375
Dense3x45,6593,3,3,1,1.904296875
Dense3x45,9624,3,8,1,1.0595703125
Dense3x45,7396,3,3,1,4.892578125
Dense3x45,7936,3,3,1,4.794921875
Dense3x45,3015,3,3,1,3.701171875
Dense3x45,9881,3,3,1,0.4541015625
Dense3x45,1290,3,3,1,1.376953125
Dense3x45,1803,3,3,1,3.57421875
Dense3x45,1746,3,3,1,3.4423828125
Dense3x45,6646,3,3,1,4.5166015625
Dense3x45,9238,3,3,1,5.1513671875
Dense3x50,9134,0,0,1,5.4736328125
Dense3x50,6133,0,0,1,7.7685546875
Dense3x50,4857,0,0,1,2.5341796875
Dense3x50,6454,0,0,1,4.1748046875
Dense3x50,5828,0,0,1,2.646484375
Dense3x50,2972,0,0,1,4.4873046875
Dense3x50,424,0,0,1,3.1640625
Dense3x50,5139,0,0,1,4.091796875
Dense3x50,8382,0,0,1,3.291015625
Dense3x50,9223,0,0,1,6.2744140625
Dense3x50,642,0,0,1,2.783203125
Dense3x50,9273,0,0,1,3.232421875
Dense3x50,9621,0,0,1,2.6806640625
Dense3x50,7367,0,0,1,5.09765625
Dense3x50,9964,0,0,1,2.9833984375
Dense3x50,8765,0,0,1,4.3017578125
Dense3x50,4604,0,0,1,6.1474609375
Dense3x50,4992,0,0,1,6.171875
Dense3x50,4495,0,0,1,4.5751953125
Dense3x50,8260,0,0,1,3.662109375
Dense3x50,7031,0,0,1,2.6708984375
Dense3x50,8851,0,0,1,4.2431640625
Dense3x50,8179,0,0,1,5.4248046875
Dense3x50,6016,0,0,1,5.7470703125
Dense3x50,3481,0,0,1,4.86328125
Dense3x50,896,0,0,1,0.60546875
Dense3x50,6583,0,0,1,3.8623046875
Dense3x50,7780,0,0,1,7.40234375
Dense3x50,981,0,0,1,3.369140625
Dense3x50,9930,0,0,1,3.193359375
Dense3x50,4880,0,8,1,2.2998046875
Dense3x50,6461,0,0,1,4.55078125
Dense3x50,8338,0,0,1,4.7705078125
Dense3x50,3016,0,0,1,6.0498046875
Dense3x50,7855,0,0,1,6.8115234375
Dense3x50,7693,0,0,1,5.1318359375
Dense3x50,7139,0,0,1,4.4677734375
Dense3x50,7440,0,0,1,2.9443359375
Dense3x50,3496,0,0,1,3.1640625
Dense3x50,3883,0,0,1,5.9521484375
Dense3x50,6082,0,0,1,6.0302734375
Dense3x50,372,0,0,1,2.9833984375
Dense3x50,148,0,0,1,3.88671875
Dense3x50,2627,0,0,1,4.9267578125
Dense3x50,6429,0,0,1,5.9033203125
Dense3x50,2619,0,0,1,3.7255859375
Dense3x50,7868,0,0,1,6.3916015625
Dense3x50,6286,0,0,1,5.4736328125
Dense3x50,5737,0,0,1,3.1396484375
Dense3x50,5280,0,0,1,5.9228515625
Dense3x50,2236,0,0,1,3.5302734375
Dense3x50,4080,0,0,1,3.4912109375
Dense3x50,3895,0,0,1,2.412109375
Dense3x50,7913,0,0,1,6.5087890625
Dense3x50,7723,0,0,1,5.7861328125
Dense3x50,7846,0,0,1,6.38671875
Dense3x50,9436,0,0,1,3.37890625
Dense3x50,3805,0,0,1,4.2919921875
Dense3x50,3191,0,0,1,2.79296875
Dense3x50,3266,0,0,1,3.4765625
Dense3x50,2455,0,0,1,1.5771484375
Dense3x50,9414,0,0,1,6.4013671875
Dense3x50,8772,0,0,1,5.2978515625
Dense3x50,2794,0,0,1,2.5439453125
Dense3x50,5321,0,0,1,5.2685546875
Dense3x50,750,0,0,1,3.6474609375
Dense3x50,365,0,0,1,2.63671875
Dense3x50,3178,0,0,1,5.3271484375
Dense3x50,8468,0,0,1,6.3330078125
Dense3x50,3347,0,0,1,4.0625
Dense3x50,4628,0,0,1,4.1455078125
Dense3x50,7987,0,0,1,7.9052734375
Dense3x50,2592,0,0,1,4.6484375
Dense3x50,804,0,0,1,3.59375
Dense3x50,55,0,0,1,3.0078125
Dense3x50,7593,0,0,1,3.720703125
Dense3x50,8359,0,0,1,3.125
Dense3x50,2479,0,0,1,1.533203125
Dense3x50,3830,0,0,1,5.7470703125
Dense3x50,6786,0,0,1,5.244140625
Dense3x50,5513,0,0,1,5.52734375
Dense3x50,2417,0,0,1,2.63671875
Dense3x50,8881,0,0,1,4.0869140625
Dense3x50,9352,0,0,1,3.7548828125
Dense3x50,7688,0,0,1,4.912109375
Dense3x50,9809,0,0,1,3.4326171875
Dense3x50,7162,0,0,1,3.408203125
Dense3x50,4034,0,0,1,5.0
Dense3x50,7161,0,0,1,3.525390625
Dense3x50,2492,0,0,1,5.15625
Dense3x50,717,0,6,1,0.751953125
Dense3x50,8576,0,0,1,5.107421875
Dense3x50,2226,0,0,1,4.2822265625
Dense3x50,6293,0,0,1,5.146484375
Dense3x50,1246,0,0,1,2.9541015625
Dense3x50,3368,0,0,1,5.1708984375
Dense3x50,2333,0,0,1,1.6162109375
Dense3x50,3297,0,0,1,0.9716796875
Dense3x50,8978,0,0,1,5.1025390625
Dense3x50,459,0,0,1,4.3408203125
Dense3x50,4524,1,1,1,2.978515625
Dense3x50,7325,1,1,1,2.392578125
Dense3x50,9003,1,1,1,2.3876953125
Dense3x50,3598,1,1,1,0.4150390625
Dense3x50,6320,1,1,1,2.96875
Dense3x50,5590,1,1,1,3.515625
Dense3x50,9810,1,1,1,2.8759765625
Dense3x50,9096,1,1,1,3.154296875
Dense3x50,7806,1,1,1,2.2216796875
Dense3x50,9002,1,1,1,2.5
Dense3x50,1780,1,1,1,2.2998046875
Dense3x50,5535,1,1,1,2.79296875
Dense3x50,7728,1,1,1,1.4404296875
Dense3x50,5661,1,1,1,2.509765625
Dense3x50,3386,1,1,1,2.12890625
Dense3x50,3641,1,1,1,2.4951171875
Dense3x50,2379,1,1,1,3.30078125
Dense3x50,5442,1,1,1,2.6220703125
Dense3x50,798,1,1,1,3.0859375
Dense3x50,5044,1,1,1,2.9150390625
Dense3x50,5148,1,1,1,2.8125
Dense3x50,357,1,1,1,1.630859375
Dense3x50,3314,1,1,1,2.83203125
Dense3x50,2688,1,1,1,3.0810546875
Dense3x50,1484,1,1,1,2.36328125
Dense3x50,2027,1,1,1,1.7626953125
Dense3x50,4507,1,1,1,1.865234375
Dense3x50,1448,1,1,1,2.6318359375
Dense3x50,8491,1,1,1,2.9931640625
Dense3x50,3851,1,1,1,1.5625
Dense3x50,1922,1,1,1,2.4658203125
Dense3x50,7847,1,8,1,0.44921875
Dense3x50,4292,1,1,1,2.6708984375
Dense3x50,4574,1,1,1,2.79296875
Dense3x50,652,1,1,1,3.310546875
Dense3x50,3430,1,1,1,1.884765625
Dense3x50,2154,1,1,1,2.919921875
Dense3x50,9848,1,1,1,3.02734375
Dense3x50,4036,1,1,1,3.45703125
Dense3x50,4859,1,1,1,2.744140625
Dense3x50,8995,1,1,1,2.2021484375
Dense3x50,9774,1,1,1,2.978515625
Dense3x50,1988,1,1,1,2.36328125
Dense3x50,695,1,1,1,2.490234375
Dense3x50,4917,1,1,1,2.3291015625
Dense3x50,8850,1,1,1,2.8076171875
Dense3x50,1338,1,1,1,2.900390625
Dense3x50,4147,1,1,1,2.0556640625
Dense3x50,5984,1,1,1,2.5048828125
Dense3x50,14,1,1,1,3.232421875
Dense3x50,2928,1,1,1,2.734375
Dense3x50,4303,1,1,1,2.48046875
Dense3x50,8090,1,1,1,2.7685546875
Dense3x50,9081,1,1,1,2.96875
Dense3x50,180,1,1,1,2.578125
Dense3x50,4984,1,1,1,2.4267578125
Dense3x50,4858,1,1,1,2.5390625
Dense3x50,7802,1,1,1,2.4755859375
Dense3x50,8459,1,1,1,2.7783203125
Dense3x50,196,1,1,1,3.28125
Dense3x50,3789,1,1,1,2.9345703125
Dense3x50,6005,1,1,1,1.1376953125
Dense3x50,3126,1,1,1,3.1640625
Dense3x50,4191,1,1,1,2.4658203125
Dense3x50,5902,1,1,1,2.7099609375
Dense3x50,3606,1,1,1,1.5478515625
Dense3x50,3990,1,1,1,2.7294921875
Dense3x50,4104,1,1,1,3.1201171875
Dense3x50,5746,1,1,1,1.6796875
Dense3x50,6661,1,1,1,2.109375
Dense3x50,6783,1,1,1,1.904296875
Dense3x50,2753,1,1,1,1.89453125
Dense3x50,5156,1,1,1,2.7587890625
Dense3x50,7665,1,1,1,2.8955078125
Dense3x50,9443,1,1,1,3.0029296875
Dense3x50,345,1,1,1,3.0517578125
Dense3x50,265,1,1,1,3.3984375
Dense3x50,8543,1,1,1,3.212890625
Dense3x50,3281,1,1,1,2.4658203125
Dense3x50,783,1,1,1,2.685546875
Dense3x50,4525,1,1,1,3.3740234375
Dense3x50,330,1,1,1,2.9638671875
Dense3x50,1667,1,1,1,3.6669921875
Dense3x50,1548,1,1,1,2.724609375
Dense3x50,6101,1,1,1,1.1865234375
Dense3x50,6961,1,1,1,2.96875
Dense3x50,8113,1,1,1,3.0810546875
Dense3x50,3747,1,1,1,2.2998046875
Dense3x50,4273,1,1,1,2.080078125
Dense3x50,8303,1,1,1,2.79296875
Dense3x50,1528,1,1,1,2.6171875
Dense3x50,9407,1,1,1,3.0029296875
Dense3x50,57,1,1,1,2.12890625
Dense3x50,6622,1,1,1,1.9189453125
Dense3x50,6556,1,1,1,1.8603515625
Dense3x50,1240,1,1,1,2.5048828125
Dense3x50,2258,1,1,1,2.802734375
Dense3x50,5776,1,1,1,2.529296875
Dense3x50,4006,1,1,1,2.55859375
Dense3x50,9661,1,1,1,3.0029296875
Dense3x50,4435,3,7,1,1.0986328125
Dense3x50,9083,3,3,1,6.1865234375
Dense3x50,2723,3,3,1,1.7236328125
Dense3x50,8296,3,3,1,0.556640625
Dense3x50,8429,3,3,1,1.7578125
Dense3x50,2991,3,3,1,3.0029296875
Dense3x50,6811,3,3,1,3.0419921875
Dense3x50,5740,3,3,1,3.76953125
Dense3x50,7858,3,3,1,1.2451171875
Dense3x50,9491,3,3,1,3.3984375
Dense3x50,4940,3,3,1,3.818359375
Dense3x50,6575,3,5,1,0.1171875
Dense3x50,5472,3,3,1,6.0546875
Dense3x50,2945,3,3,1,0.302734375
Dense3x50,6664,3,3,1,2.8955078125
Dense3x50,3120,3,3,1,4.0576171875
Dense3x50,5945,3,3,1,1.4990234375
Dense3x50,747,3,3,1,4.27734375
Dense3x50,3548,3,3,1,3.388671875
Dense3x50,230,3,3,1,3.1201171875
Dense3x50,6930,3,3,1,3.2763671875
Dense3x50,7946,3,8,1,0.3857421875
Dense3x50,4600,3,3,1,4.4189453125
Dense3x50,847,3,3,1,2.8662109375
Dense3x50,7024,3,3,1,4.091796875
Dense3x50,7620,3,3,1,1.2548828125
Dense3x50,8970,3,3,1,5.595703125
Dense3x50,9445,3,3,1,5.0244140625
Dense3x50,991,3,3,1,4.7021484375
Dense3x50,464,3,3,1,1.81640625
Dense3x50,576,3,3,1,3.6279296875
Dense3x50,4311,3,3,1,1.953125
Dense3x50,2840,3,3,1,2.451171875
Dense3x50,8821,3,3,1,4.2529296875
Dense3x50,1976,3,3,1,3.33984375
Dense3x50,2105,3,8,1,0.0634765625
Dense3x50,112,3,3,1,1.669921875
Dense3x50,7956,3,3,1,5.888671875
Dense3x50,9380,3,3,1,3.857421875
Dense3x50,4220,3,3,1,2.91015625
Dense3x50,7841,3,3,1,4.8876953125
Dense3x50,6260,3,3,1,3.28125
Dense3x50,1278,3,3,1,4.619140625
Dense3x50,2351,3,3,1,2.392578125
Dense3x50,6918,3,3,1,3.5302734375
Dense3x50,3620,3,3,1,4.23828125
Dense3x50,6736,3,3,1,5.654296875
Dense3x50,4885,3,3,1,1.2841796875
Dense3x50,3995,3,3,1,1.3525390625
Dense3x50,4657,3,3,1,1.09375
Dense3x50,4501,3,3,1,2.8515625
Dense3x50,3456,3,3,1,1.123046875
Dense3x50,4836,3,3,1,1.7626953125
Dense3x50,2927,3,2,1,1.4501953125
Dense3x50,9996,3,3,1,4.462890625
Dense3x50,2583,3,3,1,1.9580078125
Dense3x50,2303,3,3,1,3.3740234375
Dense3x50,1601,3,3,1,1.865234375
Dense3x50,6624,3,3,1,0.01953125
Dense3x50,9429,3,3,1,2.79296875
Dense3x50,3769,3,8,1,0.2587890625
Dense3x50,1384,3,3,1,2.4365234375
Dense3x50,4703,3,3,1,3.84765625
Dense3x50,2681,3,3,1,1.611328125
Dense3x50,5935,3,3,1,2.5927734375
Dense3x50,6957,3,3,1,3.8720703125
Dense3x50,9177,3,3,1,5.703125
Dense3x50,9409,3,3,1,5.2783203125
Dense3x50,8362,3,3,1,1.66015625
Dense3x50,925,3,3,1,3.4228515625
Dense3x50,6290,3,3,1,2.2412109375
Dense3x50,573,3,3,1,4.111328125
Dense3x50,7333,3,3,1,1.4794921875
Dense3x50,5628,3,3,1,3.33984375
Dense3x50,8655,3,3,1,2.4365234375
Dense3x50,1605,3,3,1,2.9833984375
Dense3x50,3487,3,3,1,3.8037109375
Dense3x50,6975,3,3,1,4.70703125
Dense3x50,7458,3,3,1,3.2861328125
Dense3x50,9717,3,3,1,4.7412109375
Dense3x50,1127,3,3,1,1.767578125
Dense3x50,4222,3,3,1,4.6484375
Dense3x50,2684,3,3,1,0.869140625
Dense3x50,6365,3,3,1,3.642578125
Dense3x50,8430,3,3,1,1.26953125
Dense3x50,6045,3,5,1,0.2490234375
Dense3x50,669,3,3,1,2.724609375
Dense3x50,5542,3,3,1,3.7158203125
Dense3x50,9059,3,3,1,3.33984375
Dense3x50,5625,3,3,1,3.73046875
Dense3x50,2853,3,3,1,0.1513671875
Dense3x50,4586,3,3,1,2.63671875
Dense3x50,6455,3,3,1,0.537109375
Dense3x50,1519,3,3,1,2.7490234375
Dense3x50,957,3,3,1,2.0361328125
Dense3x50,2594,3,3,1,2.607421875
Dense3x50,2663,3,3,1,5.0927734375
Dense3x50,3812,3,3,1,3.8671875
Dense3x50,6272,3,3,1,3.0859375
Dense3x50,4983,3,3,1,4.1943359375
Dense3x55,7655,0,0,1,4.90234375
Dense3x55,192,0,0,1,3.583984375
Dense3x55,8172,0,0,1,5.1708984375
Dense3x55,3446,0,0,1,2.8125
Dense3x55,1534,0,0,1,2.2998046875
Dense3x55,1739,0,0,1,3.212890625
Dense3x55,2294,0,0,1,1.7041015625
Dense3x55,4862,0,0,1,2.8173828125
Dense3x55,6082,0,0,1,5.9228515625
Dense3x55,2536,0,0,1,8.1884765625
Dense3x55,2764,0,0,1,3.291015625
Dense3x55,7898,0,0,1,5.5029296875
Dense3x55,7506,0,0,1,4.74609375
Dense3x55,5031,0,0,1,4.6240234375
Dense3x55,1294,0,0,1,4.052734375
Dense3x55,6201,0,0,1,4.7705078125
Dense3x55,8991,0,0,1,3.7890625
Dense3x55,4776,0,0,1,5.3759765625
Dense3x55,5305,0,0,1,4.814453125
Dense3x55,4432,0,0,1,2.3388671875
Dense3x55,9611,0,0,1,4.2626953125
Dense3x55,3818,0,6,1,0.4296875
Dense3x55,5244,0,0,1,4.0771484375
Dense3x55,9631,0,0,1,3.75
Dense3x55,8868,0,0,1,4.404296875
Dense3x55,6287,0,0,1,5.4150390625
Dense3x55,5980,0,0,1,3.7939453125
Dense3x55,4082,0,0,1,3.515625
Dense3x55,5531,0,0,1,5.5078125
Dense3x55,7112,0,0,1,4.51171875
Dense3x55,5593,0,0,1,3.6376953125
Dense3x55,440,0,0,1,6.4208984375
Dense3x55,3479,0,0,1,2.2265625
Dense3x55,2713,0,0,1,1.376953125
Dense3x55,1796,0,0,1,2.1142578125
Dense3x55,6833,0,0,1,5.595703125
Dense3x55,5603,0,0,1,3.75
Dense3x55,5165,0,3,1,0.1953125
Dense3x55,9377,0,0,1,3.7353515625
Dense3x55,4675,0,0,1,2.9736328125
Dense3x55,3219,0,0,1,1.455078125
Dense3x55,5087,0,0,1,5.29296875
Dense3x55,4327,0,0,1,2.294921875
Dense3x55,3210,0,0,1,3.1005859375
Dense3x55,8199,0,0,1,4.326171875
Dense3x55,6835,0,0,1,6.1767578125
Dense3x55,2385,0,0,1,4.4287109375
Dense3x55,8163,0,0,1,3.857421875
Dense3x55,2461,0,0,1,3.5205078125
Dense3x55,215,0,0,1,2.9296875
Dense3x55,3359,0,0,1,5.0634765625
Dense3x55,5529,0,0,1,4.0869140625
Dense3x55,2779,0,0,1,3.0517578125
Dense3x55,1535,0,0,1,3.896484375
Dense3x55,2061,0,0,1,3.359375
Dense3x55,4641,0,0,1,3.369140625
Dense3x55,6583,0,0,1,3.33984375
Dense3x55,7354,0,0,1,2.2705078125
Dense3x55,6567,0,0,1,3.61328125
Dense3x55,6454,0,0,1,4.453125
Dense3x55,2155,0,0,1,2.1240234375
Dense3x55,9038,0,0,1,3.9599609375
Dense3x55,1390,0,0,1,4.814453125
Dense3x55,4070,0,0,1,4.8828125
Dense3x55,3450,0,0,1,1.640625
Dense3x55,1195,0,0,1,3.955078125
Dense3x55,3706,0,0,1,3.7109375
Dense3x55,8576,0,0,1,4.1796875
Dense3x55,4531,0,0,1,2.3193359375
Dense3x55,8425,0,0,1,3.173828125
Dense3x55,6072,0,0,1,4.1015625
Dense3x55,9037,0,0,1,4.2529296875
Dense3x55,157,0,0,1,2.87109375
Dense3x55,9273,0,0,1,3.310546875
Dense3x55,4365,0,0,1,3.8623046875
Dense3x55,7037,0,0,1,2.59765625
Dense3x55,1708,0,0,1,3.662109375
Dense3x55,1246,0,0,1,2.099609375
Dense3x55,7368,0,0,1,5.478515625
Dense3x55,312,0,0,1,3.9013671875
Dense3x55,7933,0,0,1,5.5224609375
Dense3x55,1807,0,0,1,2.9736328125
Dense3x55,5673,0,0,1,4.7314453125
Dense3x55,2568,0,0,1,3.583984375
Dense3x55,871,0,0,1,5.0830078125
Dense3x55,5731,0,0,1,2.6025390625
Dense3x55,8243,0,0,1,1.9091796875
Dense3x55,4353,0,0,1,3.0712890625
Dense3x55,3774,0,0,1,2.5927734375
Dense3x55,4079,0,0,1,3.6767578125
Dense3x55,8195,0,0,1,5.068359375
Dense3x55,8514,0,0,1,4.619140625
Dense3x55,3179,0,0,1,5.3466796875
Dense3x55,188,0,0,1,5.087890625
Dense3x55,7485,0,0,1,3.6865234375
Dense3x55,246,0,0,1,5.4296875
Dense3x55,7723,0,0,1,5.185546875
Dense3x55,3043,0,0,1,2.8369140625
Dense3x55,7031,0,0,1,2.7880859375
Dense3x55,2190,0,0,1,3.18359375
Dense3x55,7839,1,1,1,1.240234375
Dense3x55,6438,1,1,1,2.96875
Dense3x55,3851,1,1,1,1.38671875
Dense3x55,2693,1,1,1,2.685546875
Dense3x55,848,1,1,1,2.6611328125
Dense3x55,1633,1,1,1,2.40234375
Dense3x55,1630,1,1,1,2.4658203125
Dense3x55,3843,1,1,1,2.2021484375
Dense3x55,4074,1,1,1,2.1826171875
Dense3x55,9258,1,1,1,3.8671875
Dense3x55,1838,1,1,1,2.5146484375
Dense3x55,4869,1,1,1,3.4423828125
Dense3x55,7447,1,1,1,2.3291015625
Dense3x55,4308,1,1,1,1.376953125
Dense3x55,7980,1,1,1,2.8466796875
Dense3x55,1368,1,1,1,1.5283203125
Dense3x55,2706,1,1,1,1.85546875
Dense3x55,4903,1,1,1,2.4169921875
Dense3x55,4953,1,1,1,2.568359375
Dense3x55,6901,1,1,1,2.5390625
Dense3x55,5998,1,1,1,1.7431640625
Dense3x55,8488,1,1,1,2.8759765625
Dense3x55,5052,1,1,1,2.451171875
Dense3x55,3974,1,1,1,1.8798828125
Dense3x55,1193,1,1,1,2.578125
Dense3x55,6789,1,1,1,3.26171875
Dense3x55,3638,1,1,1,2.7294921875
Dense3x55,8729,1,1,1,2.8076171875
Dense3x55,7665,1,1,1,2.7490234375
Dense3x55,3669,1,1,1,2.5244140625
Dense3x55,204,1,1,1,2.021484375
Dense3x55,9810,1,1,1,3.232421875
Dense3x55,8306,1,1,1,3.193359375
Dense3x55,3652,1,1,1,2.3291015625
Dense3x55,3351,1,1,1,1.865234375
Dense3x55,96,1,1,1,1.26953125
Dense3x55,8090,1,1,1,2.8662109375
Dense3x55,3050,1,1,1,3.203125
Dense3x55,9844,1,1,1,2.373046875
Dense3x55,4687,1,1,1,2.2802734375
Dense3x55,5809,1,1,1,2.578125
Dense3x55,840,1,1,1,2.9541015625
Dense3x55,8659,1,1,1,2.8076171875
Dense3x55,4871,1,1,1,1.875
Dense3x55,145,1,1,1,1.9970703125
Dense3x55,9591,1,1,1,2.9296875
Dense3x55,4386,1,1,1,2.44140625
Dense3x55,5416,1,1,1,2.5537109375
Dense3x55,7087,1,1,1,2.255859375
Dense3x55,8324,1,1,1,3.232421875
Dense3x55,3214,1,1,1,2.529296875
Dense3x55,5186,1,1,1,2.470703125
Dense3x55,790,1,1,1,2.5244140625
Dense3x55,9002,1,1,1,3.1787109375
Dense3x55,8128,1,1,1,2.2509765625
Dense3x55,1129,1,1,1,2.8759765625
Dense3x55,2379,1,1,1,2.646484375
Dense3x55,3244,1,1,1,1.8701171875
Dense3x55,6278,1,1,1,2.6318359375
Dense3x55,8068,1,1,1,2.4462890625
Dense3x55,5072,1,1,1,3.2568359375
Dense3x55,1900,1,1,1,2.4755859375
Dense3x55,9291,1,1,1,2.40234375
Dense3x55,3070,1,1,1,2.44140625
Dense3x55,2273,1,1,1,1.8115234375
Dense3x55,8086,1,1,1,2.646484375
Dense3x55,8758,1,1,1,2.7587890625
Dense3x55,4602,1,1,1,2.5244140625
Dense3x55,332,1,1,1,2.8564453125
Dense3x55,8231,1,1,1,2.59765625
Dense3x55,5746,1,1,1,1.0791015625
Dense3x55,8873,1,1,1,2.5927734375
Dense3x55,2688,1,1,1,2.75390625
Dense3x55,4170,1,1,1,1.8798828125
Dense3x55,6868,1,1,1,2.63671875
Dense3x55,529,1,1,1,3.056640625
Dense3x55,7023,1,1,1,2.353515625
Dense3x55,3625,1,1,1,2.1875
Dense3x55,6232,1,1,1,2.607421875
Dense3x55,6397,1,1,1,2.6953125
Dense3x55,7418,1,1,1,2.666015625
Dense3x55,1040,1,1,1,2.1484375
Dense3x55,9051,1,1,1,1.9287109375
Dense3x55,1603,1,1,1,2.7880859375
Dense3x55,5550,1,1,1,3.2568359375
Dense3x55,4036,1,1,1,2.71484375
Dense3x55,5232,1,1,1,2.0556640625
Dense3x55,1351,1,1,1,2.7880859375
Dense3x55,6809,1,1,1,2.0849609375
Dense3x55,1667,1,1,1,3.06640625
Dense3x55,964,1,1,1,1.630859375
Dense3x55,1528,1,1,1,2.5537109375
Dense3x55,4708,1,1,1,2.6953125
Dense3x55,2051,1,1,1,2.2998046875
Dense3x55,1180,1,1,1,3.1689453125
Dense3x55,675,1,1,1,2.7880859375
Dense3x55,1773,1,6,1,0.0244140625
Dense3x55,2599,1,1,1,2.6904296875
Dense3x55,2822,1,1,1,3.02734375
Dense3x55,9335,1,1,1,2.451171875
Dense3x55,4018,3,3,1,2.6416015625
Dense3x55,6312,3,3,1,3.59375
Dense3x55,442,3,3,1,3.466796875
Dense3x55,7595,3,8,1,0.2099609375
Dense3x55,9975,3,3,1,0.09765625
Dense3x55,2583,3,3,1,2.3291015625
Dense3x55,6811,3,3,1,3.017578125
Dense3x55,8777,3,3,1,4.78515625
Dense3x55,849,3,3,1,3.349609375
Dense3x55,4501,3,3,1,3.0615234375
Dense3x55,323,3,3,1,2.4072265625
Dense3x55,76,3,3,1,1.9775390625
Dense3x55,1489,3,3,1,4.19921875
Dense3x55,548,3,3,1,1.2841796875
Dense3x55,4904,3,3,1,3.7255859375
Dense3x55,9056,3,3,1,3.28125
Dense3x55,2884,3,3,1,1.4697265625
Dense3x55,6873,3,3,1,3.4228515625
Dense3x55,8407,3,3,1,2.9443359375
Dense3x55,8975,3,3,1,3.1591796875
Dense3x55,531,3,3,1,1.2890625
Dense3x55,9027,3,3,1,2.4169921875
Dense3x55,5815,3,3,1,4.1162109375
Dense3x55,5912,3,3,1,2.470703125
Dense3x55,2534,3,3,1,0.9814453125
Dense3x55,7292,3,3,1,3.623046875
Dense3x55,9654,3,3,1,2.724609375
Dense3x55,3167,3,3,1,0.712890625
Dense3x55,349,3,3,1,1.7236328125
Dense3x55,5067,3,3,1,0.1708984375
Dense3x55,1490,3,3,1,2.3046875
Dense3x55,4469,3,3,1,2.4755859375
Dense3x55,8346,3,3,1,3.84765625
Dense3x55,7075,3,3,1,3.0029296875
Dense3x55,1062,3,3,1,0.8056640625
Dense3x55,4106,3,3,1,1.923828125
Dense3x55,925,3,3,1,3.076171875
Dense3x55,6213,3,3,1,2.490234375
Dense3x55,5248,3,3,1,3.3740234375
Dense3x55,5504,3,3,1,3.3154296875
Dense3x55,8703,3,3,1,3.90625
Dense3x55,4990,3,2,1,0.0341796875
Dense3x55,6116,3,3,1,3.1689453125
Dense3x55,4841,3,3,1,1.0498046875
Dense3x55,808,3,3,1,3.2958984375
Dense3x55,309,3,3,1,2.5634765625
Dense3x55,8226,3,3,1,3.0029296875
Dense3x55,6569,3,3,1,1.201171875
Dense3x55,9479,3,3,1,2.5341796875
Dense3x55,2522,3,3,1,2.607421875
Dense3x55,3739,3,3,1,1.46484375
Dense3x55,1098,3,3,1,1.8310546875
Dense3x55,8379,3,3,1,1.6015625
Dense3x55,6481,3,3,1,2.5244140625
Dense3x55,7484,3,3,1,3.984375
Dense3x55,8120,3,3,1,2.6025390625
Dense3x55,526,3,3,1,2.6220703125
Dense3x55,7551,3,3,1,2.431640625
Dense3x55,6504,3,3,1,2.24609375
Dense3x55,4983,3,3,1,3.9892578125
Dense3x55,3896,3,3,1,2.919921875
Dense3x55,6160,3,3,1,0.888671875
Dense3x55,8811,3,3,1,3.3056640625
Dense3x55,8290,3,3,1,2.666015625
Dense3x55,507,3,5,1,1.1279296875
Dense3x55,450,3,3,1,1.15234375
Dense3x55,5628,3,3,1,3.2373046875
Dense3x55,3285,3,3,1,1.5087890625
Dense3x55,3686,3,3,1,1.142578125
Dense3x55,4996,3,3,1,4.1357421875
Dense3x55,3083,3,3,1,4.8046875
Dense3x55,1840,3,3,1,3.84765625
Dense3x55,3769,3,3,1,0.4052734375
Dense3x55,6636,3,3,1,2.8515625
Dense3x55,4836,3,3,1,1.3037109375
Dense3x55,6664,3,3,1,1.6943359375
Dense3x55,8060,3,3,1,2.8076171875
Dense3x55,8603,3,3,1,3.310546875
Dense3x55,3129,3,3,1,0.83984375
Dense3x55,1298,3,3,1,2.32421875
Dense3x55,5074,3,3,1,0.7763671875
Dense3x55,2502,3,3,1,2.744140625
Dense3x55,5336,3,3,1,1.9091796875
Dense3x55,8471,3,3,1,4.384765625
Dense3x55,590,3,3,1,3.0078125
Dense3x55,9501,3,3,1,3.28125
Dense3x55,505,3,3,1,2.333984375
Dense3x55,4276,3,3,1,2.0703125
Dense3x55,7968,3,3,1,4.033203125
Dense3x55,5555,3,3,1,4.2822265625
Dense3x55,7821,3,2,1,1.2060546875
Dense3x55,3642,3,3,1,4.5263671875
Dense3x55,5328,3,3,1,3.2373046875
Dense3x55,569,3,3,1,1.2109375
Dense3x55,1997,3,3,1,1.9287109375
Dense3x55,6065,3,3,1,0.7763671875
Dense3x55,1856,3,3,1,1.8505859375
Dense3x55,782,3,3,1,3.193359375
Dense3x55,2756,3,3,1,1.66015625
Dense3x55,3787,3,3,1,3.22265625
Dense3x60,4834,0,0,1,3.3935546875
Dense3x60,7175,0,0,1,4.0576171875
Dense3x60,7699,0,0,1,4.345703125
Dense3x60,8283,0,0,1,3.5107421875
Dense3x60,3215,0,0,1,4.5751953125
Dense3x60,4146,0,0,1,2.32421875
Dense3x60,4432,0,0,1,2.16796875
Dense3x60,1223,0,0,1,3.9404296875
Dense3x60,7830,0,0,1,6.2353515625
Dense3x60,2944,0,0,1,1.630859375
Dense3x60,7791,0,0,1,5.8349609375
Dense3x60,1084,0,0,1,5.341796875
Dense3x60,9174,0,0,1,5.654296875
Dense3x60,1723,0,0,1,5.46875
Dense3x60,2318,0,0,1,3.30078125
Dense3x60,8016,0,0,1,3.6181640625
Dense3x60,7139,0,0,1,2.822265625
Dense3x60,5259,0,0,1,3.4814453125
Dense3x60,1898,0,0,1,3.5595703125
Dense3x60,4188,0,0,1,3.30078125
Dense3x60,7671,0,0,1,2.8857421875
Dense3x60,3401,0,0,1,3.5986328125
Dense3x60,713,0,0,1,2.353515625
Dense3x60,5463,0,0,1,5.244140625
Dense3x60,6567,0,0,1,3.3740234375
Dense3x60,8845,0,0,1,3.7255859375
Dense3x60,6191,0,0,1,6.5087890625
Dense3x60,6140,0,0,1,5.3076171875
Dense3x60,6843,0,0,1,4.47265625
Dense3x60,3584,0,0,1,5.2978515625
Dense3x60,932,0,0,1,3.134765625
Dense3x60,871,0,0,1,5.52734375
Dense3x60,9687,0,0,1,2.626953125
Dense3x60,6633,0,0,1,3.095703125
Dense3x60,6711,0,0,1,5.83984375
Dense3x60,3043,0,0,1,3.10546875
Dense3x60,9405,0,0,1,5.1806640625
Dense3x60,9850,0,0,1,3.857421875
Dense3x60,9902,0,0,1,2.6953125
Dense3x60,3764,0,0,1,1.4453125
Dense3x60,8671,0,0,1,4.1796875
Dense3x60,3989,0,0,1,2.2021484375
Dense3x60,2455,0,0,1,1.5283203125
Dense3x60,6937,0,0,1,3.671875
Dense3x60,3251,0,0,1,2.28515625
Dense3x60,9179,0,0,1,4.1357421875
Dense3x60,9425,0,0,1,3.076171875
Dense3x60,6968,0,0,1,3.203125
Dense3x60,4353,0,0,1,3.18359375
Dense3x60,4043,0,0,1,4.84375
Dense3x60,2329,0,2,1,1.9189453125
Dense3x60,6978,0,0,1,3.896484375
Dense3x60,6241,0,0,1,3.4423828125
Dense3x60,8335,0,0,1,2.470703125
Dense3x60,6651,0,5,1,0.8056640625
Dense3x60,2821,0,0,1,3.095703125
Dense3x60,2817,0,0,1,5.8349609375
Dense3x60,10,0,0,1,3.818359375
Dense3x60,5459,0,0,1,5.1513671875
Dense3x60,2127,0,0,1,3.2470703125
Dense3x60,6580,0,0,1,3.3544921875
Dense3x60,2081,0,0,1,2.529296875
Dense3x60,3325,0,0,1,5.4150390625
Dense3x60,2999,0,0,1,3.8525390625
Dense3x60,5756,0,0,1,3.828125
Dense3x60,8055,0,0,1,4.90234375
Dense3x60,3458,0,0,1,3.7060546875
Dense3x60,3170,0,0,1,3.57421875
Dense3x60,8278,0,0,1,2.6025390625
Dense3x60,8567,0,0,1,3.955078125
Dense3x60,7747,0,0,1,5.6298828125
Dense3x60,7646,0,0,1,3.3154296875
Dense3x60,7868,0,0,1,5.5712890625
Dense3x60,7465,0,0,1,2.4365234375
Dense3x60,7342,0,0,1,4.853515625
Dense3x60,2304,0,0,1,6.5185546875
Dense3x60,8535,0,0,1,5.3857421875
Dense3x60,7161,0,0,1,3.0517578125
Dense3x60,581,0,0,1,4.736328125
Dense3x60,8273,0,0,1,1.7041015625
Dense3x60,269,0,0,1,3.02734375
Dense3x60,3346,0,0,1,4.580078125
Dense3x60,5008,0,0,1,2.6123046875
Dense3x60,851,0,0,1,2.9931640625
Dense3x60,9633,0,0,1,2.9931640625
Dense3x60,620,0,0,1,2.79296875
Dense3x60,9724,0,0,1,2.9052734375
Dense3x60,821,0,0,1,2.8564453125
Dense3x60,6546,0,0,1,2.4609375
Dense3x60,1768,0,0,1,2.5634765625
Dense3x60,5337,0,0,1,5.8984375
Dense3x60,3818,0,0,1,1.3330078125
Dense3x60,7037,0,0,1,2.67578125
Dense3x60,9714,0,0,1,3.291015625
Dense3x60,7516,0,0,1,3.7109375
Dense3x60,8388,0,0,1,2.83203125
Dense3x60,4527,0,0,1,3.6181640625
Dense3x60,3581,0,0,1,3.9111328125
Dense3x60,8307,0,0,1,3.4716796875
Dense3x60,1121,0,0,1,2.3095703125
Dense3x60,2013,1,1,1,2.041015625
Dense3x60,5506,1,1,1,3.0908203125
Dense3x60,9120,1,1,1,2.05078125
Dense3x60,342,1,1,1,2.7734375
Dense3x60,1136,1,1,1,2.1728515625
Dense3x60,529,1,1,1,2.841796875
Dense3x60,5588,1,1,1,2.08984375
Dense3x60,1900,1,1,1,2.1533203125
Dense3x60,9594,1,1,1,1.875
Dense3x60,772,1,1,1,2.2998046875
Dense3x60,4170,1,1,1,1.97265625
Dense3x60,1528,1,1,1,2.1142578125
Dense3x60,3268,1,1,1,2.3291015625
Dense3x60,1030,1,1,1,1.953125
Dense3x60,4264,1,1,1,2.412109375
Dense3x60,191,1,1,1,1.767578125
Dense3x60,4262,1,1,1,2.236328125
Dense3x60,6058,1,1,1,2.8271484375
Dense3x60,5776,1,1,1,1.884765625
Dense3x60,6135,1,1,1,1.923828125
Dense3x60,537,1,1,1,2.0361328125
Dense3x60,1484,1,1,1,2.1337890625
Dense3x60,8729,1,1,1,2.44140625
Dense3x60,3421,1,1,1,1.6455078125
Dense3x60,663,1,1,1,2.880859375
Dense3x60,7954,1,1,1,2.75390625
Dense3x60,1254,1,1,1,2.490234375
Dense3x60,4691,1,1,1,2.0556640625
Dense3x60,1659,1,1,1,1.8505859375
Dense3x60,5477,1,1,1,2.041015625
Dense3x60,7556,1,1,1,2.05078125
Dense3x60,4168,1,1,1,2.548828125
Dense3x60,3894,1,1,1,1.73828125
Dense3x60,4147,1,1,1,1.552734375
Dense3x60,9878,1,1,1,2.1435546875
Dense3x60,4308,1,1,1,1.5478515625
Dense3x60,6527,1,1,1,1.826171875
Dense3x60,1945,1,1,1,2.0849609375
Dense3x60,4949,1,1,1,2.802734375
Dense3x60,5460,1,1,1,1.73828125
Dense3x60,3379,1,1,1,2.8466796875
Dense3x60,9301,1,1,1,1.7724609375
Dense3x60,956,1,2,1,0.6982421875
Dense3x60,988,1,1,1,1.6845703125
Dense3x60,57,1,1,1,1.689453125
Dense3x60,5361,1,1,1,2.20703125
Dense3x60,416,1,1,1,2.431640625
Dense3x60,40,1,1,1,1.66015625
Dense3x60,3786,1,1,1,3.0908203125
Dense3x60,7453,1,1,1,1.77734375
Dense3x60,8650,1,1,1,1.9091796875
Dense3x60,1988,1,1,1,2.080078125
Dense3x60,5406,1,1,1,1.3720703125
Dense3x60,2358,1,1,1,2.021484375
Dense3x60,6125,1,1,1,2.9736328125
Dense3x60,8340,1,1,1,2.1484375
Dense3x60,2878,1,1,1,2.8076171875
Dense3x60,4774,1,1,1,2.578125
Dense3x60,7661,1,1,1,2.333984375
Dense3x60,7303,1,1,1,2.1826171875
Dense3x60,4653,1,1,1,1.6259765625
Dense3x60,5211,1,1,1,1.845703125
Dense3x60,4930,1,1,1,2.5341796875
Dense3x60,7442,1,1,1,2.158203125
Dense3x60,4564,1,1,1,2.4951171875
Dense3x60,2164,1,1,1,2.24609375
Dense3x60,5614,1,1,1,2.9296875
Dense3x60,6902,1,1,1,1.97265625
Dense3x60,900,1,1,1,1.201171875
Dense3x60,7783,1,1,1,2.3388671875
Dense3x60,427,1,1,1,2.5048828125
Dense3x60,5271,1,1,1,2.4169921875
Dense3x60,5917,1,1,1,2.65625
Dense3x60,8768,1,1,1,2.1875
Dense3x60,135,1,1,1,2.685546875
Dense3x60,8538,1,1,1,3.0810546875
Dense3x60,272,1,1,1,2.4853515625
Dense3x60,9802,1,1,1,2.3876953125
Dense3x60,1834,1,1,1,2.509765625
Dense3x60,6670,1,1,1,2.0703125
Dense3x60,1360,1,1,1,2.490234375
Dense3x60,2283,1,1,1,2.197265625
Dense3x60,6222,1,1,1,2.021484375
Dense3x60,3937,1,1,1,2.158203125
Dense3x60,196,1,1,1,2.529296875
Dense3x60,9025,1,1,1,1.7919921875
Dense3x60,5762,1,1,1,2.0068359375
Dense3x60,9737,1,1,1,2.0947265625
Dense3x60,5896,1,1,1,2.666015625
Dense3x60,2359,1,1,1,2.16796875
Dense3x60,9795,1,1,1,1.7724609375
Dense3x60,6969,1,1,1,2.01171875
Dense3x60,7480,1,1,1,2.333984375
Dense3x60,6618,1,1,1,1.3330078125
Dense3x60,9274,1,1,1,2.6708984375
Dense3x60,2553,1,1,1,2.28515625
Dense3x60,4643,1,1,1,2.158203125
Dense3x60,9071,1,9,1,0.01953125
Dense3x60,5514,1,1,1,2.5244140625
Dense3x60,6110,1,1,1,2.0654296875
Dense3x60,44,3,3,1,2.2509765625
Dense3x60,8655,3,3,1,2.7392578125
Dense3x60,3074,3,3,1,3.6669921875
Dense3x60,9655,3,3,1,0.263671875
Dense3x60,8156,3,3,1,3.4326171875
Dense3x60,2624,3,3,1,2.294921875
Dense3x60,1608,3,3,1,3.22265625
Dense3x60,2756,3,3,1,1.8310546875
Dense3x60,8713,3,3,1,3.9111328125
Dense3x60,3962,3,4,1,0.1416015625
Dense3x60,8215,3,3,1,4.462890625
Dense3x60,976,3,3,1,1.93359375
Dense3x60,6517,3,3,1,2.5439453125
Dense3x60,5687,3,3,1,2.4365234375
Dense3x60,2255,3,3,1,1.9384765625
Dense3x60,4854,3,3,1,4.853515625
Dense3x60,5143,3,3,1,1.513671875
Dense3x60,7946,3,3,1,1.4404296875
Dense3x60,8508,3,3,1,0.595703125
Dense3x60,1128,3,7,1,0.634765625
Dense3x60,9390,3,3,1,3.5107421875
Dense3x60,6973,3,3,1,3.2666015625
Dense3x60,87,3,3,1,1.826171875
Dense3x60,8060,3,3,1,3.154296875
Dense3x60,7995,3,3,1,4.6484375
Dense3x60,1765,3,3,1,1.6259765625
Dense3x60,3285,3,3,1,2.109375
Dense3x60,195,3,3,1,0.4736328125
Dense3x60,4638,3,3,1,3.662109375
Dense3x60,1539,3,3,1,3.37890625
Dense3x60,4501,3,3,1,3.10546875
Dense3x60,1976,3,3,1,2.490234375
Dense3x60,894,3,3,1,3.3740234375
Dense3x60,2080,3,3,1,4.47265625
Dense3x60,3045,3,3,1,3.8818359375
Dense3x60,3381,3,2,1,0.4638671875
Dense3x60,7841,3,3,1,4.3359375
Dense3x60,7628,3,3,1,3.125
Dense3x60,2534,3,3,1,0.380859375
Dense3x60,7040,3,3,1,2.919921875
Dense3x60,815,3,3,1,2.79296875
Dense3x60,408,3,3,1,2.724609375
Dense3x60,5237,3,3,1,1.5966796875
Dense3x60,310,3,3,1,2.353515625
Dense3x60,1742,3,3,1,2.8271484375
Dense3x60,2032,3,3,1,3.388671875
Dense3x60,7350,3,3,1,2.51953125
Dense3x60,5904,3,3,1,2.5830078125
Dense3x60,6736,3,3,1,5.4541015625
Dense3x60,699,3,3,1,1.748046875
Dense3x60,7214,3,3,1,2.9150390625
Dense3x60,5028,3,3,1,3.955078125
Dense3x60,3995,3,3,1,0.1611328125
Dense3x60,6739,3,2,1,0.7861328125
Dense3x60,9797,3,3,1,3.8134765625
Dense3x60,1840,3,3,1,4.990234375
Dense3x60,2914,3,3,1,2.5634765625
Dense3x60,8939,3,3,1,3.232421875
Dense3x60,7771,3,3,1,3.2373046875
Dense3x60,1845,3,3,1,4.6337890625
Dense3x60,595,3,3,1,2.2412109375
Dense3x60,8272,3,5,1,0.17578125
Dense3x60,1617,3,3,1,2.2119140625
Dense3x60,1789,3,3,1,2.1142578125
Dense3x60,9332,3,3,1,1.5673828125
Dense3x60,5346,3,3,1,2.5732421875
Dense3x60,5973,3,5,1,0.5517578125
Dense3x60,7097,3,3,1,3.2373046875
Dense3x60,747,3,3,1,3.759765625
Dense3x60,9742,3,3,1,2.2119140625
Dense3x60,9063,3,3,1,3.1640625
Dense3x60,3475,3,7,1,0.009765625
Dense3x60,7117,3,3,1,3.720703125
Dense3x60,2813,3,3,1,2.431640625
Dense3x60,9762,3,3,1,1.6552734375
Dense3x60,8115,3,3,1,2.8466796875
Dense3x60,5078,3,2,1,0.3466796875
Dense3x60,8290,3,3,1,1.0498046875
Dense3x60,801,3,3,1,3.759765625
Dense3x60,2128,3,3,1,3.8671875
Dense3x60,2139,3,3,1,3.056640625
Dense3x60,4222,3,3,1,2.8125
Dense3x60,6876,3,3,1,2.91015625
Dense3x60,8780,3,3,1,4.4384765625
Dense3x60,6918,3,3,1,3.1982421875
Dense3x60,569,3,3,1,1.1181640625
Dense3x60,3686,3,3,1,2.44140625
Dense3x60,9561,3,3,1,4.1650390625
Dense3x60,1278,3,3,1,4.7216796875
Dense3x60,3193,3,3,1,0.7421875
Dense3x60,7233,3,3,1,1.7724609375
Dense3x60,8598,3,3,1,2.8857421875
Dense3x60,782,3,3,1,3.37890625
Dense3x60,8186,3,3,1,4.6630859375
Dense3x60,9238,3,3,1,2.216796875
Dense3x60,6322,3,3,1,2.8125
Dense3x60,2906,3,3,1,0.95703125
Dense3x60,7509,3,3,1,4.3359375
Dense3x60,5796,3,3,1,3.8916015625
Dense3x60,4581,3,3,1,3.6083984375
Dense3x65,4542,0,0,1,3.564453125
Dense3x65,1273,0,0,1,2.2802734375
Dense3x65,9666,0,0,1,1.40625
Dense3x65,6133,0,0,1,5.478515625
Dense3x65,8359,0,0,1,2.5439453125
Dense3x65,3251,0,0,1,0.8447265625
Dense3x65,7368,0,0,1,4.267578125
Dense3x65,6489,0,0,1,3.2177734375
Dense3x65,1445,0,0,1,2.91015625
Dense3x65,545,0,0,1,1.328125
Dense3x65,9377,0,0,1,3.0078125
Dense3x65,2226,0,0,1,2.5244140625
Dense3x65,7317,0,0,1,4.78515625
Dense3x65,2777,0,0,1,1.904296875
Dense3x65,6201,0,0,1,3.7353515625
Dense3x65,4473,0,0,1,2.20703125
Dense3x65,1534,0,0,1,2.2509765625
Dense3x65,7671,0,0,1,1.279296875
Dense3x65,1692,0,0,1,2.5732421875
Dense3x65,1197,0,0,1,2.08984375
Dense3x65,8868,0,0,1,2.7587890625
Dense3x65,10,0,0,1,2.783203125
Dense3x65,9677,0,0,1,0.615234375
Dense3x65,2932,0,0,1,1.5234375
Dense3x65,4080,0,0,1,2.177734375
Dense3x65,3401,0,0,1,2.861328125
Dense3x65,592,0,0,1,3.271484375
Dense3x65,4079,0,0,1,3.212890625
Dense3x65,3219,0,0,1,1.2841796875
Dense3x65,9611,0,0,1,3.02734375
Dense3x65,3849,0,0,1,3.2568359375
Dense3x65,525,0,0,1,2.998046875
Dense3x65,8634,0,0,1,2.6708984375
Dense3x65,1061,0,0,1,3.5302734375
Dense3x65,1457,0,0,1,4.1064453125
Dense3x65,4048,0,0,1,1.7333984375
Dense3x65,5280,0,0,1,4.0185546875
Dense3x65,1379,0,0,1,1.904296875
Dense3x65,5079,0,0,1,3.037109375
Dense3x65,8425,0,0,1,1.7578125
Dense3x65,6590,0,5,1,2.197265625
Dense3x65,2824,0,0,1,2.5439453125
Dense3x65,7913,0,0,1,5.029296875
Dense3x65,5255,0,0,1,2.353515625
Dense3x65,9414,0,0,1,4.12109375
Dense3x65,1826,0,0,1,2.7294921875
Dense3x65,5405,0,0,1,1.0009765625
Dense3x65,3226,0,0,1,3.515625
Dense3x65,7485,0,0,1,2.7587890625
Dense3x65,1748,0,0,1,1.7578125
Dense3x65,4477,0,0,1,0.0
Dense3x65,2937,0,0,1,2.265625
Dense3x65,5435,0,0,1,2.5146484375
Dense3x65,5828,0,0,1,1.7529296875
Dense3x65,4650,0,0,1,3.115234375
Dense3x65,3315,0,0,1,3.3447265625
Dense3x65,8576,0,0,1,2.939453125
Dense3x65,6383,0,0,1,2.2705078125
Dense3x65,9634,0,3,1,0.7861328125
Dense3x65,6097,0,0,1,4.8779296875
Dense3x65,8414,0,0,1,2.9931640625
Dense3x65,4527,0,0,1,2.2119140625
Dense3x65,8114,0,0,1,5.1025390625
Dense3x65,7440,0,0,1,2.236328125
Dense3x65,3446,0,0,1,2.353515625
Dense3x65,2378,0,0,1,2.08984375
Dense3x65,6894,0,0,1,1.8701171875
Dense3x65,5428,0,0,1,4.1064453125
Dense3x65,3242,0,0,1,2.9638671875
Dense3x65,6892,0,0,1,2.9150390625
Dense3x65,4146,0,0,1,1.6064453125
Dense3x65,2294,0,0,1,2.2265625
Dense3x65,188,0,0,1,3.8330078125
Dense3x65,9850,0,0,1,2.7880859375
Dense3x65,5791,0,0,1,4.345703125
Dense3x65,5505,0,0,1,2.1923828125
Dense3x65,3243,0,0,1,1.40625
Dense3x65,2631,0,0,1,1.3818359375
Dense3x65,9162,0,0,1,4.619140625
Dense3x65,4720,0,0,1,2.8466796875
Dense3x65,4739,0,0,1,1.5869140625
Dense3x65,2817,0,0,1,4.765625
Dense3x65,3870,0,0,1,2.98828125
Dense3x65,896,0,0,1,1.34765625
Dense3x65,2954,0,0,1,1.5234375
Dense3x65,305,0,0,1,2.0068359375
Dense3x65,7737,0,0,1,5.41015625
Dense3x65,4923,0,0,1,2.021484375
Dense3x65,9648,0,0,1,3.203125
Dense3x65,7868,0,0,1,4.736328125
Dense3x65,1294,0,0,1,2.8369140625
Dense3x65,9939,0,0,1,3.3837890625
Dense3x65,9952,0,0,1,3.466796875
Dense3x65,8194,0,0,1,2.080078125
Dense3x65,3680,0,0,1,2.6025390625
Dense3x65,7830,0,0,1,4.814453125
Dense3x65,1623,0,0,1,3.5205078125
Dense3x65,5827,0,0,1,1.8115234375
Dense3x65,9948,0,0,1,1.630859375
Dense3x65,4887,0,0,1,2.2607421875
Dense3x65,7173,1,1,1,2.9296875
Dense3x65,1715,1,1,1,2.0947265625
Dense3x65,9190,1,1,1,3.06640625
Dense3x65,1945,1,1,1,2.3046875
Dense3x65,8432,1,1,1,1.9775390625
Dense3x65,7822,1,1,1,0.5322265625
Dense3x65,9336,1,1,1,2.333984375
Dense3x65,7944,1,1,1,2.4560546875
Dense3x65,7899,1,1,1,0.8349609375
Dense3x65,5384,1,1,1,2.8271484375
Dense3x65,5431,1,1,1,1.8798828125
Dense3x65,7176,1,1,1,2.2314453125
Dense3x65,2228,1,1,1,1.3525390625
Dense3x65,1316,1,1,1,2.4169921875
Dense3x65,2316,1,1,1,2.412109375
Dense3x65,8930,1,1,1,2.8369140625
Dense3x65,1360,1,1,1,2.1044921875
Dense3x65,2943,1,1,1,1.650390625
Dense3x65,8303,1,1,1,3.447265625
Dense3x65,3673,1,1,1,1.7919921875
Dense3x65,4249,1,1,1,1.71875
Dense3x65,1868,1,1,1,0.5859375
Dense3x65,5552,1,1,1,2.3193359375
Dense3x65,1257,1,1,1,1.69921875
Dense3x65,2688,1,1,1,2.1923828125
Dense3x65,3582,1,1,1,1.3671875
Dense3x65,4606,1,1,1,1.6162109375
Dense3x65,3809,1,1,1,1.6943359375
Dense3x65,5783,1,1,1,2.48046875
Dense3x65,8268,1,1,1,2.6708984375
Dense3x65,4949,1,1,1,2.294921875
Dense3x65,920,1,1,1,1.5283203125
Dense3x65,7418,1,1,1,2.1728515625
Dense3x65,202,1,1,1,1.8115234375
Dense3x65,5666,1,1,1,2.4853515625
Dense3x65,3648,1,1,1,2.666015625
Dense3x65,1240,1,1,1,1.9384765625
Dense3x65,4021,1,1,1,2.3486328125
Dense3x65,2912,1,1,1,1.7578125
Dense3x65,3039,1,1,1,1.5380859375
Dense3x65,5534,1,1,1,2.8369140625
Dense3x65,1305,1,1,1,1.796875
Dense3x65,6743,1,1,1,2.65625
Dense3x65,9923,1,1,1,2.7783203125
Dense3x65,994,1,1,1,1.357421875
Dense3x65,918,1,1,1,1.845703125
Dense3x65,5970,1,1,1,1.7919921875
Dense3x65,89,1,1,1,2.197265625
Dense3x65,1836,1,1,1,1.6259765625
Dense3x65,2788,1,1,1,1.533203125
Dense3x65,1753,1,1,1,2.060546875
Dense3x65,7563,1,1,1,2.7978515625
Dense3x65,3601,1,1,1,0.625
Dense3x65,4717,1,1,1,1.962890625
Dense3x65,9699,1,1,1,1.5087890625
Dense3x65,2655,1,1,1,2.138671875
Dense3x65,3894,1,1,1,1.6796875
Dense3x65,6192,1,1,1,2.275390625
Dense3x65,1861,1,1,1,2.236328125
Dense3x65,1773,1,8,1,0.21484375
Dense3x65,8575,1,1,1,1.7626953125
Dense3x65,2266,1,6,1,0.8447265625
Dense3x65,5520,1,1,1,2.548828125
Dense3x65,5506,1,1,1,2.6416015625
Dense3x65,3457,1,6,1,0.595703125
Dense3x65,377,1,1,1,2.0947265625
Dense3x65,8971,1,1,1,2.7880859375
Dense3x65,7839,1,1,1,1.0693359375
Dense3x65,3733,1,1,1,1.9140625
Dense3x65,5132,1,1,1,2.490234375
Dense3x65,5679,1,1,1,2.2900390625
Dense3x65,4014,1,1,1,2.3046875
Dense3x65,6101,1,8,1,0.2099609375
Dense3x65,8058,1,1,1,1.865234375
Dense3x65,8418,1,1,1,2.3193359375
Dense3x65,8099,1,1,1,2.236328125
Dense3x65,3433,1,1,1,2.24609375
Dense3x65,3026,1,1,1,1.30859375
Dense3x65,1820,1,1,1,2.7490234375
Dense3x65,7217,1,1,1,1.71875
Dense3x65,3070,1,1,1,1.89453125
Dense3x65,5811,1,1,1,2.3193359375
Dense3x65,2822,1,1,1,2.01171875
Dense3x65,4057,1,1,1,2.6220703125
Dense3x65,6468,1,1,1,2.109375
Dense3x65,5594,1,1,1,1.3134765625
Dense3x65,6141,1,1,1,2.5048828125
Dense3x65,9774,1,1,1,2.7978515625
Dense3x65,6783,1,6,1,1.15234375
Dense3x65,8219,1,1,1,2.32421875
Dense3x65,5025,1,1,1,2.34375
Dense3x65,4179,1,1,1,2.40234375
Dense3x65,3586,1,1,1,2.978515625
Dense3x65,6799,1,1,1,2.59765625
Dense3x65,9661,1,1,1,1.4013671875
Dense3x65,4025,1,1,1,2.490234375
Dense3x65,2789,1,1,1,2.822265625
Dense3x65,5661,1,1,1,1.884765625
Dense3x65,9025,1,1,1,1.4111328125
Dense3x65,6073,1,1,1,1.6943359375
Dense3x65,4526,3,3,1,3.14453125
Dense3x65,4833,3,2,1,0.0732421875
Dense3x65,8655,3,3,1,1.2353515625
Dense3x65,2502,3,3,1,3.408203125
Dense3x65,2632,3,3,1,2.705078125
Dense3x65,5273,3,3,1,2.2900390625
Dense3x65,8780,3,3,1,4.169921875
Dense3x65,5046,3,3,1,0.44921875
Dense3x65,8485,3,3,1,2.59765625
Dense3x65,8140,3,3,1,3.9697265625
Dense3x65,7674,3,3,1,2.001953125
Dense3x65,9217,3,3,1,2.041015625
Dense3x65,8970,3,3,1,4.2333984375
Dense3x65,1166,3,3,1,0.576171875
Dense3x65,2312,3,3,1,0.8544921875
Dense3x65,3947,3,3,1,2.8955078125
Dense3x65,2083,3,3,1,2.9736328125
Dense3x65,3150,3,3,1,1.455078125
Dense3x65,9925,3,8,1,0.361328125
Dense3x65,1690,3,3,1,1.3037109375
Dense3x65,1490,3,3,1,1.8212890625
Dense3x65,5309,3,3,1,1.6064453125
Dense3x65,8603,3,3,1,2.67578125
Dense3x65,6973,3,3,1,2.548828125
Dense3x65,2566,3,3,1,2.3095703125
Dense3x65,9680,3,3,1,1.6455078125
Dense3x65,6421,3,2,1,1.73828125
Dense3x65,8271,3,3,1,1.689453125
Dense3x65,1605,3,3,1,2.353515625
Dense3x65,6745,3,3,1,0.302734375
Dense3x65,9231,3,3,1,0.48828125
Dense3x65,5766,3,3,1,3.9453125
Dense3x65,2924,3,3,1,1.787109375
Dense3x65,7131,3,3,1,3.1787109375
Dense3x65,3283,3,3,1,1.8408203125
Dense3x65,6382,3,3,1,3.7451171875
Dense3x65,4664,3,3,1,1.1865234375
Dense3x65,3659,3,3,1,2.34375
Dense3x65,4501,3,3,1,2.958984375
Dense3x65,7829,3,3,1,2.9443359375
Dense3x65,7075,3,3,1,1.8408203125
Dense3x65,4552,3,3,1,1.5869140625
Dense3x65,9156,3,3,1,3.7890625
Dense3x65,6811,3,3,1,1.9921875
Dense3x65,808,3,3,1,2.51953125
Dense3x65,1601,3,2,1,0.927734375
Dense3x65,6285,3,3,1,4.375
Dense3x65,531,3,3,1,0.498046875
Dense3x65,7436,3,3,1,2.3876953125
Dense3x65,2284,3,3,1,1.8408203125
Dense3x65,9942,3,3,1,2.255859375
Dense3x65,1134,3,3,1,1.9091796875
Dense3x65,142,3,3,1,2.3291015625
Dense3x65,2032,3,3,1,2.2509765625
Dense3x65,4904,3,3,1,3.26171875
Dense3x65,3409,3,3,1,3.26171875
Dense3x65,1442,3,3,1,2.1630859375
Dense3x65,7763,3,3,1,3.5400390625
Dense3x65,4541,3,3,1,3.056640625
Dense3x65,1608,3,3,1,2.236328125
Dense3x65,2624,3,3,1,2.421875
Dense3x65,4647,3,3,1,0.9619140625
Dense3x65,5245,3,3,1,2.2216796875
Dense3x65,1092,3,3,1,0.869140625
Dense3x65,4084,3,3,1,1.8896484375
Dense3x65,6322,3,3,1,2.9150390625
Dense3x65,3769,3,9,1,0.0
Dense3x65,5212,3,3,1,3.193359375
Dense3x65,7326,3,3,1,4.1748046875
Dense3x65,2865,3,3,1,2.2998046875
Dense3x65,8867,3,3,1,2.4169921875
Dense3x65,2745,3,3,1,1.1669921875
Dense3x65,3670,3,3,1,3.4375
Dense3x65,8156,3,3,1,1.484375
Dense3x65,9872,3,3,1,2.3828125
Dense3x65,2881,3,3,1,1.875
Dense3x65,8379,3,3,1,0.859375
Dense3x65,819,3,3,1,3.525390625
Dense3x65,849,3,3,1,3.1201171875
Dense3x65,5346,3,3,1,2.0556640625
Dense3x65,4469,3,3,1,2.1484375
Dense3x65,216,3,3,1,3.28125
Dense3x65,1779,3,3,1,2.1484375
Dense3x65,7968,3,3,1,4.716796875
Dense3x65,5062,3,3,1,0.9521484375
Dense3x65,442,3,3,1,2.3828125
Dense3x65,2623,3,3,1,1.7578125
Dense3x65,637,3,3,1,2.55859375
Dense3x65,7981,3,3,1,3.837890625
Dense3x65,7185,3,3,1,2.2314453125
Dense3x65,3527,3,3,1,2.36328125
Dense3x65,938,3,5,1,1.19140625
Dense3x65,2392,3,3,1,2.3291015625
Dense3x65,9007,3,3,1,0.830078125
Dense3x65,7040,3,3,1,2.919921875
Dense3x65,9762,3,3,1,1.4892578125
Dense3x65,3248,3,3,1,1.474609375
Dense3x65,3486,3,3,1,2.0654296875
Dense3x65,515,3,3,1,0.654296875
Dense3x65,3094,3,3,1,1.865234375
Dense3x70,7967,0,0,1,6.787109375
Dense3x70,3359,0,0,1,4.326171875
Dense3x70,3,0,0,1,3.896484375
Dense3x70,1176,0,0,1,2.275390625
Dense3x70,2899,0,0,1,4.091796875
Dense3x70,1995,0,0,1,3.125
Dense3x70,7601,0,0,1,4.462890625
Dense3x70,2328,0,0,1,2.431640625
Dense3x70,8260,0,0,1,3.1591796875
Dense3x70,896,0,0,1,3.0078125
Dense3x70,5918,0,0,1,2.3828125
Dense3x70,459,0,0,1,3.8671875
Dense3x70,1218,0,0,1,3.369140625
Dense3x70,9911,0,0,1,4.2138671875
Dense3x70,3346,0,0,1,4.2626953125
Dense3x70,3774,0,0,1,2.265625
Dense3x70,327,0,0,1,4.5849609375
Dense3x70,2764,0,0,1,3.349609375
Dense3x70,9038,0,0,1,3.9990234375
Dense3x70,2329,0,0,1,3.1396484375
Dense3x70,8127,0,0,1,5.068359375
Dense3x70,6259,0,0,1,4.8583984375
Dense3x70,9325,0,0,1,3.3642578125
Dense3x70,2641,0,0,1,4.3994140625
Dense3x70,7231,0,0,1,3.5302734375
Dense3x70,1188,0,0,1,2.8759765625
Dense3x70,4672,0,0,1,3.4326171875
Dense3x70,6835,0,0,1,5.0341796875
Dense3x70,1379,0,0,1,4.19921875
Dense3x70,3140,0,0,1,3.3349609375
Dense3x70,9264,0,0,1,2.9248046875
Dense3x70,6962,0,0,1,2.783203125
Dense3x70,7112,0,0,1,4.70703125
Dense3x70,4370,0,0,1,1.337890625
Dense3x70,8535,0,0,1,5.810546875
Dense3x70,6328,0,0,1,3.92578125
Dense3x70,8595,0,0,1,5.1025390625
Dense3x70,7646,0,0,1,4.1357421875
Dense3x70,8576,0,0,1,3.857421875
Dense3x70,5087,0,0,1,5.498046875
Dense3x70,9761,0,0,1,2.841796875
Dense3x70,1445,0,0,1,3.4326171875
Dense3x70,6795,0,0,1,4.8974609375
Dense3x70,7086,0,0,1,3.896484375
Dense3x70,8163,0,0,1,3.7255859375
Dense3x70,4611,0,0,1,5.1806640625
Dense3x70,6526,0,0,1,4.1015625
Dense3x70,8016,0,0,1,3.583984375
Dense3x70,1094,0,0,1,4.1552734375
Dense3x70,296,0,0,1,5.3369140625
Dense3x70,9352,0,0,1,3.5498046875
Dense3x70,3242,0,0,1,3.7451171875
Dense3x70,1870,0,0,1,4.2041015625
Dense3x70,9387,0,0,1,5.224609375
Dense3x70,8738,0,0,1,3.7841796875
Dense3x70,8425,0,0,1,2.958984375
Dense3x70,7830,0,0,1,5.244140625
Dense3x70,7889,0,0,1,6.09375
Dense3x70,4329,0,0,1,2.65625
Dense3x70,8558,0,0,1,3.837890625
Dense3x70,3536,0,0,1,2.8076171875
Dense3x70,8845,0,0,1,5.1904296875
Dense3x70,525,0,0,1,3.3837890625
Dense3x70,1723,0,0,1,5.146484375
Dense3x70,5838,0,0,1,3.3837890625
Dense3x70,3496,0,0,1,1.8017578125
Dense3x70,13,0,0,1,2.7734375
Dense3x70,997,0,0,1,5.4345703125
Dense3x70,2988,0,0,1,1.9921875
Dense3x70,704,0,0,1,3.2373046875
Dense3x70,9865,0,0,1,2.79296875
Dense3x70,4614,0,0,1,4.111328125
Dense3x70,8389,0,0,1,2.7587890625
Dense3x70,5109,0,0,1,5.1904296875
Dense3x70,4404,0,0,1,3.1005859375
Dense3x70,1297,0,0,1,4.4140625
Dense3x70,567,0,0,1,1.6943359375
Dense3x70,7342,0,0,1,6.0009765625
Dense3x70,6971,0,0,1,3.193359375
Dense3x70,5369,0,0,1,6.220703125
Dense3x70,3581,0,0,1,3.291015625
Dense3x70,1533,0,0,1,3.3056640625
Dense3x70,7855,0,0,1,5.9326171875
Dense3x70,5513,0,0,1,3.994140625
Dense3x70,5731,0,0,1,2.7734375
Dense3x70,9396,0,0,1,3.7451171875
Dense3x70,2873,0,0,1,3.2421875
Dense3x70,2188,0,0,1,2.5
Dense3x70,5685,0,0,1,4.3408203125
Dense3x70,2492,0,0,1,4.8828125
Dense3x70,1526,0,0,1,4.2529296875
Dense3x70,1203,0,0,1,5.0927734375
Dense3x70,8865,0,0,1,3.80859375
Dense3x70,3243,0,0,1,1.3818359375
Dense3x70,8481,0,0,1,5.9033203125
Dense3x70,4739,0,0,1,2.5537109375
Dense3x70,2023,0,0,1,1.3232421875
Dense3x70,6532,0,0,1,1.025390625
Dense3x70,8221,0,0,1,5.029296875
Dense3x70,5051,0,0,1,3.7353515625
Dense3x70,9645,1,7,1,0.205078125
Dense3x70,3430,1,1,1,1.2255859375
Dense3x70,2504,1,1,1,1.5673828125
Dense3x70,4010,1,1,1,1.9921875
Dense3x70,9978,1,1,1,1.064453125
Dense3x70,5953,1,1,1,2.0068359375
Dense3x70,4428,1,1,1,1.5185546875
Dense3x70,6254,1,1,1,1.5771484375
Dense3x70,8729,1,1,1,2.2412109375
Dense3x70,4653,1,1,1,1.25
Dense3x70,8971,1,1,1,2.2119140625
Dense3x70,4013,1,1,1,2.568359375
Dense3x70,9499,1,1,1,2.32421875
Dense3x70,6092,1,1,1,2.3681640625
Dense3x70,6917,1,1,1,2.275390625
Dense3x70,2734,1,1,1,1.4306640625
Dense3x70,9774,1,1,1,2.3193359375
Dense3x70,3231,1,1,1,2.6025390625
Dense3x70,9489,1,1,1,2.216796875
Dense3x70,4953,1,1,1,2.255859375
Dense3x70,6938,1,1,1,1.8994140625
Dense3x70,7811,1,1,1,0.9326171875
Dense3x70,9795,1,1,1,1.4990234375
Dense3x70,7000,1,1,1,1.396484375
Dense3x70,675,1,1,1,2.1142578125
Dense3x70,7722,1,1,1,1.8603515625
Dense3x70,3789,1,1,1,1.69921875
Dense3x70,135,1,1,1,2.2265625
Dense3x70,2693,1,1,1,2.0849609375
Dense3x70,5156,1,1,1,1.982421875
Dense3x70,8340,1,1,1,1.8896484375
Dense3x70,6604,1,1,1,1.8115234375
Dense3x70,7150,1,1,1,2.08984375
Dense3x70,9760,1,1,1,1.201171875
Dense3x70,9674,1,1,1,1.591796875
Dense3x70,9969,1,1,1,1.6552734375
Dense3x70,3786,1,1,1,2.4853515625
Dense3x70,6162,1,1,1,2.197265625
Dense3x70,6374,1,1,1,2.2021484375
Dense3x70,9249,1,1,1,1.982421875
Dense3x70,2137,1,1,1,1.6650390625
Dense3x70,1515,1,1,1,2.2216796875
Dense3x70,3648,1,1,1,2.265625
Dense3x70,9950,1,1,1,1.6162109375
Dense3x70,5093,1,1,1,0.126953125
Dense3x70,1238,1,1,1,2.1240234375
Dense3x70,9846,1,1,1,0.625
Dense3x70,5746,1,1,1,0.5029296875
Dense3x70,9802,1,1,1,1.689453125
Dense3x70,3747,1,1,1,2.3876953125
Dense3x70,1179,1,1,1,1.9091796875
Dense3x70,8559,1,1,1,1.8896484375
Dense3x70,7881,1,1,1,2.548828125
Dense3x70,695,1,1,1,1.3232421875
Dense3x70,1403,1,1,1,0.634765625
Dense3x70,1201,1,1,1,2.0263671875
Dense3x70,8692,1,1,1,1.8359375
Dense3x70,963,1,1,1,1.1181640625
Dense3x70,7463,1,1,1,2.12890625
Dense3x70,790,1,1,1,2.0947265625
Dense3x70,4847,1,1,1,1.513671875
Dense3x70,6397,1,1,1,2.060546875
Dense3x70,7399,1,1,1,1.5869140625
Dense3x70,5227,1,1,1,1.826171875
Dense3x70,7608,1,1,1,2.2998046875
Dense3x70,7658,1,1,1,2.2265625
Dense3x70,2411,1,1,1,1.865234375
Dense3x70,7262,1,1,1,1.005859375
Dense3x70,2366,1,1,1,0.908203125
Dense3x70,6789,1,1,1,2.2119140625
Dense3x70,6652,1,1,1,1.2548828125
Dense3x70,8720,1,1,1,1.962890625
Dense3x70,8930,1,1,1,2.216796875
Dense3x70,9540,1,1,1,1.23046875
Dense3x70,5252,1,1,1,1.904296875
Dense3x70,8432,1,1,1,2.001953125
Dense3x70,7869,1,1,1,1.640625
Dense3x70,7517,1,1,1,2.3291015625
Dense3x70,9956,1,1,1,1.0595703125
Dense3x70,3652,1,1,1,1.7529296875
Dense3x70,9112,1,1,1,0.7421875
Dense3x70,2398,1,1,1,1.5771484375
Dense3x70,4646,1,1,1,1.5185546875
Dense3x70,1358,1,1,1,1.943359375
Dense3x70,2746,1,1,1,1.591796875
Dense3x70,3852,1,1,1,0.966796875
Dense3x70,2868,1,1,1,1.9091796875
Dense3x70,7591,1,1,1,1.630859375
Dense3x70,836,1,1,1,1.5185546875
Dense3x70,14,1,1,1,2.6318359375
Dense3x70,1483,1,1,1,1.81640625
Dense3x70,2316,1,1,1,2.0751953125
Dense3x70,8549,1,1,1,2.294921875
Dense3x70,4074,1,1,1,1.9091796875
Dense3x70,2719,1,1,1,0.615234375
Dense3x70,6060,1,1,1,2.3486328125
Dense3x70,7232,1,1,1,1.3330078125
Dense3x70,2661,1,1,1,1.8603515625
Dense3x70,191,1,1,1,1.5478515625
Dense3x70,2018,1,1,1,0.6689453125
Dense3x70,4087,3,3,1,3.740234375
Dense3x70,2011,3,3,1,2.3779296875
Dense3x70,4430,3,3,1,5.1806640625
Dense3x70,5019,3,3,1,2.861328125
Dense3x70,3300,3,3,1,2.5634765625
Dense3x70,4270,3,3,1,2.4169921875
Dense3x70,7714,3,3,1,2.9541015625
Dense3x70,6940,3,3,1,2.041015625
Dense3x70,5606,3,3,1,4.384765625
Dense3x70,1612,3,3,1,2.880859375
Dense3x70,6204,3,3,1,2.65625
Dense3x70,3944,3,3,1,3.2568359375
Dense3x70,9536,3,3,1,1.34765625
Dense3x70,5945,3,3,1,1.2451171875
Dense3x70,4940,3,3,1,4.9755859375
Dense3x70,5150,3,3,1,4.90234375
Dense3x70,5815,3,3,1,4.1796875
Dense3x70,648,3,3,1,4.7216796875
Dense3x70,1042,3,3,1,4.1650390625
Dense3x70,6840,3,3,1,3.5986328125
Dense3x70,7233,3,3,1,0.3271484375
Dense3x70,7222,3,3,1,5.3955078125
Dense3x70,8801,3,3,1,4.0869140625
Dense3x70,6382,3,3,1,4.560546875
Dense3x70,6312,3,3,1,3.2080078125
Dense3x70,1239,3,3,1,1.533203125
Dense3x70,5273,3,3,1,3.291015625
Dense3x70,2045,3,3,1,2.71484375
Dense3x70,9656,3,3,1,0.99609375
Dense3x70,4657,3,3,1,1.8408203125
Dense3x70,5882,3,3,1,3.6767578125
Dense3x70,8533,3,3,1,3.1591796875
Dense3x70,2230,3,3,1,3.7255859375
Dense3x70,2587,3,3,1,3.193359375
Dense3x70,8489,3,3,1,2.0947265625
Dense3x70,8876,3,3,1,2.578125
Dense3x70,9975,3,2,1,0.4931640625
Dense3x70,6985,3,3,1,5.361328125
Dense3x70,464,3,3,1,0.7763671875
Dense3x70,5237,3,3,1,1.5625
Dense3x70,4084,3,3,1,1.279296875
Dense3x70,6767,3,3,1,4.384765625
Dense3x70,2424,3,3,1,2.5732421875
Dense3x70,5814,3,3,1,3.22265625
Dense3x70,1069,3,3,1,4.3359375
Dense3x70,7543,3,3,1,3.466796875
Dense3x70,6379,3,3,1,3.3935546875
Dense3x70,4770,3,3,1,3.1201171875
Dense3x70,3825,3,3,1,2.79296875
Dense3x70,7215,3,3,1,3.505859375
Dense3x70,2931,3,3,1,2.373046875
Dense3x70,4526,3,3,1,4.033203125
Dense3x70,6061,3,3,1,2.9541015625
Dense3x70,7292,3,3,1,3.28125
Dense3x70,2575,3,3,1,4.384765625
Dense3x70,4509,3,3,1,2.08984375
Dense3x70,1586,3,3,1,1.279296875
Dense3x70,6763,3,3,1,3.3447265625
Dense3x70,9430,3,3,1,2.978515625
Dense3x70,3975,3,3,1,3.3984375
Dense3x70,6681,3,3,1,2.51953125
Dense3x70,5359,3,3,1,2.421875
Dense3x70,1098,3,3,1,1.8603515625
Dense3x70,5635,3,3,1,2.2509765625
Dense3x70,30,3,3,1,2.724609375
Dense3x70,9797,3,3,1,3.5302734375
Dense3x70,5764,3,3,1,3.5791015625
Dense3x70,1765,3,3,1,2.919921875
Dense3x70,9365,3,3,1,3.0615234375
Dense3x70,1278,3,3,1,5.2978515625
Dense3x70,1832,3,5,1,0.21484375
Dense3x70,7750,3,3,1,4.853515625
Dense3x70,4317,3,3,1,2.2314453125
Dense3x70,3363,3,3,1,2.7587890625
Dense3x70,9007,3,3,1,2.2607421875
Dense3x70,1215,3,3,1,2.265625
Dense3x70,7435,3,3,1,4.0966796875
Dense3x70,6440,3,3,1,4.4970703125
Dense3x70,2174,3,3,1,0.673828125
Dense3x70,1962,3,3,1,4.189453125
Dense3x70,2020,3,3,1,2.4853515625
Dense3x70,8087,3,3,1,4.501953125
Dense3x70,1591,3,3,1,2.548828125
Dense3x70,213,3,3,1,1.4111328125
Dense3x70,4552,3,3,1,2.2119140625
Dense3x70,1109,3,3,1,4.3017578125
Dense3x70,5804,3,3,1,3.662109375
Dense3x70,4494,3,3,1,2.060546875
Dense3x70,3094,3,3,1,2.24609375
Dense3x70,3299,3,3,1,2.421875
Dense3x70,1731,3,3,1,4.228515625
Dense3x70,7131,3,3,1,3.876953125
Dense3x70,1742,3,3,1,3.0126953125
Dense3x70,1837,3,3,1,2.0166015625
Dense3x70,7479,3,3,1,2.451171875
Dense3x70,4222,3,3,1,3.7060546875
Dense3x70,4782,3,3,1,2.1728515625
Dense3x70,8263,3,3,1,2.1533203125
Dense3x70,6365,3,3,1,3.9111328125
Dense3x70,8551,3,3,1,4.23828125
Dense4x20,2899,0,0,1,3.740234375
Dense4x20,3013,0,0,1,5.4052734375
Dense4x20,9498,0,0,1,6.6162109375
Dense4x20,8763,0,0,1,5.09765625
Dense4x20,6489,0,0,1,4.84375
Dense4x20,7873,0,0,1,8.173828125
Dense4x20,1333,0,0,1,4.8388671875
Dense4x20,742,0,0,1,5.7275390625
Dense4x20,4757,0,0,1,4.7509765625
Dense4x20,1708,0,0,1,5.1904296875
Dense4x20,2333,0,0,1,1.5576171875
Dense4x20,3790,0,0,1,4.7119140625
Dense4x20,5838,0,0,1,3.0078125
Dense4x20,7465,0,0,1,3.8623046875
Dense4x20,1399,0,0,1,2.4365234375
Dense4x20,9396,0,0,1,3.720703125
Dense4x20,7342,0,0,1,6.11328125
Dense4x20,5428,0,0,1,6.611328125
Dense4x20,9753,0,0,1,3.8427734375
Dense4x20,2127,0,0,1,3.65234375
Dense4x20,972,0,0,1,4.9365234375
Dense4x20,7887,0,0,1,7.55859375
Dense4x20,1294,0,0,1,3.8671875
Dense4x20,1826,0,0,1,3.955078125
Dense4x20,6510,0,0,1,5.2294921875
Dense4x20,3677,0,0,1,5.7763671875
Dense4x20,4343,0,0,1,1.71875
Dense4x20,9236,0,0,1,4.2919921875
Dense4x20,6140,0,0,1,6.1572265625
Dense4x20,2703,0,0,1,5.6201171875
Dense4x20,4448,0,0,1,3.0908203125
Dense4x20,4150,0,0,1,6.0791015625
Dense4x20,3764,0,0,1,1.6796875
Dense4x20,5301,0,0,1,3.896484375
Dense4x20,4718,0,0,1,4.6044921875
Dense4x20,7625,0,0,1,4.1650390625
Dense4x20,5069,0,0,1,5.9228515625
Dense4x20,3347,0,0,1,2.48046875
Dense4x20,5033,0,0,1,3.427734375
Dense4x20,8748,0,0,1,4.8388671875
Dense4x20,3016,0,0,1,4.9169921875
Dense4x20,8194,0,0,1,2.5244140625
Dense4x20,6082,0,0,1,6.728515625
Dense4x20,4470,0,0,1,2.8955078125
Dense4x20,5993,0,0,1,4.7705078125
Dense4x20,7866,0,0,1,6.357421875
Dense4x20,4447,0,0,1,3.8525390625
Dense4x20,7385,0,0,1,5.2734375
Dense4x20,1195,0,0,1,3.6083984375
Dense4x20,2660,0,0,1,1.77734375
Dense4x20,9311,0,0,1,3.26171875
Dense4x20,55,0,0,1,3.1396484375
Dense4x20,6424,0,0,1,2.001953125
Dense4x20,3219,0,0,1,1.3720703125
Dense4x20,5470,0,0,1,7.4609375
Dense4x20,3959,0,0,1,4.1845703125
Dense4x20,9080,0,0,1,6.220703125
Dense4x20,5870,0,7,1,0.5078125
Dense4x20,4033,0,0,1,4.5654296875
Dense4x20,4957,0,0,1,3.3740234375
Dense4x20,932,0,0,1,2.4853515625
Dense4x20,4080,0,0,1,2.9736328125
Dense4x20,845,0,0,1,2.880859375
Dense4x20,6133,0,0,1,8.0322265625
Dense4x20,5405,0,0,1,4.3359375
Dense4x20,3358,0,0,1,3.0322265625
Dense4x20,1650,0,0,1,2.94921875
Dense4x20,2403,0,0,1,4.1943359375
Dense4x20,5890,0,0,1,1.181640625
Dense4x20,2417,0,0,1,2.83203125
Dense4x20,2937,0,0,1,2.34375
Dense4x20,7516,0,0,1,4.248046875
Dense4x20,305,0,0,1,1.54296875
Dense4x20,2318,0,0,1,2.36328125
Dense4x20,7782,0,0,1,6.3330078125
Dense4x20,4477,0,6,1,0.107421875
Dense4x20,7263,0,0,1,3.3203125
Dense4x20,6750,0,0,1,5.498046875
Dense4x20,327,0,0,1,4.7412109375
Dense4x20,8621,0,0,1,3.564453125
Dense4x20,7485,0,0,1,3.8671875
Dense4x20,1870,0,0,1,2.67578125
Dense4x20,2942,0,0,1,3.6083984375
Dense4x20,1457,0,0,1,7.0361328125
Dense4x20,9436,0,0,1,1.650390625
Dense4x20,2328,0,0,1,1.6943359375
Dense4x20,2304,0,0,1,5.9033203125
Dense4x20,3170,0,0,1,5.09765625
Dense4x20,7702,0,0,1,3.125
Dense4x20,6597,0,7,1,3.8330078125
Dense4x20,6131,0,0,1,7.1435546875
Dense4x20,9425,0,0,1,1.103515625
Dense4x20,5685,0,0,1,5.91796875
Dense4x20,6016,0,0,1,3.8134765625
Dense4x20,9377,0,0,1,4.8583984375
Dense4x20,5483,0,0,1,3.7744140625
Dense4x20,3412,0,0,1,1.9384765625
Dense4x20,4672,0,0,1,3.3642578125
Dense4x20,4166,0,0,1,2.8515625
Dense4x20,9179,0,0,1,5.37109375
Dense4x20,154,1,1,1,1.7431640625
Dense4x20,8020,1,8,1,0.517578125
Dense4x20,2051,1,1,1,2.734375
Dense4x20,8376,1,1,1,2.177734375
Dense4x20,2302,1,1,1,1.6259765625
Dense4x20,4853,1,1,1,2.75390625
Dense4x20,755,1,1,1,2.24609375
Dense4x20,4292,1,1,1,2.939453125
Dense4x20,7319,1,1,1,3.115234375
Dense4x20,5442,1,1,1,2.4072265625
Dense4x20,302,1,1,1,2.96875
Dense4x20,251,1,1,1,0.751953125
Dense4x20,3562,1,1,1,2.5732421875
Dense4x20,6789,1,1,1,2.373046875
Dense4x20,4949,1,1,1,3.046875
Dense4x20,9324,1,1,1,2.431640625
Dense4x20,7890,1,1,1,2.8662109375
Dense4x20,314,1,1,1,2.9736328125
Dense4x20,7340,1,1,1,3.0224609375
Dense4x20,3699,1,1,1,2.1728515625
Dense4x20,4685,1,1,1,2.3779296875
Dense4x20,3809,1,1,1,2.470703125
Dense4x20,6058,1,1,1,2.6953125
Dense4x20,3143,1,1,1,2.255859375
Dense4x20,3433,1,1,1,2.5927734375
Dense4x20,89,1,1,1,2.3486328125
Dense4x20,5594,1,1,1,1.7333984375
Dense4x20,8166,1,1,1,2.0947265625
Dense4x20,4212,1,3,1,1.62109375
Dense4x20,8491,1,1,1,2.91015625
Dense4x20,8976,1,1,1,2.4853515625
Dense4x20,2997,1,1,1,2.4853515625
Dense4x20,3039,1,1,1,1.7431640625
Dense4x20,2276,1,1,1,1.474609375
Dense4x20,5880,1,1,1,2.705078125
Dense4x20,5746,1,1,1,1.2548828125
Dense4x20,7856,1,8,1,0.888671875
Dense4x20,984,1,1,1,2.65625
Dense4x20,9313,1,1,1,2.5390625
Dense4x20,6917,1,1,1,3.0419921875
Dense4x20,5093,1,1,1,1.181640625
Dense4x20,5984,1,1,1,2.353515625
Dense4x20,329,1,1,1,3.2861328125
Dense4x20,7005,1,1,1,2.4609375
Dense4x20,6680,1,1,1,1.8359375
Dense4x20,9956,1,1,1,1.865234375
Dense4x20,7270,1,1,1,3.0712890625
Dense4x20,9171,1,1,1,3.486328125
Dense4x20,8187,1,1,1,1.7724609375
Dense4x20,3014,1,1,1,2.685546875
Dense4x20,8252,1,1,1,1.669921875
Dense4x20,1657,1,1,1,2.626953125
Dense4x20,2015,1,1,1,2.9248046875
Dense4x20,6135,1,1,1,2.626953125
Dense4x20,7717,1,1,1,2.79296875
Dense4x20,3784,1,1,1,2.6708984375
Dense4x20,4147,1,1,1,2.1044921875
Dense4x20,4759,1,1,1,1.93359375
Dense4x20,5998,1,1,1,1.484375
Dense4x20,9653,1,7,1,0.1708984375
Dense4x20,276,1,1,1,3.388671875
Dense4x20,8493,1,1,1,1.58203125
Dense4x20,7442,1,1,1,2.119140625
Dense4x20,5566,1,1,1,2.685546875
Dense4x20,2421,1,1,1,2.197265625
Dense4x20,6601,1,1,1,2.87109375
Dense4x20,3353,1,1,1,2.6953125
Dense4x20,3471,1,1,1,2.79296875
Dense4x20,5014,1,1,1,2.6806640625
Dense4x20,6618,1,1,1,1.8798828125
Dense4x20,5291,1,1,1,2.421875
Dense4x20,9570,1,1,1,2.7587890625
Dense4x20,8022,1,1,1,1.3671875
Dense4x20,6622,1,1,1,1.30859375
Dense4x20,9645,1,1,1,0.4736328125
Dense4x20,2359,1,1,1,3.18359375
Dense4x20,9388,1,1,1,2.412109375
Dense4x20,9002,1,1,1,2.7294921875
Dense4x20,4717,1,1,1,2.55859375
Dense4x20,8360,1,1,1,2.91015625
Dense4x20,4181,1,1,1,3.203125
Dense4x20,7900,1,1,1,0.0146484375
Dense4x20,9520,1,1,1,2.0068359375
Dense4x20,419,1,1,1,2.44140625
Dense4x20,8396,1,1,1,2.109375
Dense4x20,9096,1,1,1,3.0224609375
Dense4x20,8229,1,1,1,0.8447265625
Dense4x20,2693,1,1,1,2.958984375
Dense4x20,3546,1,1,1,3.02734375
Dense4x20,228,1,1,1,2.705078125
Dense4x20,1338,1,1,1,2.783203125
Dense4x20,3438,1,1,1,2.6025390625
Dense4x20,9071,1,8,1,1.5087890625
Dense4x20,4074,1,1,1,2.0751953125
Dense4x20,4428,1,1,1,2.3291015625
Dense4x20,3268,1,1,1,2.24609375
Dense4x20,7138,1,1,1,1.708984375
Dense4x20,8540,1,1,1,3.017578125
Dense4x20,7561,1,1,1,2.2900390625
Dense4x20,4869,1,1,1,3.3544921875
Dense4x20,507,3,5,1,1.9775390625
Dense4x20,2623,3,3,1,3.291015625
Dense4x20,2502,3,3,1,4.90234375
Dense4x20,677,3,3,1,3.984375
Dense4x20,9579,3,3,1,4.08203125
Dense4x20,7714,3,3,1,3.134765625
Dense4x20,3300,3,3,1,2.0263671875
Dense4x20,6075,3,3,1,4.1845703125
Dense4x20,9943,3,3,1,0.99609375
Dense4x20,8154,3,3,1,3.5302734375
Dense4x20,8624,3,3,1,3.61328125
Dense4x20,1628,3,3,1,2.44140625
Dense4x20,686,3,3,1,4.3212890625
Dense4x20,727,3,3,1,3.7451171875
Dense4x20,2281,3,3,1,3.6376953125
Dense4x20,7131,3,3,1,3.6572265625
Dense4x20,1069,3,3,1,5.1220703125
Dense4x20,3484,3,3,1,3.8916015625
Dense4x20,1172,3,3,1,3.4521484375
Dense4x20,8598,3,3,1,2.2607421875
Dense4x20,2255,3,3,1,1.2451171875
Dense4x20,2953,3,5,1,1.640625
Dense4x20,6432,3,3,1,0.78125
Dense4x20,1067,3,3,1,3.251953125
Dense4x20,9022,3,3,1,2.7734375
Dense4x20,8570,3,3,1,5.8056640625
Dense4x20,5245,3,3,1,3.1298828125
Dense4x20,3283,3,3,1,0.7568359375
Dense4x20,9192,3,3,1,4.6630859375
Dense4x20,7374,3,3,1,4.052734375
Dense4x20,8032,3,3,1,6.2158203125
Dense4x20,2151,3,3,1,3.0126953125
Dense4x20,2501,3,3,1,4.091796875
Dense4x20,5674,3,3,1,2.7978515625
Dense4x20,3834,3,3,1,0.7080078125
Dense4x20,5892,3,3,1,2.1142578125
Dense4x20,4833,3,2,1,0.302734375
Dense4x20,3487,3,3,1,4.130859375
Dense4x20,2914,3,3,1,0.859375
Dense4x20,464,3,7,1,1.42578125
Dense4x20,5074,3,3,1,1.1328125
Dense4x20,5237,3,3,1,1.6796875
Dense4x20,8957,3,3,1,5.0390625
Dense4x20,7995,3,3,1,6.25
Dense4x20,8655,3,3,1,3.7646484375
Dense4x20,5687,3,3,1,1.77734375
Dense4x20,1588,3,3,1,4.2822265625
Dense4x20,4311,3,3,1,2.2998046875
Dense4x20,7719,3,3,1,3.466796875
Dense4x20,5158,3,3,1,5.322265625
Dense4x20,7656,3,3,1,3.4033203125
Dense4x20,3947,3,3,1,5.869140625
Dense4x20,5766,3,3,1,4.267578125
Dense4x20,6790,3,3,1,3.134765625
Dense4x20,6863,3,3,1,3.7255859375
Dense4x20,7311,3,3,1,3.7939453125
Dense4x20,6059,3,8,1,1.6064453125
Dense4x20,323,3,3,1,2.373046875
Dense4x20,4740,3,9,1,0.2294921875
Dense4x20,1208,3,8,1,0.0244140625
Dense4x20,5309,3,3,1,4.521484375
Dense4x20,8840,3,3,1,4.404296875
Dense4x20,1128,3,3,1,0.1904296875
Dense4x20,5382,3,3,1,2.9248046875
Dense4x20,9182,3,9,1,0.9326171875
Dense4x20,590,3,3,1,4.8193359375
Dense4x20,44,3,3,1,3.0126953125
Dense4x20,8970,3,3,1,5.205078125
Dense4x20,2884,3,3,1,1.93359375
Dense4x20,9275,3,3,1,3.75
Dense4x20,4836,3,3,1,1.220703125
Dense4x20,7211,3,3,1,3.564453125
Dense4x20,1586,3,3,1,0.8154296875
Dense4x20,8435,3,3,1,2.1630859375
Dense4x20,1298,3,3,1,2.529296875
Dense4x20,3080,3,3,1,3.4521484375
Dense4x20,6011,3,3,1,1.6650390625
Dense4x20,8271,3,3,1,5.439453125
Dense4x20,4535,3,3,1,4.2724609375
Dense4x20,9881,3,5,1,0.4248046875
Dense4x20,3443,3,3,1,3.125
Dense4x20,3493,3,3,1,3.447265625
Dense4x20,4334,3,3,1,2.6953125
Dense4x20,2985,3,3,1,2.607421875
Dense4x20,9445,3,3,1,6.03515625
Dense4x20,1539,3,3,1,3.701171875
Dense4x20,449,3,3,1,1.9873046875
Dense4x20,8780,3,3,1,6.23046875
Dense4x20,5935,3,3,1,0.7275390625
Dense4x20,8518,3,3,1,6.6845703125
Dense4x20,4288,3,3,1,4.7265625
Dense4x20,8766,3,3,1,4.5947265625
Dense4x20,1489,3,3,1,4.6533203125
Dense4x20,9238,3,3,1,3.96484375
Dense4x20,6501,3,3,1,1.62109375
Dense4x20,7763,3,3,1,4.21875
Dense4x20,7458,3,3,1,3.740234375
Dense4x20,4630,3,3,1,0.6298828125
Dense4x20,2032,3,3,1,3.623046875
Dense4x20,7956,3,3,1,6.3525390625
Dense4x25,2713,0,8,1,1.142578125
Dense4x25,6250,0,0,1,3.6376953125
Dense4x25,7367,0,0,1,2.587890625
Dense4x25,845,0,0,1,2.646484375
Dense4x25,9189,0,0,1,3.271484375
Dense4x25,1570,0,0,1,1.142578125
Dense4x25,2492,0,0,1,4.0234375
Dense4x25,8351,0,0,1,3.1201171875
Dense4x25,7133,0,0,1,2.36328125
Dense4x25,8595,0,0,1,4.5654296875
Dense4x25,4739,0,0,1,2.4658203125
Dense4x25,5567,0,0,1,2.7978515625
Dense4x25,7702,0,0,1,2.9296875
Dense4x25,2894,0,0,1,0.8251953125
Dense4x25,5684,0,0,1,4.9365234375
Dense4x25,4080,0,0,1,3.26171875
Dense4x25,904,0,0,1,3.6767578125
Dense4x25,2988,0,0,1,1.884765625
Dense4x25,763,0,0,1,2.919921875
Dense4x25,9236,0,0,1,3.974609375
Dense4x25,4079,0,0,1,3.310546875
Dense4x25,5519,0,0,1,1.865234375
Dense4x25,1379,0,0,1,3.046875
Dense4x25,9885,0,0,1,2.5634765625
Dense4x25,9809,0,0,1,2.2998046875
Dense4x25,7410,0,0,1,2.0751953125
Dense4x25,1533,0,0,1,2.28515625
Dense4x25,5251,0,0,1,1.9873046875
Dense4x25,5870,0,0,1,1.73828125
Dense4x25,5368,0,0,1,4.8046875
Dense4x25,8795,0,0,1,3.662109375
Dense4x25,7838,0,0,1,5.654296875
Dense4x25,6590,0,5,1,1.845703125
Dense4x25,2656,0,0,1,2.5390625
Dense4x25,5731,0,0,1,2.03125
Dense4x25,3870,0,0,1,2.91015625
Dense4x25,1808,0,0,1,2.314453125
Dense4x25,3043,0,0,1,2.4755859375
Dense4x25,9223,0,0,1,5.41015625
Dense4x25,2660,0,0,1,1.3818359375
Dense4x25,7203,0,0,1,3.6083984375
Dense4x25,5686,0,0,1,5.3369140625
Dense4x25,7202,0,0,1,2.8125
Dense4x25,884,0,0,1,2.7783203125
Dense4x25,656,0,0,1,3.2763671875
Dense4x25,7887,0,0,1,5.60546875
Dense4x25,6750,0,0,1,4.1650390625
Dense4x25,5369,0,0,1,5.322265625
Dense4x25,6526,0,0,1,3.0908203125
Dense4x25,2378,0,0,1,0.5029296875
Dense4x25,8199,0,0,1,3.662109375
Dense4x25,2435,0,0,1,3.7158203125
Dense4x25,3306,0,0,1,3.486328125
Dense4x25,8514,0,0,1,4.43359375
Dense4x25,9199,0,0,1,5.6787109375
Dense4x25,6133,0,0,1,5.576171875
Dense4x25,2081,0,0,1,2.5634765625
Dense4x25,8077,0,0,1,4.765625
Dense4x25,1009,0,0,1,2.8125
Dense4x25,7231,0,0,1,2.3486328125
Dense4x25,4935,0,0,1,3.3251953125
Dense4x25,5270,0,0,1,2.3876953125
Dense4x25,1148,0,0,1,2.8662109375
Dense4x25,6711,0,0,1,5.0634765625
Dense4x25,2627,0,0,1,3.310546875
Dense4x25,1445,0,0,1,2.470703125
Dense4x25,9387,0,0,1,4.4189453125
Dense4x25,1987,0,0,1,2.109375
Dense4x25,6444,0,0,1,2.9150390625
Dense4x25,3271,0,0,1,3.0810546875
Dense4x25,713,0,0,1,1.97265625
Dense4x25,8731,0,0,1,3.92578125
Dense4x25,2996,0,0,1,4.2041015625
Dense4x25,7868,0,0,1,4.5556640625
Dense4x25,440,0,0,1,5.9033203125
Dense4x25,5592,0,0,1,4.5263671875
Dense4x25,5685,0,0,1,4.7314453125
Dense4x25,4150,0,0,1,5.3271484375
Dense4x25,5974,0,0,1,3.2177734375
Dense4x25,8567,0,0,1,3.8623046875
Dense4x25,2703,0,0,1,4.091796875
Dense4x25,552,0,0,1,1.6796875
Dense4x25,8681,0,0,1,4.0966796875
Dense4x25,6798,0,0,1,4.3603515625
Dense4x25,6808,0,0,1,3.134765625
Dense4x25,1764,0,0,1,2.9248046875
Dense4x25,4157,0,0,1,5.908203125
Dense4x25,8127,0,0,1,4.5263671875
Dense4x25,6478,0,0,1,4.0673828125
Dense4x25,1487,0,0,1,3.0908203125
Dense4x25,9666,0,0,1,1.0546875
Dense4x25,5505,0,0,1,3.173828125
Dense4x25,1534,0,0,1,1.865234375
Dense4x25,2527,0,0,1,2.7685546875
Dense4x25,4718,0,0,1,3.4716796875
Dense4x25,8765,0,0,1,3.5107421875
Dense4x25,3347,0,0,1,2.59765625
Dense4x25,8389,0,0,1,2.529296875
Dense4x25,581,0,0,1,3.7255859375
Dense4x25,7898,0,0,1,5.029296875
Dense4x25,1548,1,1,1,2.744140625
Dense4x25,1861,1,1,1,2.998046875
Dense4x25,1922,1,1,1,2.9150390625
Dense4x25,1515,1,1,1,4.052734375
Dense4x25,7686,1,1,1,3.359375
Dense4x25,4655,1,1,1,1.8408203125
Dense4x25,4308,1,1,1,1.953125
Dense4x25,1820,1,1,1,3.779296875
Dense4x25,9518,1,1,1,3.1201171875
Dense4x25,6848,1,1,1,3.0029296875
Dense4x25,4021,1,1,1,3.41796875
Dense4x25,7608,1,1,1,3.1689453125
Dense4x25,4110,1,1,1,2.1337890625
Dense4x25,3815,1,1,1,3.6279296875
Dense4x25,5,1,1,1,3.2177734375
Dense4x25,3455,1,1,1,3.125
Dense4x25,8231,1,1,1,2.5634765625
Dense4x25,2013,1,1,1,2.3046875
Dense4x25,5544,1,1,1,3.73046875
Dense4x25,1986,1,1,1,3.173828125
Dense4x25,4533,1,1,1,2.646484375
Dense4x25,8600,1,1,1,3.5888671875
Dense4x25,8068,1,1,1,3.7255859375
Dense4x25,14,1,1,1,3.5400390625
Dense4x25,8988,1,1,1,3.65234375
Dense4x25,5323,1,1,1,3.037109375
Dense4x25,3843,1,1,1,2.7294921875
Dense4x25,4949,1,1,1,3.310546875
Dense4x25,8575,1,1,1,2.6904296875
Dense4x25,4349,1,1,1,3.4228515625
Dense4x25,8305,1,1,1,4.2431640625
Dense4x25,2041,1,1,1,2.6611328125
Dense4x25,6652,1,1,1,3.017578125
Dense4x25,6961,1,1,1,3.6767578125
Dense4x25,5327,1,1,1,3.5107421875
Dense4x25,2510,1,1,1,2.236328125
Dense4x25,9653,1,1,1,1.38671875
Dense4x25,9395,1,1,1,2.841796875
Dense4x25,6670,1,1,1,3.0322265625
Dense4x25,3652,1,1,1,2.734375
Dense4x25,798,1,1,1,2.9736328125
Dense4x25,8995,1,1,1,3.3349609375
Dense4x25,6572,1,3,1,0.68359375
Dense4x25,1773,1,8,1,0.9521484375
Dense4x25,7344,1,1,1,3.7841796875
Dense4x25,4032,1,1,1,3.4716796875
Dense4x25,8159,1,1,1,3.0712890625
Dense4x25,9836,1,1,1,3.6328125
Dense4x25,2287,1,1,1,2.8759765625
Dense4x25,5520,1,1,1,2.919921875
Dense4x25,619,1,1,1,1.11328125
Dense4x25,5732,1,1,1,2.9638671875
Dense4x25,7270,1,1,1,3.53515625
Dense4x25,2018,1,1,1,2.509765625
Dense4x25,4005,1,1,1,2.98828125
Dense4x25,9200,1,1,1,3.310546875
Dense4x25,1527,1,1,1,0.4736328125
Dense4x25,137,1,1,1,3.5986328125
Dense4x25,3354,1,1,1,3.88671875
Dense4x25,9950,1,1,1,3.2275390625
Dense4x25,735,1,1,1,2.67578125
Dense4x25,8549,1,1,1,3.6865234375
Dense4x25,3990,1,1,1,3.330078125
Dense4x25,4924,1,1,1,3.49609375
Dense4x25,3858,1,1,1,2.32421875
Dense4x25,836,1,1,1,2.841796875
Dense4x25,6540,1,1,1,2.3583984375
Dense4x25,419,1,1,1,2.2900390625
Dense4x25,8976,1,1,1,3.5791015625
Dense4x25,1238,1,1,1,3.544921875
Dense4x25,4858,1,1,1,2.7587890625
Dense4x25,6733,1,1,1,3.22265625
Dense4x25,964,1,1,1,1.8408203125
Dense4x25,4778,1,1,1,2.4169921875
Dense4x25,2283,1,1,1,3.3837890625
Dense4x25,348,1,1,1,3.1298828125
Dense4x25,5036,1,1,1,3.6474609375
Dense4x25,4014,1,1,1,2.9150390625
Dense4x25,4847,1,1,1,2.24609375
Dense4x25,8164,1,1,1,2.6220703125
Dense4x25,7881,1,1,1,3.9208984375
Dense4x25,5738,1,1,1,3.5400390625
Dense4x25,504,1,1,1,2.177734375
Dense4x25,9061,1,1,1,3.115234375
Dense4x25,204,1,1,1,2.51953125
Dense4x25,8118,1,1,1,3.427734375
Dense4x25,8058,1,1,1,3.6083984375
Dense4x25,7319,1,1,1,3.701171875
Dense4x25,5453,1,1,1,3.0615234375
Dense4x25,1201,1,1,1,3.916015625
Dense4x25,4232,1,1,1,2.1533203125
Dense4x25,8113,1,1,1,3.6328125
Dense4x25,7954,1,1,1,3.4130859375
Dense4x25,3741,1,1,1,3.505859375
Dense4x25,5746,1,1,1,1.630859375
Dense4x25,6308,1,1,1,3.212890625
Dense4x25,3214,1,1,1,2.6513671875
Dense4x25,176,1,1,1,2.333984375
Dense4x25,1129,1,1,1,3.7060546875
Dense4x25,5232,1,1,1,2.7197265625
Dense4x25,1531,3,3,1,2.2802734375
Dense4x25,9100,3,3,1,4.580078125
Dense4x25,7730,3,3,1,2.8759765625
Dense4x25,923,3,3,1,5.5712890625
Dense4x25,2684,3,3,1,1.064453125
Dense4x25,3953,3,3,1,2.666015625
Dense4x25,5635,3,3,1,3.7841796875
Dense4x25,6957,3,3,1,4.5703125
Dense4x25,3110,3,5,1,0.107421875
Dense4x25,9027,3,3,1,3.8037109375
Dense4x25,6045,3,8,1,1.3232421875
Dense4x25,883,3,3,1,1.5283203125
Dense4x25,8246,3,5,1,0.6494140625
Dense4x25,4940,3,3,1,4.6728515625
Dense4x25,2072,3,3,1,4.6826171875
Dense4x25,4647,3,3,1,2.6220703125
Dense4x25,9283,3,3,1,3.1005859375
Dense4x25,1804,3,3,1,5.05859375
Dense4x25,6413,3,3,1,4.6142578125
Dense4x25,3150,3,3,1,2.3486328125
Dense4x25,847,3,3,1,3.0908203125
Dense4x25,2139,3,3,1,3.984375
Dense4x25,7804,3,3,1,1.6650390625
Dense4x25,3104,3,3,1,3.1884765625
Dense4x25,8393,3,3,1,3.49609375
Dense4x25,8561,3,3,1,4.4091796875
Dense4x25,8753,3,3,1,3.2470703125
Dense4x25,5955,3,8,1,1.494140625
Dense4x25,8485,3,3,1,3.4228515625
Dense4x25,8215,3,3,1,3.974609375
Dense4x25,5181,3,3,1,4.580078125
Dense4x25,4026,3,3,1,3.80859375
Dense4x25,1020,3,3,1,3.33984375
Dense4x25,5904,3,3,1,2.5830078125
Dense4x25,2502,3,3,1,4.912109375
Dense4x25,4638,3,3,1,3.4326171875
Dense4x25,3739,3,3,1,1.4111328125
Dense4x25,8684,3,3,1,1.328125
Dense4x25,8026,3,3,1,5.400390625
Dense4x25,8957,3,3,1,4.3359375
Dense4x25,9996,3,3,1,4.560546875
Dense4x25,6542,3,7,1,0.7275390625
Dense4x25,4435,3,7,1,1.181640625
Dense4x25,6453,3,3,1,1.8310546875
Dense4x25,9238,3,3,1,3.7353515625
Dense4x25,7103,3,3,1,3.26171875
Dense4x25,2953,3,5,1,0.625
Dense4x25,6432,3,3,1,2.2802734375
Dense4x25,1095,3,3,1,3.22265625
Dense4x25,925,3,3,1,3.046875
Dense4x25,5293,3,3,1,2.87109375
Dense4x25,7292,3,3,1,3.5107421875
Dense4x25,9157,3,3,1,5.1953125
Dense4x25,3456,3,3,1,1.865234375
Dense4x25,2075,3,3,1,2.2265625
Dense4x25,5215,3,3,1,3.4814453125
Dense4x25,7893,3,3,1,3.701171875
Dense4x25,3015,3,3,1,4.2041015625
Dense4x25,1828,3,3,1,0.8740234375
Dense4x25,4162,3,3,1,5.908203125
Dense4x25,4928,3,3,1,1.494140625
Dense4x25,4097,3,3,1,4.853515625
Dense4x25,93,3,3,1,3.69140625
Dense4x25,5815,3,3,1,4.111328125
Dense4x25,3962,3,3,1,0.830078125
Dense4x25,6624,3,3,1,2.1484375
Dense4x25,3531,3,3,1,2.6904296875
Dense4x25,9445,3,3,1,5.556640625
Dense4x25,8551,3,3,1,4.7265625
Dense4x25,938,3,3,1,0.625
Dense4x25,2989,3,1,1,0.0439453125
Dense4x25,8508,3,3,1,1.0107421875
Dense4x25,7849,3,2,1,0.0439453125
Dense4x25,7119,3,3,1,4.1552734375
Dense4x25,2229,3,3,1,2.24609375
Dense4x25,1317,3,3,1,2.373046875
Dense4x25,6023,3,3,1,2.12890625
Dense4x25,734,3,3,1,2.060546875
Dense4x25,5625,3,3,1,3.8232421875
Dense4x25,310,3,3,1,2.6953125
Dense4x25,8864,3,3,1,3.603515625
Dense4x25,2230,3,3,1,4.267578125
Dense4x25,9797,3,3,1,4.091796875
Dense4x25,7800,3,2,1,2.98828125
Dense4x25,7097,3,3,1,2.91015625
Dense4x25,8451,3,3,1,2.9541015625
Dense4x25,4833,3,2,1,1.083984375
Dense4x25,6034,3,3,1,1.6064453125
Dense4x25,8801,3,3,1,4.6435546875
Dense4x25,6455,3,3,1,1.0888671875
Dense4x25,4535,3,3,1,3.8427734375
Dense4x25,9163,3,3,1,1.9482421875
Dense4x25,1204,3,3,1,0.7373046875
Dense4x25,9582,3,3,1,3.876953125
Dense4x25,9717,3,3,1,5.5078125
Dense4x25,683,3,3,1,2.01171875
Dense4x25,8293,3,3,1,2.2802734375
Dense4x25,5225,3,3,1,1.1474609375
Dense4x25,2549,3,3,1,3.37890625
Dense4x25,6763,3,3,1,4.5068359375
Dense4x30,4157,0,0,1,5.7421875
Dense4x30,2996,0,0,1,2.3876953125
Dense4x30,3412,0,0,1,1.85546875
Dense4x30,895,0,0,1,2.265625
Dense4x30,7112,0,0,1,3.984375
Dense4x30,9105,0,0,1,5.7568359375
Dense4x30,7225,0,0,1,3.3447265625
Dense4x30,5505,0,0,1,3.2958984375
Dense4x30,7989,0,0,1,5.0146484375
Dense4x30,9621,0,0,1,2.470703125
Dense4x30,5653,0,6,1,1.5185546875
Dense4x30,6921,0,0,1,3.5693359375
Dense4x30,7175,0,0,1,2.9833984375
Dense4x30,4432,0,0,1,2.1337890625
Dense4x30,1807,0,0,1,2.900390625
Dense4x30,644,0,0,1,3.4423828125
Dense4x30,9037,0,0,1,4.58984375
Dense4x30,9236,0,0,1,3.8671875
Dense4x30,5108,0,0,1,2.8173828125
Dense4x30,13,0,0,1,3.69140625
Dense4x30,4923,0,0,1,1.6455078125
Dense4x30,9865,0,0,1,2.1533203125
Dense4x30,7887,0,0,1,5.3466796875
Dense4x30,5603,0,0,1,2.001953125
Dense4x30,5870,0,0,1,0.595703125
Dense4x30,7601,0,0,1,3.798828125
Dense4x30,3210,0,0,1,2.7685546875
Dense4x30,9611,0,0,1,4.091796875
Dense4x30,5513,0,0,1,3.740234375
Dense4x30,4361,0,0,1,2.6708984375
Dense4x30,4958,0,0,1,4.6142578125
Dense4x30,4082,0,0,1,3.095703125
Dense4x30,7410,0,0,1,2.0361328125
Dense4x30,5718,0,5,1,0.9619140625
Dense4x30,9677,0,0,1,0.8544921875
Dense4x30,9902,0,0,1,3.017578125
Dense4x30,9199,0,0,1,5.2587890625
Dense4x30,6181,0,0,1,1.5966796875
Dense4x30,1034,0,0,1,2.5048828125
Dense4x30,5685,0,0,1,3.5693359375
Dense4x30,188,0,0,1,4.8828125
Dense4x30,6287,0,0,1,5.1123046875
Dense4x30,5470,0,0,1,5.15625
Dense4x30,6770,0,0,1,5.60546875
Dense4x30,5847,0,0,1,3.4765625
Dense4x30,4186,0,0,1,3.75
Dense4x30,2492,0,0,1,4.3359375
Dense4x30,1195,0,0,1,3.173828125
Dense4x30,7216,0,0,1,0.185546875
Dense4x30,1712,0,0,1,2.2509765625
Dense4x30,5659,0,0,1,4.3017578125
Dense4x30,6526,0,0,1,4.0234375
Dense4x30,4515,0,0,1,2.900390625
Dense4x30,2713,0,8,1,1.5087890625
Dense4x30,2376,0,0,1,3.9404296875
Dense4x30,9687,0,0,1,1.025390625
Dense4x30,1892,0,0,1,3.0908203125
Dense4x30,2779,0,0,1,1.8212890625
Dense4x30,7446,0,0,1,0.751953125
Dense4x30,2999,0,0,1,2.91015625
Dense4x30,7505,0,0,1,1.259765625
Dense4x30,4327,0,0,1,1.8212890625
Dense4x30,3458,0,0,1,3.6279296875
Dense4x30,5307,0,0,1,4.0966796875
Dense4x30,2824,0,0,1,3.1591796875
Dense4x30,1558,0,0,1,1.5380859375
Dense4x30,9367,0,0,1,5.048828125
Dense4x30,1223,0,0,1,2.08984375
Dense4x30,101,0,0,1,2.822265625
Dense4x30,2178,0,0,1,4.248046875
Dense4x30,1411,0,0,1,1.3623046875
Dense4x30,490,0,0,1,1.3134765625
Dense4x30,9519,0,0,1,5.1806640625
Dense4x30,2527,0,0,1,2.65625
Dense4x30,845,0,0,1,2.5634765625
Dense4x30,6580,0,0,1,2.9052734375
Dense4x30,7817,0,0,1,5.8740234375
Dense4x30,9273,0,0,1,3.115234375
Dense4x30,8351,0,0,1,3.5400390625
Dense4x30,981,0,0,1,2.841796875
Dense4x30,1768,0,0,1,2.4365234375
Dense4x30,2410,0,0,1,2.705078125
Dense4x30,9459,0,0,1,4.1748046875
Dense4x30,5243,0,0,1,2.5927734375
Dense4x30,1898,0,0,1,1.6064453125
Dense4x30,1764,0,0,1,2.03125
Dense4x30,8681,0,0,1,4.6630859375
Dense4x30,7703,0,0,1,3.6669921875
Dense4x30,5483,0,0,1,3.76953125
Dense4x30,69,0,0,1,3.5693359375
Dense4x30,8795,0,0,1,3.6474609375
Dense4x30,3358,0,0,1,1.0009765625
Dense4x30,4227,0,0,1,3.1884765625
Dense4x30,8029,0,0,1,5.1123046875
Dense4x30,7203,0,0,1,4.052734375
Dense4x30,7599,0,0,1,3.017578125
Dense4x30,3359,0,0,1,4.78515625
Dense4x30,9070,0,0,1,5.64453125
Dense4x30,6191,0,0,1,5.927734375
Dense4x30,4862,0,0,1,0.25390625
Dense4x30,8261,1,1,1,2.4072265625
Dense4x30,4972,1,1,1,1.69921875
Dense4x30,9485,1,1,1,2.34375
Dense4x30,4953,1,1,1,2.6904296875
Dense4x30,8090,1,1,1,2.890625
Dense4x30,1054,1,1,1,2.5830078125
Dense4x30,8636,1,1,1,3.10546875
Dense4x30,9622,1,1,1,2.2998046875
Dense4x30,2529,1,1,1,2.7294921875
Dense4x30,8720,1,1,1,2.2412109375
Dense4x30,964,1,1,1,1.416015625
Dense4x30,1993,1,1,1,0.60546875
Dense4x30,6961,1,1,1,2.412109375
Dense4x30,8239,1,1,1,2.28515625
Dense4x30,9121,1,1,1,2.8271484375
Dense4x30,9140,1,1,1,2.9638671875
Dense4x30,8286,1,1,1,0.712890625
Dense4x30,2943,1,1,1,2.470703125
Dense4x30,6012,1,1,1,2.2802734375
Dense4x30,824,1,1,1,2.0947265625
Dense4x30,7165,1,1,1,2.36328125
Dense4x30,9313,1,1,1,2.3876953125
Dense4x30,8536,1,1,1,2.236328125
Dense4x30,2612,1,1,1,2.9248046875
Dense4x30,5873,1,1,1,2.4169921875
Dense4x30,9594,1,1,1,2.8564453125
Dense4x30,5566,1,1,1,2.978515625
Dense4x30,2316,1,1,1,2.6220703125
Dense4x30,9844,1,1,1,2.1826171875
Dense4x30,2154,1,1,1,2.529296875
Dense4x30,4069,1,1,1,2.5439453125
Dense4x30,5915,1,1,1,2.2216796875
Dense4x30,8491,1,1,1,2.2509765625
Dense4x30,196,1,1,1,3.2177734375
Dense4x30,5651,1,1,1,2.626953125
Dense4x30,9401,1,1,1,2.314453125
Dense4x30,4013,1,1,1,1.3427734375
Dense4x30,1780,1,1,1,2.24609375
Dense4x30,5477,1,1,1,2.16796875
Dense4x30,8138,1,1,1,2.6025390625
Dense4x30,6891,1,1,1,2.2802734375
Dense4x30,652,1,1,1,2.7880859375
Dense4x30,8892,1,1,1,1.708984375
Dense4x30,7418,1,1,1,2.1533203125
Dense4x30,1868,1,8,1,0.0341796875
Dense4x30,5544,1,1,1,2.7490234375
Dense4x30,7839,1,1,1,1.3330078125
Dense4x30,265,1,1,1,2.861328125
Dense4x30,5460,1,1,1,1.8408203125
Dense4x30,6397,1,1,1,2.4658203125
Dense4x30,6917,1,1,1,2.6953125
Dense4x30,3455,1,1,1,2.6513671875
Dense4x30,2,1,1,1,1.7041015625
Dense4x30,8545,1,1,1,1.9189453125
Dense4x30,3259,1,1,1,2.7490234375
Dense4x30,6445,1,1,1,1.8212890625
Dense4x30,1484,1,1,1,2.16796875
Dense4x30,5211,1,1,1,2.041015625
Dense4x30,7176,1,1,1,2.3046875
Dense4x30,7738,1,1,1,2.1337890625
Dense4x30,2258,1,1,1,1.93359375
Dense4x30,2175,1,1,1,1.640625
Dense4x30,9112,1,1,1,2.890625
Dense4x30,168,1,1,1,2.5830078125
Dense4x30,8938,1,1,1,2.373046875
Dense4x30,9081,1,1,1,2.87109375
Dense4x30,7167,1,1,1,2.2705078125
Dense4x30,4717,1,1,1,2.255859375
Dense4x30,5128,1,1,1,2.2705078125
Dense4x30,2359,1,1,1,2.7490234375
Dense4x30,1240,1,1,1,2.63671875
Dense4x30,7661,1,1,1,2.3486328125
Dense4x30,6868,1,1,1,2.6123046875
Dense4x30,5281,1,1,1,2.685546875
Dense4x30,9760,1,1,1,1.89453125
Dense4x30,7563,1,1,1,2.3876953125
Dense4x30,640,1,1,1,2.2900390625
Dense4x30,3606,1,1,1,1.494140625
Dense4x30,96,1,1,1,1.3671875
Dense4x30,8862,1,1,1,2.6171875
Dense4x30,2343,1,1,1,2.24609375
Dense4x30,8306,1,1,1,1.904296875
Dense4x30,5416,1,1,1,2.2265625
Dense4x30,9950,1,1,1,2.28515625
Dense4x30,2815,1,1,1,2.958984375
Dense4x30,176,1,1,1,1.865234375
Dense4x30,8768,1,1,1,2.353515625
Dense4x30,1988,1,1,1,2.958984375
Dense4x30,4525,1,1,1,2.7685546875
Dense4x30,9249,1,1,1,2.05078125
Dense4x30,8724,1,1,1,2.1875
Dense4x30,9682,1,1,1,2.841796875
Dense4x30,5970,1,1,1,2.0849609375
Dense4x30,430,1,1,1,2.587890625
Dense4x30,2705,1,1,1,2.470703125
Dense4x30,1038,1,1,1,2.080078125
Dense4x30,7453,1,1,1,1.8994140625
Dense4x30,2524,1,1,1,1.4404296875
Dense4x30,6938,1,1,1,2.5439453125
Dense4x30,4931,1,1,1,2.841796875
Dense4x30,7211,3,3,1,3.330078125
Dense4x30,6447,3,3,1,3.5546875
Dense4x30,2072,3,3,1,2.8271484375
Dense4x30,5346,3,3,1,3.0322265625
Dense4x30,8471,3,3,1,4.9609375
Dense4x30,4509,3,3,1,1.669921875
Dense4x30,1463,3,3,1,2.4853515625
Dense4x30,2280,3,3,1,1.708984375
Dense4x30,8430,3,3,1,2.9736328125
Dense4x30,4940,3,3,1,3.8330078125
Dense4x30,3995,3,3,1,1.2548828125
Dense4x30,648,3,3,1,4.0966796875
Dense4x30,335,3,3,1,1.875
Dense4x30,9727,3,3,1,4.51171875
Dense4x30,3456,3,3,1,2.20703125
Dense4x30,5764,3,3,1,3.8671875
Dense4x30,1495,3,3,1,1.89453125
Dense4x30,216,3,3,1,3.2275390625
Dense4x30,7431,3,3,1,2.94921875
Dense4x30,1479,3,3,1,4.853515625
Dense4x30,991,3,3,1,4.27734375
Dense4x30,8811,3,3,1,4.4580078125
Dense4x30,7103,3,3,1,3.7939453125
Dense4x30,2681,3,3,1,0.8642578125
Dense4x30,51,3,3,1,3.6181640625
Dense4x30,4334,3,3,1,2.87109375
Dense4x30,4755,3,3,1,0.8203125
Dense4x30,1803,3,3,1,3.5009765625
Dense4x30,4366,3,3,1,3.92578125
Dense4x30,3299,3,3,1,2.8271484375
Dense4x30,4664,3,3,1,2.4072265625
Dense4x30,747,3,3,1,3.1201171875
Dense4x30,9804,3,3,1,2.7294921875
Dense4x30,3487,3,3,1,3.7255859375
Dense4x30,1480,3,3,1,3.876953125
Dense4x30,5359,3,3,1,1.6943359375
Dense4x30,1539,3,3,1,2.958984375
Dense4x30,7257,3,3,1,4.375
Dense4x30,1738,3,3,1,3.53515625
Dense4x30,7568,3,3,1,4.1748046875
Dense4x30,2575,3,3,1,4.1845703125
Dense4x30,2069,3,3,1,3.7890625
Dense4x30,3167,3,3,1,0.791015625
Dense4x30,6862,3,3,1,3.583984375
Dense4x30,9787,3,3,1,3.0859375
Dense4x30,1730,3,3,1,0.5078125
Dense4x30,8674,3,3,1,2.333984375
Dense4x30,2684,3,3,1,0.380859375
Dense4x30,4276,3,3,1,2.5048828125
Dense4x30,8533,3,3,1,2.8076171875
Dense4x30,5492,3,3,1,3.92578125
Dense4x30,2312,3,3,1,0.869140625
Dense4x30,3825,3,3,1,2.724609375
Dense4x30,2300,3,3,1,0.83984375
Dense4x30,2453,3,3,1,2.7197265625
Dense4x30,8435,3,3,1,2.1142578125
Dense4x30,1607,3,3,1,0.234375
Dense4x30,9027,3,3,1,3.564453125
Dense4x30,815,3,3,1,3.28125
Dense4x30,1150,3,3,1,3.310546875
Dense4x30,5538,3,3,1,4.697265625
Dense4x30,8561,3,3,1,5.9423828125
Dense4x30,4430,3,3,1,4.8046875
Dense4x30,5973,3,8,1,2.5390625
Dense4x30,9175,3,3,1,3.6669921875
Dense4x30,5804,3,3,1,4.1064453125
Dense4x30,5330,3,3,1,2.744140625
Dense4x30,9680,3,3,1,2.2119140625
Dense4x30,9881,3,3,1,1.2255859375
Dense4x30,9474,3,3,1,2.802734375
Dense4x30,7312,3,3,1,3.5498046875
Dense4x30,9697,3,3,1,2.7001953125
Dense4x30,9238,3,3,1,3.740234375
Dense4x30,4581,3,3,1,3.935546875
Dense4x30,9202,3,3,1,0.3857421875
Dense4x30,6213,3,3,1,4.560546875
Dense4x30,1804,3,3,1,4.6923828125
Dense4x30,6569,3,3,1,0.1513671875
Dense4x30,7554,3,3,1,4.7216796875
Dense4x30,2924,3,3,1,2.3681640625
Dense4x30,6272,3,3,1,4.111328125
Dense4x30,2767,3,3,1,2.8955078125
Dense4x30,3579,3,3,1,3.4765625
Dense4x30,628,3,3,1,0.830078125
Dense4x30,1600,3,3,1,2.0849609375
Dense4x30,2871,3,3,1,3.0419921875
Dense4x30,7407,3,3,1,2.880859375
Dense4x30,8293,3,3,1,0.83984375
Dense4x30,2785,3,3,1,4.091796875
Dense4x30,5212,3,3,1,3.681640625
Dense4x30,5168,3,3,1,4.4482421875
Dense4x30,5796,3,3,1,4.2236328125
Dense4x30,6790,3,3,1,3.5986328125
Dense4x30,6160,3,3,1,1.85546875
Dense4x30,9914,3,3,1,2.34375
Dense4x30,4703,3,3,1,4.1943359375
Dense4x30,2308,3,3,1,1.7529296875
Dense4x30,7222,3,3,1,5.5224609375
Dense4x30,5585,3,3,1,5.52734375
Dense4x30,173,3,3,1,2.67578125
Dense4x35,9939,0,0,1,4.345703125
Dense4x35,5721,0,0,1,3.5693359375
Dense4x35,2660,0,0,1,2.3291015625
Dense4x35,7723,0,0,1,4.7412109375
Dense4x35,845,0,0,1,3.4375
Dense4x35,4227,0,0,1,3.5009765625
Dense4x35,656,0,0,1,3.037109375
Dense4x35,9601,0,0,1,3.3154296875
Dense4x35,498,0,0,1,2.509765625
Dense4x35,443,0,0,1,0.9814453125
Dense4x35,3077,0,0,1,1.2890625
Dense4x35,8991,0,0,1,3.544921875
Dense4x35,7465,0,0,1,2.763671875
Dense4x35,717,0,6,1,1.3916015625
Dense4x35,6971,0,0,1,3.26171875
Dense4x35,9325,0,0,1,3.8037109375
Dense4x35,9230,0,0,1,4.1357421875
Dense4x35,1843,0,0,1,1.2451171875
Dense4x35,3634,0,0,1,1.66015625
Dense4x35,9488,0,0,1,3.57421875
Dense4x35,1203,0,0,1,4.8095703125
Dense4x35,9105,0,0,1,4.6875
Dense4x35,9137,0,0,1,4.7119140625
Dense4x35,6426,0,0,1,0.1416015625
Dense4x35,5870,0,0,1,2.265625
Dense4x35,6526,0,0,1,3.9697265625
Dense4x35,2999,0,0,1,3.2080078125
Dense4x35,7536,0,0,1,3.154296875
Dense4x35,5430,0,0,1,5.3076171875
Dense4x35,2842,0,0,1,5.2197265625
Dense4x35,9897,0,0,1,2.998046875
Dense4x35,8548,0,0,1,5.0048828125
Dense4x35,6651,0,4,1,0.29296875
Dense4x35,8199,0,0,1,3.994140625
Dense4x35,2996,0,0,1,3.2421875
Dense4x35,8765,0,0,1,4.287109375
Dense4x35,4080,0,0,1,2.71484375
Dense4x35,3052,0,0,1,3.6669921875
Dense4x35,884,0,0,1,2.75390625
Dense4x35,7203,0,0,1,4.130859375
Dense4x35,9189,0,0,1,4.4580078125
Dense4x35,6877,0,0,1,4.39453125
Dense4x35,5593,0,0,1,2.2021484375
Dense4x35,5069,0,0,1,5.0439453125
Dense4x35,3090,0,0,1,2.9541015625
Dense4x35,3185,0,0,1,1.8603515625
Dense4x35,2656,0,0,1,1.787109375
Dense4x35,3439,0,0,1,3.505859375
Dense4x35,8251,0,0,1,3.65234375
Dense4x35,1623,0,0,1,3.7451171875
Dense4x35,1176,0,0,1,2.0849609375
Dense4x35,9993,0,0,1,4.1064453125
Dense4x35,597,0,0,1,1.69921875
Dense4x35,3734,0,0,1,3.1005859375
Dense4x35,148,0,0,1,2.6904296875
Dense4x35,6398,0,0,1,3.798828125
Dense4x35,6937,0,0,1,3.935546875
Dense4x35,8335,0,0,1,2.4560546875
Dense4x35,4739,0,0,1,1.3916015625
Dense4x35,2657,0,0,1,3.10546875
Dense4x35,7449,0,0,1,2.6513671875
Dense4x35,2318,0,0,1,1.71875
Dense4x35,9457,0,0,1,2.744140625
Dense4x35,9239,0,0,1,5.3466796875
Dense4x35,4208,0,0,1,2.783203125
Dense4x35,9339,0,0,1,3.4521484375
Dense4x35,3803,0,0,1,4.658203125
Dense4x35,69,0,0,1,3.6376953125
Dense4x35,6140,0,0,1,5.517578125
Dense4x35,10,0,0,1,3.45703125
Dense4x35,8738,0,0,1,3.388671875
Dense4x35,485,0,0,1,2.4462890625
Dense4x35,9879,0,5,1,0.078125
Dense4x35,6580,0,0,1,2.9248046875
Dense4x35,7838,0,0,1,5.7080078125
Dense4x35,8818,0,0,1,4.267578125
Dense4x35,3450,0,5,1,0.3955078125
Dense4x35,9004,0,0,1,2.6416015625
Dense4x35,5684,0,0,1,4.7900390625
Dense4x35,8389,0,0,1,3.5498046875
Dense4x35,2294,0,0,1,2.021484375
Dense4x35,5155,0,0,1,2.734375
Dense4x35,7820,0,0,1,3.90625
Dense4x35,8978,0,0,1,5.0
Dense4x35,5301,0,0,1,3.798828125
Dense4x35,581,0,0,1,3.02734375
Dense4x35,194,0,0,1,2.83203125
Dense4x35,9167,0,0,1,4.9267578125
Dense4x35,3305,0,0,1,1.4697265625
Dense4x35,2410,0,0,1,2.71484375
Dense4x35,4891,0,0,1,2.7490234375
Dense4x35,9311,0,0,1,3.5009765625
Dense4x35,2492,0,0,1,4.7119140625
Dense4x35,1619,0,0,1,2.119140625
Dense4x35,1987,0,0,1,2.32421875
Dense4x35,3322,0,0,1,2.9052734375
Dense4x35,7231,0,0,1,2.822265625
Dense4x35,9621,0,0,1,1.4013671875
Dense4x35,2713,0,0,1,2.197265625
Dense4x35,821,0,0,1,2.5830078125
Dense4x35,7299,1,1,1,1.8505859375
Dense4x35,2154,1,1,1,2.001953125
Dense4x35,5186,1,1,1,2.0751953125
Dense4x35,2258,1,1,1,2.4169921875
Dense4x35,9030,1,1,1,1.6552734375
Dense4x35,4110,1,1,1,1.220703125
Dense4x35,4538,1,1,1,2.16796875
Dense4x35,7053,1,1,1,1.8798828125
Dense4x35,6720,1,1,1,2.9248046875
Dense4x35,7014,1,1,1,2.5244140625
Dense4x35,9180,1,1,1,2.20703125
Dense4x35,7856,1,8,1,2.4072265625
Dense4x35,848,1,1,1,2.490234375
Dense4x35,276,1,1,1,2.3193359375
Dense4x35,4249,1,1,1,2.1826171875
Dense4x35,5848,1,1,1,1.787109375
Dense4x35,5679,1,1,1,1.9677734375
Dense4x35,3027,1,1,1,2.0947265625
Dense4x35,9705,1,1,1,2.4072265625
Dense4x35,4057,1,1,1,2.470703125
Dense4x35,9699,1,1,1,1.3232421875
Dense4x35,3272,1,1,1,2.1533203125
Dense4x35,145,1,1,1,1.865234375
Dense4x35,7353,1,1,1,2.3876953125
Dense4x35,7728,1,1,1,1.0693359375
Dense4x35,696,1,1,1,1.513671875
Dense4x35,8875,1,1,1,2.8076171875
Dense4x35,1179,1,1,1,2.0849609375
Dense4x35,7638,1,1,1,2.36328125
Dense4x35,5093,1,1,1,0.3515625
Dense4x35,2674,1,1,1,2.0703125
Dense4x35,9051,1,1,1,0.947265625
Dense4x35,6634,1,1,1,1.708984375
Dense4x35,314,1,1,1,2.3828125
Dense4x35,4331,1,1,1,1.6552734375
Dense4x35,1736,1,1,1,1.9775390625
Dense4x35,8493,1,1,1,1.30859375
Dense4x35,2473,1,1,1,0.849609375
Dense4x35,977,1,1,1,2.87109375
Dense4x35,2704,1,1,1,1.7041015625
Dense4x35,1280,1,1,1,1.5283203125
Dense4x35,7183,1,1,1,1.435546875
Dense4x35,6202,1,1,1,2.5146484375
Dense4x35,202,1,1,1,1.748046875
Dense4x35,3230,1,1,1,2.509765625
Dense4x35,1397,1,1,1,2.2998046875
Dense4x35,8905,1,1,1,1.6796875
Dense4x35,4318,1,1,1,1.5234375
Dense4x35,4759,1,1,1,1.5576171875
Dense4x35,5970,1,1,1,2.0458984375
Dense4x35,2612,1,1,1,2.63671875
Dense4x35,5978,1,1,1,1.6748046875
Dense4x35,2997,1,1,1,1.806640625
Dense4x35,1257,1,1,1,1.9384765625
Dense4x35,57,1,1,1,1.5380859375
Dense4x35,1358,1,1,1,1.9921875
Dense4x35,5902,1,1,1,1.953125
Dense4x35,8159,1,1,1,1.54296875
Dense4x35,9112,1,1,1,2.2509765625
Dense4x35,735,1,1,1,2.01171875
Dense4x35,5651,1,1,1,2.1142578125
Dense4x35,2943,1,1,1,1.953125
Dense4x35,7847,1,8,1,2.3046875
Dense4x35,9946,1,1,1,2.060546875
Dense4x35,8633,1,1,1,1.865234375
Dense4x35,8231,1,1,1,1.4306640625
Dense4x35,2868,1,1,1,2.431640625
Dense4x35,3747,1,1,1,2.0751953125
Dense4x35,9324,1,1,1,1.71875
Dense4x35,7928,1,8,1,2.4951171875
Dense4x35,4589,1,1,1,2.0166015625
Dense4x35,8449,1,1,1,2.7392578125
Dense4x35,2357,1,1,1,1.9921875
Dense4x35,9017,1,1,1,2.7001953125
Dense4x35,5052,1,1,1,1.416015625
Dense4x35,7822,1,1,1,1.5966796875
Dense4x35,9772,1,1,1,2.6416015625
Dense4x35,1673,1,1,1,1.513671875
Dense4x35,2789,1,1,1,2.44140625
Dense4x35,8549,1,1,1,2.4609375
Dense4x35,1838,1,1,1,2.3828125
Dense4x35,6083,1,1,1,1.4697265625
Dense4x35,8340,1,1,1,2.1240234375
Dense4x35,1829,1,1,1,1.0498046875
Dense4x35,783,1,1,1,2.0751953125
Dense4x35,9912,1,1,1,2.2314453125
Dense4x35,2676,1,1,1,1.279296875
Dense4x35,2239,1,1,1,1.7626953125
Dense4x35,7899,1,8,1,2.40234375
Dense4x35,7173,1,1,1,2.353515625
Dense4x35,3126,1,1,1,2.4951171875
Dense4x35,1483,1,1,1,2.2119140625
Dense4x35,9622,1,1,1,1.9140625
Dense4x35,9200,1,1,1,2.001953125
Dense4x35,357,1,1,1,0.966796875
Dense4x35,4733,1,1,1,1.3037109375
Dense4x35,2982,1,1,1,2.236328125
Dense4x35,4104,1,1,1,1.9873046875
Dense4x35,3851,1,1,1,1.15234375
Dense4x35,7223,1,1,1,1.3671875
Dense4x35,4334,3,3,1,2.67578125
Dense4x35,8485,3,3,1,2.8173828125
Dense4x35,3962,3,3,1,0.68359375
Dense4x35,5214,3,3,1,3.564453125
Dense4x35,687,3,3,1,2.4658203125
Dense4x35,5309,3,3,1,2.060546875
Dense4x35,5935,3,3,1,1.4599609375
Dense4x35,7905,3,2,1,1.3818359375
Dense4x35,2139,3,3,1,3.6669921875
Dense4x35,63,3,3,1,1.15234375
Dense4x35,5635,3,3,1,2.79296875
Dense4x35,8518,3,3,1,5.6396484375
Dense4x35,3896,3,3,1,3.0517578125
Dense4x35,5454,3,3,1,3.80859375
Dense4x35,2955,3,3,1,5.68359375
Dense4x35,3326,3,3,1,2.6708984375
Dense4x35,3947,3,3,1,4.931640625
Dense4x35,8821,3,3,1,3.30078125
Dense4x35,4164,3,3,1,3.466796875
Dense4x35,5638,3,3,1,2.8662109375
Dense4x35,9431,3,3,1,3.1494140625
Dense4x35,7821,3,2,1,2.919921875
Dense4x35,8860,3,3,1,3.505859375
Dense4x35,7590,3,3,1,3.173828125
Dense4x35,8660,3,3,1,3.9013671875
Dense4x35,3515,3,3,1,4.7802734375
Dense4x35,6873,3,3,1,3.369140625
Dense4x35,3363,3,3,1,2.7685546875
Dense4x35,6714,3,3,1,4.716796875
Dense4x35,7436,3,3,1,2.2607421875
Dense4x35,5542,3,3,1,3.59375
Dense4x35,9872,3,3,1,3.90625
Dense4x35,3670,3,3,1,4.0283203125
Dense4x35,576,3,3,1,4.091796875
Dense4x35,3094,3,3,1,2.294921875
Dense4x35,1765,3,3,1,1.5576171875
Dense4x35,8561,3,3,1,4.8974609375
Dense4x35,5973,3,8,1,1.7529296875
Dense4x35,8167,3,3,1,5.0146484375
Dense4x35,8903,3,3,1,4.111328125
Dense4x35,515,3,3,1,0.8544921875
Dense4x35,8140,3,3,1,6.015625
Dense4x35,195,3,3,1,0.380859375
Dense4x35,3407,3,3,1,3.193359375
Dense4x35,8186,3,3,1,5.0927734375
Dense4x35,382,3,3,1,3.6328125
Dense4x35,7620,3,3,1,2.1923828125
Dense4x35,6290,3,3,1,2.958984375
Dense4x35,9275,3,3,1,3.0029296875
Dense4x35,9511,3,3,1,3.486328125
Dense4x35,3746,3,3,1,2.71484375
Dense4x35,1731,3,3,1,4.2919921875
Dense4x35,8867,3,3,1,2.2265625
Dense4x35,574,3,3,1,2.9931640625
Dense4x35,2634,3,3,1,3.564453125
Dense4x35,9235,3,3,1,2.8662109375
Dense4x35,343,3,3,1,2.8125
Dense4x35,4311,3,3,1,0.419921875
Dense4x35,8308,3,3,1,1.6796875
Dense4x35,9261,3,3,1,4.423828125
Dense4x35,3283,3,3,1,1.3818359375
Dense4x35,9636,3,3,1,2.2021484375
Dense4x35,3943,3,5,1,1.025390625
Dense4x35,8156,3,3,1,3.80859375
Dense4x35,2086,3,3,1,3.10546875
Dense4x35,6517,3,5,1,1.328125
Dense4x35,5336,3,3,1,3.3056640625
Dense4x35,231,3,3,1,2.48046875
Dense4x35,6722,3,3,1,2.685546875
Dense4x35,1495,3,3,1,1.7333984375
Dense4x35,309,3,3,1,2.8759765625
Dense4x35,6045,3,9,1,0.2197265625
Dense4x35,4443,3,3,1,1.162109375
Dense4x35,8246,3,3,1,1.865234375
Dense4x35,4509,3,3,1,2.7099609375
Dense4x35,9474,3,3,1,2.8173828125
Dense4x35,1067,3,3,1,2.32421875
Dense4x35,8801,3,3,1,3.8232421875
Dense4x35,7131,3,3,1,3.818359375
Dense4x35,7311,3,3,1,3.5595703125
Dense4x35,3740,3,3,1,3.4375
Dense4x35,6255,3,3,1,3.1005859375
Dense4x35,9662,3,2,1,0.9912109375
Dense4x35,3248,3,3,1,2.6171875
Dense4x35,5446,3,3,1,1.9921875
Dense4x35,4755,3,3,1,1.6357421875
Dense4x35,6023,3,3,1,1.3330078125
Dense4x35,2712,3,3,1,3.33984375
Dense4x35,5358,3,5,1,0.1171875
Dense4x35,5150,3,3,1,5.7177734375
Dense4x35,3217,3,3,1,3.6865234375
Dense4x35,7798,3,3,1,4.04296875
Dense4x35,2927,3,2,1,1.71875
Dense4x35,2025,3,3,1,1.484375
Dense4x35,8811,3,3,1,3.41796875
Dense4x35,7983,3,3,1,5.0537109375
Dense4x35,4537,3,3,1,3.53515625
Dense4x35,8070,3,3,1,4.1455078125
Dense4x35,9840,3,3,1,1.1083984375
Dense4x35,8624,3,3,1,1.455078125
Dense4x40,2318,0,0,1,1.1474609375
Dense4x40,4082,0,0,1,2.8662109375
Dense4x40,9199,0,0,1,5.3125
Dense4x40,7898,0,0,1,5.6884765625
Dense4x40,2944,0,0,1,1.1669921875
Dense4x40,5505,0,0,1,2.0947265625
Dense4x40,2060,0,0,1,5.4052734375
Dense4x40,7031,0,0,1,0.849609375
Dense4x40,6752,0,0,1,4.2626953125
Dense4x40,3347,0,0,1,3.0322265625
Dense4x40,2204,0,0,1,2.509765625
Dense4x40,5368,0,0,1,3.0908203125
Dense4x40,661,0,0,1,1.513671875
Dense4x40,2067,0,0,1,1.474609375
Dense4x40,6753,0,0,1,4.6142578125
Dense4x40,2568,0,0,1,1.6796875
Dense4x40,1061,0,0,1,2.919921875
Dense4x40,1271,0,0,1,1.4501953125
Dense4x40,5519,0,0,1,1.982421875
Dense4x40,3980,0,0,1,3.837890625
Dense4x40,2777,0,0,1,1.728515625
Dense4x40,5290,0,0,1,2.12890625
Dense4x40,7452,0,0,1,3.14453125
Dense4x40,7747,0,0,1,5.595703125
Dense4x40,5592,0,0,1,2.890625
Dense4x40,9585,0,0,1,4.052734375
Dense4x40,5087,0,0,1,3.5595703125
Dense4x40,2188,0,0,1,2.1142578125
Dense4x40,5721,0,0,1,2.392578125
Dense4x40,2821,0,0,1,2.451171875
Dense4x40,7737,0,0,1,5.068359375
Dense4x40,3090,0,0,1,2.421875
Dense4x40,6293,0,0,1,3.076171875
Dense4x40,5531,0,0,1,3.408203125
Dense4x40,5035,0,0,1,3.8134765625
Dense4x40,4958,0,0,1,2.9443359375
Dense4x40,7279,0,0,1,2.8173828125
Dense4x40,7607,0,0,1,2.6025390625
Dense4x40,2417,0,0,1,1.81640625
Dense4x40,4091,0,0,1,2.7880859375
Dense4x40,9508,0,0,1,2.9638671875
Dense4x40,3417,0,0,1,1.7529296875
Dense4x40,3989,0,0,1,2.0947265625
Dense4x40,9634,0,3,1,0.9375
Dense4x40,1121,0,0,1,1.5087890625
Dense4x40,845,0,0,1,1.7578125
Dense4x40,5320,0,0,1,2.041015625
Dense4x40,2824,0,0,1,2.91015625
Dense4x40,1570,0,0,1,1.19140625
Dense4x40,8307,0,0,1,2.9443359375
Dense4x40,9666,0,0,1,1.6064453125
Dense4x40,2988,0,0,1,0.2880859375
Dense4x40,6319,0,0,1,3.1640625
Dense4x40,4937,0,0,1,2.1728515625
Dense4x40,3695,0,0,1,4.6826171875
Dense4x40,2713,0,0,1,1.572265625
Dense4x40,5435,0,0,1,2.2119140625
Dense4x40,4804,0,0,1,5.56640625
Dense4x40,8991,0,0,1,2.5732421875
Dense4x40,2384,0,0,1,2.0751953125
Dense4x40,3052,0,0,1,3.2275390625
Dense4x40,8621,0,0,1,1.7041015625
Dense4x40,55,0,0,1,0.9716796875
Dense4x40,1526,0,0,1,1.5234375
Dense4x40,269,0,0,1,2.67578125
Dense4x40,1918,0,0,1,2.2119140625
Dense4x40,6843,0,0,1,3.14453125
Dense4x40,9455,0,0,1,1.7431640625
Dense4x40,5827,0,0,1,2.1240234375
Dense4x40,4457,0,0,1,4.140625
Dense4x40,4348,0,0,1,3.193359375
Dense4x40,7907,0,0,1,6.0888671875
Dense4x40,3847,0,0,1,2.099609375
Dense4x40,3317,0,0,1,1.6943359375
Dense4x40,6328,0,0,1,2.6513671875
Dense4x40,7967,0,0,1,4.90234375
Dense4x40,9879,0,0,1,0.576171875
Dense4x40,1841,0,0,1,2.880859375
Dense4x40,8881,0,0,1,3.5986328125
Dense4x40,5567,0,0,1,3.203125
Dense4x40,1944,0,0,1,3.9892578125
Dense4x40,7385,0,0,1,3.7548828125
Dense4x40,3413,0,0,1,2.451171875
Dense4x40,2329,0,2,1,0.791015625
Dense4x40,1261,0,0,1,2.939453125
Dense4x40,9070,0,0,1,5.3857421875
Dense4x40,8730,0,0,1,3.8671875
Dense4x40,4188,0,0,1,1.3671875
Dense4x40,981,0,0,1,2.2412109375
Dense4x40,2656,0,0,1,0.439453125
Dense4x40,3830,0,0,1,2.9443359375
Dense4x40,372,0,0,1,0.615234375
Dense4x40,7337,0,0,1,3.349609375
Dense4x40,7465,0,0,1,2.1044921875
Dense4x40,7216,0,6,1,0.224609375
Dense4x40,6590,0,5,1,1.1474609375
Dense4x40,4739,0,0,1,2.7685546875
Dense4x40,8798,0,0,1,2.7734375
Dense4x40,7175,0,0,1,2.275390625
Dense4x40,3297,0,0,1,0.9716796875
Dense4x40,9591,1,1,1,2.01171875
Dense4x40,7969,1,1,1,2.5830078125
Dense4x40,7053,1,1,1,1.640625
Dense4x40,2553,1,1,1,2.2607421875
Dense4x40,2239,1,1,1,1.748046875
Dense4x40,4533,1,1,1,2.080078125
Dense4x40,251,1,1,1,0.8203125
Dense4x40,5014,1,1,1,1.93359375
Dense4x40,7556,1,1,1,2.138671875
Dense4x40,3471,1,1,1,2.421875
Dense4x40,2409,1,1,1,2.2705078125
Dense4x40,4525,1,1,1,2.861328125
Dense4x40,7447,1,1,1,2.1630859375
Dense4x40,6618,1,1,1,1.4599609375
Dense4x40,7344,1,1,1,2.373046875
Dense4x40,5072,1,1,1,2.236328125
Dense4x40,6058,1,1,1,2.1533203125
Dense4x40,3974,1,1,1,1.6064453125
Dense4x40,6232,1,1,1,2.2705078125
Dense4x40,5506,1,1,1,2.6318359375
Dense4x40,5722,1,1,1,2.4560546875
Dense4x40,8078,1,1,1,1.5185546875
Dense4x40,4105,1,1,1,2.1337890625
Dense4x40,7299,1,1,1,2.2705078125
Dense4x40,4249,1,1,1,2.0947265625
Dense4x40,790,1,1,1,2.0751953125
Dense4x40,1528,1,1,1,2.275390625
Dense4x40,9950,1,1,1,2.28515625
Dense4x40,2504,1,1,1,1.689453125
Dense4x40,2965,1,1,1,1.7919921875
Dense4x40,1728,1,1,1,2.1875
Dense4x40,5535,1,1,1,2.1826171875
Dense4x40,777,1,1,1,2.1923828125
Dense4x40,7247,1,1,1,1.8408203125
Dense4x40,8776,1,1,1,2.158203125
Dense4x40,1548,1,1,1,2.1142578125
Dense4x40,5614,1,1,1,2.041015625
Dense4x40,6869,1,1,1,2.2265625
Dense4x40,9570,1,1,1,2.353515625
Dense4x40,2034,1,1,1,2.0068359375
Dense4x40,9222,1,1,1,3.0419921875
Dense4x40,2529,1,1,1,2.490234375
Dense4x40,1934,1,1,1,2.4560546875
Dense4x40,5132,1,1,1,2.3193359375
Dense4x40,8090,1,1,1,2.060546875
Dense4x40,2235,1,1,1,1.8603515625
Dense4x40,7418,1,1,1,2.1142578125
Dense4x40,5092,1,1,1,2.275390625
Dense4x40,8971,1,1,1,2.6416015625
Dense4x40,4729,1,1,1,2.2412109375
Dense4x40,7005,1,1,1,2.0947265625
Dense4x40,5651,1,1,1,2.470703125
Dense4x40,2416,1,1,1,2.0703125
Dense4x40,8938,1,1,1,2.4658203125
Dense4x40,5738,1,1,1,2.2265625
Dense4x40,4754,1,1,1,2.5439453125
Dense4x40,824,1,1,1,1.9775390625
Dense4x40,1302,1,1,1,2.4853515625
Dense4x40,8045,1,1,1,2.20703125
Dense4x40,6540,1,1,1,1.85546875
Dense4x40,4216,1,1,1,1.494140625
Dense4x40,5933,1,1,1,2.24609375
Dense4x40,979,1,1,1,2.3828125
Dense4x40,7319,1,1,1,2.3779296875
Dense4x40,9737,1,1,1,2.2021484375
Dense4x40,2974,1,1,1,2.1044921875
Dense4x40,2827,1,1,1,1.54296875
Dense4x40,4318,1,1,1,1.4111328125
Dense4x40,1448,1,1,1,1.982421875
Dense4x40,7563,1,1,1,2.5244140625
Dense4x40,4025,1,1,1,2.8857421875
Dense4x40,7228,1,1,1,1.5087890625
Dense4x40,9549,1,1,1,2.2119140625
Dense4x40,1834,1,1,1,2.529296875
Dense4x40,8850,1,1,1,2.5146484375
Dense4x40,5314,1,1,1,2.5634765625
Dense4x40,2902,1,1,1,1.806640625
Dense4x40,3143,1,1,1,2.255859375
Dense4x40,1350,1,1,1,2.265625
Dense4x40,2997,1,1,1,2.2265625
Dense4x40,3244,1,1,1,1.8603515625
Dense4x40,8543,1,1,1,2.1044921875
Dense4x40,3175,1,1,1,2.236328125
Dense4x40,3937,1,1,1,1.630859375
Dense4x40,6556,1,1,1,1.0693359375
Dense4x40,2753,1,1,1,1.9287109375
Dense4x40,378,1,1,1,2.6123046875
Dense4x40,9241,1,1,1,2.8466796875
Dense4x40,1136,1,1,1,1.7724609375
Dense4x40,9593,1,1,1,2.353515625
Dense4x40,2434,1,1,1,0.8056640625
Dense4x40,798,1,1,1,1.962890625
Dense4x40,9443,1,1,1,2.3388671875
Dense4x40,7899,1,8,1,0.6982421875
Dense4x40,8493,1,1,1,0.48828125
Dense4x40,191,1,1,1,1.09375
Dense4x40,6222,1,1,1,2.4267578125
Dense4x40,900,1,1,1,0.0390625
Dense4x40,5499,1,1,1,1.8310546875
Dense4x40,7738,1,1,1,2.236328125
Dense4x40,2770,3,3,1,2.0556640625
Dense4x40,8801,3,3,1,3.876953125
Dense4x40,8354,3,3,1,3.046875
Dense4x40,9083,3,3,1,5.33203125
Dense4x40,5747,3,3,1,3.02734375
Dense4x40,93,3,3,1,1.728515625
Dense4x40,2288,3,3,1,2.6123046875
Dense4x40,9943,3,3,1,2.119140625
Dense4x40,5067,3,3,1,0.087890625
Dense4x40,323,3,3,1,2.8759765625
Dense4x40,5878,3,3,1,2.98828125
Dense4x40,8876,3,3,1,2.3291015625
Dense4x40,1615,3,3,1,3.8623046875
Dense4x40,5140,3,6,1,1.552734375
Dense4x40,1384,3,3,1,2.099609375
Dense4x40,8561,3,3,1,3.974609375
Dense4x40,4335,3,3,1,2.01171875
Dense4x40,923,3,3,1,5.517578125
Dense4x40,3131,3,3,1,2.4169921875
Dense4x40,9717,3,3,1,5.6884765625
Dense4x40,2305,3,3,1,1.93359375
Dense4x40,590,3,3,1,4.052734375
Dense4x40,6664,3,3,1,2.01171875
Dense4x40,402,3,3,1,2.3095703125
Dense4x40,1062,3,3,1,0.2099609375
Dense4x40,4770,3,3,1,3.2568359375
Dense4x40,1591,3,3,1,2.841796875
Dense4x40,6985,3,3,1,6.640625
Dense4x40,9881,3,3,1,0.693359375
Dense4x40,1290,3,3,1,0.91796875
Dense4x40,8120,3,3,1,2.6708984375
Dense4x40,6676,3,3,1,3.7841796875
Dense4x40,6593,3,3,1,2.0458984375
Dense4x40,7119,3,3,1,4.873046875
Dense4x40,5674,3,3,1,2.841796875
Dense4x40,1463,3,3,1,2.412109375
Dense4x40,6722,3,3,1,4.619140625
Dense4x40,142,3,3,1,1.8505859375
Dense4x40,2785,3,3,1,3.3349609375
Dense4x40,1109,3,3,1,3.5888671875
Dense4x40,2623,3,3,1,2.34375
Dense4x40,8032,3,3,1,4.111328125
Dense4x40,3261,3,3,1,1.8701171875
Dense4x40,32,3,3,1,2.9638671875
Dense4x40,7282,3,3,1,3.0126953125
Dense4x40,6299,3,3,1,4.111328125
Dense4x40,2303,3,3,1,3.037109375
Dense4x40,9365,3,3,1,3.3740234375
Dense4x40,2348,3,3,1,2.44140625
Dense4x40,3527,3,3,1,2.763671875
Dense4x40,8970,3,3,1,4.4287109375
Dense4x40,7804,3,3,1,4.1748046875
Dense4x40,8780,3,3,1,4.7705078125
Dense4x40,5309,3,3,1,2.158203125
Dense4x40,493,3,3,1,4.814453125
Dense4x40,4406,3,3,1,4.0234375
Dense4x40,9342,3,3,1,1.3525390625
Dense4x40,4727,3,3,1,2.3583984375
Dense4x40,7157,3,3,1,3.3251953125
Dense4x40,4526,3,3,1,2.98828125
Dense4x40,8607,3,3,1,0.6396484375
Dense4x40,6501,3,3,1,2.1826171875
Dense4x40,335,3,3,1,1.7333984375
Dense4x40,3129,3,3,1,1.50390625
Dense4x40,7905,3,2,1,0.1513671875
Dense4x40,5542,3,3,1,3.1005859375
Dense4x40,5504,3,3,1,3.84765625
Dense4x40,6160,3,3,1,2.451171875
Dense4x40,7398,3,3,1,4.6875
Dense4x40,6331,3,3,1,2.373046875
Dense4x40,9363,3,3,1,3.0126953125
Dense4x40,3010,3,3,1,2.8125
Dense4x40,5358,3,5,1,0.15625
Dense4x40,173,3,3,1,2.4658203125
Dense4x40,1628,3,3,1,1.9775390625
Dense4x40,6570,3,3,1,1.435546875
Dense4x40,7374,3,3,1,4.7412109375
Dense4x40,5225,3,3,1,2.3388671875
Dense4x40,3409,3,3,1,4.7802734375
Dense4x40,1503,3,3,1,2.1240234375
Dense4x40,1779,3,3,1,2.7001953125
Dense4x40,7272,3,3,1,3.33984375
Dense4x40,9501,3,3,1,2.4267578125
Dense4x40,8026,3,3,1,6.11328125
Dense4x40,6918,3,3,1,3.1005859375
Dense4x40,4244,3,3,1,1.7822265625
Dense4x40,7501,3,3,1,4.2333984375
Dense4x40,7551,3,3,1,4.2236328125
Dense4x40,4443,3,3,1,0.99609375
Dense4x40,9654,3,3,1,2.705078125
Dense4x40,7476,3,3,1,2.1484375
Dense4x40,7644,3,3,1,2.001953125
Dense4x40,7719,3,3,1,3.37890625
Dense4x40,1284,3,3,1,3.2470703125
Dense4x40,8186,3,3,1,4.6337890625
Dense4x40,9163,3,3,1,1.9677734375
Dense4x40,4430,3,3,1,4.130859375
Dense4x40,6290,3,3,1,3.6279296875
Dense4x40,6011,3,3,1,1.26953125
Dense4x40,112,3,3,1,1.689453125
Dense4x45,9052,0,0,1,5.7177734375
Dense4x45,4065,0,0,1,0.0927734375
Dense4x45,8163,0,0,1,3.349609375
Dense4x45,1713,0,0,1,2.7490234375
Dense4x45,9352,0,0,1,3.7548828125
Dense4x45,9666,0,0,1,1.5966796875
Dense4x45,4403,0,0,1,2.373046875
Dense4x45,2593,0,0,1,2.75390625
Dense4x45,2417,0,0,1,1.455078125
Dense4x45,5554,0,0,1,3.4912109375
Dense4x45,4650,0,0,1,3.30078125
Dense4x45,5756,0,0,1,1.4892578125
Dense4x45,7855,0,0,1,6.181640625
Dense4x45,5353,0,0,1,3.6865234375
Dense4x45,2061,0,0,1,2.6025390625
Dense4x45,4959,0,0,1,2.9052734375
Dense4x45,6968,0,0,1,4.4677734375
Dense4x45,8373,0,0,1,2.548828125
Dense4x45,1220,0,0,1,2.568359375
Dense4x45,1457,0,0,1,5.72265625
Dense4x45,372,0,0,1,1.34765625
Dense4x45,7168,0,0,1,2.822265625
Dense4x45,9879,0,6,1,0.888671875
Dense4x45,4891,0,0,1,2.822265625
Dense4x45,2531,0,0,1,3.65234375
Dense4x45,5791,0,0,1,2.16796875
Dense4x45,5139,0,0,1,4.0869140625
Dense4x45,8763,0,0,1,3.994140625
Dense4x45,7566,0,0,1,4.12109375
Dense4x45,7449,0,0,1,3.6572265625
Dense4x45,9911,0,0,1,3.28125
Dense4x45,742,0,0,1,5.283203125
Dense4x45,932,0,0,1,2.578125
Dense4x45,5249,0,0,1,3.6962890625
Dense4x45,4720,0,0,1,2.548828125
Dense4x45,6473,0,0,1,2.4755859375
Dense4x45,6461,0,0,1,3.154296875
Dense4x45,9611,0,0,1,3.4912109375
Dense4x45,6970,0,0,1,3.173828125
Dense4x45,1533,0,0,1,2.3876953125
Dense4x45,545,0,0,1,2.119140625
Dense4x45,2763,0,0,1,2.8271484375
Dense4x45,7491,0,0,1,1.9189453125
Dense4x45,5008,0,0,1,3.6279296875
Dense4x45,7255,0,0,1,3.3740234375
Dense4x45,6532,0,0,1,0.6298828125
Dense4x45,7868,0,0,1,5.4736328125
Dense4x45,2899,0,0,1,2.841796875
Dense4x45,3445,0,0,1,4.091796875
Dense4x45,6877,0,0,1,3.2958984375
Dense4x45,4804,0,0,1,3.720703125
Dense4x45,5529,0,0,1,3.7841796875
Dense4x45,8730,0,0,1,4.6142578125
Dense4x45,312,0,0,1,3.0712890625
Dense4x45,6590,0,0,1,0.9912109375
Dense4x45,5593,0,6,1,1.171875
Dense4x45,1764,0,0,1,1.71875
Dense4x45,1084,0,0,1,4.9658203125
Dense4x45,6140,0,0,1,4.873046875
Dense4x45,5870,0,0,1,1.77734375
Dense4x45,2449,0,0,1,1.2890625
Dense4x45,324,0,0,1,0.5029296875
Dense4x45,7052,0,0,1,3.291015625
Dense4x45,4348,0,0,1,5.05859375
Dense4x45,8795,0,0,1,3.2421875
Dense4x45,3412,0,0,1,1.337890625
Dense4x45,6400,0,6,1,1.5966796875
Dense4x45,7505,0,0,1,1.3525390625
Dense4x45,9648,0,0,1,4.0576171875
Dense4x45,1808,0,0,1,0.986328125
Dense4x45,8772,0,0,1,4.0966796875
Dense4x45,8765,0,0,1,3.5986328125
Dense4x45,9800,0,0,1,2.548828125
Dense4x45,2873,0,0,1,2.8173828125
Dense4x45,5567,0,0,1,2.98828125
Dense4x45,9425,0,6,1,0.400390625
Dense4x45,6133,0,0,1,5.576171875
Dense4x45,1534,0,0,1,1.25
Dense4x45,7782,0,0,1,4.9462890625
Dense4x45,5974,0,0,1,2.5634765625
Dense4x45,5731,0,0,1,2.470703125
Dense4x45,9080,0,0,1,5.41015625
Dense4x45,5147,0,0,1,4.4921875
Dense4x45,5141,0,0,1,3.92578125
Dense4x45,3,0,0,1,3.0078125
Dense4x45,7737,0,0,1,5.6103515625
Dense4x45,2954,0,0,1,0.33203125
Dense4x45,1526,0,0,1,3.92578125
Dense4x45,8458,0,0,1,5.361328125
Dense4x45,8614,0,0,1,2.79296875
Dense4x45,3359,0,0,1,4.2431640625
Dense4x45,2641,0,0,1,3.359375
Dense4x45,6753,0,0,1,3.88671875
Dense4x45,8114,0,0,1,4.8828125
Dense4x45,1001,0,0,1,2.275390625
Dense4x45,9757,0,0,1,3.1591796875
Dense4x45,6454,0,0,1,3.53515625
Dense4x45,2761,0,0,1,0.1806640625
Dense4x45,3634,0,0,1,1.923828125
Dense4x45,1195,0,0,1,3.6181640625
Dense4x45,2017,1,1,1,2.138671875
Dense4x45,1844,1,1,1,1.7041015625
Dense4x45,5193,1,1,1,1.73828125
Dense4x45,5759,1,1,1,1.474609375
Dense4x45,3203,1,1,1,1.494140625
Dense4x45,9844,1,1,1,1.904296875
Dense4x45,3434,1,1,1,1.7333984375
Dense4x45,3099,1,1,1,2.01171875
Dense4x45,9444,1,1,1,2.05078125
Dense4x45,6092,1,1,1,2.3583984375
Dense4x45,7183,1,1,1,1.5380859375
Dense4x45,203,1,1,1,1.6845703125
Dense4x45,8650,1,1,1,1.7333984375
Dense4x45,8633,1,1,1,2.1728515625
Dense4x45,1657,1,1,1,2.0263671875
Dense4x45,6809,1,1,1,1.4111328125
Dense4x45,7899,1,8,1,1.1376953125
Dense4x45,3639,1,1,1,1.728515625
Dense4x45,4195,1,1,1,1.962890625
Dense4x45,4864,1,1,1,1.5234375
Dense4x45,1019,1,1,1,2.16796875
Dense4x45,3464,1,1,1,2.05078125
Dense4x45,5036,1,1,1,2.177734375
Dense4x45,3779,1,1,1,1.85546875
Dense4x45,5642,1,8,1,0.283203125
Dense4x45,9258,1,1,1,2.48046875
Dense4x45,3237,1,1,1,1.884765625
Dense4x45,7618,1,1,1,2.3876953125
Dense4x45,2409,1,1,1,1.7724609375
Dense4x45,8715,1,1,1,1.7138671875
Dense4x45,7920,1,1,1,0.6689453125
Dense4x45,9435,1,1,1,2.1728515625
Dense4x45,7748,1,1,1,2.119140625
Dense4x45,2704,1,1,1,1.767578125
Dense4x45,7822,1,1,1,1.34765625
Dense4x45,949,1,1,1,2.109375
Dense4x45,9838,1,1,1,1.9873046875
Dense4x45,9049,1,1,1,2.28515625
Dense4x45,3906,1,3,1,1.4794921875
Dense4x45,4972,1,1,1,1.4453125
Dense4x45,6748,1,1,1,2.0849609375
Dense4x45,3765,1,1,1,2.4560546875
Dense4x45,4674,1,1,1,1.8115234375
Dense4x45,5651,1,1,1,2.275390625
Dense4x45,7468,1,1,1,2.0703125
Dense4x45,2273,1,1,1,1.4501953125
Dense4x45,8439,1,1,1,1.806640625
Dense4x45,8536,1,1,1,1.6748046875
Dense4x45,5978,1,1,1,1.376953125
Dense4x45,615,1,1,1,2.28515625
Dense4x45,6063,1,1,1,1.5380859375
Dense4x45,3196,1,1,1,0.9814453125
Dense4x45,8138,1,1,1,2.1435546875
Dense4x45,4050,1,1,1,1.4306640625
Dense4x45,9265,1,1,1,1.484375
Dense4x45,6472,1,1,1,2.109375
Dense4x45,8239,1,1,1,2.0361328125
Dense4x45,7717,1,1,1,2.099609375
Dense4x45,6008,1,1,1,1.1767578125
Dense4x45,8289,1,1,1,1.884765625
Dense4x45,7319,1,1,1,1.9677734375
Dense4x45,1236,1,1,1,1.279296875
Dense4x45,2010,1,1,1,1.15234375
Dense4x45,8187,1,1,1,1.97265625
Dense4x45,7123,1,1,1,2.0458984375
Dense4x45,1527,1,6,1,1.875
Dense4x45,4732,1,1,1,1.7529296875
Dense4x45,4853,1,1,1,2.08984375
Dense4x45,1201,1,1,1,2.44140625
Dense4x45,2997,1,1,1,2.0703125
Dense4x45,4450,1,1,1,2.2216796875
Dense4x45,5232,1,1,1,1.6845703125
Dense4x45,7856,1,8,1,0.7568359375
Dense4x45,8233,1,1,1,2.0361328125
Dense4x45,7063,1,1,1,1.875
Dense4x45,918,1,1,1,1.748046875
Dense4x45,4597,1,1,1,1.3623046875
Dense4x45,7881,1,1,1,2.5634765625
Dense4x45,2473,1,1,1,1.7626953125
Dense4x45,9955,1,1,1,1.220703125
Dense4x45,7480,1,1,1,2.08984375
Dense4x45,430,1,1,1,1.806640625
Dense4x45,2315,1,1,1,1.7626953125
Dense4x45,907,1,1,1,1.6650390625
Dense4x45,9348,1,1,1,2.177734375
Dense4x45,57,1,1,1,1.4794921875
Dense4x45,455,1,1,1,2.3193359375
Dense4x45,1424,1,1,1,2.333984375
Dense4x45,4212,1,3,1,1.3134765625
Dense4x45,9715,1,1,1,2.0947265625
Dense4x45,9356,1,1,1,2.0068359375
Dense4x45,749,1,1,1,1.5966796875
Dense4x45,3741,1,1,1,2.5732421875
Dense4x45,8509,1,1,1,1.2158203125
Dense4x45,5699,1,1,1,2.5
Dense4x45,7658,1,1,1,2.1142578125
Dense4x45,4190,1,1,1,1.8359375
Dense4x45,5148,1,1,1,1.9921875
Dense4x45,2355,1,1,1,1.89453125
Dense4x45,46,1,1,1,0.986328125
Dense4x45,1067,3,3,1,2.2412109375
Dense4x45,6085,3,3,1,3.8330078125
Dense4x45,8910,3,3,1,3.125
Dense4x45,3515,3,3,1,4.2041015625
Dense4x45,7905,3,2,1,2.080078125
Dense4x45,4635,3,5,1,0.380859375
Dense4x45,7435,3,3,1,3.53515625
Dense4x45,5766,3,3,1,3.8037109375
Dense4x45,8140,3,3,1,4.1650390625
Dense4x45,6226,3,3,1,3.4423828125
Dense4x45,2555,3,3,1,3.57421875
Dense4x45,9787,3,3,1,1.904296875
Dense4x45,309,3,3,1,2.431640625
Dense4x45,7714,3,3,1,2.3046875
Dense4x45,7311,3,3,1,3.3056640625
Dense4x45,6096,3,3,1,1.337890625
Dense4x45,7554,3,3,1,2.7294921875
Dense4x45,9474,3,3,1,1.8798828125
Dense4x45,4782,3,3,1,1.9189453125
Dense4x45,5054,3,8,1,0.6982421875
Dense4x45,5358,3,3,1,0.751953125
Dense4x45,9758,3,3,1,1.318359375
Dense4x45,6570,3,3,1,0.9619140625
Dense4x45,2151,3,3,1,0.869140625
Dense4x45,8393,3,3,1,3.0078125
Dense4x45,90,3,3,1,2.2216796875
Dense4x45,792,3,3,1,3.7890625
Dense4x45,1310,3,3,1,1.3037109375
Dense4x45,4664,3,3,1,1.2744140625
Dense4x45,7470,3,3,1,3.291015625
Dense4x45,8461,3,3,1,3.1787109375
Dense4x45,8801,3,3,1,3.49609375
Dense4x45,1612,3,3,1,2.9638671875
Dense4x45,4600,3,3,1,3.6767578125
Dense4x45,4306,3,7,1,1.142578125
Dense4x45,230,3,3,1,1.7333984375
Dense4x45,7222,3,3,1,4.1748046875
Dense4x45,8713,3,3,1,2.4755859375
Dense4x45,4541,3,3,1,3.0615234375
Dense4x45,63,3,3,1,1.259765625
Dense4x45,9163,3,3,1,1.494140625
Dense4x45,4703,3,3,1,2.6220703125
Dense4x45,9238,3,3,1,3.3837890625
Dense4x45,3531,3,3,1,1.630859375
Dense4x45,4044,3,5,1,0.2880859375
Dense4x45,9177,3,3,1,3.515625
Dense4x45,1020,3,3,1,2.6123046875
Dense4x45,2807,3,3,1,1.474609375
Dense4x45,2583,3,3,1,2.40234375
Dense4x45,1066,3,3,1,2.7783203125
Dense4x45,5074,3,3,1,0.4736328125
Dense4x45,8014,3,3,1,2.3291015625
Dense4x45,6676,3,3,1,3.4521484375
Dense4x45,5674,3,3,1,2.40234375
Dense4x45,1797,3,3,1,0.9326171875
Dense4x45,677,3,3,1,3.28125
Dense4x45,7252,3,3,1,3.6279296875
Dense4x45,8854,3,3,1,3.232421875
Dense4x45,4854,3,3,1,3.4375
Dense4x45,6973,3,3,1,3.037109375
Dense4x45,6982,3,3,1,2.9833984375
Dense4x45,3475,3,3,1,0.6884765625
Dense4x45,7968,3,3,1,4.365234375
Dense4x45,6139,3,3,1,3.505859375
Dense4x45,9582,3,3,1,2.79296875
Dense4x45,9083,3,3,1,4.267578125
Dense4x45,4940,3,3,1,3.115234375
Dense4x45,9380,3,3,1,2.6953125
Dense4x45,5508,3,3,1,3.14453125
Dense4x45,9840,3,3,1,0.48828125
Dense4x45,5214,3,3,1,3.583984375
Dense4x45,6957,3,3,1,3.232421875
Dense4x45,3742,3,3,1,0.56640625
Dense4x45,9261,3,3,1,3.369140625
Dense4x45,3167,3,3,1,0.7080078125
Dense4x45,686,3,3,1,2.939453125
Dense4x45,3549,3,2,1,0.3369140625
Dense4x45,1479,3,3,1,4.0185546875
Dense4x45,528,3,3,1,0.5224609375
Dense4x45,4234,3,3,1,3.6962890625
Dense4x45,7006,3,3,1,3.3544921875
Dense4x45,5973,3,8,1,2.7734375
Dense4x45,8026,3,3,1,3.9404296875
Dense4x45,2075,3,3,1,1.66015625
Dense4x45,590,3,3,1,3.5791015625
Dense4x45,3104,3,3,1,2.109375
Dense4x45,9742,3,3,1,2.2607421875
Dense4x45,7436,3,3,1,2.5927734375
Dense4x45,1600,3,3,1,0.224609375
Dense4x45,4220,3,3,1,1.240234375
Dense4x45,9056,3,3,1,2.9541015625
Dense4x45,9445,3,3,1,3.8525390625
Dense4x45,9390,3,3,1,3.53515625
Dense4x45,2174,3,3,1,0.2734375
Dense4x45,1367,3,3,1,3.9111328125
Dense4x45,683,3,3,1,1.3818359375
Dense4x45,2153,3,3,1,1.416015625
Dense4x45,9804,3,3,1,0.7275390625
Dense4x45,1354,3,3,1,2.060546875
Dense4x45,6511,3,5,1,1.1962890625
Dense4x50,704,0,0,1,1.1865234375
Dense4x50,8388,0,0,1,1.66015625
Dense4x50,4023,0,0,1,3.6767578125
Dense4x50,6786,0,0,1,2.5732421875
Dense4x50,2962,0,0,1,3.5791015625
Dense4x50,1808,0,0,1,2.7392578125
Dense4x50,6557,0,2,1,0.0
Dense4x50,6288,0,0,1,3.7451171875
Dense4x50,8983,0,0,1,2.6318359375
Dense4x50,6424,0,0,1,1.796875
Dense4x50,6651,0,5,1,1.2646484375
Dense4x50,9948,0,0,1,2.9150390625
Dense4x50,2209,0,0,1,1.6943359375
Dense4x50,8634,0,0,1,3.017578125
Dense4x50,1610,0,0,1,4.7998046875
Dense4x50,8179,0,0,1,4.130859375
Dense4x50,3574,0,0,1,0.5419921875
Dense4x50,5673,0,0,1,3.1982421875
Dense4x50,1197,0,0,1,2.001953125
Dense4x50,4329,0,0,1,1.5283203125
Dense4x50,2557,0,0,1,1.5576171875
Dense4x50,1944,0,0,1,1.34765625
Dense4x50,7943,0,0,1,3.1591796875
Dense4x50,8021,0,0,1,3.1884765625
Dense4x50,8338,0,0,1,3.14453125
Dense4x50,498,0,0,1,0.83984375
Dense4x50,721,0,0,1,2.2265625
Dense4x50,5452,0,0,1,4.3603515625
Dense4x50,2954,0,0,1,1.9384765625
Dense4x50,6597,0,7,1,2.5927734375
Dense4x50,3640,0,0,1,1.279296875
Dense4x50,1411,0,0,1,1.19140625
Dense4x50,380,0,0,1,0.7080078125
Dense4x50,972,0,0,1,4.3310546875
Dense4x50,4281,0,0,1,2.2802734375
Dense4x50,4531,0,0,1,1.982421875
Dense4x50,564,0,0,1,2.0556640625
Dense4x50,8194,0,0,1,1.796875
Dense4x50,6526,0,0,1,3.6962890625
Dense4x50,3359,0,0,1,2.8515625
Dense4x50,8382,0,0,1,0.6787109375
Dense4x50,7873,0,0,1,3.9892578125
Dense4x50,5567,0,0,1,2.099609375
Dense4x50,7190,0,0,1,2.021484375
Dense4x50,3315,0,0,1,3.7109375
Dense4x50,9753,0,0,1,2.490234375
Dense4x50,4880,0,8,1,1.62109375
Dense4x50,8691,0,0,1,2.412109375
Dense4x50,8067,0,0,1,5.0927734375
Dense4x50,6750,0,0,1,2.1728515625
Dense4x50,620,0,0,1,1.982421875
Dense4x50,2190,0,0,1,1.796875
Dense4x50,1203,0,0,1,4.072265625
Dense4x50,8325,0,0,1,0.341796875
Dense4x50,9358,0,0,1,2.8564453125
Dense4x50,5342,0,0,1,3.2470703125
Dense4x50,4188,0,0,1,3.02734375
Dense4x50,5253,0,0,1,0.7470703125
Dense4x50,2376,0,0,1,4.0966796875
Dense4x50,9601,0,0,1,1.5869140625
Dense4x50,4447,0,0,1,2.3779296875
Dense4x50,9158,0,0,1,1.30859375
Dense4x50,7506,0,0,1,2.8125
Dense4x50,372,0,0,1,1.3525390625
Dense4x50,5526,0,0,1,2.216796875
Dense4x50,490,0,0,1,1.1865234375
Dense4x50,3450,0,0,1,0.4833984375
Dense4x50,4365,0,0,1,2.0654296875
Dense4x50,750,0,0,1,2.158203125
Dense4x50,4527,0,0,1,1.962890625
Dense4x50,5818,0,0,1,1.66015625
Dense4x50,5718,0,5,1,0.05859375
Dense4x50,6097,0,0,1,4.94140625
Dense4x50,2410,0,0,1,1.9921875
Dense4x50,7607,0,0,1,2.9833984375
Dense4x50,327,0,0,1,2.353515625
Dense4x50,8496,0,0,1,2.333984375
Dense4x50,3677,0,0,1,3.4716796875
Dense4x50,1121,0,0,1,2.2509765625
Dense4x50,8681,0,0,1,2.294921875
Dense4x50,6925,0,0,1,2.05078125
Dense4x50,804,0,0,1,2.08984375
Dense4x50,3608,0,0,1,4.62890625
Dense4x50,4718,0,0,1,3.1689453125
Dense4x50,1188,0,0,1,2.158203125
Dense4x50,5069,0,0,1,3.5205078125
Dense4x50,1807,0,0,1,1.884765625
Dense4x50,7133,0,0,1,1.5283203125
Dense4x50,6470,0,0,1,1.552734375
Dense4x50,7868,0,0,1,4.3798828125
Dense4x50,6892,0,0,1,2.98828125
Dense4x50,9264,0,0,1,2.7099609375
Dense4x50,8765,0,0,1,1.9189453125
Dense4x50,4675,0,0,1,2.4462890625
Dense4x50,312,0,0,1,2.08984375
Dense4x50,4628,0,0,1,3.3837890625
Dense4x50,8172,0,0,1,3.8232421875
Dense4x50,407,0,0,1,3.134765625
Dense4x50,3266,0,0,1,1.689453125
Dense4x50,1898,0,0,1,1.884765625
Dense4x50,3152,1,1,1,1.8505859375
Dense4x50,6222,1,1,1,2.1630859375
Dense4x50,1430,1,1,1,2.5
Dense4x50,5984,1,1,1,2.099609375
Dense4x50,8658,1,1,1,2.3291015625
Dense4x50,9407,1,1,1,2.1533203125
Dense4x50,2822,1,1,1,2.2509765625
Dense4x50,1360,1,1,1,1.9921875
Dense4x50,9313,1,1,1,1.962890625
Dense4x50,196,1,1,1,2.060546875
Dense4x50,7344,1,1,1,2.2119140625
Dense4x50,7608,1,1,1,2.783203125
Dense4x50,416,1,1,1,2.3046875
Dense4x50,1868,1,1,1,1.0205078125
Dense4x50,314,1,1,1,2.490234375
Dense4x50,6678,1,1,1,1.6748046875
Dense4x50,8488,1,1,1,2.2900390625
Dense4x50,4676,1,1,1,1.611328125
Dense4x50,476,1,1,1,2.12890625
Dense4x50,2753,1,1,1,1.162109375
Dense4x50,6848,1,1,1,1.93359375
Dense4x50,2418,1,1,1,1.6796875
Dense4x50,967,1,1,1,2.2265625
Dense4x50,1054,1,1,1,2.08984375
Dense4x50,8289,1,1,1,1.572265625
Dense4x50,8138,1,1,1,1.962890625
Dense4x50,3455,1,1,1,2.548828125
Dense4x50,1397,1,1,1,2.0458984375
Dense4x50,377,1,1,1,1.806640625
Dense4x50,9025,1,1,1,1.4892578125
Dense4x50,6673,1,1,1,1.6796875
Dense4x50,9796,1,1,1,1.6845703125
Dense4x50,8164,1,1,1,1.58203125
Dense4x50,224,1,1,1,0.9912109375
Dense4x50,3354,1,1,1,2.3876953125
Dense4x50,640,1,1,1,2.4853515625
Dense4x50,3039,1,1,1,1.4892578125
Dense4x50,1630,1,1,1,2.0751953125
Dense4x50,7928,1,1,1,0.2001953125
Dense4x50,4951,1,1,1,0.9619140625
Dense4x50,8509,1,1,1,1.54296875
Dense4x50,8672,1,1,1,2.197265625
Dense4x50,1305,1,1,1,2.0654296875
Dense4x50,8575,1,1,1,2.1142578125
Dense4x50,2704,1,1,1,1.5478515625
Dense4x50,6044,1,1,1,2.2412109375
Dense4x50,6092,1,1,1,2.5146484375
Dense4x50,6758,1,1,1,2.0263671875
Dense4x50,9438,1,1,1,2.3095703125
Dense4x50,4858,1,1,1,1.826171875
Dense4x50,2746,1,1,1,1.845703125
Dense4x50,8873,1,1,1,2.0556640625
Dense4x50,7023,1,1,1,1.611328125
Dense4x50,6533,1,1,1,2.0751953125
Dense4x50,9772,1,1,1,1.9091796875
Dense4x50,3843,1,1,1,1.7724609375
Dense4x50,4597,1,1,1,1.6015625
Dense4x50,5052,1,1,1,1.50390625
Dense4x50,6502,1,1,1,1.904296875
Dense4x50,977,1,1,1,2.2412109375
Dense4x50,1528,1,1,1,2.0068359375
Dense4x50,8819,1,1,1,1.7236328125
Dense4x50,1180,1,1,1,2.6171875
Dense4x50,3974,1,1,1,1.3671875
Dense4x50,5689,1,1,1,2.3876953125
Dense4x50,7954,1,1,1,2.0654296875
Dense4x50,9378,1,1,1,2.7392578125
Dense4x50,7299,1,1,1,2.099609375
Dense4x50,1350,1,1,1,2.1826171875
Dense4x50,228,1,1,1,1.93359375
Dense4x50,2228,1,1,1,1.4208984375
Dense4x50,4010,1,1,1,1.884765625
Dense4x50,8586,1,1,1,2.421875
Dense4x50,2137,1,1,1,1.904296875
Dense4x50,5090,1,1,1,1.9091796875
Dense4x50,2789,1,1,1,2.0263671875
Dense4x50,7323,1,1,1,2.1533203125
Dense4x50,3452,1,1,1,2.16796875
Dense4x50,4932,1,1,1,1.6015625
Dense4x50,2315,1,1,1,1.806640625
Dense4x50,7091,1,1,1,1.8994140625
Dense4x50,4077,1,1,1,2.0947265625
Dense4x50,4719,1,1,1,1.34765625
Dense4x50,1236,1,1,1,1.7919921875
Dense4x50,2027,1,1,1,1.767578125
Dense4x50,5732,1,1,1,1.8896484375
Dense4x50,4171,1,1,1,2.5146484375
Dense4x50,3097,1,1,1,1.6259765625
Dense4x50,2171,1,1,1,1.9580078125
Dense4x50,6182,1,1,1,2.28515625
Dense4x50,7618,1,1,1,2.4853515625
Dense4x50,2878,1,1,1,2.3046875
Dense4x50,5014,1,1,1,1.97265625
Dense4x50,6058,1,1,1,2.3291015625
Dense4x50,9295,1,1,1,1.7041015625
Dense4x50,2880,1,1,1,2.1923828125
Dense4x50,2409,1,1,1,1.7041015625
Dense4x50,5113,1,1,1,1.9482421875
Dense4x50,2541,1,1,1,2.2607421875
Dense4x50,9956,1,1,1,1.5234375
Dense4x50,173,3,3,1,1.904296875
Dense4x50,442,3,3,1,3.4765625
Dense4x50,5508,3,3,1,3.5595703125
Dense4x50,3080,3,3,1,2.6220703125
Dense4x50,451,3,3,1,3.466796875
Dense4x50,8328,3,3,1,4.66796875
Dense4x50,1469,3,3,1,1.318359375
Dense4x50,3515,3,3,1,2.998046875
Dense4x50,1315,3,3,1,1.7138671875
Dense4x50,6009,3,3,1,2.1337890625
Dense4x50,569,3,3,1,1.8359375
Dense4x50,4755,3,3,1,0.9033203125
Dense4x50,4833,3,2,1,0.17578125
Dense4x50,1828,3,7,1,1.5234375
Dense4x50,7849,3,3,1,0.6591796875
Dense4x50,1738,3,3,1,3.06640625
Dense4x50,7257,3,3,1,3.720703125
Dense4x50,9604,3,3,1,4.6142578125
Dense4x50,7690,3,3,1,2.275390625
Dense4x50,8308,3,3,1,2.6318359375
Dense4x50,1923,3,3,1,3.3740234375
Dense4x50,5824,3,3,1,1.328125
Dense4x50,2884,3,3,1,1.8115234375
Dense4x50,628,3,3,1,1.69921875
Dense4x50,2985,3,3,1,1.7529296875
Dense4x50,9804,3,3,1,1.9775390625
Dense4x50,6030,3,3,1,1.357421875
Dense4x50,944,3,3,1,0.4931640625
Dense4x50,3456,3,3,1,0.8203125
Dense4x50,8277,3,8,1,0.1708984375
Dense4x50,7435,3,3,1,4.423828125
Dense4x50,9059,3,3,1,3.02734375
Dense4x50,8607,3,3,1,0.3173828125
Dense4x50,1067,3,3,1,2.1337890625
Dense4x50,5248,3,3,1,2.509765625
Dense4x50,894,3,3,1,1.396484375
Dense4x50,3975,3,3,1,1.9970703125
Dense4x50,6059,3,9,1,0.419921875
Dense4x50,313,3,3,1,1.81640625
Dense4x50,6034,3,3,1,1.0009765625
Dense4x50,7365,3,3,1,2.4072265625
Dense4x50,6551,3,3,1,2.34375
Dense4x50,8508,3,3,1,2.2705078125
Dense4x50,9370,3,3,1,1.826171875
Dense4x50,1928,3,3,1,3.193359375
Dense4x50,1832,3,3,1,1.044921875
Dense4x50,9479,3,3,1,1.8408203125
Dense4x50,4128,3,3,1,1.796875
Dense4x50,5815,3,3,1,3.701171875
Dense4x50,9524,3,3,1,2.7294921875
Dense4x50,8753,3,3,1,3.2666015625
Dense4x50,4727,3,3,1,2.216796875
Dense4x50,4222,3,3,1,3.388671875
Dense4x50,958,3,3,1,1.318359375
Dense4x50,7282,3,3,1,2.8857421875
Dense4x50,6204,3,3,1,2.1044921875
Dense4x50,2924,3,3,1,2.1337890625
Dense4x50,5892,3,3,1,2.5341796875
Dense4x50,349,3,3,1,0.654296875
Dense4x50,1856,3,3,1,1.2060546875
Dense4x50,270,3,3,1,3.515625
Dense4x50,5504,3,3,1,2.1484375
Dense4x50,5841,3,3,1,1.5869140625
Dense4x50,1215,3,3,1,2.05078125
Dense4x50,4537,3,3,1,3.6669921875
Dense4x50,9202,3,3,1,1.2744140625
Dense4x50,2305,3,3,1,1.1376953125
Dense4x50,6455,3,3,1,2.1044921875
Dense4x50,2989,3,3,1,1.3623046875
Dense4x50,408,3,3,1,2.96875
Dense4x50,1615,3,3,1,3.53515625
Dense4x50,5336,3,3,1,1.7236328125
Dense4x50,6857,3,3,1,3.232421875
Dense4x50,991,3,3,1,4.375
Dense4x50,6636,3,3,1,1.689453125
Dense4x50,5158,3,3,1,4.55078125
Dense4x50,5329,3,3,1,2.236328125
Dense4x50,7250,3,3,1,3.4033203125
Dense4x50,5038,3,3,1,1.5869140625
Dense4x50,7730,3,3,1,3.125
Dense4x50,4087,3,3,1,2.734375
Dense4x50,5046,3,3,1,0.517578125
Dense4x50,8379,3,3,1,2.880859375
Dense4x50,6973,3,3,1,3.0712890625
Dense4x50,8370,3,3,1,3.8818359375
Dense4x50,3476,3,3,1,1.435546875
Dense4x50,8660,3,3,1,4.091796875
Dense4x50,4600,3,3,1,3.7060546875
Dense4x50,9429,3,3,1,3.310546875
Dense4x50,4044,3,3,1,2.8076171875
Dense4x50,9177,3,3,1,3.095703125
Dense4x50,2807,3,3,1,1.1279296875
Dense4x50,9790,3,3,1,1.77734375
Dense4x50,3812,3,3,1,2.7197265625
Dense4x50,5150,3,3,1,4.1259765625
Dense4x50,9558,3,3,1,2.3779296875
Dense4x50,6290,3,3,1,2.197265625
Dense4x50,4435,3,7,1,1.474609375
Dense4x50,6664,3,3,1,1.787109375
Dense4x50,7554,3,3,1,3.955078125
Dense4x55,3864,0,0,1,2.470703125
Dense4x55,2942,0,0,1,2.91015625
Dense4x55,9080,0,0,1,4.658203125
Dense4x55,9528,0,0,1,4.3115234375
Dense4x55,3650,0,0,1,2.6025390625
Dense4x55,5531,0,0,1,3.6962890625
Dense4x55,5033,0,0,1,2.7490234375
Dense4x55,6489,0,0,1,3.26171875
Dense4x55,6344,0,0,1,2.568359375
Dense4x55,3305,0,0,1,1.3232421875
Dense4x55,7203,0,0,1,3.45703125
Dense4x55,2492,0,0,1,4.0234375
Dense4x55,3087,0,0,1,2.568359375
Dense4x55,2842,0,0,1,4.04296875
Dense4x55,4447,0,0,1,2.607421875
Dense4x55,5031,0,0,1,2.67578125
Dense4x55,9455,0,0,1,3.251953125
Dense4x55,3044,0,0,1,2.75390625
Dense4x55,1379,0,0,1,2.6171875
Dense4x55,1843,0,0,1,0.703125
Dense4x55,8325,0,0,1,0.458984375
Dense4x55,5721,0,0,1,3.22265625
Dense4x55,5079,0,0,1,3.349609375
Dense4x55,7139,0,0,1,2.48046875
Dense4x55,8681,0,0,1,2.6123046875
Dense4x55,1294,0,0,1,3.1298828125
Dense4x55,3310,0,0,1,2.5830078125
Dense4x55,9070,0,0,1,4.345703125
Dense4x55,2638,0,0,1,3.6328125
Dense4x55,7817,0,0,1,4.3310546875
Dense4x55,4241,0,0,1,3.26171875
Dense4x55,6962,0,0,1,2.666015625
Dense4x55,9688,0,0,1,3.0078125
Dense4x55,2999,0,0,1,2.421875
Dense4x55,5008,0,0,1,2.587890625
Dense4x55,717,0,0,1,0.4150390625
Dense4x55,5952,0,0,1,3.9794921875
Dense4x55,8528,0,0,1,5.2001953125
Dense4x55,6643,0,0,1,1.181640625
Dense4x55,1726,0,0,1,2.861328125
Dense4x55,8614,0,0,1,3.193359375
Dense4x55,6968,0,0,1,2.5732421875
Dense4x55,9459,0,0,1,3.837890625
Dense4x55,5035,0,0,1,3.330078125
Dense4x55,7933,0,0,1,2.9248046875
Dense4x55,5109,0,0,1,3.0029296875
Dense4x55,8343,0,0,1,3.037109375
Dense4x55,9016,0,0,1,1.2109375
Dense4x55,8016,0,0,1,2.9296875
Dense4x55,8414,0,0,1,2.705078125
Dense4x55,2417,0,0,1,1.162109375
Dense4x55,1197,0,0,1,1.6552734375
Dense4x55,3883,0,0,1,3.525390625
Dense4x55,2329,0,2,1,1.787109375
Dense4x55,490,0,0,1,0.4736328125
Dense4x55,6760,0,0,1,3.720703125
Dense4x55,9352,0,0,1,2.34375
Dense4x55,4780,0,0,1,2.314453125
Dense4x55,3219,0,0,1,1.162109375
Dense4x55,9761,0,0,1,2.3876953125
Dense4x55,5838,0,0,1,2.6611328125
Dense4x55,6835,0,0,1,2.48046875
Dense4x55,3680,0,0,1,3.2568359375
Dense4x55,9791,0,0,1,2.6806640625
Dense4x55,3266,0,0,1,1.4208984375
Dense4x55,6181,0,0,1,3.5693359375
Dense4x55,2087,0,0,1,4.5263671875
Dense4x55,4542,0,0,1,3.49609375
Dense4x55,5321,0,0,1,4.0625
Dense4x55,1438,0,0,1,1.7724609375
Dense4x55,5974,0,0,1,2.3046875
Dense4x55,7491,0,0,1,1.89453125
Dense4x55,1408,0,0,1,2.978515625
Dense4x55,9757,0,0,1,1.259765625
Dense4x55,6398,0,0,1,2.5048828125
Dense4x55,327,0,0,1,3.30078125
Dense4x55,6140,0,0,1,4.43359375
Dense4x55,4188,0,0,1,1.9287109375
Dense4x55,69,0,0,1,2.6953125
Dense4x55,5718,0,0,1,0.78125
Dense4x55,8951,0,0,1,3.53515625
Dense4x55,2707,0,0,1,3.4228515625
Dense4x55,8558,0,0,1,2.6904296875
Dense4x55,6015,0,0,1,1.0302734375
Dense4x55,9519,0,0,1,3.22265625
Dense4x55,8548,0,0,1,4.150390625
Dense4x55,2403,0,0,1,3.2763671875
Dense4x55,1246,0,0,1,1.279296875
Dense4x55,9753,0,0,1,2.978515625
Dense4x55,7810,0,0,1,4.3408203125
Dense4x55,1271,0,0,1,2.0849609375
Dense4x55,5593,0,0,1,1.875
Dense4x55,5353,0,0,1,4.111328125
Dense4x55,2764,0,0,1,2.392578125
Dense4x55,1907,0,0,1,1.640625
Dense4x55,3624,0,0,1,3.642578125
Dense4x55,7838,0,0,1,4.638671875
Dense4x55,5141,0,0,1,3.203125
Dense4x55,2779,0,0,1,2.1435546875
Dense4x55,581,0,0,1,3.046875
Dense4x55,6848,1,1,1,2.2314453125
Dense4x55,4318,1,1,1,1.455078125
Dense4x55,9715,1,1,1,1.85546875
Dense4x55,6162,1,1,1,2.8564453125
Dense4x55,2965,1,1,1,1.6259765625
Dense4x55,9003,1,1,1,2.2705078125
Dense4x55,6917,1,1,1,2.646484375
Dense4x55,8352,1,1,1,2.3876953125
Dense4x55,5091,1,1,1,2.3876953125
Dense4x55,1351,1,1,1,2.5341796875
Dense4x55,330,1,1,1,2.2314453125
Dense4x55,523,1,1,1,1.6552734375
Dense4x55,7073,1,1,1,2.3291015625
Dense4x55,1555,1,1,1,1.982421875
Dense4x55,239,1,1,1,2.451171875
Dense4x55,4729,1,1,1,2.2705078125
Dense4x55,1075,1,1,1,1.8310546875
Dense4x55,8099,1,1,1,2.0263671875
Dense4x55,2017,1,1,1,2.197265625
Dense4x55,9265,1,1,1,1.6650390625
Dense4x55,9415,1,1,1,2.3974609375
Dense4x55,9200,1,1,1,2.939453125
Dense4x55,2164,1,1,1,2.1630859375
Dense4x55,2266,1,6,1,0.927734375
Dense4x55,9994,1,1,1,2.4462890625
Dense4x55,9071,1,1,1,1.42578125
Dense4x55,3026,1,1,1,1.25
Dense4x55,4328,1,1,1,2.48046875
Dense4x55,4903,1,1,1,2.333984375
Dense4x55,4308,1,1,1,0.9423828125
Dense4x55,6976,1,1,1,2.0654296875
Dense4x55,5534,1,1,1,2.822265625
Dense4x55,754,1,1,1,2.080078125
Dense4x55,5535,1,1,1,1.9921875
Dense4x55,1030,1,1,1,1.9921875
Dense4x55,4025,1,1,1,2.71484375
Dense4x55,1004,1,1,1,1.6748046875
Dense4x55,725,1,1,1,1.93359375
Dense4x55,2315,1,1,1,1.9140625
Dense4x55,8048,1,1,1,2.8759765625
Dense4x55,9674,1,1,1,2.119140625
Dense4x55,5809,1,1,1,2.2265625
Dense4x55,6883,1,1,1,1.826171875
Dense4x55,2228,1,1,1,1.1865234375
Dense4x55,7839,1,1,1,2.1337890625
Dense4x55,5544,1,1,1,2.7099609375
Dense4x55,2283,1,1,1,2.12890625
Dense4x55,3211,1,1,1,2.2705078125
Dense4x55,8545,1,1,1,1.7919921875
Dense4x55,7000,1,1,1,1.826171875
Dense4x55,9591,1,1,1,2.412109375
Dense4x55,979,1,1,1,2.55859375
Dense4x55,6789,1,1,1,2.607421875
Dense4x55,5416,1,1,1,2.4365234375
Dense4x55,9395,1,1,1,2.3583984375
Dense4x55,8244,1,1,1,3.41796875
Dense4x55,5786,1,1,1,2.28515625
Dense4x55,9520,1,1,1,1.8017578125
Dense4x55,663,1,1,1,2.5732421875
Dense4x55,6308,1,1,1,1.8017578125
Dense4x55,929,1,1,1,1.7333984375
Dense4x55,8729,1,1,1,2.763671875
Dense4x55,7226,1,1,1,1.73828125
Dense4x55,7911,1,1,1,3.056640625
Dense4x55,8658,1,1,1,2.314453125
Dense4x55,1988,1,1,1,2.4658203125
Dense4x55,3253,1,1,1,1.513671875
Dense4x55,8799,1,1,1,2.3876953125
Dense4x55,7167,1,1,1,2.119140625
Dense4x55,8776,1,1,1,2.5244140625
Dense4x55,1179,1,1,1,2.1728515625
Dense4x55,6192,1,1,1,2.0263671875
Dense4x55,8005,1,1,1,1.9580078125
Dense4x55,8659,1,1,1,2.75390625
Dense4x55,1766,1,1,1,2.6123046875
Dense4x55,9950,1,1,1,2.099609375
Dense4x55,8509,1,1,1,2.1826171875
Dense4x55,6110,1,1,1,2.353515625
Dense4x55,377,1,1,1,1.982421875
Dense4x55,4262,1,1,1,2.333984375
Dense4x55,4032,1,1,1,2.041015625
Dense4x55,3003,1,1,1,2.3193359375
Dense4x55,7847,1,1,1,1.6748046875
Dense4x55,6502,1,1,1,2.3486328125
Dense4x55,8979,1,1,1,2.919921875
Dense4x55,5406,1,1,1,1.4892578125
Dense4x55,6799,1,1,1,2.4560546875
Dense4x55,9955,1,1,1,1.611328125
Dense4x55,9799,1,1,1,2.294921875
Dense4x55,1643,1,1,1,2.412109375
Dense4x55,504,1,1,1,1.38671875
Dense4x55,1659,1,1,1,1.66015625
Dense4x55,6604,1,1,1,1.9189453125
Dense4x55,8166,1,1,1,1.7431640625
Dense4x55,9489,1,1,1,2.6025390625
Dense4x55,4292,1,1,1,2.24609375
Dense4x55,9903,1,1,1,2.5537109375
Dense4x55,1548,1,1,1,2.236328125
Dense4x55,4110,1,1,1,1.4794921875
Dense4x55,2704,1,1,1,1.9091796875
Dense4x55,7750,3,3,1,3.6474609375
Dense4x55,6570,3,3,1,0.9130859375
Dense4x55,9914,3,3,1,1.982421875
Dense4x55,6722,3,3,1,1.8994140625
Dense4x55,5328,3,3,1,3.53515625
Dense4x55,4541,3,3,1,3.6181640625
Dense4x55,8201,3,3,1,3.837890625
Dense4x55,8263,3,3,1,2.3095703125
Dense4x55,569,3,3,1,1.7138671875
Dense4x55,2927,3,2,1,1.85546875
Dense4x55,9182,3,3,1,0.91796875
Dense4x55,727,3,3,1,2.8369140625
Dense4x55,3766,3,3,1,2.8515625
Dense4x55,3965,3,3,1,3.3837890625
Dense4x55,323,3,3,1,2.8173828125
Dense4x55,1490,3,3,1,1.7431640625
Dense4x55,1469,3,3,1,1.8798828125
Dense4x55,933,3,3,1,2.9931640625
Dense4x55,3443,3,3,1,2.55859375
Dense4x55,9762,3,3,1,1.4697265625
Dense4x55,7104,3,3,1,3.0078125
Dense4x55,578,3,2,1,0.634765625
Dense4x55,5766,3,3,1,4.013671875
Dense4x55,3812,3,3,1,3.037109375
Dense4x55,3363,3,3,1,2.6220703125
Dense4x55,2348,3,3,1,1.611328125
Dense4x55,8842,3,3,1,2.9248046875
Dense4x55,4397,3,3,1,2.8076171875
Dense4x55,6085,3,3,1,3.857421875
Dense4x55,7674,3,3,1,2.890625
Dense4x55,5955,3,8,1,1.845703125
Dense4x55,9511,3,3,1,3.0224609375
Dense4x55,6593,3,3,1,1.4404296875
Dense4x55,5019,3,3,1,3.3251953125
Dense4x55,4808,3,3,1,2.0068359375
Dense4x55,5700,3,3,1,3.095703125
Dense4x55,112,3,3,1,1.71875
Dense4x55,1442,3,3,1,2.734375
Dense4x55,8171,3,3,1,2.265625
Dense4x55,8087,3,3,1,3.5888671875
Dense4x55,7365,3,3,1,3.0859375
Dense4x55,1472,3,3,1,1.19140625
Dense4x55,3825,3,3,1,2.3974609375
Dense4x55,9524,3,3,1,2.01171875
Dense4x55,6365,3,3,1,3.9990234375
Dense4x55,8489,3,3,1,2.109375
Dense4x55,5158,3,3,1,3.8916015625
Dense4x55,7981,3,3,1,4.6240234375
Dense4x55,2255,3,3,1,1.162109375
Dense4x55,1765,3,3,1,1.69921875
Dense4x55,2453,3,3,1,2.3095703125
Dense4x55,5224,3,3,1,4.140625
Dense4x55,7233,3,3,1,1.03515625
Dense4x55,807,3,3,1,3.6767578125
Dense4x55,9217,3,3,1,3.056640625
Dense4x55,9654,3,3,1,2.1533203125
Dense4x55,9365,3,3,1,3.232421875
Dense4x55,7215,3,3,1,4.08203125
Dense4x55,6975,3,3,1,3.173828125
Dense4x55,2008,3,3,1,1.66015625
Dense4x55,1727,3,3,1,2.4267578125
Dense4x55,957,3,3,1,2.3046875
Dense4x55,4528,3,3,1,1.9677734375
Dense4x55,2865,3,3,1,2.900390625
Dense4x55,2109,3,7,1,0.7177734375
Dense4x55,6763,3,3,1,3.1591796875
Dense4x55,2128,3,3,1,3.251953125
Dense4x55,1837,3,3,1,1.0888671875
Dense4x55,2955,3,3,1,5.419921875
Dense4x55,382,3,3,1,2.5390625
Dense4x55,8581,3,3,1,2.6123046875
Dense4x55,5925,3,3,1,1.982421875
Dense4x55,6289,3,3,1,3.3544921875
Dense4x55,1845,3,3,1,3.9794921875
Dense4x55,1215,3,3,1,1.7626953125
Dense4x55,4802,3,3,1,2.021484375
Dense4x55,9332,3,3,1,1.7919921875
Dense4x55,2906,3,3,1,1.9482421875
Dense4x55,6371,3,3,1,3.3447265625
Dense4x55,7311,3,3,1,3.173828125
Dense4x55,5606,3,3,1,3.3935546875
Dense4x55,18,3,3,1,1.6943359375
Dense4x55,9840,3,3,1,1.5576171875
Dense4x55,2347,3,3,1,2.421875
Dense4x55,7272,3,3,1,2.9248046875
Dense4x55,2853,3,3,1,1.8017578125
Dense4x55,5596,3,3,1,2.6611328125
Dense4x55,7026,3,3,1,3.505859375
Dense4x55,801,3,3,1,2.841796875
Dense4x55,9812,3,3,1,1.484375
Dense4x55,1983,3,3,1,1.4453125
Dense4x55,6059,3,8,1,0.029296875
Dense4x55,683,3,3,1,1.0498046875
Dense4x55,3630,3,3,1,3.017578125
Dense4x55,5283,3,3,1,2.2119140625
Dense4x55,2288,3,3,1,1.943359375
Dense4x55,8854,3,3,1,3.5205078125
Dense4x55,9192,3,3,1,3.271484375
Dense4x55,734,3,3,1,1.689453125
Dense4x55,2575,3,3,1,3.818359375
Dense4x60,1220,0,0,1,2.294921875
Dense4x60,101,0,0,1,2.6611328125
Dense4x60,713,0,0,1,1.845703125
Dense4x60,851,0,0,1,2.685546875
Dense4x60,7967,0,0,1,5.3271484375
Dense4x60,7485,0,0,1,3.1005859375
Dense4x60,6287,0,0,1,4.3359375
Dense4x60,9457,0,0,1,3.0615234375
Dense4x60,6590,0,5,1,0.634765625
Dense4x60,5435,0,0,1,2.529296875
Dense4x60,2370,0,0,1,0.5712890625
Dense4x60,8913,0,0,1,2.890625
Dense4x60,6971,0,0,1,2.5
Dense4x60,8343,0,0,1,3.2421875
Dense4x60,8634,0,0,1,2.7880859375
Dense4x60,6127,0,0,1,5.3125
Dense4x60,1273,0,0,1,1.904296875
Dense4x60,6779,0,0,1,4.1943359375
Dense4x60,9325,0,0,1,2.3828125
Dense4x60,4780,0,0,1,2.392578125
Dense4x60,9761,0,0,1,2.265625
Dense4x60,3849,0,0,1,2.705078125
Dense4x60,9052,0,0,1,6.259765625
Dense4x60,9179,0,0,1,4.3212890625
Dense4x60,5993,0,0,1,4.033203125
Dense4x60,2747,0,0,1,5.5517578125
Dense4x60,9004,0,0,1,2.5634765625
Dense4x60,5051,0,0,1,3.3154296875
Dense4x60,6426,0,6,1,0.185546875
Dense4x60,6015,0,0,1,0.234375
Dense4x60,6454,0,0,1,3.59375
Dense4x60,3650,0,0,1,3.349609375
Dense4x60,8629,0,0,1,2.177734375
Dense4x60,2811,0,0,1,3.7939453125
Dense4x60,1959,0,0,1,2.0361328125
Dense4x60,9753,0,0,1,2.998046875
Dense4x60,8921,0,0,1,3.4130859375
Dense4x60,9387,0,0,1,4.0478515625
Dense4x60,3634,0,0,1,1.298828125
Dense4x60,6947,0,0,1,4.1357421875
Dense4x60,9850,0,0,1,2.94921875
Dense4x60,8127,0,0,1,4.0771484375
Dense4x60,8260,0,0,1,2.83203125
Dense4x60,1468,0,0,1,1.4404296875
Dense4x60,9080,0,0,1,4.8876953125
Dense4x60,1739,0,0,1,2.6025390625
Dense4x60,4757,0,0,1,3.203125
Dense4x60,4033,0,0,1,3.0029296875
Dense4x60,6309,0,0,1,3.9306640625
Dense4x60,2106,0,0,1,2.861328125
Dense4x60,2717,0,0,1,3.4375
Dense4x60,5930,0,0,1,3.8037109375
Dense4x60,5756,0,0,1,2.861328125
Dense4x60,8490,0,0,1,4.189453125
Dense4x60,3584,0,0,1,4.2333984375
Dense4x60,5685,0,0,1,3.8671875
Dense4x60,6342,0,0,1,4.2333984375
Dense4x60,5890,0,0,1,1.2646484375
Dense4x60,9396,0,0,1,3.69140625
Dense4x60,9134,0,0,1,4.794921875
Dense4x60,4404,0,0,1,2.7978515625
Dense4x60,4958,0,0,1,3.37890625
Dense4x60,2527,0,0,1,2.7490234375
Dense4x60,5368,0,0,1,4.0234375
Dense4x60,7617,0,0,1,3.22265625
Dense4x60,3170,0,0,1,3.212890625
Dense4x60,7161,0,0,1,2.744140625
Dense4x60,5450,0,0,1,2.0654296875
Dense4x60,6286,0,0,1,4.3994140625
Dense4x60,9647,0,0,1,3.818359375
Dense4x60,6288,0,0,1,3.564453125
Dense4x60,5463,0,0,1,4.248046875
Dense4x60,69,0,0,1,2.8125
Dense4x60,6701,0,0,1,3.701171875
Dense4x60,8373,0,0,1,2.83203125
Dense4x60,7782,0,0,1,4.8193359375
Dense4x60,9016,0,5,1,0.8447265625
Dense4x60,8448,0,0,1,3.974609375
Dense4x60,8763,0,0,1,4.111328125
Dense4x60,3536,0,0,1,1.962890625
Dense4x60,8999,0,0,1,3.935546875
Dense4x60,8858,0,0,1,3.96484375
Dense4x60,5750,0,0,1,3.349609375
Dense4x60,5253,0,0,1,2.5634765625
Dense4x60,9162,0,0,1,4.375
Dense4x60,8992,0,0,1,3.9208984375
Dense4x60,1565,0,0,1,2.0751953125
Dense4x60,5270,0,0,1,3.3935546875
Dense4x60,2932,0,6,1,0.3271484375
Dense4x60,5737,0,0,1,2.1533203125
Dense4x60,3226,0,0,1,3.9111328125
Dense4x60,9367,0,0,1,4.130859375
Dense4x60,6478,0,0,1,3.369140625
Dense4x60,7536,0,0,1,3.251953125
Dense4x60,9724,0,0,1,3.0126953125
Dense4x60,7269,0,0,1,2.7880859375
Dense4x60,7317,0,0,1,4.5751953125
Dense4x60,346,0,0,1,2.2998046875
Dense4x60,3090,0,0,1,2.2314453125
Dense4x60,1570,0,6,1,0.4150390625
Dense4x60,3175,1,1,1,1.9775390625
Dense4x60,3593,1,1,1,2.3095703125
Dense4x60,145,1,1,1,1.6748046875
Dense4x60,6254,1,1,1,1.8896484375
Dense4x60,2164,1,1,1,1.9970703125
Dense4x60,4249,1,1,1,1.8603515625
Dense4x60,8367,1,1,1,1.4599609375
Dense4x60,7014,1,1,1,1.9580078125
Dense4x60,5978,1,1,1,2.0751953125
Dense4x60,7665,1,1,1,1.9970703125
Dense4x60,7325,1,1,1,1.3720703125
Dense4x60,4853,1,1,1,1.7333984375
Dense4x60,5783,1,1,1,1.7919921875
Dense4x60,2734,1,1,1,1.806640625
Dense4x60,5666,1,1,1,2.0947265625
Dense4x60,2017,1,1,1,2.12890625
Dense4x60,4674,1,1,1,1.201171875
Dense4x60,7299,1,1,1,1.9140625
Dense4x60,2,1,1,1,1.5478515625
Dense4x60,5699,1,1,1,2.109375
Dense4x60,4006,1,1,1,1.904296875
Dense4x60,6135,1,1,1,1.0498046875
Dense4x60,7123,1,1,1,1.8310546875
Dense4x60,191,1,1,1,1.494140625
Dense4x60,2943,1,1,1,1.9921875
Dense4x60,3843,1,1,1,1.7626953125
Dense4x60,8100,1,1,1,1.513671875
Dense4x60,2504,1,1,1,1.4990234375
Dense4x60,9737,1,1,1,1.8896484375
Dense4x60,2136,1,1,1,2.060546875
Dense4x60,9444,1,1,1,1.9384765625
Dense4x60,4563,1,1,1,1.2744140625
Dense4x60,4013,1,1,1,2.5
Dense4x60,5637,1,1,1,1.7578125
Dense4x60,5566,1,1,1,1.8603515625
Dense4x60,4273,1,1,1,1.552734375
Dense4x60,6222,1,1,1,2.1337890625
Dense4x60,4903,1,1,1,1.787109375
Dense4x60,4191,1,1,1,1.875
Dense4x60,1667,1,1,1,2.3779296875
Dense4x60,5614,1,1,1,1.9970703125
Dense4x60,2626,1,1,1,1.97265625
Dense4x60,5490,1,1,1,2.158203125
Dense4x60,7176,1,1,1,1.8701171875
Dense4x60,9602,1,1,1,1.8896484375
Dense4x60,9025,1,1,1,1.728515625
Dense4x60,7527,1,1,1,1.650390625
Dense4x60,9994,1,1,1,1.953125
Dense4x60,9657,1,1,1,2.28515625
Dense4x60,7856,1,1,1,0.390625
Dense4x60,8873,1,1,1,1.904296875
Dense4x60,956,1,2,1,0.6396484375
Dense4x60,5442,1,1,1,1.767578125
Dense4x60,3601,1,1,1,1.484375
Dense4x60,2171,1,1,1,1.6552734375
Dense4x60,7812,1,8,1,1.11328125
Dense4x60,4525,1,1,1,2.392578125
Dense4x60,8099,1,1,1,1.9091796875
Dense4x60,9335,1,1,1,1.8701171875
Dense4x60,4719,1,1,1,1.3037109375
Dense4x60,3196,1,1,1,0.947265625
Dense4x60,9878,1,1,1,1.9775390625
Dense4x60,8600,1,1,1,2.0751953125
Dense4x60,7900,1,1,1,1.0205078125
Dense4x60,9049,1,1,1,2.4365234375
Dense4x60,9499,1,1,1,2.0751953125
Dense4x60,9485,1,1,1,1.9189453125
Dense4x60,5646,1,1,1,2.1484375
Dense4x60,3026,1,1,1,1.30859375
Dense4x60,2746,1,1,1,1.8310546875
Dense4x60,89,1,1,1,2.0166015625
Dense4x60,6869,1,1,1,1.982421875
Dense4x60,2655,1,1,1,1.806640625
Dense4x60,9434,1,1,1,2.1826171875
Dense4x60,6652,1,1,1,2.0849609375
Dense4x60,9715,1,1,1,1.7919921875
Dense4x60,357,1,1,1,1.19140625
Dense4x60,9978,1,1,1,2.1142578125
Dense4x60,9796,1,1,1,1.97265625
Dense4x60,5092,1,1,1,1.9970703125
Dense4x60,2071,1,1,1,1.5625
Dense4x60,1830,1,1,1,1.7724609375
Dense4x60,4014,1,1,1,2.0654296875
Dense4x60,4917,1,1,1,1.5625
Dense4x60,5859,1,1,1,2.3974609375
Dense4x60,9846,1,1,1,1.7822265625
Dense4x60,7954,1,1,1,1.7041015625
Dense4x60,988,1,1,1,1.455078125
Dense4x60,8980,1,1,1,2.2705078125
Dense4x60,2276,1,1,1,1.416015625
Dense4x60,377,1,1,1,1.923828125
Dense4x60,3546,1,1,1,2.2265625
Dense4x60,5,1,1,1,1.728515625
Dense4x60,6604,1,1,1,1.650390625
Dense4x60,6472,1,1,1,1.787109375
Dense4x60,9489,1,1,1,2.0361328125
Dense4x60,3003,1,1,1,1.8798828125
Dense4x60,137,1,1,1,1.787109375
Dense4x60,3211,1,1,1,1.9775390625
Dense4x60,1528,1,1,1,1.89453125
Dense4x60,2623,3,3,1,2.7490234375
Dense4x60,5841,3,3,1,1.0595703125
Dense4x60,213,3,3,1,1.689453125
Dense4x60,9707,3,3,1,4.130859375
Dense4x60,8296,3,3,1,0.400390625
Dense4x60,8130,3,3,1,2.4365234375
Dense4x60,7140,3,3,1,2.734375
Dense4x60,8607,3,3,1,1.1669921875
Dense4x60,2594,3,3,1,1.54296875
Dense4x60,158,3,3,1,1.8505859375
Dense4x60,6260,3,3,1,3.53515625
Dense4x60,8753,3,3,1,3.6962890625
Dense4x60,3528,3,3,1,2.16796875
Dense4x60,2663,3,3,1,3.6279296875
Dense4x60,6160,3,3,1,0.7470703125
Dense4x60,1066,3,3,1,2.1533203125
Dense4x60,5882,3,3,1,3.8916015625
Dense4x60,5336,3,3,1,2.4951171875
Dense4x60,6331,3,3,1,2.5439453125
Dense4x60,1472,3,3,1,1.337890625
Dense4x60,9582,3,3,1,2.8955078125
Dense4x60,7248,3,3,1,0.3759765625
Dense4x60,3083,3,3,1,4.08203125
Dense4x60,3010,3,3,1,2.392578125
Dense4x60,9860,3,3,1,2.44140625
Dense4x60,2945,3,7,1,0.1123046875
Dense4x60,7215,3,3,1,3.76953125
Dense4x60,1291,3,3,1,2.7294921875
Dense4x60,6034,3,8,1,0.0244140625
Dense4x60,7981,3,3,1,4.423828125
Dense4x60,7470,3,3,1,4.0380859375
Dense4x60,7431,3,3,1,2.3876953125
Dense4x60,2953,3,5,1,0.44921875
Dense4x60,753,3,3,1,2.0556640625
Dense4x60,5293,3,3,1,3.1103515625
Dense4x60,1962,3,3,1,3.583984375
Dense4x60,5212,3,3,1,2.6123046875
Dense4x60,2991,3,3,1,2.2509765625
Dense4x60,9821,3,3,1,3.84765625
Dense4x60,6440,3,3,1,3.8916015625
Dense4x60,5850,3,3,1,3.9794921875
Dense4x60,1856,3,3,1,1.7919921875
Dense4x60,9986,3,3,1,0.0
Dense4x60,9559,3,3,1,2.4365234375
Dense4x60,6139,3,3,1,3.1494140625
Dense4x60,6481,3,3,1,2.998046875
Dense4x60,3432,3,3,1,1.005859375
Dense4x60,4335,3,3,1,1.42578125
Dense4x60,6174,3,3,1,1.3720703125
Dense4x60,4406,3,3,1,4.0283203125
Dense4x60,1804,3,3,1,3.642578125
Dense4x60,1317,3,3,1,2.0849609375
Dense4x60,4758,3,3,1,2.96875
Dense4x60,4026,3,3,1,3.203125
Dense4x60,2511,3,3,1,1.884765625
Dense4x60,9548,3,3,1,3.056640625
Dense4x60,112,3,3,1,1.97265625
Dense4x60,5973,3,8,1,1.69921875
Dense4x60,1134,3,3,1,3.759765625
Dense4x60,8946,3,3,1,3.330078125
Dense4x60,6542,3,3,1,0.166015625
Dense4x60,5583,3,3,1,2.75390625
Dense4x60,4996,3,3,1,3.8232421875
Dense4x60,8156,3,3,1,2.548828125
Dense4x60,8489,3,3,1,1.9775390625
Dense4x60,5860,3,3,1,3.3544921875
Dense4x60,944,3,3,1,0.693359375
Dense4x60,8411,3,3,1,3.955078125
Dense4x60,4437,3,3,1,0.4248046875
Dense4x60,3261,3,3,1,1.1279296875
Dense4x60,9305,3,3,1,2.3583984375
Dense4x60,6704,3,3,1,3.3251953125
Dense4x60,9468,3,3,1,2.3681640625
Dense4x60,245,3,3,1,1.9921875
Dense4x60,9996,3,3,1,3.5791015625
Dense4x60,2853,3,3,1,1.3671875
Dense4x60,4664,3,3,1,1.77734375
Dense4x60,887,3,3,1,2.59765625
Dense4x60,9261,3,3,1,4.052734375
Dense4x60,8461,3,3,1,2.9541015625
Dense4x60,5628,3,3,1,2.7392578125
Dense4x60,2075,3,3,1,1.7431640625
Dense4x60,6857,3,3,1,3.1787109375
Dense4x60,3078,3,3,1,0.888671875
Dense4x60,3080,3,3,1,2.8564453125
Dense4x60,1265,3,3,1,2.0458984375
Dense4x60,8703,3,3,1,3.115234375
Dense4x60,8777,3,3,1,4.4482421875
Dense4x60,6517,3,3,1,2.578125
Dense4x60,5245,3,3,1,2.3779296875
Dense4x60,6950,3,3,1,2.83203125
Dense4x60,847,3,3,1,2.3876953125
Dense4x60,3290,3,3,1,2.05078125
Dense4x60,9925,3,8,1,0.8544921875
Dense4x60,528,3,3,1,0.0927734375
Dense4x60,7995,3,3,1,4.23828125
Dense4x60,7644,3,3,1,2.0361328125
Dense4x60,5472,3,3,1,5.0439453125
Dense4x60,2992,3,3,1,0.6591796875
Dense4x60,4430,3,3,1,3.916015625
Dense4x65,6129,0,0,1,7.9248046875
Dense4x65,9527,0,0,1,4.2236328125
Dense4x65,5686,0,0,1,5.7421875
Dense4x65,346,0,0,1,2.8466796875
Dense4x65,9687,0,0,1,2.744140625
Dense4x65,1148,0,0,1,4.08203125
Dense4x65,3479,0,0,1,3.6376953125
Dense4x65,3911,0,0,1,3.3203125
Dense4x65,1333,0,0,1,4.3310546875
Dense4x65,9818,0,0,1,4.27734375
Dense4x65,9440,0,0,1,4.453125
Dense4x65,9457,0,0,1,3.544921875
Dense4x65,7737,0,0,1,5.546875
Dense4x65,6651,0,5,1,0.283203125
Dense4x65,8808,0,0,1,3.583984375
Dense4x65,2023,0,0,1,2.7001953125
Dense4x65,9724,0,0,1,3.6083984375
Dense4x65,656,0,0,1,4.6044921875
Dense4x65,8978,0,0,1,4.55078125
Dense4x65,5109,0,0,1,3.6376953125
Dense4x65,5428,0,0,1,5.4833984375
Dense4x65,8085,0,0,1,4.6240234375
Dense4x65,713,0,0,1,3.0029296875
Dense4x65,9865,0,0,1,3.4228515625
Dense4x65,972,0,0,1,5.3466796875
Dense4x65,6478,0,0,1,3.0517578125
Dense4x65,8077,0,0,1,4.43359375
Dense4x65,1826,0,0,1,3.2080078125
Dense4x65,3895,0,0,1,2.5634765625
Dense4x65,1775,0,0,1,2.79296875
Dense4x65,9167,0,0,1,5.400390625
Dense4x65,4404,0,0,1,3.3642578125
Dense4x65,6133,0,0,1,6.2451171875
Dense4x65,6099,0,0,1,5.556640625
Dense4x65,9158,0,0,1,1.7724609375
Dense4x65,6835,0,0,1,3.935546875
Dense4x65,7846,0,0,1,4.90234375
Dense4x65,5307,0,0,1,4.5068359375
Dense4x65,1723,0,0,1,4.7314453125
Dense4x65,1619,0,0,1,2.3486328125
Dense4x65,7203,0,0,1,3.4326171875
Dense4x65,498,0,0,1,2.275390625
Dense4x65,4923,0,0,1,3.02734375
Dense4x65,3191,0,0,1,2.1337890625
Dense4x65,1794,0,0,1,1.552734375
Dense4x65,5870,0,0,1,2.1142578125
Dense4x65,9763,0,0,1,2.3779296875
Dense4x65,8029,0,0,1,3.90625
Dense4x65,1231,0,0,1,2.763671875
Dense4x65,1504,0,0,1,3.0859375
Dense4x65,6597,0,7,1,0.7275390625
Dense4x65,1621,0,0,1,1.3037109375
Dense4x65,2714,0,0,1,4.2138671875
Dense4x65,3830,0,0,1,4.638671875
Dense4x65,2318,0,0,1,2.9541015625
Dense4x65,7317,0,0,1,3.88671875
Dense4x65,6633,0,0,1,3.2275390625
Dense4x65,7688,0,0,1,3.5302734375
Dense4x65,5778,0,0,1,1.591796875
Dense4x65,4887,0,0,1,3.2861328125
Dense4x65,2096,0,0,1,4.2919921875
Dense4x65,845,0,0,1,3.955078125
Dense4x65,4628,0,0,1,4.6142578125
Dense4x65,3219,0,0,1,1.513671875
Dense4x65,3940,0,0,1,3.76953125
Dense4x65,5301,0,0,1,3.1591796875
Dense4x65,6947,0,0,1,5.4248046875
Dense4x65,311,0,0,1,6.0009765625
Dense4x65,6286,0,0,1,4.3212890625
Dense4x65,9038,0,0,1,3.57421875
Dense4x65,7216,0,5,1,0.25390625
Dense4x65,8055,0,0,1,4.4921875
Dense4x65,5147,0,0,1,4.8681640625
Dense4x65,380,0,0,1,3.3203125
Dense4x65,1094,0,0,1,3.5595703125
Dense4x65,1271,0,0,1,3.37890625
Dense4x65,7526,0,0,1,3.73046875
Dense4x65,1907,0,0,1,2.900390625
Dense4x65,7782,0,0,1,4.8828125
Dense4x65,2127,0,0,1,3.18359375
Dense4x65,3883,0,0,1,4.853515625
Dense4x65,2641,0,0,1,4.1748046875
Dense4x65,7625,0,0,1,4.31640625
Dense4x65,546,0,0,1,3.916015625
Dense4x65,1638,0,0,1,3.3251953125
Dense4x65,3608,0,0,1,5.1806640625
Dense4x65,8501,0,0,1,4.7314453125
Dense4x65,9137,0,0,1,4.53125
Dense4x65,3870,0,0,1,4.130859375
Dense4x65,5659,0,0,1,4.0185546875
Dense4x65,9498,0,0,1,5.13671875
Dense4x65,3695,0,0,1,3.095703125
Dense4x65,5684,0,0,1,4.9072265625
Dense4x65,6795,0,0,1,4.7509765625
Dense4x65,1001,0,0,1,3.0126953125
Dense4x65,3185,0,0,1,1.5673828125
Dense4x65,4776,0,0,1,4.453125
Dense4x65,6287,0,0,1,3.9697265625
Dense4x65,2817,0,0,1,4.501953125
Dense4x65,9552,0,0,1,2.9150390625
Dense4x65,2510,1,1,1,1.416015625
Dense4x65,6408,1,1,1,1.7431640625
Dense4x65,8536,1,1,1,2.1435546875
Dense4x65,5254,1,1,1,1.7919921875
Dense4x65,4685,1,1,1,1.8505859375
Dense4x65,5552,1,1,1,2.099609375
Dense4x65,168,1,1,1,2.392578125
Dense4x65,8099,1,1,1,2.20703125
Dense4x65,9378,1,1,1,2.4560546875
Dense4x65,8396,1,1,1,1.9482421875
Dense4x65,8526,1,1,1,2.3974609375
Dense4x65,8715,1,1,1,2.6513671875
Dense4x65,3741,1,1,1,2.5439453125
Dense4x65,2041,1,1,1,1.6845703125
Dense4x65,74,1,1,1,2.021484375
Dense4x65,5915,1,1,1,1.89453125
Dense4x65,7323,1,1,1,2.314453125
Dense4x65,8776,1,1,1,2.333984375
Dense4x65,4525,1,1,1,2.4609375
Dense4x65,647,1,1,1,2.03125
Dense4x65,5252,1,1,1,1.8359375
Dense4x65,7290,1,1,1,2.40234375
Dense4x65,40,1,1,1,1.3037109375
Dense4x65,1555,1,1,1,1.9677734375
Dense4x65,8692,1,1,1,2.4072265625
Dense4x65,725,1,1,1,1.8603515625
Dense4x65,2997,1,1,1,2.0361328125
Dense4x65,8682,1,1,1,2.001953125
Dense4x65,1483,1,1,1,1.77734375
Dense4x65,7223,1,1,1,1.6748046875
Dense4x65,2950,1,1,1,2.3779296875
Dense4x65,984,1,1,1,1.9677734375
Dense4x65,4909,1,1,1,1.7529296875
Dense4x65,2880,1,1,1,2.197265625
Dense4x65,1201,1,1,1,2.1533203125
Dense4x65,3281,1,1,1,1.826171875
Dense4x65,6468,1,1,1,2.1240234375
Dense4x65,777,1,1,1,2.4658203125
Dense4x65,9017,1,1,1,1.875
Dense4x65,154,1,1,1,1.5771484375
Dense4x65,8875,1,1,1,2.12890625
Dense4x65,2655,1,1,1,1.884765625
Dense4x65,4717,1,1,1,1.7431640625
Dense4x65,4606,1,1,1,1.73828125
Dense4x65,2878,1,1,1,2.5439453125
Dense4x65,4903,1,1,1,2.421875
Dense4x65,2444,1,1,1,1.8359375
Dense4x65,1633,1,1,1,2.451171875
Dense4x65,948,1,1,1,1.9775390625
Dense4x65,9725,1,1,1,1.923828125
Dense4x65,5514,1,1,1,1.97265625
Dense4x65,272,1,1,1,2.1044921875
Dense4x65,4646,1,1,1,1.54296875
Dense4x65,6604,1,1,1,2.099609375
Dense4x65,8469,1,1,1,2.3828125
Dense4x65,9049,1,1,1,2.1240234375
Dense4x65,4190,1,1,1,1.7919921875
Dense4x65,251,1,1,1,0.9619140625
Dense4x65,1876,1,1,1,2.138671875
Dense4x65,8352,1,1,1,2.177734375
Dense4x65,5661,1,1,1,2.16796875
Dense4x65,8729,1,1,1,2.451171875
Dense4x65,4774,1,1,1,1.9921875
Dense4x65,137,1,1,1,2.2265625
Dense4x65,3214,1,1,1,1.796875
Dense4x65,6783,1,1,1,0.224609375
Dense4x65,1129,1,1,1,2.3291015625
Dense4x65,889,1,1,1,1.97265625
Dense4x65,3733,1,1,1,1.8994140625
Dense4x65,7563,1,1,1,2.158203125
Dense4x65,3380,1,1,1,1.8310546875
Dense4x65,3858,1,1,1,1.4794921875
Dense4x65,5651,1,1,1,2.275390625
Dense4x65,9518,1,1,1,2.0458984375
Dense4x65,1994,1,1,1,2.05078125
Dense4x65,4386,1,1,1,2.119140625
Dense4x65,7990,1,1,1,0.771484375
Dense4x65,9388,1,1,1,1.97265625
Dense4x65,9760,1,1,1,1.552734375
Dense4x65,3244,1,1,1,1.7333984375
Dense4x65,190,1,1,1,2.060546875
Dense4x65,5811,1,1,1,2.158203125
Dense4x65,1025,1,1,1,1.865234375
Dense4x65,2626,1,1,1,2.4755859375
Dense4x65,1424,1,1,1,2.1484375
Dense4x65,2753,1,1,1,1.376953125
Dense4x65,8658,1,1,1,2.5048828125
Dense4x65,8022,1,1,1,2.109375
Dense4x65,790,1,1,1,2.021484375
Dense4x65,4104,1,1,1,2.3291015625
Dense4x65,276,1,1,1,2.4658203125
Dense4x65,9984,1,1,1,2.12890625
Dense4x65,7253,1,1,1,2.1435546875
Dense4x65,6374,1,1,1,2.5830078125
Dense4x65,9661,1,1,1,1.8115234375
Dense4x65,5732,1,1,1,1.9677734375
Dense4x65,5809,1,1,1,1.884765625
Dense4x65,4864,1,1,1,1.396484375
Dense4x65,7822,1,1,1,1.11328125
Dense4x65,9222,1,1,1,1.875
Dense4x65,9430,3,3,1,3.28125
Dense4x65,5146,3,3,1,2.548828125
Dense4x65,5046,3,3,1,0.2783203125
Dense4x65,2347,3,3,1,2.36328125
Dense4x65,6857,3,3,1,3.4228515625
Dense4x65,7639,3,3,1,3.2275390625
Dense4x65,7006,3,3,1,3.88671875
Dense4x65,2884,3,3,1,1.5869140625
Dense4x65,9914,3,3,1,1.8701171875
Dense4x65,8753,3,3,1,3.9013671875
Dense4x65,677,3,3,1,3.798828125
Dense4x65,1513,3,3,1,2.2216796875
Dense4x65,2989,3,3,1,0.8154296875
Dense4x65,1588,3,3,1,3.3642578125
Dense4x65,8706,3,3,1,3.5107421875
Dense4x65,6059,3,8,1,0.95703125
Dense4x65,2566,3,3,1,2.3681640625
Dense4x65,4894,3,3,1,2.48046875
Dense4x65,3299,3,3,1,2.1142578125
Dense4x65,3167,3,3,1,0.8154296875
Dense4x65,2031,3,3,1,3.974609375
Dense4x65,32,3,3,1,3.1298828125
Dense4x65,9654,3,3,1,2.041015625
Dense4x65,9750,3,3,1,4.2041015625
Dense4x65,2853,3,3,1,0.9765625
Dense4x65,5747,3,3,1,3.134765625
Dense4x65,3094,3,3,1,2.0263671875
Dense4x65,7610,3,3,1,2.6318359375
Dense4x65,9787,3,3,1,2.5
Dense4x65,6736,3,3,1,4.951171875
Dense4x65,2153,3,3,1,0.5712890625
Dense4x65,1840,3,3,1,3.37890625
Dense4x65,7841,3,3,1,2.9296875
Dense4x65,2450,3,3,1,1.1083984375
Dense4x65,5904,3,3,1,1.640625
Dense4x65,2865,3,3,1,2.6123046875
Dense4x65,1601,3,7,1,0.537109375
Dense4x65,9655,3,3,1,0.76171875
Dense4x65,3531,3,3,1,0.634765625
Dense4x65,1310,3,3,1,1.9482421875
Dense4x65,1384,3,3,1,1.865234375
Dense4x65,493,3,3,1,4.2822265625
Dense4x65,699,3,3,1,1.0205078125
Dense4x65,1832,3,3,1,1.2646484375
Dense4x65,1503,3,3,1,1.8017578125
Dense4x65,9163,3,3,1,1.123046875
Dense4x65,76,3,3,1,2.0703125
Dense4x65,5700,3,3,1,2.998046875
Dense4x65,4647,3,3,1,2.1630859375
Dense4x65,6930,3,3,1,3.251953125
Dense4x65,2955,3,3,1,4.86328125
Dense4x65,1069,3,3,1,3.4814453125
Dense4x65,9821,3,3,1,4.1943359375
Dense4x65,9872,3,3,1,3.6083984375
Dense4x65,7250,3,3,1,4.1162109375
Dense4x65,2906,3,3,1,2.060546875
Dense4x65,7800,3,2,1,1.73828125
Dense4x65,6975,3,3,1,3.798828125
Dense4x65,1166,3,3,1,0.615234375
Dense4x65,313,3,3,1,1.85546875
Dense4x65,4586,3,3,1,2.7685546875
Dense4x65,9227,3,3,1,1.58203125
Dense4x65,30,3,3,1,3.1494140625
Dense4x65,7620,3,3,1,1.30859375
Dense4x65,4084,3,3,1,1.5234375
Dense4x65,3407,3,3,1,3.33984375
Dense4x65,3150,3,3,1,1.5771484375
Dense4x65,9559,3,3,1,2.96875
Dense4x65,2767,3,3,1,2.5244140625
Dense4x65,5616,3,3,1,3.41796875
Dense4x65,9727,3,3,1,3.8916015625
Dense4x65,1204,3,3,1,1.9921875
Dense4x65,8607,3,3,1,1.0791015625
Dense4x65,912,3,3,1,4.2626953125
Dense4x65,1803,3,3,1,2.5146484375
Dense4x65,3670,3,3,1,3.359375
Dense4x65,9670,3,3,1,2.314453125
Dense4x65,4164,3,3,1,3.4521484375
Dense4x65,9177,3,3,1,4.12109375
Dense4x65,7326,3,3,1,4.0380859375
Dense4x65,9860,3,3,1,1.953125
Dense4x65,4437,3,2,1,0.13671875
Dense4x65,4928,3,3,1,1.6064453125
Dense4x65,5766,3,3,1,3.7109375
Dense4x65,2555,3,3,1,4.0185546875
Dense4x65,1284,3,3,1,3.134765625
Dense4x65,3432,3,3,1,1.6650390625
Dense4x65,9275,3,3,1,3.251953125
Dense4x65,6863,3,3,1,3.0517578125
Dense4x65,1661,3,3,1,2.7197265625
Dense4x65,614,3,3,1,1.455078125
Dense4x65,5150,3,3,1,4.9267578125
Dense4x65,7714,3,3,1,2.2119140625
Dense4x65,6563,3,3,1,1.298828125
Dense4x65,7435,3,3,1,4.5751953125
Dense4x65,158,3,3,1,1.9482421875
Dense4x65,8694,3,3,1,3.6669921875
Dense4x65,4002,3,3,1,0.810546875
Dense4x65,6690,3,3,1,3.681640625
Dense4x65,5346,3,3,1,2.0751953125
Dense4x70,9038,0,0,1,3.798828125
Dense4x70,3804,0,0,1,2.1240234375
Dense4x70,5043,0,0,1,4.6923828125
Dense4x70,3458,0,0,1,2.7783203125
Dense4x70,8127,0,0,1,4.4677734375
Dense4x70,380,0,0,1,2.607421875
Dense4x70,4146,0,0,1,1.9482421875
Dense4x70,8913,0,0,1,2.7001953125
Dense4x70,586,0,0,1,2.4462890625
Dense4x70,5942,0,0,1,4.423828125
Dense4x70,5147,0,0,1,3.349609375
Dense4x70,8335,0,0,1,2.8662109375
Dense4x70,4757,0,0,1,3.73046875
Dense4x70,3417,0,0,1,2.4267578125
Dense4x70,5652,0,0,1,3.7158203125
Dense4x70,7342,0,0,1,4.2431640625
Dense4x70,4611,0,0,1,5.224609375
Dense4x70,993,0,0,1,2.4365234375
Dense4x70,9948,0,0,1,2.3681640625
Dense4x70,656,0,0,1,1.7236328125
Dense4x70,6567,0,0,1,2.724609375
Dense4x70,525,0,0,1,3.4423828125
Dense4x70,4604,0,0,1,3.9697265625
Dense4x70,6424,0,0,1,3.96484375
Dense4x70,6753,0,0,1,3.9306640625
Dense4x70,9199,0,0,1,5.400390625
Dense4x70,1841,0,0,1,3.212890625
Dense4x70,6003,0,0,1,3.18359375
Dense4x70,545,0,0,1,1.6943359375
Dense4x70,6962,0,0,1,2.5927734375
Dense4x70,9902,0,0,1,2.6904296875
Dense4x70,4834,0,0,1,2.2265625
Dense4x70,5369,0,0,1,4.9462890625
Dense4x70,3243,0,0,1,1.708984375
Dense4x70,5721,0,0,1,3.0908203125
Dense4x70,4392,0,0,1,3.8037109375
Dense4x70,2811,0,0,1,3.4814453125
Dense4x70,9964,0,0,1,2.392578125
Dense4x70,440,0,0,1,5.4052734375
Dense4x70,4403,0,0,1,1.69921875
Dense4x70,4286,0,0,1,2.3388671875
Dense4x70,3895,0,0,1,1.7822265625
Dense4x70,8023,0,0,1,5.625
Dense4x70,7367,0,0,1,3.388671875
Dense4x70,6398,0,0,1,3.056640625
Dense4x70,5280,0,0,1,4.6728515625
Dense4x70,3624,0,0,1,4.4384765625
Dense4x70,9137,0,0,1,4.970703125
Dense4x70,9753,0,0,1,3.1396484375
Dense4x70,3016,0,0,1,4.6923828125
Dense4x70,5987,0,0,1,2.28515625
Dense4x70,6877,0,0,1,3.4814453125
Dense4x70,6937,0,0,1,3.8818359375
Dense4x70,4447,0,0,1,3.0419921875
Dense4x70,3540,0,0,1,3.818359375
Dense4x70,4937,0,0,1,2.7685546875
Dense4x70,3,0,0,1,3.1005859375
Dense4x70,294,0,0,1,2.080078125
Dense4x70,6129,0,0,1,6.015625
Dense4x70,4720,0,0,1,3.046875
Dense4x70,8342,0,0,1,3.3935546875
Dense4x70,8501,0,0,1,4.4970703125
Dense4x70,3226,0,0,1,3.7255859375
Dense4x70,5980,0,0,1,3.046875
Dense4x70,4033,0,0,1,3.974609375
Dense4x70,9264,0,0,1,2.2119140625
Dense4x70,6117,0,0,1,5.263671875
Dense4x70,1590,0,0,1,2.67578125
Dense4x70,8795,0,0,1,3.2666015625
Dense4x70,7231,0,0,1,2.705078125
Dense4x70,4048,0,0,1,1.1669921875
Dense4x70,6927,0,0,1,2.841796875
Dense4x70,2527,0,0,1,3.251953125
Dense4x70,9826,0,0,1,2.2314453125
Dense4x70,2417,0,0,1,2.7490234375
Dense4x70,7363,0,0,1,3.0078125
Dense4x70,1390,0,0,1,4.2236328125
Dense4x70,3847,0,0,1,2.5244140625
Dense4x70,8548,0,0,1,4.892578125
Dense4x70,9688,0,0,1,2.87109375
Dense4x70,8117,0,0,1,5.1953125
Dense4x70,8195,0,0,1,4.775390625
Dense4x70,9850,0,0,1,3.7353515625
Dense4x70,8671,0,0,1,4.5166015625
Dense4x70,2777,0,0,1,2.5048828125
Dense4x70,6833,0,0,1,4.4189453125
Dense4x70,1959,0,0,1,1.8798828125
Dense4x70,4351,0,0,1,4.1455078125
Dense4x70,5847,0,0,1,2.9736328125
Dense4x70,1047,0,0,1,3.623046875
Dense4x70,9037,0,0,1,4.00390625
Dense4x70,4329,0,0,1,2.0361328125
Dense4x70,997,0,0,1,4.7509765625
Dense4x70,6795,0,0,1,4.140625
Dense4x70,3640,0,0,1,1.3818359375
Dense4x70,6286,0,0,1,3.984375
Dense4x70,2817,0,0,1,4.6923828125
Dense4x70,5290,0,0,1,4.00390625
Dense4x70,5531,0,0,1,4.5263671875
Dense4x70,1898,0,0,1,3.427734375
Dense4x70,7373,1,1,1,2.2998046875
Dense4x70,480,1,1,1,1.50390625
Dense4x70,1424,1,1,1,2.0458984375
Dense4x70,1884,1,1,1,2.1142578125
Dense4x70,4588,1,1,1,1.77734375
Dense4x70,3039,1,1,1,1.1279296875
Dense4x70,6743,1,1,1,1.6455078125
Dense4x70,1097,1,1,1,1.4501953125
Dense4x70,385,1,1,1,1.728515625
Dense4x70,4674,1,1,1,1.240234375
Dense4x70,2283,1,1,1,1.9384765625
Dense4x70,3605,1,1,1,2.060546875
Dense4x70,7928,1,1,1,0.78125
Dense4x70,8819,1,1,1,1.5625
Dense4x70,9200,1,1,1,2.2607421875
Dense4x70,1403,1,1,1,1.2109375
Dense4x70,6506,1,1,1,1.9140625
Dense4x70,2599,1,1,1,1.9287109375
Dense4x70,672,1,1,1,1.8408203125
Dense4x70,2705,1,1,1,1.9384765625
Dense4x70,2510,1,1,1,1.1083984375
Dense4x70,9005,1,1,1,2.021484375
Dense4x70,6720,1,1,1,2.080078125
Dense4x70,7944,1,1,1,2.119140625
Dense4x70,6883,1,1,1,1.328125
Dense4x70,1766,1,1,1,1.9091796875
Dense4x70,5271,1,1,1,2.0458984375
Dense4x70,4014,1,1,1,1.806640625
Dense4x70,7299,1,1,1,1.7626953125
Dense4x70,3124,1,1,1,1.318359375
Dense4x70,3815,1,1,1,2.12890625
Dense4x70,8543,1,1,1,1.796875
Dense4x70,4216,1,1,1,1.171875
Dense4x70,8672,1,1,1,1.9677734375
Dense4x70,3606,1,1,1,1.328125
Dense4x70,377,1,1,1,1.591796875
Dense4x70,1922,1,1,1,1.5185546875
Dense4x70,7812,1,1,1,0.7666015625
Dense4x70,7048,1,1,1,1.7431640625
Dense4x70,9612,1,1,1,1.2548828125
Dense4x70,3457,1,1,1,1.4697265625
Dense4x70,6891,1,1,1,1.767578125
Dense4x70,8575,1,1,1,1.298828125
Dense4x70,96,1,1,1,0.6005859375
Dense4x70,1137,1,1,1,1.5869140625
Dense4x70,809,1,1,1,1.3232421875
Dense4x70,9336,1,1,1,1.826171875
Dense4x70,5112,1,1,1,2.1484375
Dense4x70,1434,1,1,1,1.9189453125
Dense4x70,4538,1,1,1,1.7919921875
Dense4x70,964,1,1,1,1.005859375
Dense4x70,831,1,1,1,1.240234375
Dense4x70,8493,1,1,1,1.5771484375
Dense4x70,2803,1,1,1,1.5869140625
Dense4x70,7869,1,1,1,2.2216796875
Dense4x70,7226,1,1,1,1.2841796875
Dense4x70,9622,1,1,1,0.7861328125
Dense4x70,5524,1,1,1,1.9287109375
Dense4x70,948,1,1,1,1.66015625
Dense4x70,1728,1,1,1,1.689453125
Dense4x70,4597,1,1,1,1.240234375
Dense4x70,8469,1,1,1,1.7333984375
Dense4x70,2302,1,1,1,0.888671875
Dense4x70,8099,1,1,1,1.7919921875
Dense4x70,143,1,1,1,1.6748046875
Dense4x70,3438,1,1,1,1.5283203125
Dense4x70,9594,1,1,1,2.2705078125
Dense4x70,900,1,1,1,0.0146484375
Dense4x70,9802,1,1,1,1.7333984375
Dense4x70,5880,1,1,1,1.8017578125
Dense4x70,1835,1,1,1,1.5966796875
Dense4x70,3214,1,1,1,1.6845703125
Dense4x70,6141,1,1,1,2.08984375
Dense4x70,4057,1,1,1,2.05078125
Dense4x70,7725,1,1,1,1.8701171875
Dense4x70,314,1,1,1,2.20703125
Dense4x70,4754,1,1,1,2.041015625
Dense4x70,4729,1,1,1,1.85546875
Dense4x70,6809,1,1,1,1.1376953125
Dense4x70,529,1,1,1,2.1630859375
Dense4x70,1368,1,1,1,1.09375
Dense4x70,4025,1,1,1,1.904296875
Dense4x70,9674,1,1,1,1.7333984375
Dense4x70,5044,1,1,1,1.7822265625
Dense4x70,9956,1,1,1,1.71875
Dense4x70,5281,1,1,1,2.03125
Dense4x70,1254,1,1,1,1.7138671875
Dense4x70,1630,1,1,1,1.66015625
Dense4x70,8986,1,1,1,1.6748046875
Dense4x70,7405,1,1,1,2.451171875
Dense4x70,9249,1,1,1,2.119140625
Dense4x70,1305,1,1,1,1.7431640625
Dense4x70,3761,1,1,1,1.1181640625
Dense4x70,3452,1,1,1,1.58203125
Dense4x70,3582,1,1,1,1.26953125
Dense4x70,350,1,1,1,1.4013671875
Dense4x70,1643,1,1,1,1.9580078125
Dense4x70,7290,1,1,1,2.01171875
Dense4x70,7442,1,1,1,1.6845703125
Dense4x70,7847,1,1,1,1.3525390625
Dense4x70,8975,3,3,1,2.79296875
Dense4x70,8924,3,3,1,2.6708984375
Dense4x70,6494,3,3,1,2.7490234375
Dense4x70,9011,3,3,1,2.1484375
Dense4x70,8856,3,3,1,4.5068359375
Dense4x70,3300,3,3,1,2.5732421875
Dense4x70,5973,3,8,1,1.6162109375
Dense4x70,5796,3,3,1,4.16015625
Dense4x70,6065,3,3,1,2.4365234375
Dense4x70,1315,3,3,1,1.54296875
Dense4x70,3659,3,3,1,3.2373046875
Dense4x70,1067,3,3,1,2.67578125
Dense4x70,5538,3,3,1,4.7607421875
Dense4x70,894,3,3,1,4.326171875
Dense4x70,9332,3,3,1,3.0712890625
Dense4x70,9474,3,3,1,2.841796875
Dense4x70,2424,3,3,1,2.7392578125
Dense4x70,5504,3,3,1,3.2861328125
Dense4x70,2840,3,3,1,2.4072265625
Dense4x70,7365,3,3,1,3.0908203125
Dense4x70,6413,3,3,1,4.7998046875
Dense4x70,4002,3,3,1,2.36328125
Dense4x70,5293,3,3,1,3.427734375
Dense4x70,9073,3,3,1,2.12890625
Dense4x70,9925,3,3,1,0.99609375
Dense4x70,1628,3,3,1,2.7099609375
Dense4x70,9115,3,3,1,4.599609375
Dense4x70,2690,3,3,1,2.20703125
Dense4x70,9561,3,3,1,2.685546875
Dense4x70,6504,3,3,1,3.30078125
Dense4x70,7436,3,3,1,1.748046875
Dense4x70,5212,3,3,1,3.2958984375
Dense4x70,7329,3,3,1,4.384765625
Dense4x70,9370,3,3,1,3.2373046875
Dense4x70,142,3,3,1,2.5341796875
Dense4x70,6665,3,3,1,3.9697265625
Dense4x70,8603,3,3,1,3.2568359375
Dense4x70,505,3,3,1,3.0322265625
Dense4x70,2300,3,3,1,2.59765625
Dense4x70,6177,3,3,1,2.71484375
Dense4x70,3493,3,3,1,3.3447265625
Dense4x70,5724,3,3,1,3.5400390625
Dense4x70,9558,3,3,1,3.0517578125
Dense4x70,1727,3,3,1,2.998046875
Dense4x70,7333,3,3,1,2.79296875
Dense4x70,5245,3,3,1,2.5341796875
Dense4x70,8430,3,3,1,3.017578125
Dense4x70,801,3,3,1,3.1591796875
Dense4x70,2427,3,3,1,2.958984375
Dense4x70,9501,3,3,1,2.4462890625
Dense4x70,6811,3,3,1,3.154296875
Dense4x70,2767,3,3,1,3.017578125
Dense4x70,6664,3,3,1,1.3720703125
Dense4x70,9882,3,3,1,1.728515625
Dense4x70,7211,3,3,1,2.4267578125
Dense4x70,548,3,3,1,1.9189453125
Dense4x70,4494,3,3,1,1.5625
Dense4x70,8867,3,3,1,3.4423828125
Dense4x70,8972,3,3,1,3.1298828125
Dense4x70,8694,3,3,1,3.876953125
Dense4x70,6379,3,3,1,3.2421875
Dense4x70,8981,3,3,1,2.8369140625
Dense4x70,7435,3,3,1,3.466796875
Dense4x70,7055,3,3,1,3.720703125
Dense4x70,8821,3,3,1,4.443359375
Dense4x70,524,3,3,1,1.8408203125
Dense4x70,5329,3,3,1,2.16796875
Dense4x70,569,3,3,1,1.279296875
Dense4x70,3248,3,3,1,2.548828125
Dense4x70,6575,3,3,1,0.693359375
Dense4x70,7849,3,3,1,1.23046875
Dense4x70,6289,3,3,1,3.0126953125
Dense4x70,5046,3,3,1,0.0830078125
Dense4x70,2450,3,3,1,1.42578125
Dense4x70,2618,3,3,1,2.1044921875
Dense4x70,3715,3,3,1,2.705078125
Dense4x70,8713,3,3,1,3.8037109375
Dense4x70,6501,3,3,1,2.9736328125
Dense4x70,8860,3,3,1,3.8916015625
Dense4x70,2229,3,3,1,3.88671875
Dense4x70,2927,3,2,1,0.7470703125
Dense4x70,5248,3,3,1,3.2421875
Dense4x70,2566,3,3,1,2.7587890625
Dense4x70,6676,3,3,1,3.3154296875
Dense4x70,5492,3,3,1,3.1103515625
Dense4x70,8411,3,3,1,4.1162109375
Dense4x70,7956,3,3,1,5.2880859375
Dense4x70,7248,3,3,1,1.6796875
Dense4x70,1513,3,3,1,2.6123046875
Dense4x70,7981,3,3,1,5.5322265625
Dense4x70,2431,3,3,1,4.326171875
Dense4x70,2347,3,3,1,2.7099609375
Dense4x70,1837,3,3,1,1.6259765625
Dense4x70,7610,3,3,1,2.8515625
Dense4x70,3962,3,3,1,1.40625
Dense4x70,3150,3,3,1,2.67578125
Dense4x70,8785,3,3,1,2.6708984375
Dense4x70,5583,3,3,1,3.037109375
Dense4x70,686,3,3,1,3.095703125
Dense4x70,8070,3,3,1,4.453125
Dense5x20,8913,0,0,1,3.505859375
Dense5x20,3680,0,0,1,4.6923828125
Dense5x20,5155,0,0,1,3.4423828125
Dense5x20,2817,0,0,1,5.5322265625
Dense5x20,305,0,0,1,1.4208984375
Dense5x20,4278,0,0,1,5.1953125
Dense5x20,6766,0,0,1,5.44921875
Dense5x20,5750,0,0,1,6.03515625
Dense5x20,5987,0,0,1,1.4208984375
Dense5x20,9763,0,0,1,1.3916015625
Dense5x20,6841,0,0,1,2.9736328125
Dense5x20,1176,0,0,1,2.0849609375
Dense5x20,2385,0,0,1,6.3525390625
Dense5x20,9264,0,0,1,2.7685546875
Dense5x20,9060,0,0,1,8.45703125
Dense5x20,2067,0,0,1,1.3037109375
Dense5x20,1739,0,0,1,3.134765625
Dense5x20,5918,0,0,1,2.705078125
Dense5x20,8307,0,0,1,4.2236328125
Dense5x20,2333,0,0,1,1.8212890625
Dense5x20,7898,0,0,1,6.0498046875
Dense5x20,9621,0,0,1,1.8310546875
Dense5x20,2329,0,0,1,2.3193359375
Dense5x20,5673,0,0,1,5.2587890625
Dense5x20,5513,0,0,1,3.6181640625
Dense5x20,2999,0,0,1,3.3154296875
Dense5x20,9528,0,0,1,6.8212890625
Dense5x20,4741,0,0,1,3.1103515625
Dense5x20,8657,0,0,1,5.7958984375
Dense5x20,7139,0,0,1,3.3984375
Dense5x20,2185,0,5,1,1.3232421875
Dense5x20,3347,0,0,1,0.7373046875
Dense5x20,4365,0,0,1,3.5205078125
Dense5x20,4862,0,0,1,2.16796875
Dense5x20,4241,0,0,1,3.525390625
Dense5x20,9850,0,0,1,4.1357421875
Dense5x20,8587,0,0,1,4.1943359375
Dense5x20,5443,0,0,1,5.0732421875
Dense5x20,8057,0,0,1,6.6162109375
Dense5x20,312,0,0,1,3.359375
Dense5x20,3640,0,0,1,1.6845703125
Dense5x20,7367,0,0,1,3.4912109375
Dense5x20,5321,0,0,1,5.302734375
Dense5x20,8007,0,0,1,6.1865234375
Dense5x20,9244,0,0,1,4.70703125
Dense5x20,7625,0,0,1,3.8916015625
Dense5x20,1526,0,0,1,5.5908203125
Dense5x20,6843,0,0,1,2.294921875
Dense5x20,4614,0,0,1,5.078125
Dense5x20,1294,0,0,1,3.7890625
Dense5x20,9377,0,0,1,4.658203125
Dense5x20,5415,0,0,1,4.0625
Dense5x20,2295,0,0,1,3.3447265625
Dense5x20,9281,0,0,1,3.61328125
Dense5x20,9162,0,0,1,4.1455078125
Dense5x20,3412,0,0,1,2.4755859375
Dense5x20,3265,0,0,1,4.5458984375
Dense5x20,1794,0,0,1,1.9482421875
Dense5x20,3305,0,0,1,1.1376953125
Dense5x20,1638,0,0,1,2.9833984375
Dense5x20,804,0,0,1,1.787109375
Dense5x20,8978,0,0,1,5.9716796875
Dense5x20,7593,0,0,1,4.8486328125
Dense5x20,6191,0,0,1,7.4609375
Dense5x20,1188,0,0,1,3.3056640625
Dense5x20,8514,0,0,1,5.9765625
Dense5x20,8501,0,0,1,5.3564453125
Dense5x20,3178,0,0,1,2.6123046875
Dense5x20,5243,0,0,1,3.125
Dense5x20,2619,0,0,1,3.2177734375
Dense5x20,1723,0,0,1,4.9169921875
Dense5x20,5139,0,0,1,4.8681640625
Dense5x20,1404,0,0,1,1.4404296875
Dense5x20,1379,0,0,1,4.423828125
Dense5x20,851,0,0,1,3.2177734375
Dense5x20,3574,0,0,1,0.25390625
Dense5x20,7221,0,0,1,4.5068359375
Dense5x20,1650,0,0,1,3.4326171875
Dense5x20,8731,0,0,1,4.6875
Dense5x20,4617,0,0,1,3.92578125
Dense5x20,3608,0,0,1,6.1328125
Dense5x20,6127,0,0,1,8.564453125
Dense5x20,2060,0,0,1,4.9072265625
Dense5x20,6400,0,0,1,0.263671875
Dense5x20,4611,0,0,1,5.5859375
Dense5x20,4527,0,0,1,3.8427734375
Dense5x20,9885,0,0,1,2.8076171875
Dense5x20,6711,0,0,1,6.62109375
Dense5x20,6621,0,0,1,1.6162109375
Dense5x20,3368,0,0,1,2.900390625
Dense5x20,5593,0,0,1,3.2568359375
Dense5x20,6672,0,0,1,3.53515625
Dense5x20,546,0,0,1,3.90625
Dense5x20,1619,0,0,1,2.3583984375
Dense5x20,3179,0,0,1,5.29296875
Dense5x20,2703,0,0,1,5.0439453125
Dense5x20,4531,0,0,1,2.32421875
Dense5x20,8513,0,0,1,4.8828125
Dense5x20,3,0,0,1,4.1357421875
Dense5x20,5147,0,0,1,4.208984375
Dense5x20,6310,1,1,1,2.1533203125
Dense5x20,9407,1,1,1,2.216796875
Dense5x20,6005,1,1,1,0.5029296875
Dense5x20,1236,1,1,1,1.2060546875
Dense5x20,4032,1,1,1,0.9521484375
Dense5x20,4069,1,1,1,2.2509765625
Dense5x20,2,1,1,1,1.58203125
Dense5x20,2928,1,1,1,1.6796875
Dense5x20,330,1,1,1,2.03125
Dense5x20,9931,1,1,1,1.9482421875
Dense5x20,749,1,1,1,1.4404296875
Dense5x20,9435,1,1,1,1.4794921875
Dense5x20,6789,1,1,1,2.1337890625
Dense5x20,7340,1,1,1,1.58203125
Dense5x20,9049,1,1,1,2.1484375
Dense5x20,5783,1,1,1,1.6015625
Dense5x20,5271,1,1,1,1.0791015625
Dense5x20,239,1,1,1,1.8408203125
Dense5x20,1884,1,1,1,1.2255859375
Dense5x20,8099,1,1,1,2.3828125
Dense5x20,4687,1,1,1,1.77734375
Dense5x20,4077,1,1,1,1.728515625
Dense5x20,3227,1,1,1,0.9619140625
Dense5x20,5859,1,1,1,2.4365234375
Dense5x20,6799,1,1,1,2.109375
Dense5x20,2261,1,1,1,1.8359375
Dense5x20,8443,1,1,1,1.5087890625
Dense5x20,6407,1,1,1,2.177734375
Dense5x20,5809,1,1,1,1.845703125
Dense5x20,3593,1,1,1,1.54296875
Dense5x20,476,1,1,1,1.9921875
Dense5x20,6748,1,1,1,1.513671875
Dense5x20,1729,1,1,1,1.6552734375
Dense5x20,6063,1,1,1,0.7470703125
Dense5x20,7253,1,1,1,1.826171875
Dense5x20,8938,1,1,1,1.884765625
Dense5x20,8720,1,1,1,1.7431640625
Dense5x20,7005,1,1,1,2.01171875
Dense5x20,5970,1,1,1,1.1767578125
Dense5x20,1673,1,1,1,1.4990234375
Dense5x20,8376,1,1,1,1.1376953125
Dense5x20,3124,1,1,1,1.0400390625
Dense5x20,1254,1,1,1,1.4111328125
Dense5x20,3276,1,1,1,1.6552734375
Dense5x20,7928,1,8,1,0.810546875
Dense5x20,6419,1,1,1,2.01171875
Dense5x20,4580,1,1,1,1.7724609375
Dense5x20,8862,1,1,1,2.2216796875
Dense5x20,8979,1,1,1,1.3037109375
Dense5x20,949,1,1,1,1.767578125
Dense5x20,6913,1,1,1,1.533203125
Dense5x20,4651,1,1,1,1.9970703125
Dense5x20,3601,1,1,1,1.2890625
Dense5x20,2676,1,1,1,1.23046875
Dense5x20,4655,1,1,1,1.0302734375
Dense5x20,1448,1,1,1,1.7822265625
Dense5x20,4708,1,1,1,2.1728515625
Dense5x20,4191,1,1,1,1.7626953125
Dense5x20,7881,1,1,1,1.943359375
Dense5x20,7176,1,1,1,1.73828125
Dense5x20,1728,1,1,1,1.904296875
Dense5x20,6472,1,1,1,1.4208984375
Dense5x20,824,1,1,1,1.40625
Dense5x20,455,1,1,1,2.20703125
Dense5x20,29,1,1,1,1.2646484375
Dense5x20,7728,1,1,1,0.263671875
Dense5x20,2287,1,1,1,2.12890625
Dense5x20,9222,1,1,1,1.220703125
Dense5x20,1715,1,1,1,1.85546875
Dense5x20,9509,1,1,1,0.986328125
Dense5x20,8078,1,1,1,1.7578125
Dense5x20,2235,1,1,1,1.7041015625
Dense5x20,9682,1,1,1,1.9091796875
Dense5x20,2034,1,1,1,1.5966796875
Dense5x20,9599,1,1,1,0.4736328125
Dense5x20,6125,1,1,1,1.9775390625
Dense5x20,1760,1,1,1,1.6015625
Dense5x20,1909,1,1,1,1.4599609375
Dense5x20,918,1,1,1,1.6552734375
Dense5x20,6278,1,1,1,2.138671875
Dense5x20,3132,1,3,1,0.1123046875
Dense5x20,3214,1,1,1,1.494140625
Dense5x20,9689,1,1,1,2.099609375
Dense5x20,3272,1,1,1,0.712890625
Dense5x20,6430,1,1,1,1.3427734375
Dense5x20,6224,1,1,1,2.1533203125
Dense5x20,7191,1,1,1,1.6015625
Dense5x20,647,1,1,1,2.0947265625
Dense5x20,5014,1,1,1,1.5087890625
Dense5x20,9602,1,1,1,2.177734375
Dense5x20,9233,1,1,1,2.36328125
Dense5x20,8352,1,1,1,1.015625
Dense5x20,5013,1,1,1,1.3232421875
Dense5x20,9039,1,1,1,1.3330078125
Dense5x20,342,1,1,1,1.8115234375
Dense5x20,7442,1,1,1,2.0849609375
Dense5x20,419,1,1,1,1.6357421875
Dense5x20,4428,1,1,1,1.26953125
Dense5x20,7087,1,1,1,1.58203125
Dense5x20,2418,1,1,1,1.5087890625
Dense5x20,6982,3,3,1,2.5439453125
Dense5x20,408,3,3,1,2.6806640625
Dense5x20,9787,3,3,1,1.884765625
Dense5x20,8451,3,3,1,3.173828125
Dense5x20,8916,3,3,1,3.4033203125
Dense5x20,158,3,3,1,1.93359375
Dense5x20,230,3,3,1,2.3876953125
Dense5x20,2583,3,3,1,3.2373046875
Dense5x20,9370,3,3,1,3.5595703125
Dense5x20,4528,3,3,1,3.1103515625
Dense5x20,1072,3,3,1,0.91796875
Dense5x20,8485,3,3,1,3.2177734375
Dense5x20,734,3,3,1,0.2001953125
Dense5x20,4928,3,3,1,0.4296875
Dense5x20,1837,3,3,1,0.4541015625
Dense5x20,4535,3,3,1,2.568359375
Dense5x20,6034,3,3,1,0.986328125
Dense5x20,5062,3,3,1,1.2353515625
Dense5x20,505,3,3,1,1.6064453125
Dense5x20,5185,3,3,1,1.81640625
Dense5x20,2450,3,5,1,0.2490234375
Dense5x20,5542,3,3,1,2.9833984375
Dense5x20,6873,3,3,1,3.4814453125
Dense5x20,2991,3,3,1,1.4892578125
Dense5x20,1490,3,3,1,2.392578125
Dense5x20,6349,3,3,1,3.7548828125
Dense5x20,2025,3,3,1,0.9912109375
Dense5x20,507,3,5,1,1.767578125
Dense5x20,9022,3,3,1,2.060546875
Dense5x20,9558,3,3,1,1.8603515625
Dense5x20,3283,3,3,1,0.7275390625
Dense5x20,8272,3,3,1,0.0
Dense5x20,3146,3,3,1,1.2890625
Dense5x20,699,3,3,1,1.3525390625
Dense5x20,5356,3,3,1,2.705078125
Dense5x20,2153,3,3,1,1.4697265625
Dense5x20,5796,3,3,1,3.271484375
Dense5x20,5237,3,3,1,1.25
Dense5x20,6801,3,3,1,2.3193359375
Dense5x20,6494,3,5,1,0.283203125
Dense5x20,8924,3,3,1,2.978515625
Dense5x20,1661,3,3,1,2.4462890625
Dense5x20,5492,3,3,1,3.603515625
Dense5x20,5078,3,2,1,0.146484375
Dense5x20,2551,3,3,1,3.7060546875
Dense5x20,9582,3,3,1,3.4814453125
Dense5x20,4220,3,3,1,2.4609375
Dense5x20,595,3,3,1,1.3818359375
Dense5x20,6465,3,3,1,2.79296875
Dense5x20,2347,3,3,1,0.60546875
Dense5x20,3150,3,3,1,1.767578125
Dense5x20,819,3,3,1,3.203125
Dense5x20,7435,3,3,1,3.8525390625
Dense5x20,3531,3,3,1,1.474609375
Dense5x20,451,3,3,1,2.3583984375
Dense5x20,3381,3,2,1,0.3955078125
Dense5x20,7798,3,3,1,3.4765625
Dense5x20,4613,3,3,1,2.1435546875
Dense5x20,2629,3,3,1,2.3046875
Dense5x20,381,3,7,1,1.591796875
Dense5x20,2632,3,3,1,4.2041015625
Dense5x20,528,3,3,1,0.33203125
Dense5x20,205,3,3,1,2.080078125
Dense5x20,7407,3,3,1,1.66015625
Dense5x20,2284,3,3,1,2.7001953125
Dense5x20,4162,3,3,1,4.5654296875
Dense5x20,5508,3,3,1,3.4521484375
Dense5x20,6504,3,3,1,2.8662109375
Dense5x20,6447,3,3,1,3.525390625
Dense5x20,2924,3,3,1,2.2900390625
Dense5x20,6722,3,3,1,1.8212890625
Dense5x20,7401,3,3,1,2.041015625
Dense5x20,3476,3,3,1,1.572265625
Dense5x20,4638,3,3,1,2.7392578125
Dense5x20,1601,3,2,1,0.341796875
Dense5x20,3217,3,3,1,3.4716796875
Dense5x20,2069,3,3,1,3.8916015625
Dense5x20,1109,3,3,1,3.6376953125
Dense5x20,2624,3,3,1,2.958984375
Dense5x20,5860,3,3,1,3.056640625
Dense5x20,9579,3,3,1,3.53515625
Dense5x20,8766,3,3,1,1.884765625
Dense5x20,1310,3,3,1,1.3037109375
Dense5x20,51,3,3,1,3.1689453125
Dense5x20,9261,3,3,1,4.43359375
Dense5x20,5346,3,3,1,2.05078125
Dense5x20,6440,3,3,1,3.1640625
Dense5x20,1298,3,3,1,1.8212890625
Dense5x20,8624,3,3,1,2.7392578125
Dense5x20,2681,3,5,1,0.3564453125
Dense5x20,2312,3,3,1,0.4833984375
Dense5x20,4288,3,3,1,4.3310546875
Dense5x20,2575,3,3,1,4.74609375
Dense5x20,9332,3,3,1,2.3876953125
Dense5x20,7282,3,3,1,1.8017578125
Dense5x20,7157,3,3,1,2.6611328125
Dense5x20,1683,3,3,1,3.30078125
Dense5x20,7529,3,3,1,2.5244140625
Dense5x20,795,3,3,1,1.0546875
Dense5x20,1828,3,3,1,0.5810546875
Dense5x25,8212,0,0,1,4.04296875
Dense5x25,2318,0,0,1,1.66015625
Dense5x25,2485,0,0,1,3.1103515625
Dense5x25,9801,0,0,1,4.4091796875
Dense5x25,9621,0,0,1,1.943359375
Dense5x25,6383,0,0,1,3.2080078125
Dense5x25,7446,0,0,1,3.388671875
Dense5x25,620,0,0,1,2.958984375
Dense5x25,1570,0,0,1,3.22265625
Dense5x25,3830,0,0,1,4.1650390625
Dense5x25,7747,0,0,1,5.625
Dense5x25,1220,0,0,1,2.4755859375
Dense5x25,6342,0,0,1,4.8681640625
Dense5x25,9528,0,0,1,7.40234375
Dense5x25,7062,0,0,1,4.2431640625
Dense5x25,3903,0,0,1,4.0234375
Dense5x25,8514,0,0,1,5.1123046875
Dense5x25,2763,0,0,1,2.861328125
Dense5x25,9457,0,0,1,4.658203125
Dense5x25,1009,0,0,1,3.330078125
Dense5x25,6766,0,0,1,5.13671875
Dense5x25,6429,0,0,1,4.8876953125
Dense5x25,5718,0,5,1,0.7373046875
Dense5x25,3634,0,0,1,1.5576171875
Dense5x25,8991,0,0,1,4.453125
Dense5x25,1411,0,0,1,0.5126953125
Dense5x25,3803,0,0,1,4.638671875
Dense5x25,8481,0,0,1,5.712890625
Dense5x25,9167,0,0,1,6.97265625
Dense5x25,8338,0,0,1,5.80078125
Dense5x25,69,0,0,1,5.556640625
Dense5x25,6351,0,0,1,2.0458984375
Dense5x25,5463,0,0,1,5.595703125
Dense5x25,3496,0,0,1,1.8701171875
Dense5x25,4048,0,0,1,1.7578125
Dense5x25,1154,0,0,1,3.5302734375
Dense5x25,8748,0,0,1,4.7412109375
Dense5x25,4718,0,0,1,2.8173828125
Dense5x25,5990,0,0,1,5.9619140625
Dense5x25,6181,0,0,1,2.8759765625
Dense5x25,5812,0,0,1,4.51171875
Dense5x25,6280,0,0,1,4.8291015625
Dense5x25,2384,0,0,1,2.6708984375
Dense5x25,7410,0,0,1,2.607421875
Dense5x25,1094,0,0,1,3.06640625
Dense5x25,443,0,0,1,0.8447265625
Dense5x25,9004,0,0,1,4.0087890625
Dense5x25,4327,0,0,1,1.8505859375
Dense5x25,9273,0,0,1,3.92578125
Dense5x25,6937,0,0,1,5.400390625
Dense5x25,3450,0,0,1,0.52734375
Dense5x25,8983,0,0,1,4.560546875
Dense5x25,3650,0,0,1,3.5009765625
Dense5x25,6818,0,0,1,1.6796875
Dense5x25,6129,0,0,1,6.982421875
Dense5x25,1148,0,0,1,3.8037109375
Dense5x25,4834,0,0,1,1.2353515625
Dense5x25,3412,0,0,1,2.3046875
Dense5x25,7354,0,0,1,3.2763671875
Dense5x25,8764,0,0,1,4.052734375
Dense5x25,2155,0,0,1,1.4306640625
Dense5x25,9826,0,0,1,2.1630859375
Dense5x25,7269,0,0,1,3.388671875
Dense5x25,5930,0,0,1,4.091796875
Dense5x25,2204,0,0,1,2.0361328125
Dense5x25,6264,0,0,1,6.1328125
Dense5x25,1623,0,0,1,4.0185546875
Dense5x25,8057,0,0,1,7.0361328125
Dense5x25,7693,0,0,1,4.47265625
Dense5x25,5721,0,0,1,3.6669921875
Dense5x25,6437,0,0,1,4.4677734375
Dense5x25,1333,0,0,1,4.892578125
Dense5x25,1748,0,0,1,0.78125
Dense5x25,6770,0,0,1,6.77734375
Dense5x25,5320,0,0,1,3.2080078125
Dense5x25,3358,0,0,1,0.78125
Dense5x25,5165,0,5,1,1.23046875
Dense5x25,8621,0,0,1,2.7392578125
Dense5x25,1197,0,0,1,3.095703125
Dense5x25,6099,0,0,1,7.34375
Dense5x25,7987,0,0,1,7.2705078125
Dense5x25,8007,0,0,1,5.91796875
Dense5x25,9527,0,0,1,4.31640625
Dense5x25,9414,0,0,1,6.1474609375
Dense5x25,8307,0,0,1,4.3505859375
Dense5x25,1261,0,0,1,4.2138671875
Dense5x25,7671,0,0,1,2.16796875
Dense5x25,5778,0,0,1,2.2998046875
Dense5x25,8195,0,0,1,5.6494140625
Dense5x25,1870,0,0,1,3.8818359375
Dense5x25,2527,0,0,1,2.9150390625
Dense5x25,2333,0,0,1,2.4755859375
Dense5x25,2687,0,0,1,3.232421875
Dense5x25,7367,0,0,1,4.5361328125
Dense5x25,9879,0,8,1,0.1611328125
Dense5x25,1294,0,0,1,3.955078125
Dense5x25,4788,0,0,1,1.69921875
Dense5x25,9220,0,0,1,5.7861328125
Dense5x25,246,0,0,1,4.0576171875
Dense5x25,3734,0,0,1,4.033203125
Dense5x25,1011,1,1,1,2.0703125
Dense5x25,3386,1,1,1,1.8701171875
Dense5x25,1729,1,1,1,2.0556640625
Dense5x25,8666,1,1,1,2.080078125
Dense5x25,4195,1,1,1,2.1630859375
Dense5x25,1302,1,1,1,2.0751953125
Dense5x25,9699,1,1,1,2.75390625
Dense5x25,9335,1,1,1,1.8359375
Dense5x25,5514,1,1,1,1.982421875
Dense5x25,6073,1,1,1,1.54296875
Dense5x25,7980,1,1,1,2.24609375
Dense5x25,6628,1,1,1,1.669921875
Dense5x25,9599,1,1,1,0.830078125
Dense5x25,6159,1,1,1,2.2412109375
Dense5x25,14,1,1,1,2.36328125
Dense5x25,783,1,1,1,2.0947265625
Dense5x25,8850,1,1,1,2.16796875
Dense5x25,4972,1,1,1,1.884765625
Dense5x25,9643,1,1,1,0.95703125
Dense5x25,7405,1,1,1,1.9873046875
Dense5x25,279,1,1,1,1.9970703125
Dense5x25,754,1,1,1,2.2900390625
Dense5x25,2473,1,8,1,2.451171875
Dense5x25,6783,1,8,1,0.9716796875
Dense5x25,9836,1,1,1,2.548828125
Dense5x25,9549,1,1,1,2.392578125
Dense5x25,5506,1,1,1,2.3388671875
Dense5x25,7418,1,1,1,1.8798828125
Dense5x25,3211,1,1,1,1.7529296875
Dense5x25,1189,1,1,1,1.5625
Dense5x25,835,1,1,1,1.9580078125
Dense5x25,1835,1,1,1,1.7724609375
Dense5x25,1844,1,1,1,2.197265625
Dense5x25,2688,1,1,1,2.03125
Dense5x25,7969,1,1,1,2.1875
Dense5x25,6917,1,1,1,2.294921875
Dense5x25,6829,1,1,1,2.4609375
Dense5x25,3894,1,1,1,2.0263671875
Dense5x25,7091,1,1,1,2.4560546875
Dense5x25,768,1,1,1,2.4560546875
Dense5x25,8892,1,1,1,2.177734375
Dense5x25,9324,1,1,1,2.1826171875
Dense5x25,3779,1,1,1,1.6748046875
Dense5x25,3562,1,1,1,2.0556640625
Dense5x25,8986,1,1,1,2.060546875
Dense5x25,393,1,1,1,1.9970703125
Dense5x25,332,1,1,1,2.8466796875
Dense5x25,7517,1,1,1,2.0556640625
Dense5x25,1785,1,1,1,1.4990234375
Dense5x25,9715,1,1,1,2.1240234375
Dense5x25,7507,1,1,1,1.953125
Dense5x25,8809,1,1,1,2.1240234375
Dense5x25,6278,1,1,1,2.40234375
Dense5x25,7661,1,1,1,1.9775390625
Dense5x25,6182,1,1,1,2.431640625
Dense5x25,4201,1,9,1,0.0341796875
Dense5x25,2815,1,1,1,2.099609375
Dense5x25,3420,1,1,1,1.9287109375
Dense5x25,848,1,1,1,1.875
Dense5x25,7228,1,1,1,1.796875
Dense5x25,8873,1,1,1,2.4365234375
Dense5x25,6545,1,1,1,2.0263671875
Dense5x25,8324,1,1,1,2.8515625
Dense5x25,2928,1,1,1,2.1044921875
Dense5x25,2950,1,1,1,2.4853515625
Dense5x25,3143,1,1,1,2.158203125
Dense5x25,9556,1,1,1,0.458984375
Dense5x25,9368,1,1,1,2.412109375
Dense5x25,6901,1,1,1,2.548828125
Dense5x25,3648,1,1,1,2.7392578125
Dense5x25,5399,1,1,1,2.28515625
Dense5x25,2041,1,1,1,2.12890625
Dense5x25,6430,1,1,1,1.93359375
Dense5x25,4580,1,1,1,2.2802734375
Dense5x25,9313,1,1,1,1.9091796875
Dense5x25,700,1,1,1,1.5869140625
Dense5x25,3003,1,1,1,1.728515625
Dense5x25,3789,1,1,1,1.962890625
Dense5x25,5090,1,1,1,2.16796875
Dense5x25,2626,1,1,1,2.0947265625
Dense5x25,2822,1,1,1,2.2412109375
Dense5x25,2504,1,1,1,1.19140625
Dense5x25,5477,1,1,1,2.1435546875
Dense5x25,3454,1,1,1,2.216796875
Dense5x25,6108,1,1,1,1.1962890625
Dense5x25,3097,1,1,1,2.1630859375
Dense5x25,2693,1,1,1,2.1142578125
Dense5x25,640,1,1,1,1.9091796875
Dense5x25,9388,1,1,1,1.533203125
Dense5x25,3227,1,1,1,1.3525390625
Dense5x25,29,1,1,1,1.4501953125
Dense5x25,8659,1,1,1,2.7685546875
Dense5x25,5893,1,1,1,1.708984375
Dense5x25,7561,1,1,1,1.8359375
Dense5x25,4931,1,1,1,2.6806640625
Dense5x25,330,1,1,1,2.1142578125
Dense5x25,2827,1,1,1,1.396484375
Dense5x25,5630,1,1,1,1.826171875
Dense5x25,7636,1,1,1,2.0361328125
Dense5x25,7784,1,1,1,2.4755859375
Dense5x25,3896,3,3,1,1.6845703125
Dense5x25,1769,3,3,1,2.6513671875
Dense5x25,855,3,3,1,2.861328125
Dense5x25,8713,3,3,1,3.8037109375
Dense5x25,2618,3,3,1,1.845703125
Dense5x25,7730,3,3,1,3.75
Dense5x25,9840,3,0,1,0.1806640625
Dense5x25,3475,3,7,1,1.337890625
Dense5x25,7435,3,3,1,3.7939453125
Dense5x25,231,3,3,1,2.001953125
Dense5x25,2560,3,2,1,0.654296875
Dense5x25,2884,3,3,1,1.2939453125
Dense5x25,1265,3,3,1,3.4228515625
Dense5x25,595,3,3,1,1.3427734375
Dense5x25,2716,3,3,1,4.052734375
Dense5x25,9192,3,3,1,3.57421875
Dense5x25,7026,3,3,1,4.3603515625
Dense5x25,5146,3,3,1,2.783203125
Dense5x25,7529,3,3,1,2.1337890625
Dense5x25,6184,3,3,1,1.953125
Dense5x25,8607,3,3,1,1.3232421875
Dense5x25,2893,3,3,1,4.8974609375
Dense5x25,8032,3,3,1,7.2607421875
Dense5x25,464,3,7,1,0.537109375
Dense5x25,9231,3,3,1,2.05078125
Dense5x25,507,3,5,1,0.6201171875
Dense5x25,2284,3,3,1,3.388671875
Dense5x25,4469,3,3,1,2.28515625
Dense5x25,3487,3,3,1,2.9248046875
Dense5x25,6226,3,3,1,4.658203125
Dense5x25,6575,3,5,1,0.986328125
Dense5x25,727,3,3,1,3.3837890625
Dense5x25,2575,3,3,1,4.8583984375
Dense5x25,3074,3,3,1,3.583984375
Dense5x25,8308,3,3,1,2.9345703125
Dense5x25,5181,3,3,1,3.02734375
Dense5x25,5882,3,3,1,3.701171875
Dense5x25,991,3,3,1,3.9794921875
Dense5x25,8271,3,3,1,3.90625
Dense5x25,526,3,3,1,3.1201171875
Dense5x25,3746,3,3,1,1.6845703125
Dense5x25,6116,3,3,1,3.1982421875
Dense5x25,213,3,1,1,0.60546875
Dense5x25,9654,3,3,1,1.5771484375
Dense5x25,8014,3,3,1,3.75
Dense5x25,3686,3,3,1,1.2255859375
Dense5x25,2684,3,1,1,0.966796875
Dense5x25,6481,3,3,1,3.1103515625
Dense5x25,7250,3,3,1,4.3798828125
Dense5x25,5955,3,8,1,1.357421875
Dense5x25,6177,3,3,1,2.8125
Dense5x25,2756,3,3,1,0.029296875
Dense5x25,1681,3,7,1,3.3740234375
Dense5x25,5472,3,3,1,5.0732421875
Dense5x25,5273,3,3,1,4.27734375
Dense5x25,1731,3,3,1,4.0478515625
Dense5x25,574,3,3,1,3.0029296875
Dense5x25,686,3,3,1,2.34375
Dense5x25,9308,3,3,1,2.451171875
Dense5x25,5925,3,3,1,1.5234375
Dense5x25,3493,3,3,1,3.3837890625
Dense5x25,628,3,9,1,0.3662109375
Dense5x25,437,3,3,1,8.2666015625
Dense5x25,9882,3,3,1,0.6396484375
Dense5x25,2924,3,3,1,3.37890625
Dense5x25,310,3,3,1,2.5
Dense5x25,8419,3,3,1,2.8369140625
Dense5x25,2222,3,3,1,3.8818359375
Dense5x25,4586,3,3,1,1.8115234375
Dense5x25,815,3,3,1,2.890625
Dense5x25,4581,3,3,1,3.662109375
Dense5x25,5516,3,3,1,5.068359375
Dense5x25,4026,3,3,1,3.8818359375
Dense5x25,524,3,3,1,4.1357421875
Dense5x25,1490,3,3,1,3.291015625
Dense5x25,4018,3,3,1,2.3046875
Dense5x25,381,3,7,1,1.3623046875
Dense5x25,6194,3,3,1,3.0322265625
Dense5x25,1442,3,3,1,2.5439453125
Dense5x25,6739,3,2,1,0.9765625
Dense5x25,323,3,3,1,2.2314453125
Dense5x25,1172,3,3,1,3.1005859375
Dense5x25,2080,3,3,1,3.1005859375
Dense5x25,4630,3,3,1,1.4306640625
Dense5x25,1976,3,3,1,1.1865234375
Dense5x25,1469,3,3,1,1.044921875
Dense5x25,6985,3,3,1,5.4638671875
Dense5x25,4657,3,8,1,0.1025390625
Dense5x25,6432,3,3,1,1.8017578125
Dense5x25,5606,3,3,1,4.189453125
Dense5x25,7675,3,3,1,1.9189453125
Dense5x25,3300,3,3,1,2.9345703125
Dense5x25,6349,3,3,1,4.4970703125
Dense5x25,7257,3,3,1,4.6728515625
Dense5x25,2139,3,3,1,3.798828125
Dense5x25,9944,3,8,1,0.3125
Dense5x25,1591,3,3,1,2.71484375
Dense5x25,9474,3,3,1,2.431640625
Dense5x25,1072,3,5,1,0.17578125
Dense5x25,9914,3,3,1,1.9970703125
Dense5x30,3347,0,0,1,3.134765625
Dense5x30,9414,0,0,1,4.2626953125
Dense5x30,6400,0,0,1,1.8408203125
Dense5x30,9951,0,0,1,2.177734375
Dense5x30,9158,0,0,1,2.275390625
Dense5x30,5686,0,0,1,6.23046875
Dense5x30,9236,0,0,1,4.931640625
Dense5x30,5280,0,0,1,5.3125
Dense5x30,7225,0,0,1,3.7646484375
Dense5x30,597,0,0,1,2.51953125
Dense5x30,3346,0,0,1,5.0390625
Dense5x30,8657,0,0,1,4.2041015625
Dense5x30,3087,0,0,1,3.720703125
Dense5x30,6287,0,0,1,4.74609375
Dense5x30,8194,0,0,1,2.9345703125
Dense5x30,804,0,0,1,2.2705078125
Dense5x30,7835,0,0,1,5.9130859375
Dense5x30,2777,0,0,1,3.115234375
Dense5x30,5241,0,0,1,4.3212890625
Dense5x30,4353,0,0,1,2.4462890625
Dense5x30,2748,0,0,1,1.6943359375
Dense5x30,6003,0,0,1,4.6337890625
Dense5x30,9004,0,0,1,2.9541015625
Dense5x30,9601,0,0,1,4.12109375
Dense5x30,7846,0,0,1,5.9765625
Dense5x30,6557,0,0,1,2.3876953125
Dense5x30,5270,0,0,1,3.90625
Dense5x30,5141,0,0,1,3.3935546875
Dense5x30,2707,0,0,1,3.88671875
Dense5x30,1987,0,0,1,1.796875
Dense5x30,4034,0,0,1,4.560546875
Dense5x30,8029,0,0,1,5.6640625
Dense5x30,157,0,0,1,2.8759765625
Dense5x30,6643,0,0,1,0.01953125
Dense5x30,4048,0,0,1,2.87109375
Dense5x30,545,0,0,1,1.81640625
Dense5x30,9911,0,0,1,4.140625
Dense5x30,2821,0,0,1,2.83203125
Dense5x30,4080,0,0,1,2.7001953125
Dense5x30,6398,0,0,1,3.310546875
Dense5x30,7607,0,0,1,3.544921875
Dense5x30,1565,0,0,1,3.203125
Dense5x30,6526,0,0,1,4.2626953125
Dense5x30,2894,0,0,1,3.1689453125
Dense5x30,3710,0,0,1,1.7822265625
Dense5x30,7330,0,0,1,5.3662109375
Dense5x30,9704,0,0,1,3.115234375
Dense5x30,1390,0,0,1,4.609375
Dense5x30,7449,0,0,1,3.65234375
Dense5x30,7882,0,0,1,4.990234375
Dense5x30,8055,0,0,1,5.3125
Dense5x30,5987,0,0,1,2.6318359375
Dense5x30,7820,0,0,1,5.3564453125
Dense5x30,2817,0,0,1,5.8251953125
Dense5x30,8921,0,0,1,3.740234375
Dense5x30,2954,0,0,1,2.8369140625
Dense5x30,2376,0,0,1,5.3515625
Dense5x30,1195,0,0,1,3.720703125
Dense5x30,2592,0,0,1,3.7890625
Dense5x30,1220,0,0,1,3.18359375
Dense5x30,1589,0,0,1,4.8486328125
Dense5x30,5109,0,0,1,4.7314453125
Dense5x30,3695,0,0,1,3.837890625
Dense5x30,3310,0,0,1,2.94921875
Dense5x30,2384,0,0,1,2.783203125
Dense5x30,2557,0,0,1,3.0908203125
Dense5x30,9273,0,0,1,3.45703125
Dense5x30,5731,0,0,1,2.2314453125
Dense5x30,9801,0,0,1,4.091796875
Dense5x30,8458,0,0,1,5.21484375
Dense5x30,6971,0,0,1,3.30078125
Dense5x30,3458,0,0,1,3.5888671875
Dense5x30,2899,0,0,1,3.1103515625
Dense5x30,5830,0,0,1,4.00390625
Dense5x30,2779,0,0,1,4.677734375
Dense5x30,3210,0,0,1,2.6123046875
Dense5x30,3090,0,0,1,2.1630859375
Dense5x30,8359,0,0,1,3.798828125
Dense5x30,441,0,0,1,3.7451171875
Dense5x30,2988,0,0,1,1.9775390625
Dense5x30,5443,0,0,1,5.41015625
Dense5x30,8179,0,0,1,4.912109375
Dense5x30,4477,0,0,1,1.005859375
Dense5x30,5290,0,0,1,4.6630859375
Dense5x30,5251,0,0,1,2.8564453125
Dense5x30,69,0,0,1,4.0283203125
Dense5x30,9763,0,0,1,2.3779296875
Dense5x30,5721,0,0,1,3.9111328125
Dense5x30,4329,0,0,1,2.314453125
Dense5x30,7354,0,0,1,3.0029296875
Dense5x30,2417,0,0,1,2.7783203125
Dense5x30,5519,0,0,1,2.96875
Dense5x30,4857,0,0,1,1.81640625
Dense5x30,3481,0,0,1,4.0625
Dense5x30,7780,0,0,1,6.005859375
Dense5x30,2824,0,0,1,2.177734375
Dense5x30,5890,0,0,1,2.1484375
Dense5x30,3317,0,0,1,2.4853515625
Dense5x30,997,0,0,1,5.5859375
Dense5x30,5818,0,0,1,3.6083984375
Dense5x30,4507,1,1,1,1.8994140625
Dense5x30,5486,1,1,1,2.20703125
Dense5x30,3639,1,1,1,1.5673828125
Dense5x30,7608,1,1,1,1.435546875
Dense5x30,2943,1,1,1,1.669921875
Dense5x30,7253,1,1,1,1.6455078125
Dense5x30,3858,1,1,1,1.4453125
Dense5x30,5732,1,1,1,1.71875
Dense5x30,6622,1,1,1,1.3525390625
Dense5x30,4931,1,1,1,2.412109375
Dense5x30,7658,1,1,1,1.8115234375
Dense5x30,2283,1,1,1,2.0458984375
Dense5x30,2541,1,1,1,2.0068359375
Dense5x30,6182,1,1,1,1.7333984375
Dense5x30,4170,1,1,1,1.123046875
Dense5x30,1707,1,1,1,1.0595703125
Dense5x30,4525,1,1,1,2.32421875
Dense5x30,1515,1,1,1,1.953125
Dense5x30,5746,1,1,1,0.556640625
Dense5x30,3930,1,1,1,1.962890625
Dense5x30,3214,1,1,1,1.5771484375
Dense5x30,4516,1,1,1,1.5380859375
Dense5x30,7900,1,1,1,0.1318359375
Dense5x30,9912,1,1,1,1.81640625
Dense5x30,1633,1,1,1,1.9677734375
Dense5x30,7323,1,1,1,2.0361328125
Dense5x30,3586,1,1,1,1.7724609375
Dense5x30,3593,1,1,1,2.080078125
Dense5x30,1338,1,1,1,1.9091796875
Dense5x30,4303,1,1,1,1.5625
Dense5x30,6141,1,1,1,1.9775390625
Dense5x30,8058,1,1,1,2.236328125
Dense5x30,6969,1,1,1,1.7236328125
Dense5x30,5490,1,1,1,1.9677734375
Dense5x30,5880,1,1,1,1.884765625
Dense5x30,5093,1,1,1,1.3818359375
Dense5x30,6233,1,1,1,1.7626953125
Dense5x30,949,1,1,1,1.4404296875
Dense5x30,9356,1,1,1,1.6845703125
Dense5x30,7600,1,1,1,2.1337890625
Dense5x30,9143,1,1,1,1.9140625
Dense5x30,2753,1,1,1,0.29296875
Dense5x30,7812,1,1,1,0.2001953125
Dense5x30,9844,1,1,1,1.77734375
Dense5x30,4670,1,1,1,1.8701171875
Dense5x30,8809,1,1,1,1.572265625
Dense5x30,5442,1,1,1,1.8505859375
Dense5x30,8090,1,1,1,1.9921875
Dense5x30,6005,1,1,1,0.498046875
Dense5x30,6743,1,1,1,1.0107421875
Dense5x30,2418,1,1,1,1.4453125
Dense5x30,1820,1,1,1,2.1142578125
Dense5x30,2974,1,1,1,1.630859375
Dense5x30,5281,1,1,1,2.2265625
Dense5x30,8873,1,1,1,2.099609375
Dense5x30,7661,1,1,1,1.6943359375
Dense5x30,3851,1,1,1,0.751953125
Dense5x30,2786,1,1,1,1.2060546875
Dense5x30,5090,1,1,1,1.787109375
Dense5x30,9274,1,1,1,1.357421875
Dense5x30,5783,1,1,1,1.9873046875
Dense5x30,1027,1,1,1,2.060546875
Dense5x30,5794,1,1,1,1.669921875
Dense5x30,1360,1,1,1,1.6015625
Dense5x30,7232,1,1,1,1.5380859375
Dense5x30,96,1,1,1,1.1083984375
Dense5x30,137,1,1,1,2.1337890625
Dense5x30,5535,1,1,1,1.7236328125
Dense5x30,7916,1,1,1,0.5126953125
Dense5x30,7280,1,1,1,1.7529296875
Dense5x30,145,1,1,1,1.1669921875
Dense5x30,2359,1,1,1,1.8603515625
Dense5x30,2734,1,1,1,1.7138671875
Dense5x30,3244,1,1,1,1.328125
Dense5x30,5630,1,1,1,2.0947265625
Dense5x30,2221,1,1,1,0.751953125
Dense5x30,7395,1,1,1,1.7578125
Dense5x30,5872,1,1,1,1.5673828125
Dense5x30,1934,1,1,1,1.962890625
Dense5x30,2725,1,1,1,1.5673828125
Dense5x30,7442,1,1,1,1.982421875
Dense5x30,8166,1,1,1,1.4208984375
Dense5x30,5933,1,1,1,1.7578125
Dense5x30,1040,1,1,1,1.5234375
Dense5x30,783,1,1,1,1.7236328125
Dense5x30,6702,1,1,1,2.0166015625
Dense5x30,6533,1,1,1,1.9384765625
Dense5x30,6430,1,1,1,1.69921875
Dense5x30,6419,1,1,1,1.71875
Dense5x30,9593,1,1,1,2.158203125
Dense5x30,1900,1,1,1,1.3671875
Dense5x30,9520,1,1,1,1.7138671875
Dense5x30,7299,1,1,1,1.7578125
Dense5x30,1834,1,1,1,2.1240234375
Dense5x30,4764,1,1,1,1.1767578125
Dense5x30,7969,1,1,1,2.099609375
Dense5x30,3014,1,1,1,1.5234375
Dense5x30,6848,1,1,1,1.796875
Dense5x30,7191,1,1,1,1.494140625
Dense5x30,8022,1,1,1,0.908203125
Dense5x30,2881,3,3,1,2.6416015625
Dense5x30,9670,3,3,1,2.12890625
Dense5x30,6801,3,3,1,3.22265625
Dense5x30,4492,3,3,1,2.5732421875
Dense5x30,9548,3,3,1,3.33984375
Dense5x30,8867,3,3,1,2.55859375
Dense5x30,9073,3,3,1,2.0556640625
Dense5x30,5283,3,3,1,2.9345703125
Dense5x30,1539,3,3,1,2.529296875
Dense5x30,4435,3,7,1,1.25
Dense5x30,2139,3,3,1,2.2412109375
Dense5x30,7719,3,3,1,2.412109375
Dense5x30,9445,3,3,1,4.404296875
Dense5x30,9821,3,3,1,4.04296875
Dense5x30,1384,3,3,1,1.2060546875
Dense5x30,5293,3,3,1,3.22265625
Dense5x30,808,3,3,1,3.4423828125
Dense5x30,7055,3,3,1,2.9541015625
Dense5x30,7215,3,3,1,3.5009765625
Dense5x30,3825,3,3,1,2.392578125
Dense5x30,8939,3,3,1,2.6611328125
Dense5x30,3407,3,3,1,3.056640625
Dense5x30,7222,3,3,1,3.603515625
Dense5x30,4833,3,3,1,1.6259765625
Dense5x30,727,3,3,1,2.59765625
Dense5x30,3824,3,3,1,2.109375
Dense5x30,8254,3,3,1,4.072265625
Dense5x30,2300,3,3,1,2.236328125
Dense5x30,8597,3,3,1,3.33984375
Dense5x30,2884,3,3,1,1.806640625
Dense5x30,1291,3,3,1,2.861328125
Dense5x30,8070,3,3,1,3.427734375
Dense5x30,8461,3,3,1,3.0419921875
Dense5x30,6349,3,3,1,3.45703125
Dense5x30,4084,3,3,1,1.3623046875
Dense5x30,1317,3,3,1,1.34765625
Dense5x30,1727,3,3,1,0.80078125
Dense5x30,2072,3,3,1,2.998046875
Dense5x30,8293,3,3,1,1.4697265625
Dense5x30,5028,3,3,1,3.720703125
Dense5x30,976,3,3,1,2.5
Dense5x30,2992,3,3,1,2.001953125
Dense5x30,2555,3,3,1,3.5302734375
Dense5x30,7130,3,3,1,0.4150390625
Dense5x30,8215,3,3,1,3.5693359375
Dense5x30,8419,3,3,1,2.4755859375
Dense5x30,3094,3,3,1,2.0947265625
Dense5x30,6876,3,3,1,2.626953125
Dense5x30,9996,3,3,1,4.2138671875
Dense5x30,7821,3,2,1,2.2705078125
Dense5x30,8952,3,3,1,1.30859375
Dense5x30,1095,3,3,1,2.6171875
Dense5x30,3766,3,3,1,1.58203125
Dense5x30,8518,3,3,1,4.6044921875
Dense5x30,5336,3,3,1,2.55859375
Dense5x30,5583,3,3,1,2.529296875
Dense5x30,9860,3,3,1,1.9091796875
Dense5x30,7250,3,3,1,4.267578125
Dense5x30,2075,3,3,1,1.7578125
Dense5x30,3977,3,3,1,0.9521484375
Dense5x30,2871,3,3,1,2.4951171875
Dense5x30,8703,3,3,1,3.4033203125
Dense5x30,7024,3,3,1,3.53515625
Dense5x30,1066,3,3,1,1.767578125
Dense5x30,628,3,3,1,0.341796875
Dense5x30,1856,3,3,1,1.46484375
Dense5x30,6213,3,3,1,2.6611328125
Dense5x30,3045,3,3,1,3.056640625
Dense5x30,4552,3,3,1,2.3681640625
Dense5x30,9380,3,3,1,2.353515625
Dense5x30,5074,3,3,1,1.2060546875
Dense5x30,5708,3,3,1,3.8232421875
Dense5x30,5925,3,3,1,1.1083984375
Dense5x30,2347,3,3,1,1.3720703125
Dense5x30,5408,3,3,1,2.6513671875
Dense5x30,2906,3,3,1,0.625
Dense5x30,5700,3,3,1,2.4658203125
Dense5x30,8753,3,3,1,3.896484375
Dense5x30,5606,3,3,1,2.7099609375
Dense5x30,2921,3,3,1,0.8251953125
Dense5x30,5973,3,8,1,1.77734375
Dense5x30,7374,3,3,1,3.4765625
Dense5x30,3515,3,3,1,4.1845703125
Dense5x30,3469,3,3,1,2.9443359375
Dense5x30,2924,3,3,1,2.1435546875
Dense5x30,5882,3,3,1,3.1298828125
Dense5x30,8811,3,3,1,2.87109375
Dense5x30,578,3,7,1,0.1513671875
Dense5x30,8050,3,3,1,2.59765625
Dense5x30,5625,3,3,1,3.2373046875
Dense5x30,6312,3,3,1,2.59765625
Dense5x30,6940,3,3,1,0.7470703125
Dense5x30,9561,3,3,1,2.44140625
Dense5x30,9202,3,3,1,1.5673828125
Dense5x30,8581,3,3,1,2.119140625
Dense5x30,8201,3,3,1,3.22265625
Dense5x30,1278,3,3,1,3.330078125
Dense5x30,8508,3,2,1,0.087890625
Dense5x30,3221,3,3,1,4.1796875
Dense5x30,1738,3,3,1,2.6611328125
Dense5x35,1009,0,0,1,3.0419921875
Dense5x35,1487,0,0,1,2.919921875
Dense5x35,884,0,0,1,2.587890625
Dense5x35,4862,0,0,1,4.2529296875
Dense5x35,5942,0,0,1,4.8681640625
Dense5x35,7671,0,0,1,2.4267578125
Dense5x35,5653,0,0,1,1.3427734375
Dense5x35,4631,0,0,1,5.166015625
Dense5x35,4188,0,0,1,4.4189453125
Dense5x35,9367,0,0,1,5.2490234375
Dense5x35,3215,0,0,1,3.251953125
Dense5x35,1154,0,0,1,4.1650390625
Dense5x35,8496,0,0,1,5.0439453125
Dense5x35,9634,0,3,1,0.4296875
Dense5x35,1944,0,0,1,4.189453125
Dense5x35,5008,0,0,1,3.4912109375
Dense5x35,8629,0,0,1,2.5634765625
Dense5x35,6970,0,0,1,2.65625
Dense5x35,597,0,0,1,1.7041015625
Dense5x35,8388,0,0,1,3.251953125
Dense5x35,9528,0,0,1,6.30859375
Dense5x35,4473,0,0,1,2.4169921875
Dense5x35,5321,0,0,1,4.1162109375
Dense5x35,5731,0,0,1,2.353515625
Dense5x35,7139,0,0,1,2.98828125
Dense5x35,157,0,0,1,2.71484375
Dense5x35,8221,0,0,1,4.619140625
Dense5x35,327,0,0,1,3.974609375
Dense5x35,5244,0,0,1,3.02734375
Dense5x35,6590,0,0,1,2.7490234375
Dense5x35,9498,0,0,1,5.8349609375
Dense5x35,2817,0,0,1,4.62890625
Dense5x35,6099,0,0,1,5.64453125
Dense5x35,6843,0,0,1,2.666015625
Dense5x35,5830,0,0,1,3.73046875
Dense5x35,372,0,0,1,2.275390625
Dense5x35,9052,0,0,1,6.357421875
Dense5x35,4079,0,0,1,3.701171875
Dense5x35,6473,0,0,1,3.0126953125
Dense5x35,6342,0,0,1,4.0771484375
Dense5x35,6351,0,0,1,2.9541015625
Dense5x35,3032,0,0,1,4.287109375
Dense5x35,9601,0,0,1,3.984375
Dense5x35,2479,0,0,1,1.7041015625
Dense5x35,1084,0,0,1,4.9365234375
Dense5x35,6444,0,0,1,2.9052734375
Dense5x35,1898,0,0,1,2.8125
Dense5x35,9095,0,0,1,5.849609375
Dense5x35,9221,0,0,1,4.345703125
Dense5x35,1535,0,0,1,3.720703125
Dense5x35,9948,0,0,1,2.4853515625
Dense5x35,3512,0,0,1,3.3251953125
Dense5x35,9666,0,0,1,1.58203125
Dense5x35,8514,0,0,1,5.068359375
Dense5x35,7485,0,0,1,2.666015625
Dense5x35,5529,0,0,1,3.7939453125
Dense5x35,9753,0,0,1,3.369140625
Dense5x35,2190,0,0,1,2.353515625
Dense5x35,9724,0,0,1,3.076171875
Dense5x35,4959,0,0,1,2.32421875
Dense5x35,3911,0,0,1,3.8720703125
Dense5x35,5838,0,0,1,4.2578125
Dense5x35,1794,0,0,1,2.0849609375
Dense5x35,3271,0,0,1,3.5693359375
Dense5x35,1796,0,0,1,2.3681640625
Dense5x35,1918,0,0,1,1.337890625
Dense5x35,3660,0,0,1,4.306640625
Dense5x35,8085,0,0,1,4.130859375
Dense5x35,3581,0,0,1,3.232421875
Dense5x35,126,0,0,1,1.1767578125
Dense5x35,4834,0,0,1,2.2314453125
Dense5x35,6288,0,0,1,4.072265625
Dense5x35,5398,0,0,1,2.802734375
Dense5x35,8351,0,0,1,4.0234375
Dense5x35,4462,0,0,1,5.01953125
Dense5x35,2333,0,0,1,1.2841796875
Dense5x35,9004,0,0,1,3.2373046875
Dense5x35,904,0,0,1,4.5703125
Dense5x35,4776,0,0,1,3.90625
Dense5x35,8325,0,0,1,1.044921875
Dense5x35,3016,0,0,1,5.3271484375
Dense5x35,3305,0,0,1,1.2158203125
Dense5x35,1188,0,0,1,2.978515625
Dense5x35,2106,0,0,1,4.2578125
Dense5x35,3536,0,0,1,2.3779296875
Dense5x35,3735,0,0,1,4.16015625
Dense5x35,55,0,0,1,2.2705078125
Dense5x35,6241,0,0,1,3.2861328125
Dense5x35,9189,0,0,1,4.2138671875
Dense5x35,8117,0,0,1,4.794921875
Dense5x35,7368,0,0,1,3.994140625
Dense5x35,9763,0,0,1,2.353515625
Dense5x35,6309,0,0,1,4.23828125
Dense5x35,1121,0,0,1,2.2216796875
Dense5x35,2703,0,0,1,4.3603515625
Dense5x35,2568,0,0,1,2.861328125
Dense5x35,2329,0,2,1,0.6005859375
Dense5x35,6546,0,0,1,3.5009765625
Dense5x35,9405,0,0,1,4.7998046875
Dense5x35,9199,0,0,1,5.6494140625
Dense5x35,4759,1,1,1,1.6015625
Dense5x35,8600,1,1,1,2.2265625
Dense5x35,2661,1,1,1,1.953125
Dense5x35,5457,1,8,1,0.830078125
Dense5x35,5090,1,1,1,2.197265625
Dense5x35,3026,1,1,1,0.859375
Dense5x35,9005,1,1,1,2.55859375
Dense5x35,5208,1,1,1,2.0166015625
Dense5x35,5566,1,1,1,2.294921875
Dense5x35,5809,1,1,1,2.1044921875
Dense5x35,6652,1,1,1,2.0458984375
Dense5x35,3866,1,1,1,2.4951171875
Dense5x35,8729,1,1,1,2.4560546875
Dense5x35,267,1,1,1,2.3974609375
Dense5x35,754,1,1,1,1.875
Dense5x35,6073,1,1,1,2.6611328125
Dense5x35,6628,1,1,1,1.58203125
Dense5x35,2418,1,1,1,1.77734375
Dense5x35,1766,1,1,1,2.0166015625
Dense5x35,5872,1,1,1,2.1240234375
Dense5x35,8268,1,1,1,1.9677734375
Dense5x35,4764,1,1,1,1.5478515625
Dense5x35,1137,1,1,1,1.7431640625
Dense5x35,6883,1,1,1,0.9521484375
Dense5x35,2946,1,1,1,0.9228515625
Dense5x35,7150,1,1,1,2.4853515625
Dense5x35,647,1,1,1,1.9775390625
Dense5x35,7453,1,1,1,1.5576171875
Dense5x35,8650,1,1,1,1.8505859375
Dense5x35,7661,1,1,1,2.2265625
Dense5x35,2974,1,1,1,1.953125
Dense5x35,3990,1,1,1,1.7529296875
Dense5x35,9799,1,1,1,2.01171875
Dense5x35,94,1,1,1,2.5244140625
Dense5x35,5933,1,1,1,2.44140625
Dense5x35,9955,1,1,1,0.2490234375
Dense5x35,4859,1,1,1,1.513671875
Dense5x35,4670,1,1,1,2.1240234375
Dense5x35,7323,1,1,1,2.1923828125
Dense5x35,9956,1,1,1,1.8603515625
Dense5x35,5998,1,1,1,1.3818359375
Dense5x35,1238,1,1,1,1.9189453125
Dense5x35,3320,1,1,1,1.5771484375
Dense5x35,7442,1,1,1,2.01171875
Dense5x35,6751,1,1,1,1.5380859375
Dense5x35,8979,1,1,1,2.734375
Dense5x35,6733,1,1,1,2.40234375
Dense5x35,4212,1,3,1,1.474609375
Dense5x35,1038,1,1,1,1.5087890625
Dense5x35,96,1,1,1,0.966796875
Dense5x35,949,1,1,1,1.962890625
Dense5x35,7790,1,1,1,2.021484375
Dense5x35,2982,1,1,1,2.2216796875
Dense5x35,190,1,1,1,1.81640625
Dense5x35,7447,1,1,1,1.5673828125
Dense5x35,6819,1,1,1,2.3046875
Dense5x35,3689,1,1,1,1.6943359375
Dense5x35,4349,1,1,1,2.0654296875
Dense5x35,3606,1,1,1,1.50390625
Dense5x35,476,1,1,1,2.44140625
Dense5x35,8244,1,1,1,2.421875
Dense5x35,7507,1,1,1,1.708984375
Dense5x35,7353,1,1,1,2.2900390625
Dense5x35,1555,1,1,1,2.03125
Dense5x35,7405,1,1,1,2.9931640625
Dense5x35,2221,1,1,1,0.3564453125
Dense5x35,5081,1,1,1,2.28515625
Dense5x35,3420,1,1,1,1.416015625
Dense5x35,473,1,1,1,1.25
Dense5x35,6005,1,1,1,1.1669921875
Dense5x35,3648,1,1,1,2.2607421875
Dense5x35,6868,1,1,1,2.2802734375
Dense5x35,5113,1,1,1,2.1826171875
Dense5x35,2357,1,1,1,1.9677734375
Dense5x35,9518,1,1,1,1.9140625
Dense5x35,1368,1,1,1,1.1181640625
Dense5x35,332,1,1,1,1.875
Dense5x35,9345,1,1,1,1.943359375
Dense5x35,6556,1,1,1,0.72265625
Dense5x35,1030,1,1,1,1.8212890625
Dense5x35,7123,1,1,1,2.3779296875
Dense5x35,276,1,1,1,2.6025390625
Dense5x35,9796,1,1,1,1.826171875
Dense5x35,385,1,1,1,1.9189453125
Dense5x35,9039,1,1,1,2.5830078125
Dense5x35,2965,1,1,1,1.4599609375
Dense5x35,6356,1,1,1,1.8798828125
Dense5x35,2315,1,1,1,1.4697265625
Dense5x35,700,1,1,1,2.1044921875
Dense5x35,5553,1,1,1,2.7587890625
Dense5x35,7954,1,1,1,2.431640625
Dense5x35,7725,1,1,1,2.2216796875
Dense5x35,1829,1,1,1,1.0498046875
Dense5x35,6748,1,1,1,2.6123046875
Dense5x35,3148,1,1,1,1.4990234375
Dense5x35,8745,1,1,1,2.01171875
Dense5x35,8078,1,1,1,2.392578125
Dense5x35,5112,1,1,1,2.5537109375
Dense5x35,8340,1,1,1,2.0458984375
Dense5x35,1027,1,1,1,2.080078125
Dense5x35,4808,3,3,1,0.33203125
Dense5x35,8694,3,3,1,4.6435546875
Dense5x35,6745,3,3,1,4.1259765625
Dense5x35,8916,3,3,1,4.0478515625
Dense5x35,5904,3,3,1,2.87109375
Dense5x35,2731,3,3,1,0.91796875
Dense5x35,2690,3,3,1,2.4072265625
Dense5x35,6285,3,3,1,4.931640625
Dense5x35,9727,3,3,1,4.326171875
Dense5x35,5740,3,3,1,3.3984375
Dense5x35,2312,3,3,1,1.1083984375
Dense5x35,727,3,3,1,2.9541015625
Dense5x35,883,3,3,1,1.0400390625
Dense5x35,8271,3,3,1,3.88671875
Dense5x35,1798,3,3,1,2.0458984375
Dense5x35,6863,3,3,1,3.583984375
Dense5x35,7312,3,3,1,3.9208984375
Dense5x35,6447,3,3,1,4.4140625
Dense5x35,7006,3,3,1,4.08203125
Dense5x35,4501,3,3,1,3.837890625
Dense5x35,7656,3,3,1,3.134765625
Dense5x35,7763,3,3,1,4.3896484375
Dense5x35,3476,3,3,1,1.9189453125
Dense5x35,4494,3,3,1,0.927734375
Dense5x35,4164,3,3,1,3.5986328125
Dense5x35,2985,3,3,1,1.953125
Dense5x35,5912,3,3,1,1.2451171875
Dense5x35,3146,3,3,1,1.015625
Dense5x35,526,3,3,1,2.94921875
Dense5x35,2813,3,3,1,2.880859375
Dense5x35,6481,3,3,1,3.8623046875
Dense5x35,3049,3,3,1,1.611328125
Dense5x35,6312,3,3,1,3.7939453125
Dense5x35,3150,3,3,1,2.0947265625
Dense5x35,4630,3,3,1,0.9228515625
Dense5x35,6371,3,3,1,3.6767578125
Dense5x35,1513,3,3,1,2.3828125
Dense5x35,7554,3,3,1,3.8818359375
Dense5x35,8156,3,3,1,1.73828125
Dense5x35,9707,3,3,1,5.95703125
Dense5x35,1290,3,5,1,0.8837890625
Dense5x35,6790,3,3,1,2.8515625
Dense5x35,855,3,3,1,3.5693359375
Dense5x35,4106,3,3,1,3.1787109375
Dense5x35,5708,3,3,1,5.1318359375
Dense5x35,3080,3,3,1,4.1943359375
Dense5x35,2072,3,3,1,2.67578125
Dense5x35,6075,3,3,1,3.4033203125
Dense5x35,6982,3,3,1,3.330078125
Dense5x35,7800,3,2,1,4.0478515625
Dense5x35,5168,3,3,1,4.990234375
Dense5x35,6116,3,3,1,3.6865234375
Dense5x35,648,3,3,1,4.5947265625
Dense5x35,8010,3,2,1,1.3427734375
Dense5x35,6096,3,3,1,4.4189453125
Dense5x35,4492,3,3,1,2.6806640625
Dense5x35,6811,3,3,1,2.783203125
Dense5x35,1383,3,3,1,1.953125
Dense5x35,782,3,3,1,3.6865234375
Dense5x35,9227,3,3,1,1.5673828125
Dense5x35,4109,3,3,1,2.5
Dense5x35,7849,3,2,1,0.810546875
Dense5x35,3701,3,3,1,2.705078125
Dense5x35,6501,3,3,1,2.958984375
Dense5x35,4782,3,3,1,1.58203125
Dense5x35,2025,3,3,1,1.3037109375
Dense5x35,6365,3,3,1,4.6826171875
Dense5x35,9614,3,3,1,1.6259765625
Dense5x35,30,3,3,1,3.0859375
Dense5x35,8655,3,3,1,3.0615234375
Dense5x35,9468,3,3,1,3.037109375
Dense5x35,6763,3,3,1,3.5986328125
Dense5x35,7207,3,3,1,4.0576171875
Dense5x35,245,3,3,1,1.3427734375
Dense5x35,1480,3,3,1,4.6533203125
Dense5x35,7215,3,3,1,4.47265625
Dense5x35,2931,3,3,1,2.9541015625
Dense5x35,9559,3,3,1,2.7587890625
Dense5x35,3824,3,3,1,2.5146484375
Dense5x35,8856,3,3,1,4.853515625
Dense5x35,4996,3,3,1,4.27734375
Dense5x35,4437,3,3,1,0.4248046875
Dense5x35,6034,3,3,1,1.7578125
Dense5x35,1797,3,3,1,2.3388671875
Dense5x35,6061,3,3,1,3.9013671875
Dense5x35,9106,3,3,1,5.25390625
Dense5x35,8713,3,3,1,4.072265625
Dense5x35,7543,3,3,1,3.90625
Dense5x35,5734,3,7,1,2.138671875
Dense5x35,6957,3,3,1,4.78515625
Dense5x35,7804,3,3,1,3.056640625
Dense5x35,5616,3,3,1,3.8671875
Dense5x35,200,3,3,1,3.3984375
Dense5x35,5583,3,3,1,2.9736328125
Dense5x35,9056,3,3,1,4.599609375
Dense5x35,2086,3,3,1,3.095703125
Dense5x35,2075,3,3,1,2.8515625
Dense5x35,1098,3,3,1,2.0166015625
Dense5x35,5356,3,3,1,3.583984375
Dense5x35,44,3,3,1,2.2705078125
Dense5x40,845,0,0,1,3.173828125
Dense5x40,6621,0,0,1,0.21484375
Dense5x40,5435,0,0,1,3.525390625
Dense5x40,6923,0,0,1,2.197265625
Dense5x40,1218,0,0,1,2.98828125
Dense5x40,1487,0,0,1,2.8369140625
Dense5x40,6428,0,6,1,0.2880859375
Dense5x40,2531,0,0,1,3.662109375
Dense5x40,5890,0,0,1,1.8212890625
Dense5x40,1154,0,0,1,3.9404296875
Dense5x40,5529,0,0,1,3.955078125
Dense5x40,8611,0,0,1,3.2861328125
Dense5x40,1638,0,0,1,2.958984375
Dense5x40,2060,0,0,1,3.7158203125
Dense5x40,2899,0,0,1,3.41796875
Dense5x40,1094,0,0,1,3.232421875
Dense5x40,8818,0,0,1,3.935546875
Dense5x40,4776,0,0,1,3.3740234375
Dense5x40,4780,0,0,1,2.5830078125
Dense5x40,7933,0,0,1,4.3115234375
Dense5x40,5653,0,6,1,0.7666015625
Dense5x40,6877,0,0,1,3.681640625
Dense5x40,8373,0,0,1,3.53515625
Dense5x40,6328,0,0,1,3.8916015625
Dense5x40,5155,0,0,1,2.8662109375
Dense5x40,2236,0,0,1,2.71484375
Dense5x40,5756,0,0,1,2.734375
Dense5x40,8671,0,0,1,4.3798828125
Dense5x40,7446,0,0,1,0.3466796875
Dense5x40,5443,0,0,1,3.3984375
Dense5x40,7943,0,0,1,4.404296875
Dense5x40,3724,0,0,1,3.408203125
Dense5x40,2485,0,0,1,2.4609375
Dense5x40,7367,0,0,1,3.59375
Dense5x40,8414,0,0,1,3.2080078125
Dense5x40,3359,0,0,1,4.560546875
Dense5x40,4065,0,8,1,0.05859375
Dense5x40,5251,0,0,1,3.0517578125
Dense5x40,1533,0,0,1,1.953125
Dense5x40,6786,0,0,1,4.580078125
Dense5x40,215,0,0,1,1.66015625
Dense5x40,9425,0,0,1,2.041015625
Dense5x40,3646,0,0,1,2.0263671875
Dense5x40,3680,0,0,1,3.3251953125
Dense5x40,1379,0,0,1,4.189453125
Dense5x40,4788,0,0,1,1.982421875
Dense5x40,5974,0,0,1,2.7587890625
Dense5x40,6532,0,0,1,0.390625
Dense5x40,9964,0,0,1,2.7001953125
Dense5x40,5673,0,0,1,3.2421875
Dense5x40,7671,0,0,1,2.12890625
Dense5x40,5870,0,0,1,2.3583984375
Dense5x40,2631,0,6,1,0.1220703125
Dense5x40,2023,0,0,1,0.908203125
Dense5x40,1288,0,0,1,1.4208984375
Dense5x40,4365,0,0,1,2.7001953125
Dense5x40,294,0,0,1,2.6220703125
Dense5x40,7953,0,0,1,4.6240234375
Dense5x40,5270,0,0,1,3.57421875
Dense5x40,6062,0,0,1,4.7607421875
Dense5x40,3584,0,0,1,4.501953125
Dense5x40,296,0,0,1,4.0380859375
Dense5x40,592,0,0,1,4.27734375
Dense5x40,8567,0,0,1,3.330078125
Dense5x40,6473,0,0,1,3.095703125
Dense5x40,9826,0,0,1,2.3486328125
Dense5x40,1841,0,0,1,3.5791015625
Dense5x40,2714,0,0,1,3.984375
Dense5x40,6672,0,0,1,2.79296875
Dense5x40,3052,0,0,1,3.984375
Dense5x40,9585,0,0,1,3.02734375
Dense5x40,9273,0,0,1,2.5
Dense5x40,8535,0,0,1,4.951171875
Dense5x40,7593,0,0,1,3.4716796875
Dense5x40,9310,0,0,1,3.1201171875
Dense5x40,3439,0,0,1,2.8515625
Dense5x40,6927,0,0,1,2.4267578125
Dense5x40,4150,0,0,1,4.482421875
Dense5x40,8448,0,0,1,3.9208984375
Dense5x40,1148,0,0,1,4.0234375
Dense5x40,6072,0,0,1,3.9404296875
Dense5x40,6211,0,0,1,4.5361328125
Dense5x40,8763,0,0,1,3.5498046875
Dense5x40,440,0,0,1,5.625
Dense5x40,9621,0,0,1,2.63671875
Dense5x40,3574,0,0,1,0.478515625
Dense5x40,1987,0,0,1,2.2802734375
Dense5x40,7202,0,0,1,3.232421875
Dense5x40,3090,0,0,1,2.7880859375
Dense5x40,3368,0,0,1,3.5888671875
Dense5x40,2178,0,0,1,3.9453125
Dense5x40,896,0,0,1,1.11328125
Dense5x40,9080,0,0,1,4.7607421875
Dense5x40,7737,0,0,1,5.37109375
Dense5x40,5290,0,0,1,4.84375
Dense5x40,6478,0,0,1,4.0185546875
Dense5x40,4351,0,0,1,3.5205078125
Dense5x40,5526,0,0,1,2.5390625
Dense5x40,2127,0,0,1,3.1591796875
Dense5x40,4227,0,0,1,3.408203125
Dense5x40,348,1,1,1,1.5380859375
Dense5x40,7591,1,1,1,1.767578125
Dense5x40,8418,1,1,1,1.826171875
Dense5x40,3419,1,1,1,1.4794921875
Dense5x40,1434,1,1,1,1.8896484375
Dense5x40,2379,1,1,1,1.9873046875
Dense5x40,3203,1,1,1,1.3720703125
Dense5x40,767,1,1,1,1.2646484375
Dense5x40,2358,1,1,1,1.2060546875
Dense5x40,4077,1,1,1,1.728515625
Dense5x40,5552,1,1,1,1.455078125
Dense5x40,6222,1,1,1,1.8017578125
Dense5x40,2357,1,1,1,1.7529296875
Dense5x40,7373,1,1,1,1.7138671875
Dense5x40,7608,1,1,1,1.6259765625
Dense5x40,3452,1,1,1,1.7919921875
Dense5x40,5271,1,1,1,1.3134765625
Dense5x40,8261,1,1,1,1.9873046875
Dense5x40,7014,1,1,1,1.767578125
Dense5x40,9950,1,1,1,1.6796875
Dense5x40,9124,1,1,1,1.7333984375
Dense5x40,2943,1,1,1,1.5087890625
Dense5x40,3253,1,1,1,1.201171875
Dense5x40,3320,1,1,1,1.5380859375
Dense5x40,5461,1,1,1,1.8115234375
Dense5x40,3276,1,1,1,1.50390625
Dense5x40,6572,1,3,1,0.0732421875
Dense5x40,4903,1,1,1,1.1474609375
Dense5x40,9602,1,1,1,1.8310546875
Dense5x40,6338,1,1,1,1.4501953125
Dense5x40,2541,1,1,1,1.630859375
Dense5x40,1922,1,1,1,1.4111328125
Dense5x40,7896,1,1,1,1.2109375
Dense5x40,3148,1,1,1,1.6015625
Dense5x40,8549,1,1,1,1.5966796875
Dense5x40,7319,1,1,1,1.669921875
Dense5x40,652,1,1,1,2.041015625
Dense5x40,3380,1,1,1,1.40625
Dense5x40,3815,1,1,1,1.8017578125
Dense5x40,9878,1,1,1,1.8212890625
Dense5x40,5614,1,1,1,1.5673828125
Dense5x40,8164,1,1,1,2.744140625
Dense5x40,2982,1,1,1,1.865234375
Dense5x40,755,1,1,1,1.3232421875
Dense5x40,6182,1,1,1,1.7724609375
Dense5x40,8692,1,1,1,1.7724609375
Dense5x40,3259,1,1,1,1.669921875
Dense5x40,9200,1,1,1,2.6318359375
Dense5x40,6712,1,1,1,1.2890625
Dense5x40,1338,1,1,1,1.71875
Dense5x40,9570,1,1,1,1.845703125
Dense5x40,267,1,1,1,1.8603515625
Dense5x40,1211,1,1,1,1.9287109375
Dense5x40,7638,1,1,1,1.7041015625
Dense5x40,2221,1,1,1,0.6298828125
Dense5x40,1214,1,1,1,1.3525390625
Dense5x40,5699,1,1,1,1.865234375
Dense5x40,2473,1,1,1,0.7470703125
Dense5x40,889,1,1,1,1.650390625
Dense5x40,9388,1,1,1,1.3720703125
Dense5x40,963,1,1,1,1.09375
Dense5x40,4951,1,1,1,1.11328125
Dense5x40,9657,1,1,1,2.03125
Dense5x40,430,1,1,1,1.376953125
Dense5x40,4924,1,1,1,1.97265625
Dense5x40,2984,1,1,1,1.2060546875
Dense5x40,7463,1,1,1,2.1435546875
Dense5x40,9549,1,1,1,1.7041015625
Dense5x40,5399,1,1,1,1.9091796875
Dense5x40,4085,1,1,1,1.796875
Dense5x40,1027,1,1,1,1.8017578125
Dense5x40,700,1,1,1,1.5478515625
Dense5x40,7934,1,1,1,0.7763671875
Dense5x40,9796,1,1,1,1.904296875
Dense5x40,3639,1,1,1,1.455078125
Dense5x40,2287,1,1,1,1.73828125
Dense5x40,272,1,1,1,1.6845703125
Dense5x40,3858,1,1,1,1.4013671875
Dense5x40,4318,1,1,1,0.9326171875
Dense5x40,2822,1,1,1,1.58203125
Dense5x40,6472,1,1,1,1.376953125
Dense5x40,7340,1,1,1,1.611328125
Dense5x40,7063,1,1,1,1.748046875
Dense5x40,3231,1,1,1,1.97265625
Dense5x40,190,1,1,1,1.513671875
Dense5x40,6868,1,1,1,1.7919921875
Dense5x40,8740,1,1,1,1.7431640625
Dense5x40,1736,1,1,1,1.5966796875
Dense5x40,2136,1,1,1,1.93359375
Dense5x40,1829,1,1,1,0.9423828125
Dense5x40,809,1,1,1,1.005859375
Dense5x40,1139,1,1,1,1.650390625
Dense5x40,3974,1,1,1,1.15234375
Dense5x40,6694,1,1,1,2.2265625
Dense5x40,3925,1,1,1,2.744140625
Dense5x40,948,1,1,1,1.5673828125
Dense5x40,8128,1,1,1,1.2548828125
Dense5x40,1715,1,1,1,1.6748046875
Dense5x40,3894,1,1,1,1.54296875
Dense5x40,8086,1,1,1,1.416015625
Dense5x40,5468,3,3,1,2.9443359375
Dense5x40,912,3,3,1,3.8232421875
Dense5x40,4026,3,3,1,2.7392578125
Dense5x40,4311,3,3,1,1.064453125
Dense5x40,5747,3,3,1,2.626953125
Dense5x40,6722,3,3,1,1.6015625
Dense5x40,6690,3,3,1,3.1689453125
Dense5x40,3407,3,3,1,3.0712890625
Dense5x40,3896,3,3,1,2.34375
Dense5x40,9022,3,3,1,0.4150390625
Dense5x40,3443,3,3,1,2.94921875
Dense5x40,8655,3,3,1,2.177734375
Dense5x40,7519,3,3,1,3.3984375
Dense5x40,9177,3,3,1,3.5205078125
Dense5x40,8362,3,3,1,0.60546875
Dense5x40,9670,3,3,1,2.32421875
Dense5x40,6389,3,3,1,2.9443359375
Dense5x40,309,3,3,1,2.8515625
Dense5x40,9027,3,3,1,3.4423828125
Dense5x40,7981,3,3,1,5.244140625
Dense5x40,734,3,3,1,2.333984375
Dense5x40,7470,3,3,1,3.984375
Dense5x40,3049,3,3,1,1.259765625
Dense5x40,9231,3,3,1,2.4267578125
Dense5x40,894,3,3,1,2.05078125
Dense5x40,9742,3,2,1,0.673828125
Dense5x40,7214,3,3,1,2.98828125
Dense5x40,3177,3,3,1,2.63671875
Dense5x40,6727,3,3,1,4.443359375
Dense5x40,6745,3,3,1,2.3828125
Dense5x40,76,3,3,1,2.0166015625
Dense5x40,7968,3,3,1,4.765625
Dense5x40,9828,3,3,1,0.146484375
Dense5x40,2348,3,3,1,1.7333984375
Dense5x40,8010,3,2,1,2.36328125
Dense5x40,5215,3,3,1,2.5341796875
Dense5x40,5616,3,3,1,2.1337890625
Dense5x40,6365,3,3,1,3.4716796875
Dense5x40,6821,3,3,1,3.3935546875
Dense5x40,8115,3,3,1,1.2548828125
Dense5x40,5638,3,3,1,2.705078125
Dense5x40,4437,3,3,1,0.9326171875
Dense5x40,3947,3,3,1,3.76953125
Dense5x40,887,3,3,1,2.138671875
Dense5x40,2992,3,3,1,1.875
Dense5x40,7568,3,3,1,1.953125
Dense5x40,6511,3,3,1,2.20703125
Dense5x40,2991,3,3,1,2.7587890625
Dense5x40,7065,3,3,1,2.451171875
Dense5x40,4222,3,3,1,0.322265625
Dense5x40,1731,3,3,1,2.6953125
Dense5x40,2989,3,3,1,0.8984375
Dense5x40,6930,3,3,1,2.1875
Dense5x40,2408,3,9,1,0.126953125
Dense5x40,2280,3,3,1,0.6494140625
Dense5x40,270,3,3,1,3.1103515625
Dense5x40,5054,3,3,1,0.1123046875
Dense5x40,8263,3,3,1,1.0986328125
Dense5x40,9011,3,3,1,2.1923828125
Dense5x40,6382,3,3,1,4.0869140625
Dense5x40,2647,3,3,1,2.2021484375
Dense5x40,7831,3,3,1,2.4658203125
Dense5x40,5635,3,3,1,3.1298828125
Dense5x40,90,3,3,1,2.939453125
Dense5x40,9579,3,3,1,3.779296875
Dense5x40,9727,3,3,1,3.90625
Dense5x40,1069,3,3,1,3.2861328125
Dense5x40,982,3,2,1,0.48828125
Dense5x40,6034,3,3,1,0.64453125
Dense5x40,44,3,3,1,2.2607421875
Dense5x40,2424,3,3,1,2.1044921875
Dense5x40,5955,3,8,1,3.10546875
Dense5x40,2364,3,3,1,3.0810546875
Dense5x40,6664,3,3,1,0.6884765625
Dense5x40,4469,3,3,1,2.0263671875
Dense5x40,2549,3,3,1,2.4365234375
Dense5x40,2222,3,3,1,2.9052734375
Dense5x40,4796,3,3,1,1.2255859375
Dense5x40,8703,3,3,1,2.568359375
Dense5x40,112,3,3,1,1.42578125
Dense5x40,9380,3,3,1,2.6904296875
Dense5x40,5225,3,3,1,1.8701171875
Dense5x40,923,3,3,1,4.7412109375
Dense5x40,8087,3,3,1,3.5107421875
Dense5x40,958,3,3,1,0.5126953125
Dense5x40,5892,3,3,1,2.36328125
Dense5x40,957,3,3,1,1.73828125
Dense5x40,7170,3,3,1,1.9580078125
Dense5x40,9656,3,3,1,2.4365234375
Dense5x40,1591,3,3,1,1.669921875
Dense5x40,6085,3,3,1,3.0810546875
Dense5x40,1442,3,3,1,2.8173828125
Dense5x40,7628,3,3,1,2.7685546875
Dense5x40,7431,3,3,1,2.275390625
Dense5x40,8867,3,3,1,2.1826171875
Dense5x40,669,3,3,1,2.451171875
Dense5x40,5479,3,3,1,2.32421875
Dense5x40,2045,3,3,1,3.1640625
Dense5x40,9100,3,3,1,3.525390625
Dense5x40,4635,3,3,1,1.9873046875
Dense5x45,2217,0,0,1,3.212890625
Dense5x45,2326,0,0,1,0.1953125
Dense5x45,6962,0,0,1,1.5869140625
Dense5x45,2333,0,0,1,1.201171875
Dense5x45,6241,0,0,1,2.783203125
Dense5x45,3013,0,0,1,3.2373046875
Dense5x45,4542,0,0,1,2.6953125
Dense5x45,6979,0,0,1,2.783203125
Dense5x45,5243,0,0,1,2.021484375
Dense5x45,9939,0,0,1,2.666015625
Dense5x45,1457,0,0,1,4.990234375
Dense5x45,2376,0,0,1,4.111328125
Dense5x45,3481,0,0,1,2.3193359375
Dense5x45,5307,0,0,1,3.2958984375
Dense5x45,9739,0,0,1,1.6162109375
Dense5x45,9930,0,0,1,2.3193359375
Dense5x45,1246,0,0,1,1.23046875
Dense5x45,2226,0,0,1,2.1435546875
Dense5x45,9425,0,0,1,1.6943359375
Dense5x45,7112,0,0,1,2.5830078125
Dense5x45,4392,0,0,1,4.35546875
Dense5x45,6753,0,0,1,3.3447265625
Dense5x45,2641,0,0,1,3.5888671875
Dense5x45,1261,0,0,1,2.626953125
Dense5x45,3940,0,0,1,3.564453125
Dense5x45,3306,0,0,1,2.783203125
Dense5x45,3864,0,0,1,2.6220703125
Dense5x45,327,0,0,1,2.8466796875
Dense5x45,7671,0,0,1,1.6650390625
Dense5x45,2417,0,0,1,2.20703125
Dense5x45,8382,0,0,1,0.908203125
Dense5x45,5035,0,0,1,2.5341796875
Dense5x45,1001,0,0,1,2.05078125
Dense5x45,9948,0,0,1,1.7724609375
Dense5x45,1288,0,0,1,1.484375
Dense5x45,3458,0,0,1,2.2216796875
Dense5x45,215,0,0,1,2.2216796875
Dense5x45,1610,0,0,1,4.21875
Dense5x45,6567,0,0,1,2.1630859375
Dense5x45,4887,0,0,1,2.1826171875
Dense5x45,4329,0,0,1,2.0947265625
Dense5x45,6583,0,0,1,2.8955078125
Dense5x45,3774,0,0,1,2.5048828125
Dense5x45,1197,0,0,1,1.30859375
Dense5x45,4958,0,0,1,3.30078125
Dense5x45,2435,0,0,1,2.607421875
Dense5x45,2329,0,2,1,2.3095703125
Dense5x45,2204,0,0,1,1.71875
Dense5x45,1907,0,0,1,1.5087890625
Dense5x45,4834,0,0,1,1.962890625
Dense5x45,7943,0,0,1,3.9208984375
Dense5x45,661,0,0,1,1.3818359375
Dense5x45,4227,0,0,1,2.3046875
Dense5x45,1708,0,0,1,3.0078125
Dense5x45,441,0,0,1,2.0751953125
Dense5x45,8548,0,0,1,3.9404296875
Dense5x45,6489,0,0,1,3.525390625
Dense5x45,9634,0,3,1,1.4501953125
Dense5x45,2527,0,0,1,2.3681640625
Dense5x45,8458,0,0,1,4.4482421875
Dense5x45,3032,0,0,1,3.4912109375
Dense5x45,6140,0,0,1,3.876953125
Dense5x45,6424,0,0,1,2.55859375
Dense5x45,4091,0,0,1,2.275390625
Dense5x45,3325,0,0,1,2.939453125
Dense5x45,904,0,0,1,2.880859375
Dense5x45,5529,0,0,1,2.9833984375
Dense5x45,2370,0,0,1,1.7919921875
Dense5x45,4208,0,0,1,2.3291015625
Dense5x45,3574,0,0,1,0.166015625
Dense5x45,6454,0,0,1,2.8271484375
Dense5x45,7838,0,0,1,4.3896484375
Dense5x45,4150,0,0,1,3.955078125
Dense5x45,4404,0,0,1,2.333984375
Dense5x45,4065,0,0,1,0.322265625
Dense5x45,1191,0,0,1,0.3955078125
Dense5x45,3179,0,0,1,3.6669921875
Dense5x45,7913,0,0,1,3.6474609375
Dense5x45,6259,0,0,1,3.30078125
Dense5x45,157,0,0,1,1.7626953125
Dense5x45,4023,0,0,1,2.939453125
Dense5x45,9105,0,0,1,3.9013671875
Dense5x45,6602,0,0,1,2.3095703125
Dense5x45,6003,0,0,1,3.57421875
Dense5x45,4554,0,0,1,3.53515625
Dense5x45,7830,0,0,1,3.8037109375
Dense5x45,9134,0,0,1,3.8427734375
Dense5x45,2764,0,0,1,2.2607421875
Dense5x45,7289,0,0,1,3.447265625
Dense5x45,188,0,0,1,3.671875
Dense5x45,5593,0,0,1,2.822265625
Dense5x45,7566,0,0,1,3.1298828125
Dense5x45,485,0,0,1,2.0068359375
Dense5x45,6280,0,0,1,2.958984375
Dense5x45,7506,0,0,1,2.7099609375
Dense5x45,9704,0,0,1,2.197265625
Dense5x45,6843,0,0,1,2.5244140625
Dense5x45,4188,0,0,1,2.1533203125
Dense5x45,5778,0,0,1,1.9677734375
Dense5x45,8595,0,0,1,3.427734375
Dense5x45,7563,1,1,1,1.9482421875
Dense5x45,6748,1,1,1,2.255859375
Dense5x45,682,1,1,1,1.6650390625
Dense5x45,1922,1,1,1,1.4892578125
Dense5x45,7053,1,1,1,1.6259765625
Dense5x45,6073,1,1,1,1.6357421875
Dense5x45,4606,1,1,1,1.337890625
Dense5x45,2164,1,1,1,1.5625
Dense5x45,5186,1,1,1,1.9384765625
Dense5x45,5013,1,1,1,2.0068359375
Dense5x45,5588,1,1,1,1.376953125
Dense5x45,3649,1,1,1,1.81640625
Dense5x45,265,1,1,1,2.001953125
Dense5x45,3601,1,1,1,0.6591796875
Dense5x45,9845,1,1,1,1.4111328125
Dense5x45,239,1,1,1,1.73828125
Dense5x45,3745,1,1,1,1.806640625
Dense5x45,7722,1,1,1,1.7822265625
Dense5x45,3237,1,1,1,1.5869140625
Dense5x45,8488,1,1,1,1.923828125
Dense5x45,7911,1,1,1,2.2607421875
Dense5x45,4303,1,1,1,1.6015625
Dense5x45,523,1,1,1,1.3916015625
Dense5x45,7626,1,1,1,1.7626953125
Dense5x45,9878,1,1,1,1.767578125
Dense5x45,2655,1,1,1,1.73828125
Dense5x45,4147,1,1,1,1.2353515625
Dense5x45,5902,1,1,1,1.8115234375
Dense5x45,9653,1,1,1,0.7177734375
Dense5x45,1673,1,1,1,1.240234375
Dense5x45,9772,1,1,1,1.9384765625
Dense5x45,6917,1,1,1,1.826171875
Dense5x45,5416,1,1,1,1.6552734375
Dense5x45,3765,1,1,1,1.9189453125
Dense5x45,749,1,1,1,1.533203125
Dense5x45,4337,1,1,1,2.0166015625
Dense5x45,2071,1,1,1,1.2060546875
Dense5x45,8268,1,1,1,1.875
Dense5x45,6757,1,1,1,2.4560546875
Dense5x45,4733,1,1,1,0.810546875
Dense5x45,6276,1,1,1,1.66015625
Dense5x45,6720,1,1,1,1.3671875
Dense5x45,8768,1,1,1,1.5087890625
Dense5x45,4655,1,1,1,1.1083984375
Dense5x45,9249,1,1,1,2.0068359375
Dense5x45,9848,1,1,1,2.0166015625
Dense5x45,1338,1,1,1,1.650390625
Dense5x45,4917,1,1,1,1.71875
Dense5x45,330,1,1,1,1.6796875
Dense5x45,7973,1,1,1,2.01171875
Dense5x45,4190,1,1,1,1.3671875
Dense5x45,2324,1,1,1,1.5576171875
Dense5x45,4872,1,1,1,1.4208984375
Dense5x45,1760,1,1,1,1.9287109375
Dense5x45,1939,1,1,1,1.54296875
Dense5x45,2411,1,1,1,1.73828125
Dense5x45,2599,1,1,1,1.6455078125
Dense5x45,9802,1,1,1,1.8994140625
Dense5x45,5943,1,1,1,1.2548828125
Dense5x45,6456,1,1,1,1.5380859375
Dense5x45,9005,1,1,1,2.158203125
Dense5x45,7405,1,1,1,2.431640625
Dense5x45,725,1,1,1,1.6650390625
Dense5x45,2287,1,1,1,1.748046875
Dense5x45,988,1,1,1,1.318359375
Dense5x45,4428,1,1,1,1.4306640625
Dense5x45,783,1,1,1,1.6015625
Dense5x45,1830,1,1,1,1.572265625
Dense5x45,836,1,1,1,1.46484375
Dense5x45,7176,1,1,1,1.9140625
Dense5x45,1254,1,1,1,1.552734375
Dense5x45,8559,1,1,1,2.12890625
Dense5x45,7686,1,1,1,1.6943359375
Dense5x45,176,1,1,1,1.4599609375
Dense5x45,5873,1,1,1,1.9287109375
Dense5x45,4595,1,1,1,1.826171875
Dense5x45,8873,1,1,1,1.6650390625
Dense5x45,735,1,1,1,1.6650390625
Dense5x45,7980,1,1,1,2.0849609375
Dense5x45,4267,1,1,1,1.7919921875
Dense5x45,7717,1,1,1,1.962890625
Dense5x45,342,1,1,1,1.77734375
Dense5x45,7191,1,1,1,1.34765625
Dense5x45,4386,1,1,1,1.689453125
Dense5x45,5661,1,1,1,1.73828125
Dense5x45,3203,1,1,1,1.4453125
Dense5x45,5552,1,1,1,1.4013671875
Dense5x45,4564,1,1,1,2.0068359375
Dense5x45,1582,1,1,1,1.806640625
Dense5x45,6702,1,1,1,1.66015625
Dense5x45,2504,1,1,1,1.2353515625
Dense5x45,7165,1,1,1,2.138671875
Dense5x45,6506,1,1,1,1.9287109375
Dense5x45,2753,1,1,1,1.6845703125
Dense5x45,6604,1,1,1,2.021484375
Dense5x45,1986,1,1,1,1.8994140625
Dense5x45,1555,1,1,1,1.7431640625
Dense5x45,8439,1,1,1,1.1767578125
Dense5x45,9599,1,1,1,1.806640625
Dense5x45,900,1,1,1,0.615234375
Dense5x45,6465,3,3,1,1.416015625
Dense5x45,9697,3,3,1,1.2060546875
Dense5x45,2632,3,3,1,2.9296875
Dense5x45,2408,3,3,1,1.7041015625
Dense5x45,5225,3,3,1,2.2021484375
Dense5x45,8130,3,3,1,2.578125
Dense5x45,6312,3,3,1,3.2861328125
Dense5x45,548,3,3,1,1.42578125
Dense5x45,1215,3,3,1,1.6650390625
Dense5x45,1495,3,3,1,1.0498046875
Dense5x45,5146,3,3,1,2.8759765625
Dense5x45,4638,3,3,1,2.998046875
Dense5x45,6204,3,3,1,3.0419921875
Dense5x45,5168,3,3,1,4.0625
Dense5x45,923,3,3,1,4.5751953125
Dense5x45,9474,3,3,1,2.20703125
Dense5x45,1765,3,3,1,1.7431640625
Dense5x45,2020,3,3,1,2.3486328125
Dense5x45,9175,3,3,1,3.486328125
Dense5x45,782,3,3,1,2.5
Dense5x45,4990,3,8,1,0.1904296875
Dense5x45,6255,3,3,1,3.1103515625
Dense5x45,7993,3,3,1,3.359375
Dense5x45,5583,3,3,1,2.2021484375
Dense5x45,9872,3,3,1,3.2177734375
Dense5x45,1265,3,3,1,1.85546875
Dense5x45,1769,3,3,1,1.42578125
Dense5x45,6432,3,3,1,2.8271484375
Dense5x45,8115,3,3,1,2.0068359375
Dense5x45,7529,3,3,1,3.7353515625
Dense5x45,8910,3,3,1,2.685546875
Dense5x45,4277,3,3,1,1.7724609375
Dense5x45,6801,3,3,1,2.40234375
Dense5x45,6690,3,3,1,2.59765625
Dense5x45,8171,3,3,1,1.201171875
Dense5x45,464,3,7,1,0.3125
Dense5x45,1923,3,3,1,3.45703125
Dense5x45,1020,3,3,1,2.001953125
Dense5x45,6511,3,3,1,0.6103515625
Dense5x45,8660,3,3,1,3.7255859375
Dense5x45,3074,3,3,1,3.1591796875
Dense5x45,8777,3,3,1,3.9453125
Dense5x45,2955,3,3,1,5.5029296875
Dense5x45,2756,3,3,1,0.0732421875
Dense5x45,6739,3,3,1,1.689453125
Dense5x45,2502,3,3,1,2.8857421875
Dense5x45,991,3,3,1,3.2177734375
Dense5x45,3110,3,5,1,1.083984375
Dense5x45,3407,3,3,1,2.8662109375
Dense5x45,4552,3,3,1,2.7490234375
Dense5x45,3469,3,3,1,2.3779296875
Dense5x45,7763,3,3,1,3.6376953125
Dense5x45,3221,3,3,1,3.6962890625
Dense5x45,6370,3,3,1,1.240234375
Dense5x45,2441,3,3,1,0.322265625
Dense5x45,1913,3,3,1,0.2587890625
Dense5x45,8162,3,3,1,3.7060546875
Dense5x45,7644,3,3,1,2.2509765625
Dense5x45,3738,3,3,1,1.904296875
Dense5x45,2989,3,3,1,0.927734375
Dense5x45,7215,3,3,1,3.349609375
Dense5x45,865,3,3,1,2.119140625
Dense5x45,9828,3,3,1,2.001953125
Dense5x45,5181,3,3,1,2.9052734375
Dense5x45,7639,3,3,1,2.7685546875
Dense5x45,9332,3,3,1,1.884765625
Dense5x45,3045,3,3,1,3.4521484375
Dense5x45,9804,3,3,1,3.076171875
Dense5x45,890,3,5,1,0.234375
Dense5x45,2921,3,0,1,0.41015625
Dense5x45,683,3,3,1,1.7578125
Dense5x45,7207,3,3,1,3.291015625
Dense5x45,3916,3,3,1,1.5673828125
Dense5x45,2893,3,3,1,3.6474609375
Dense5x45,1513,3,3,1,2.0263671875
Dense5x45,1832,3,3,1,1.7138671875
Dense5x45,7656,3,3,1,2.509765625
Dense5x45,6174,3,3,1,1.5087890625
Dense5x45,7905,3,2,1,2.2802734375
Dense5x45,1615,3,3,1,3.3544921875
Dense5x45,2427,3,3,1,2.34375
Dense5x45,577,3,3,1,2.490234375
Dense5x45,1367,3,3,1,3.6669921875
Dense5x45,887,3,3,1,2.2265625
Dense5x45,4928,3,3,1,1.8505859375
Dense5x45,957,3,3,1,1.8798828125
Dense5x45,3944,3,3,1,2.294921875
Dense5x45,574,3,3,1,2.5439453125
Dense5x45,4664,3,3,1,1.982421875
Dense5x45,1856,3,3,1,1.904296875
Dense5x45,4469,3,3,1,2.1435546875
Dense5x45,8533,3,3,1,2.8173828125
Dense5x45,8461,3,3,1,3.2275390625
Dense5x45,2647,3,3,1,2.51953125
Dense5x45,4443,3,3,1,0.60546875
Dense5x45,1591,3,3,1,2.392578125
Dense5x45,313,3,3,1,0.439453125
Dense5x45,7484,3,3,1,3.2861328125
Dense5x45,5062,3,3,1,2.4462890625
Dense5x45,7350,3,3,1,1.8212890625
Dense5x50,8007,0,0,1,5.263671875
Dense5x50,3608,0,0,1,5.1318359375
Dense5x50,8343,0,0,1,2.96875
Dense5x50,6127,0,0,1,5.5224609375
Dense5x50,9459,0,0,1,4.2724609375
Dense5x50,3903,0,0,1,3.2666015625
Dense5x50,5756,0,0,1,2.8369140625
Dense5x50,6651,0,8,1,0.107421875
Dense5x50,3830,0,0,1,4.0234375
Dense5x50,3989,0,0,1,1.6552734375
Dense5x50,5669,0,0,1,5.1904296875
Dense5x50,6781,0,0,1,5.5615234375
Dense5x50,3087,0,0,1,3.369140625
Dense5x50,2765,0,0,1,3.037109375
Dense5x50,5942,0,0,1,3.984375
Dense5x50,6921,0,0,1,2.7978515625
Dense5x50,7706,0,0,1,3.2666015625
Dense5x50,365,0,0,1,2.1533203125
Dense5x50,6580,0,0,1,2.470703125
Dense5x50,9688,0,0,1,2.6611328125
Dense5x50,5865,0,0,1,4.1015625
Dense5x50,717,0,6,1,1.142578125
Dense5x50,7607,0,0,1,3.203125
Dense5x50,5139,0,0,1,4.2822265625
Dense5x50,7255,0,0,1,2.7392578125
Dense5x50,4286,0,0,1,2.099609375
Dense5x50,2687,0,0,1,2.4072265625
Dense5x50,9105,0,0,1,4.0185546875
Dense5x50,4527,0,0,1,2.6708984375
Dense5x50,7506,0,0,1,3.80859375
Dense5x50,9791,0,0,1,1.962890625
Dense5x50,2763,0,0,1,2.91015625
Dense5x50,1959,0,0,1,1.9677734375
Dense5x50,6621,0,0,1,1.2060546875
Dense5x50,1084,0,0,1,4.375
Dense5x50,4718,0,0,1,3.203125
Dense5x50,1621,0,6,1,1.19140625
Dense5x50,3724,0,0,1,3.193359375
Dense5x50,6280,0,0,1,4.306640625
Dense5x50,7449,0,0,1,2.9345703125
Dense5x50,8458,0,0,1,4.94140625
Dense5x50,7817,0,0,1,4.8779296875
Dense5x50,3980,0,0,1,3.759765625
Dense5x50,2190,0,0,1,2.2998046875
Dense5x50,7625,0,0,1,3.603515625
Dense5x50,2649,0,0,1,4.7314453125
Dense5x50,1148,0,0,1,2.8564453125
Dense5x50,7593,0,0,1,4.1552734375
Dense5x50,3178,0,0,1,2.8271484375
Dense5x50,188,0,0,1,4.560546875
Dense5x50,2492,0,0,1,4.111328125
Dense5x50,9739,0,0,1,1.7431640625
Dense5x50,2326,0,0,1,1.9775390625
Dense5x50,6191,0,0,1,4.6435546875
Dense5x50,2209,0,0,1,2.2314453125
Dense5x50,6833,0,0,1,4.1845703125
Dense5x50,2811,0,0,1,2.802734375
Dense5x50,1333,0,0,1,4.0966796875
Dense5x50,3243,0,0,1,1.6064453125
Dense5x50,9809,0,0,1,2.2998046875
Dense5x50,1379,0,0,1,3.046875
Dense5x50,2536,0,0,1,6.396484375
Dense5x50,9264,0,0,1,2.1630859375
Dense5x50,3710,0,0,1,1.474609375
Dense5x50,490,0,0,1,1.123046875
Dense5x50,71,0,0,1,4.3603515625
Dense5x50,459,0,0,1,2.44140625
Dense5x50,6779,0,0,1,3.7060546875
Dense5x50,4403,0,0,1,1.1376953125
Dense5x50,7791,0,0,1,4.3603515625
Dense5x50,4447,0,0,1,3.212890625
Dense5x50,7868,0,0,1,4.716796875
Dense5x50,3512,0,0,1,3.046875
Dense5x50,5812,0,0,1,3.2421875
Dense5x50,8152,0,0,1,4.6826171875
Dense5x50,9004,0,0,1,2.8173828125
Dense5x50,6923,0,0,1,2.4853515625
Dense5x50,6532,0,0,1,1.9775390625
Dense5x50,8795,0,0,1,3.1103515625
Dense5x50,6097,0,0,1,5.0830078125
Dense5x50,2060,0,0,1,4.0478515625
Dense5x50,8921,0,0,1,2.7978515625
Dense5x50,845,0,0,1,2.099609375
Dense5x50,7161,0,0,1,2.44140625
Dense5x50,7866,0,0,1,3.7939453125
Dense5x50,1273,0,0,1,2.40234375
Dense5x50,9189,0,0,1,3.896484375
Dense5x50,4327,0,0,1,2.0361328125
Dense5x50,7139,0,0,1,2.7099609375
Dense5x50,441,0,0,1,2.3291015625
Dense5x50,7838,0,0,1,4.7509765625
Dense5x50,2329,0,2,1,0.4296875
Dense5x50,8851,0,0,1,2.7392578125
Dense5x50,6129,0,0,1,5.1708984375
Dense5x50,5320,0,0,1,3.0224609375
Dense5x50,2899,0,0,1,2.6611328125
Dense5x50,2096,0,0,1,3.7939453125
Dense5x50,3013,0,0,1,3.84765625
Dense5x50,10,0,0,1,2.529296875
Dense5x50,8307,0,0,1,2.7294921875
Dense5x50,6917,1,1,1,1.904296875
Dense5x50,7636,1,1,1,1.640625
Dense5x50,8048,1,1,1,1.962890625
Dense5x50,9518,1,1,1,1.8603515625
Dense5x50,5604,1,1,1,1.6748046875
Dense5x50,5193,1,1,1,1.259765625
Dense5x50,2416,1,1,1,1.8408203125
Dense5x50,3789,1,1,1,2.1875
Dense5x50,2706,1,1,1,1.748046875
Dense5x50,2661,1,1,1,1.8701171875
Dense5x50,1900,1,1,1,1.6162109375
Dense5x50,4877,1,1,1,1.5869140625
Dense5x50,2283,1,1,1,1.8408203125
Dense5x50,6125,1,1,1,2.1337890625
Dense5x50,9121,1,1,1,2.0703125
Dense5x50,8086,1,1,1,1.7724609375
Dense5x50,1582,1,1,1,1.8359375
Dense5x50,8922,1,1,1,2.0849609375
Dense5x50,9180,1,1,1,2.4755859375
Dense5x50,2928,1,1,1,2.0458984375
Dense5x50,1939,1,1,1,1.85546875
Dense5x50,7442,1,1,1,1.6064453125
Dense5x50,1448,1,1,1,1.3623046875
Dense5x50,8692,1,1,1,1.884765625
Dense5x50,3454,1,1,1,2.0166015625
Dense5x50,168,1,1,1,2.0703125
Dense5x50,1392,1,1,1,1.0791015625
Dense5x50,8306,1,1,1,2.0361328125
Dense5x50,5186,1,1,1,1.9677734375
Dense5x50,523,1,1,1,0.615234375
Dense5x50,4201,1,1,1,0.41015625
Dense5x50,994,1,1,1,1.0888671875
Dense5x50,7253,1,1,1,1.845703125
Dense5x50,1316,1,1,1,2.041015625
Dense5x50,4924,1,1,1,1.7724609375
Dense5x50,2827,1,1,1,0.8203125
Dense5x50,949,1,1,1,1.9287109375
Dense5x50,6661,1,1,1,2.4365234375
Dense5x50,1528,1,1,1,1.9970703125
Dense5x50,6720,1,1,1,1.9970703125
Dense5x50,8233,1,1,1,2.470703125
Dense5x50,5970,1,1,1,1.611328125
Dense5x50,8809,1,1,1,1.611328125
Dense5x50,5052,1,1,1,1.416015625
Dense5x50,7023,1,1,1,1.2939453125
Dense5x50,9155,1,1,1,1.875
Dense5x50,3651,1,1,1,2.0068359375
Dense5x50,1736,1,1,1,1.591796875
Dense5x50,1338,1,1,1,1.884765625
Dense5x50,9594,1,1,1,2.2314453125
Dense5x50,5460,1,1,1,1.3818359375
Dense5x50,196,1,1,1,1.8701171875
Dense5x50,6869,1,1,1,1.669921875
Dense5x50,5281,1,1,1,1.8798828125
Dense5x50,2753,1,1,1,1.5283203125
Dense5x50,2324,1,1,1,1.5625
Dense5x50,2541,1,1,1,1.5771484375
Dense5x50,37,1,1,1,1.689453125
Dense5x50,8887,1,1,1,1.669921875
Dense5x50,1025,1,1,1,1.8603515625
Dense5x50,6108,1,1,1,2.44140625
Dense5x50,619,1,8,1,0.5810546875
Dense5x50,9705,1,1,1,1.8212890625
Dense5x50,4021,1,1,1,1.904296875
Dense5x50,5457,1,8,1,0.8056640625
Dense5x50,2868,1,1,1,2.0166015625
Dense5x50,9912,1,1,1,1.81640625
Dense5x50,2786,1,1,1,1.328125
Dense5x50,9171,1,1,1,2.0654296875
Dense5x50,9795,1,1,1,1.2890625
Dense5x50,5998,1,1,1,1.3818359375
Dense5x50,1844,1,1,1,1.474609375
Dense5x50,8100,1,1,1,2.01171875
Dense5x50,5535,1,1,1,1.4306640625
Dense5x50,2902,1,1,1,1.9921875
Dense5x50,963,1,1,1,0.99609375
Dense5x50,2316,1,1,1,1.8017578125
Dense5x50,3433,1,1,1,1.69921875
Dense5x50,6141,1,1,1,1.9921875
Dense5x50,6928,1,1,1,2.20703125
Dense5x50,29,1,1,1,1.50390625
Dense5x50,1988,1,1,1,1.4892578125
Dense5x50,7507,1,1,1,1.7529296875
Dense5x50,4759,1,1,1,0.9521484375
Dense5x50,3092,1,1,1,1.07421875
Dense5x50,5453,1,1,1,1.9287109375
Dense5x50,5738,1,1,1,1.85546875
Dense5x50,1603,1,1,1,2.255859375
Dense5x50,3649,1,1,1,2.1484375
Dense5x50,4153,1,1,1,2.041015625
Dense5x50,3214,1,1,1,1.5185546875
Dense5x50,7954,1,1,1,2.03125
Dense5x50,4674,1,1,1,1.591796875
Dense5x50,615,1,1,1,1.89453125
Dense5x50,1876,1,1,1,1.767578125
Dense5x50,9051,1,1,1,1.3818359375
Dense5x50,6484,1,1,1,1.923828125
Dense5x50,7173,1,1,1,2.158203125
Dense5x50,5689,1,1,1,1.7578125
Dense5x50,6789,1,1,1,1.8017578125
Dense5x50,6930,3,3,1,1.9775390625
Dense5x50,9431,3,3,1,2.646484375
Dense5x50,6440,3,3,1,3.310546875
Dense5x50,1997,3,3,1,2.4365234375
Dense5x50,6075,3,3,1,1.201171875
Dense5x50,9308,3,3,1,1.533203125
Dense5x50,3548,3,3,1,2.1142578125
Dense5x50,8597,3,3,1,1.396484375
Dense5x50,4393,3,3,1,3.49609375
Dense5x50,7257,3,3,1,3.6669921875
Dense5x50,9235,3,3,1,2.67578125
Dense5x50,9943,3,3,1,0.8447265625
Dense5x50,1608,3,3,1,3.1787109375
Dense5x50,3299,3,3,1,2.4462890625
Dense5x50,3476,3,3,1,1.1474609375
Dense5x50,1928,3,3,1,2.6025390625
Dense5x50,4635,3,3,1,0.3515625
Dense5x50,3686,3,3,1,1.7822265625
Dense5x50,8429,3,3,1,2.48046875
Dense5x50,9275,3,3,1,2.939453125
Dense5x50,1617,3,3,1,1.9873046875
Dense5x50,4535,3,3,1,3.125
Dense5x50,1586,3,3,1,1.6015625
Dense5x50,2351,3,3,1,2.1240234375
Dense5x50,2011,3,3,1,2.5390625
Dense5x50,1472,3,3,1,1.455078125
Dense5x50,1127,3,3,1,1.97265625
Dense5x50,3045,3,3,1,3.3056640625
Dense5x50,2716,3,3,1,3.5888671875
Dense5x50,7983,3,3,1,4.736328125
Dense5x50,3475,3,7,1,0.1220703125
Dense5x50,2681,3,3,1,0.9033203125
Dense5x50,5336,3,3,1,2.2216796875
Dense5x50,1134,3,3,1,3.974609375
Dense5x50,8910,3,3,1,3.2763671875
Dense5x50,6289,3,3,1,2.7001953125
Dense5x50,8162,3,3,1,2.744140625
Dense5x50,657,3,3,1,3.212890625
Dense5x50,5841,3,3,1,0.185546875
Dense5x50,2906,3,5,1,0.107421875
Dense5x50,982,3,2,1,0.3076171875
Dense5x50,9430,3,3,1,3.4033203125
Dense5x50,76,3,3,1,2.265625
Dense5x50,9914,3,3,1,1.474609375
Dense5x50,4613,3,3,1,1.9677734375
Dense5x50,3486,3,3,1,3.486328125
Dense5x50,9157,3,3,1,3.1298828125
Dense5x50,1765,3,3,1,1.4599609375
Dense5x50,8766,3,3,1,3.525390625
Dense5x50,3642,3,3,1,3.359375
Dense5x50,4770,3,3,1,2.841796875
Dense5x50,2109,3,7,1,1.25
Dense5x50,7730,3,3,1,2.6708984375
Dense5x50,68,3,3,1,3.2568359375
Dense5x50,309,3,3,1,3.0322265625
Dense5x50,2174,3,3,1,0.44921875
Dense5x50,4552,3,3,1,1.2158203125
Dense5x50,2300,3,3,1,1.9970703125
Dense5x50,4904,3,3,1,3.4375
Dense5x50,6575,3,3,1,1.142578125
Dense5x50,4430,3,3,1,4.35546875
Dense5x50,8206,3,3,1,3.2177734375
Dense5x50,4256,3,3,1,1.2939453125
Dense5x50,2453,3,3,1,1.7919921875
Dense5x50,6727,3,3,1,4.00390625
Dense5x50,4907,3,3,1,1.9677734375
Dense5x50,5628,3,3,1,2.451171875
Dense5x50,811,3,3,1,2.4658203125
Dense5x50,6432,3,3,1,0.4541015625
Dense5x50,9804,3,3,1,2.666015625
Dense5x50,2025,3,3,1,1.669921875
Dense5x50,5293,3,3,1,1.9677734375
Dense5x50,1730,3,8,1,0.263671875
Dense5x50,6501,3,3,1,2.5244140625
Dense5x50,9177,3,3,1,3.7744140625
Dense5x50,1284,3,3,1,2.8271484375
Dense5x50,1840,3,3,1,4.90234375
Dense5x50,3432,3,3,1,1.0302734375
Dense5x50,3221,3,3,1,4.482421875
Dense5x50,3085,3,3,1,1.6064453125
Dense5x50,3285,3,3,1,2.03125
Dense5x50,9501,3,3,1,2.0458984375
Dense5x50,7936,3,3,1,2.890625
Dense5x50,3083,3,3,1,4.794921875
Dense5x50,1923,3,3,1,4.12109375
Dense5x50,231,3,3,1,1.97265625
Dense5x50,8246,3,3,1,0.1220703125
Dense5x50,4532,3,3,1,2.3486328125
Dense5x50,1463,3,3,1,1.03515625
Dense5x50,3549,3,2,1,0.2392578125
Dense5x50,4501,3,3,1,3.115234375
Dense5x50,5158,3,3,1,4.16015625
Dense5x50,8328,3,3,1,4.2626953125
Dense5x50,310,3,3,1,1.9384765625
Dense5x50,5418,3,3,1,3.5302734375
Dense5x50,5764,3,3,1,2.4951171875
Dense5x50,6290,3,3,1,2.275390625
Dense5x50,6151,3,3,1,3.7548828125
Dense5x50,4366,3,3,1,3.1689453125
Dense5x50,4638,3,3,1,4.2333984375
Dense5x55,2370,0,0,1,0.9814453125
Dense5x55,1558,0,0,1,1.484375
Dense5x55,4824,0,0,1,1.435546875
Dense5x55,2999,0,0,1,2.4072265625
Dense5x55,5043,0,0,1,3.5302734375
Dense5x55,1972,0,0,1,4.1015625
Dense5x55,1713,0,0,1,2.4267578125
Dense5x55,8179,0,0,1,3.6572265625
Dense5x55,6672,0,0,1,2.783203125
Dense5x55,5870,0,0,1,2.0263671875
Dense5x55,5155,0,0,1,2.294921875
Dense5x55,8634,0,0,1,1.6650390625
Dense5x55,1195,0,0,1,3.1201171875
Dense5x55,9311,0,0,1,2.2802734375
Dense5x55,4527,0,0,1,2.6611328125
Dense5x55,8414,0,0,1,1.298828125
Dense5x55,305,0,0,1,2.5390625
Dense5x55,9527,0,0,1,2.6220703125
Dense5x55,3371,0,0,1,2.5634765625
Dense5x55,1379,0,0,1,3.7451171875
Dense5x55,8772,0,0,1,4.16015625
Dense5x55,7868,0,0,1,4.462890625
Dense5x55,6947,0,0,1,4.4287109375
Dense5x55,5251,0,0,1,1.8701171875
Dense5x55,5847,0,0,1,3.134765625
Dense5x55,55,0,0,1,1.7041015625
Dense5x55,9601,0,0,1,2.9541015625
Dense5x55,5965,0,0,1,3.759765625
Dense5x55,7706,0,0,1,2.7001953125
Dense5x55,8127,0,0,1,4.0087890625
Dense5x55,7747,0,0,1,3.45703125
Dense5x55,1034,0,0,1,2.40234375
Dense5x55,6719,0,0,1,3.6083984375
Dense5x55,9339,0,0,1,2.392578125
Dense5x55,1777,0,0,1,2.03125
Dense5x55,932,0,0,1,2.744140625
Dense5x55,763,0,0,1,2.2509765625
Dense5x55,2707,0,0,1,3.26171875
Dense5x55,8513,0,0,1,3.359375
Dense5x55,9677,0,0,1,0.6005859375
Dense5x55,1764,0,0,1,0.576171875
Dense5x55,1590,0,0,1,1.6943359375
Dense5x55,1411,0,0,1,2.1142578125
Dense5x55,4641,0,0,1,2.060546875
Dense5x55,2660,0,0,1,1.7529296875
Dense5x55,6546,0,0,1,2.5927734375
Dense5x55,1001,0,0,1,1.8115234375
Dense5x55,3805,0,0,1,1.962890625
Dense5x55,8307,0,0,1,3.369140625
Dense5x55,5942,0,0,1,4.6240234375
Dense5x55,3989,0,0,1,1.6064453125
Dense5x55,9897,0,0,1,2.890625
Dense5x55,9459,0,0,1,4.1552734375
Dense5x55,9704,0,0,1,3.61328125
Dense5x55,5165,0,0,1,0.908203125
Dense5x55,3660,0,0,1,3.1640625
Dense5x55,6429,0,0,1,4.4091796875
Dense5x55,545,0,0,1,1.9091796875
Dense5x55,8212,0,0,1,2.9150390625
Dense5x55,9647,0,0,1,3.310546875
Dense5x55,5987,0,0,1,2.0068359375
Dense5x55,5320,0,0,1,2.8857421875
Dense5x55,2717,0,0,1,2.978515625
Dense5x55,597,0,0,1,1.0400390625
Dense5x55,8859,0,0,1,1.9873046875
Dense5x55,9414,0,0,1,3.9599609375
Dense5x55,2329,0,2,1,0.9033203125
Dense5x55,4477,0,6,1,0.673828125
Dense5x55,7601,0,0,1,3.076171875
Dense5x55,8818,0,0,1,3.5498046875
Dense5x55,2794,0,0,1,1.3623046875
Dense5x55,8808,0,0,1,3.3251953125
Dense5x55,1197,0,0,1,1.0986328125
Dense5x55,7526,0,0,1,3.3740234375
Dense5x55,485,0,0,1,2.2265625
Dense5x55,5505,0,0,1,2.5439453125
Dense5x55,8881,0,0,1,2.6416015625
Dense5x55,3090,0,0,1,2.4853515625
Dense5x55,2328,0,0,1,1.6943359375
Dense5x55,3680,0,0,1,3.2763671875
Dense5x55,5249,0,0,1,2.822265625
Dense5x55,5513,0,0,1,2.578125
Dense5x55,8978,0,0,1,3.96484375
Dense5x55,25,0,0,1,3.0810546875
Dense5x55,7671,0,0,1,1.845703125
Dense5x55,5244,0,0,1,2.4609375
Dense5x55,8021,0,0,1,2.509765625
Dense5x55,1808,0,0,1,0.9130859375
Dense5x55,3496,0,0,1,1.513671875
Dense5x55,2763,0,0,1,2.314453125
Dense5x55,7555,0,0,1,2.44140625
Dense5x55,9162,0,0,1,1.8505859375
Dense5x55,1457,0,0,1,5.498046875
Dense5x55,5255,0,6,1,1.9140625
Dense5x55,2779,0,0,1,4.6923828125
Dense5x55,2378,0,0,1,1.6259765625
Dense5x55,4862,0,0,1,3.291015625
Dense5x55,6970,0,0,1,2.7490234375
Dense5x55,1757,0,0,1,2.0654296875
Dense5x55,6003,0,0,1,3.1640625
Dense5x55,3605,1,1,1,1.8359375
Dense5x55,4144,1,1,1,2.060546875
Dense5x55,9594,1,1,1,1.40625
Dense5x55,831,1,1,1,1.7724609375
Dense5x55,6901,1,1,1,1.7333984375
Dense5x55,2444,1,1,1,1.6162109375
Dense5x55,1993,1,1,1,2.080078125
Dense5x55,5553,1,1,1,2.1142578125
Dense5x55,504,1,1,1,1.3330078125
Dense5x55,4179,1,1,1,1.7724609375
Dense5x55,1945,1,1,1,2.021484375
Dense5x55,2041,1,1,1,1.4599609375
Dense5x55,409,1,1,1,1.6357421875
Dense5x55,2553,1,1,1,1.630859375
Dense5x55,3900,1,1,1,1.7529296875
Dense5x55,6604,1,1,1,1.7138671875
Dense5x55,7468,1,1,1,2.4267578125
Dense5x55,7176,1,1,1,1.66015625
Dense5x55,7290,1,1,1,1.865234375
Dense5x55,8724,1,1,1,1.8505859375
Dense5x55,1728,1,1,1,1.6162109375
Dense5x55,840,1,1,1,2.1240234375
Dense5x55,4847,1,1,1,1.376953125
Dense5x55,2510,1,1,1,1.0400390625
Dense5x55,2071,1,1,1,1.3818359375
Dense5x55,3925,1,1,1,2.353515625
Dense5x55,1038,1,1,1,1.484375
Dense5x55,427,1,1,1,1.630859375
Dense5x55,302,1,1,1,2.1240234375
Dense5x55,6073,1,1,1,1.435546875
Dense5x55,7900,1,1,1,1.5283203125
Dense5x55,7608,1,1,1,2.34375
Dense5x55,9180,1,1,1,2.275390625
Dense5x55,5746,1,1,1,0.9716796875
Dense5x55,9265,1,1,1,1.19140625
Dense5x55,2228,1,1,1,1.23046875
Dense5x55,5193,1,1,1,1.376953125
Dense5x55,5524,1,1,1,1.8701171875
Dense5x55,5848,1,1,1,1.787109375
Dense5x55,8636,1,1,1,1.9580078125
Dense5x55,5534,1,1,1,2.08984375
Dense5x55,4267,1,1,1,1.8994140625
Dense5x55,848,1,1,1,1.8798828125
Dense5x55,2676,1,1,1,1.03515625
Dense5x55,8971,1,1,1,2.1826171875
Dense5x55,7911,1,1,1,2.36328125
Dense5x55,9643,1,7,1,0.0634765625
Dense5x55,1780,1,1,1,1.640625
Dense5x55,2816,1,1,1,1.4990234375
Dense5x55,350,1,1,1,1.5966796875
Dense5x55,377,1,1,1,1.669921875
Dense5x55,2504,1,1,1,1.259765625
Dense5x55,7717,1,1,1,1.69921875
Dense5x55,1835,1,1,1,1.728515625
Dense5x55,4691,1,1,1,1.9482421875
Dense5x55,850,1,1,1,1.9189453125
Dense5x55,3843,1,1,1,1.6162109375
Dense5x55,1861,1,1,1,1.806640625
Dense5x55,2997,1,1,1,1.6455078125
Dense5x55,9233,1,1,1,2.607421875
Dense5x55,6928,1,1,1,1.9873046875
Dense5x55,5361,1,1,1,2.2265625
Dense5x55,6809,1,1,1,1.3232421875
Dense5x55,9444,1,1,1,1.640625
Dense5x55,4507,1,1,1,1.884765625
Dense5x55,7896,1,1,1,1.8212890625
Dense5x55,8914,1,1,1,1.9775390625
Dense5x55,3092,1,1,1,1.42578125
Dense5x55,6848,1,1,1,1.6064453125
Dense5x55,9641,1,1,1,1.6259765625
Dense5x55,6502,1,1,1,2.0703125
Dense5x55,6135,1,1,1,1.9775390625
Dense5x55,9699,1,1,1,1.58203125
Dense5x55,7738,1,1,1,1.7724609375
Dense5x55,9313,1,1,1,1.62109375
Dense5x55,9415,1,1,1,1.73828125
Dense5x55,8976,1,1,1,1.81640625
Dense5x55,6748,1,1,1,2.0751953125
Dense5x55,2868,1,1,1,1.9091796875
Dense5x55,6232,1,1,1,1.77734375
Dense5x55,7442,1,1,1,1.6845703125
Dense5x55,2136,1,1,1,1.8408203125
Dense5x55,2239,1,1,1,1.3818359375
Dense5x55,6438,1,1,1,1.611328125
Dense5x55,4249,1,1,1,1.69921875
Dense5x55,4035,1,1,1,1.8310546875
Dense5x55,809,1,1,1,1.318359375
Dense5x55,768,1,1,1,2.0556640625
Dense5x55,5893,1,1,1,1.669921875
Dense5x55,7340,1,1,1,1.9580078125
Dense5x55,5258,1,1,1,1.8896484375
Dense5x55,2175,1,1,1,1.435546875
Dense5x55,1704,1,1,1,1.4794921875
Dense5x55,6572,1,1,1,0.13671875
Dense5x55,5839,1,1,1,1.97265625
Dense5x55,2051,1,1,1,1.708984375
Dense5x55,9923,1,1,1,1.943359375
Dense5x55,3281,1,1,1,1.54296875
Dense5x55,6976,1,1,1,1.8505859375
Dense5x55,6008,1,1,1,1.7138671875
Dense5x55,569,3,3,1,1.3623046875
Dense5x55,5382,3,3,1,3.1298828125
Dense5x55,1384,3,3,1,1.806640625
Dense5x55,2281,3,3,1,2.4609375
Dense5x55,8087,3,3,1,3.8916015625
Dense5x55,637,3,3,1,1.1279296875
Dense5x55,4277,3,3,1,2.1435546875
Dense5x55,6061,3,3,1,2.666015625
Dense5x55,9275,3,3,1,2.1923828125
Dense5x55,7104,3,3,1,2.509765625
Dense5x55,3686,3,3,1,1.7724609375
Dense5x55,7097,3,3,1,2.7197265625
Dense5x55,3742,3,3,1,1.4892578125
Dense5x55,6876,3,3,1,2.275390625
Dense5x55,6511,3,3,1,1.19140625
Dense5x55,9479,3,3,1,2.2314453125
Dense5x55,1539,3,3,1,2.607421875
Dense5x55,4940,3,3,1,3.92578125
Dense5x55,7026,3,3,1,3.4716796875
Dense5x55,2955,3,3,1,4.9267578125
Dense5x55,578,3,2,1,0.1904296875
Dense5x55,1837,3,3,1,1.875
Dense5x55,9812,3,3,1,1.9287109375
Dense5x55,2222,3,3,1,2.24609375
Dense5x55,9390,3,3,1,4.072265625
Dense5x55,6045,3,9,1,0.283203125
Dense5x55,6381,3,3,1,2.509765625
Dense5x55,7841,3,3,1,3.7841796875
Dense5x55,2533,3,3,1,1.572265625
Dense5x55,9750,3,3,1,3.505859375
Dense5x55,2441,3,3,1,1.650390625
Dense5x55,8489,3,3,1,2.802734375
Dense5x55,7763,3,3,1,3.8330078125
Dense5x55,76,3,3,1,2.0703125
Dense5x55,5046,3,5,1,1.3623046875
Dense5x55,648,3,3,1,4.4677734375
Dense5x55,1495,3,3,1,1.42578125
Dense5x55,3947,3,3,1,4.6728515625
Dense5x55,887,3,3,1,1.97265625
Dense5x55,5328,3,3,1,3.564453125
Dense5x55,7140,3,3,1,3.06640625
Dense5x55,1513,3,3,1,2.3095703125
Dense5x55,4276,3,3,1,1.58203125
Dense5x55,9614,3,5,1,1.4501953125
Dense5x55,7692,3,3,1,1.1328125
Dense5x55,9758,3,3,1,0.83984375
Dense5x55,3146,3,3,1,0.8349609375
Dense5x55,2840,3,3,1,2.060546875
Dense5x55,7620,3,3,1,1.8701171875
Dense5x55,8130,3,3,1,3.14453125
Dense5x55,1953,3,3,1,2.8662109375
Dense5x55,2069,3,3,1,2.94921875
Dense5x55,1291,3,3,1,2.890625
Dense5x55,3897,3,3,1,1.982421875
Dense5x55,4164,3,3,1,3.8818359375
Dense5x55,4443,3,3,1,0.849609375
Dense5x55,9636,3,3,1,1.9970703125
Dense5x55,8272,3,3,1,1.69921875
Dense5x55,6704,3,3,1,3.6767578125
Dense5x55,9925,3,2,1,0.3466796875
Dense5x55,1114,3,2,1,0.0732421875
Dense5x55,669,3,3,1,2.4462890625
Dense5x55,5038,3,3,1,0.244140625
Dense5x55,9363,3,3,1,2.265625
Dense5x55,5935,3,3,1,2.353515625
Dense5x55,1062,3,3,1,0.7763671875
Dense5x55,231,3,3,1,1.97265625
Dense5x55,2756,3,3,1,1.38671875
Dense5x55,3738,3,3,1,2.1484375
Dense5x55,2767,3,3,1,2.8955078125
Dense5x55,7257,3,3,1,3.2080078125
Dense5x55,9536,3,3,1,2.060546875
Dense5x55,8916,3,3,1,3.5791015625
Dense5x55,5140,3,5,1,0.01953125
Dense5x55,3120,3,3,1,3.2373046875
Dense5x55,3131,3,3,1,2.4560546875
Dense5x55,614,3,3,1,1.435546875
Dense5x55,6957,3,3,1,3.5302734375
Dense5x55,1779,3,3,1,2.734375
Dense5x55,5067,3,8,1,0.2294921875
Dense5x55,7075,3,3,1,3.828125
Dense5x55,8981,3,3,1,2.3779296875
Dense5x55,526,3,3,1,3.0126953125
Dense5x55,7858,3,3,1,1.3623046875
Dense5x55,2139,3,3,1,3.5546875
Dense5x55,1215,3,3,1,1.4697265625
Dense5x55,2255,3,3,1,1.787109375
Dense5x55,6371,3,3,1,3.45703125
Dense5x55,4973,3,3,1,4.423828125
Dense5x55,18,3,1,1,0.3759765625
Dense5x55,734,3,3,1,2.3681640625
Dense5x55,4437,3,2,1,0.126953125
Dense5x55,9115,3,3,1,4.7216796875
Dense5x55,5181,3,3,1,3.3984375
Dense5x55,5329,3,3,1,2.2998046875
Dense5x55,9192,3,3,1,3.0859375
Dense5x55,4703,3,3,1,2.9296875
Dense5x55,4469,3,3,1,1.982421875
Dense5x55,5740,3,3,1,3.0078125
Dense5x55,5674,3,3,1,2.939453125
Dense5x60,3315,0,0,1,3.4375
Dense5x60,6062,0,0,1,3.8427734375
Dense5x60,5613,0,0,1,1.15234375
Dense5x60,6833,0,0,1,4.16015625
Dense5x60,3774,0,0,1,1.9921875
Dense5x60,592,0,0,1,3.18359375
Dense5x60,6532,0,0,1,0.72265625
Dense5x60,9952,0,0,1,3.037109375
Dense5x60,7506,0,0,1,3.2080078125
Dense5x60,192,0,0,1,2.568359375
Dense5x60,9281,0,0,1,2.0849609375
Dense5x60,3445,0,0,1,2.9833984375
Dense5x60,4188,0,0,1,1.9873046875
Dense5x60,7084,0,0,1,1.669921875
Dense5x60,9666,0,0,1,1.5869140625
Dense5x60,6937,0,0,1,2.646484375
Dense5x60,9585,0,0,1,2.6708984375
Dense5x60,9174,0,0,1,3.33984375
Dense5x60,7868,0,0,1,3.7353515625
Dense5x60,1197,0,0,1,1.38671875
Dense5x60,7989,0,0,1,3.26171875
Dense5x60,3613,0,0,1,1.3427734375
Dense5x60,2954,0,0,1,1.376953125
Dense5x60,763,0,0,1,2.12890625
Dense5x60,1504,0,0,1,2.177734375
Dense5x60,1700,0,0,1,1.689453125
Dense5x60,8228,0,0,1,2.2705078125
Dense5x60,3401,0,0,1,2.1044921875
Dense5x60,7566,0,0,1,3.359375
Dense5x60,9457,0,0,1,2.646484375
Dense5x60,8851,0,0,1,2.5634765625
Dense5x60,6877,0,0,1,2.8173828125
Dense5x60,4776,0,0,1,3.7451171875
Dense5x60,9647,0,0,1,3.10546875
Dense5x60,3251,0,0,1,0.8447265625
Dense5x60,1001,0,0,1,2.40234375
Dense5x60,9601,0,0,1,2.7001953125
Dense5x60,2410,0,0,1,1.9775390625
Dense5x60,8373,0,0,1,2.2021484375
Dense5x60,5673,0,0,1,2.1435546875
Dense5x60,1333,0,0,1,3.5693359375
Dense5x60,4351,0,0,1,2.79296875
Dense5x60,8448,0,0,1,3.69140625
Dense5x60,9387,0,0,1,3.2763671875
Dense5x60,2333,0,0,1,1.298828125
Dense5x60,9948,0,0,1,1.2060546875
Dense5x60,6546,0,0,1,1.42578125
Dense5x60,2209,0,0,1,1.767578125
Dense5x60,297,0,0,1,1.46484375
Dense5x60,7866,0,0,1,3.7744140625
Dense5x60,9223,0,0,1,4.130859375
Dense5x60,7555,0,0,1,2.6953125
Dense5x60,8458,0,0,1,4.130859375
Dense5x60,1907,0,0,1,1.689453125
Dense5x60,8921,0,0,1,2.79296875
Dense5x60,6971,0,0,1,2.4853515625
Dense5x60,6962,0,0,1,2.294921875
Dense5x60,8468,0,0,1,3.7841796875
Dense5x60,6099,0,0,1,4.326171875
Dense5x60,8859,0,0,1,2.109375
Dense5x60,9688,0,0,1,2.3583984375
Dense5x60,2328,0,0,1,0.3466796875
Dense5x60,2370,0,0,1,1.689453125
Dense5x60,9162,0,0,1,4.0576171875
Dense5x60,8137,0,0,1,3.115234375
Dense5x60,3870,0,0,1,2.28515625
Dense5x60,2842,0,0,1,4.53125
Dense5x60,126,0,0,1,1.4501953125
Dense5x60,1757,0,0,1,2.0703125
Dense5x60,1534,0,0,1,1.962890625
Dense5x60,1271,0,0,1,1.73828125
Dense5x60,8808,0,0,1,2.7880859375
Dense5x60,9339,0,0,1,1.9873046875
Dense5x60,1807,0,0,1,2.2265625
Dense5x60,6701,0,0,1,3.2568359375
Dense5x60,6259,0,0,1,3.271484375
Dense5x60,8342,0,0,1,2.6171875
Dense5x60,1457,0,0,1,3.5205078125
Dense5x60,9911,0,0,1,2.7197265625
Dense5x60,9060,0,0,1,5.1220703125
Dense5x60,9865,0,0,1,2.28515625
Dense5x60,1621,0,0,1,0.673828125
Dense5x60,4780,0,0,1,1.9189453125
Dense5x60,2536,0,0,1,5.09765625
Dense5x60,5756,0,0,1,2.2119140625
Dense5x60,2294,0,0,1,1.7236328125
Dense5x60,1408,0,0,1,2.55859375
Dense5x60,4353,0,0,1,2.2802734375
Dense5x60,3479,0,0,1,2.255859375
Dense5x60,1297,0,0,1,2.9638671875
Dense5x60,9352,0,0,1,2.16796875
Dense5x60,1034,0,0,1,1.875
Dense5x60,3911,0,0,1,2.2900390625
Dense5x60,6925,0,0,1,2.34375
Dense5x60,7446,0,0,1,1.083984375
Dense5x60,2492,0,0,1,3.37890625
Dense5x60,188,0,0,1,3.5546875
Dense5x60,1176,0,0,1,1.923828125
Dense5x60,3310,0,0,1,2.421875
Dense5x60,3660,0,0,1,2.59765625
Dense5x60,3974,1,1,1,1.3916015625
Dense5x60,6680,1,1,1,1.6162109375
Dense5x60,6231,1,1,1,1.708984375
Dense5x60,647,1,1,1,1.6552734375
Dense5x60,9444,1,1,1,1.69921875
Dense5x60,8980,1,1,1,1.77734375
Dense5x60,9838,1,1,1,1.7822265625
Dense5x60,4349,1,1,1,1.8359375
Dense5x60,3268,1,1,1,1.4599609375
Dense5x60,5550,1,1,1,2.1484375
Dense5x60,4602,1,1,1,1.884765625
Dense5x60,4077,1,1,1,1.6748046875
Dense5x60,5524,1,1,1,1.93359375
Dense5x60,1674,1,1,1,1.5478515625
Dense5x60,6694,1,1,1,1.533203125
Dense5x60,2576,1,1,1,1.15234375
Dense5x60,1909,1,1,1,1.3330078125
Dense5x60,3244,1,1,1,1.46484375
Dense5x60,4643,1,1,1,1.865234375
Dense5x60,3983,1,1,1,1.40625
Dense5x60,4733,1,1,1,1.2158203125
Dense5x60,189,1,1,1,1.2548828125
Dense5x60,4853,1,1,1,1.7919921875
Dense5x60,7424,1,1,1,1.6015625
Dense5x60,4977,1,1,1,1.4404296875
Dense5x60,2316,1,1,1,1.923828125
Dense5x60,2674,1,1,1,1.5771484375
Dense5x60,9556,1,1,1,1.181640625
Dense5x60,2725,1,1,1,1.5869140625
Dense5x60,4871,1,1,1,1.279296875
Dense5x60,1040,1,1,1,1.552734375
Dense5x60,2010,1,1,1,1.2353515625
Dense5x60,8758,1,1,1,1.8701171875
Dense5x60,7453,1,1,1,1.5478515625
Dense5x60,5809,1,1,1,1.7724609375
Dense5x60,5848,1,1,1,1.81640625
Dense5x60,9653,1,1,1,0.7861328125
Dense5x60,8819,1,1,1,1.7138671875
Dense5x60,4039,1,1,1,1.5966796875
Dense5x60,8650,1,1,1,1.69921875
Dense5x60,6733,1,1,1,2.20703125
Dense5x60,2541,1,1,1,1.875
Dense5x60,3452,1,1,1,1.8505859375
Dense5x60,6482,1,1,1,2.0849609375
Dense5x60,1988,1,1,1,1.5966796875
Dense5x60,2302,1,1,1,1.3134765625
Dense5x60,755,1,1,1,1.5625
Dense5x60,3925,1,1,1,2.109375
Dense5x60,9591,1,1,1,1.923828125
Dense5x60,204,1,1,1,1.4306640625
Dense5x60,9434,1,1,1,1.9775390625
Dense5x60,1657,1,1,1,1.73828125
Dense5x60,745,1,1,1,1.7529296875
Dense5x60,1368,1,1,1,1.015625
Dense5x60,1136,1,1,1,1.4697265625
Dense5x60,8799,1,1,1,2.0458984375
Dense5x60,1008,1,1,1,1.73828125
Dense5x60,8367,1,1,1,1.484375
Dense5x60,4331,1,1,1,1.484375
Dense5x60,6618,1,1,1,1.416015625
Dense5x60,1318,1,1,1,1.7529296875
Dense5x60,9368,1,1,1,2.0166015625
Dense5x60,4036,1,1,1,2.24609375
Dense5x60,3669,1,1,1,1.5771484375
Dense5x60,9903,1,1,1,1.66015625
Dense5x60,9301,1,1,1,1.7041015625
Dense5x60,4917,1,1,1,1.572265625
Dense5x60,4057,1,1,1,1.943359375
Dense5x60,5091,1,1,1,1.8017578125
Dense5x60,8239,1,1,1,1.8408203125
Dense5x60,1835,1,1,1,1.5234375
Dense5x60,8536,1,1,1,1.806640625
Dense5x60,6789,1,1,1,2.1142578125
Dense5x60,5203,1,1,1,1.494140625
Dense5x60,430,1,1,1,1.6015625
Dense5x60,2315,1,1,1,1.6796875
Dense5x60,1994,1,1,1,1.8896484375
Dense5x60,9124,1,1,1,2.0458984375
Dense5x60,3353,1,1,1,1.826171875
Dense5x60,8268,1,1,1,2.080078125
Dense5x60,1704,1,1,1,1.708984375
Dense5x60,9599,1,1,1,1.4599609375
Dense5x60,3433,1,1,1,1.81640625
Dense5x60,7053,1,1,1,1.5478515625
Dense5x60,8439,1,1,1,1.5234375
Dense5x60,2015,1,1,1,1.9580078125
Dense5x60,9388,1,1,1,1.669921875
Dense5x60,5186,1,1,1,1.8798828125
Dense5x60,809,1,1,1,1.2744140625
Dense5x60,5873,1,1,1,1.77734375
Dense5x60,6239,1,1,1,1.9287109375
Dense5x60,6758,1,1,1,2.2119140625
Dense5x60,7686,1,1,1,1.9775390625
Dense5x60,3143,1,1,1,1.6943359375
Dense5x60,3532,1,1,1,1.513671875
Dense5x60,7784,1,1,1,1.6650390625
Dense5x60,4754,1,1,1,2.0068359375
Dense5x60,8418,1,1,1,2.0263671875
Dense5x60,314,1,1,1,2.08984375
Dense5x60,5014,1,1,1,1.7236328125
Dense5x60,9524,3,3,1,2.2705078125
Dense5x60,2533,3,3,1,1.474609375
Dense5x60,5508,3,3,1,3.3984375
Dense5x60,3670,3,3,1,2.9248046875
Dense5x60,9217,3,3,1,1.2255859375
Dense5x60,8785,3,3,1,1.9287109375
Dense5x60,30,3,3,1,2.3046875
Dense5x60,7119,3,3,1,4.12109375
Dense5x60,6139,3,3,1,0.712890625
Dense5x60,5734,3,7,1,1.2353515625
Dense5x60,3739,3,3,1,1.328125
Dense5x60,1845,3,3,1,3.9208984375
Dense5x60,6184,3,3,1,2.626953125
Dense5x60,3167,3,3,1,1.2158203125
Dense5x60,3248,3,3,1,2.158203125
Dense5x60,4990,3,2,1,1.1962890625
Dense5x60,2566,3,3,1,2.529296875
Dense5x60,8087,3,3,1,2.8955078125
Dense5x60,3283,3,3,1,1.81640625
Dense5x60,1742,3,3,1,3.1396484375
Dense5x60,2086,3,3,1,2.24609375
Dense5x60,9860,3,3,1,2.5830078125
Dense5x60,2767,3,3,1,3.0517578125
Dense5x60,3049,3,3,1,1.943359375
Dense5x60,500,3,3,1,3.5595703125
Dense5x60,6727,3,3,1,4.4482421875
Dense5x60,6564,3,3,1,0.37109375
Dense5x60,855,3,3,1,2.5927734375
Dense5x60,1683,3,3,1,3.02734375
Dense5x60,4630,3,3,1,1.23046875
Dense5x60,8272,3,5,1,0.126953125
Dense5x60,1727,3,3,1,2.2705078125
Dense5x60,5638,3,3,1,3.28125
Dense5x60,5067,3,8,1,0.13671875
Dense5x60,9656,3,3,1,2.509765625
Dense5x60,1607,3,3,1,0.4833984375
Dense5x60,548,3,3,1,1.796875
Dense5x60,1765,3,3,1,1.6015625
Dense5x60,7763,3,3,1,2.9443359375
Dense5x60,3078,3,3,1,0.8154296875
Dense5x60,2080,3,3,1,3.8232421875
Dense5x60,8451,3,3,1,3.1298828125
Dense5x60,8570,3,3,1,3.095703125
Dense5x60,9175,3,3,1,3.84765625
Dense5x60,1731,3,3,1,3.5205078125
Dense5x60,4018,3,3,1,1.669921875
Dense5x60,3085,3,3,1,2.3583984375
Dense5x60,7407,3,3,1,1.640625
Dense5x60,7436,3,3,1,2.275390625
Dense5x60,1804,3,3,1,3.84765625
Dense5x60,5225,3,3,1,2.373046875
Dense5x60,4002,3,3,1,1.8359375
Dense5x60,2405,3,3,1,1.4599609375
Dense5x60,6767,3,3,1,3.037109375
Dense5x60,5760,3,3,1,1.81640625
Dense5x60,18,3,3,1,2.1484375
Dense5x60,4664,3,3,1,1.8896484375
Dense5x60,6975,3,3,1,3.154296875
Dense5x60,9975,3,3,1,0.2099609375
Dense5x60,195,3,3,1,0.56640625
Dense5x60,4808,3,3,1,1.611328125
Dense5x60,4613,3,3,1,2.021484375
Dense5x60,9283,3,3,1,1.962890625
Dense5x60,3010,3,3,1,2.2705078125
Dense5x60,8070,3,3,1,3.5107421875
Dense5x60,4841,3,3,1,1.3427734375
Dense5x60,7396,3,3,1,2.2705078125
Dense5x60,4406,3,3,1,3.2958984375
Dense5x60,7690,3,3,1,2.0458984375
Dense5x60,7024,3,3,1,2.8173828125
Dense5x60,5054,3,3,1,0.8349609375
Dense5x60,3812,3,3,1,2.3583984375
Dense5x60,1426,3,3,1,2.5830078125
Dense5x60,1779,3,3,1,1.806640625
Dense5x60,2305,3,3,1,1.9921875
Dense5x60,6821,3,3,1,3.45703125
Dense5x60,1205,3,3,1,2.734375
Dense5x60,3487,3,3,1,2.87109375
Dense5x60,1317,3,3,1,1.7529296875
Dense5x60,8407,3,3,1,2.3828125
Dense5x60,5019,3,3,1,2.578125
Dense5x60,5215,3,3,1,2.4169921875
Dense5x60,2927,3,2,1,1.7138671875
Dense5x60,9787,3,3,1,1.6748046875
Dense5x60,9889,3,3,1,1.8408203125
Dense5x60,1923,3,3,1,3.6181640625
Dense5x60,927,3,3,1,2.8173828125
Dense5x60,3630,3,3,1,3.5205078125
Dense5x60,2624,3,3,1,2.236328125
Dense5x60,2280,3,3,1,1.2353515625
Dense5x60,3916,3,3,1,2.79296875
Dense5x60,8597,3,3,1,2.6171875
Dense5x60,1150,3,3,1,2.5048828125
Dense5x60,2511,3,3,1,2.0458984375
Dense5x60,7103,3,3,1,2.79296875
Dense5x60,2427,3,3,1,2.998046875
Dense5x60,3110,3,3,1,0.9765625
Dense5x60,4904,3,3,1,3.5498046875
Dense5x60,8393,3,3,1,2.7978515625
Dense5x60,4162,3,3,1,3.7109375
Dense5x65,8388,0,0,1,2.705078125
Dense5x65,4788,0,0,1,1.494140625
Dense5x65,372,0,0,1,1.6650390625
Dense5x65,7446,0,0,1,2.119140625
Dense5x65,7887,0,0,1,4.66796875
Dense5x65,4348,0,0,1,4.2529296875
Dense5x65,2081,0,0,1,1.6845703125
Dense5x65,2479,0,0,1,1.396484375
Dense5x65,4780,0,0,1,2.3583984375
Dense5x65,1061,0,0,1,4.0380859375
Dense5x65,1191,0,0,1,1.796875
Dense5x65,3581,0,0,1,2.529296875
Dense5x65,721,0,0,1,1.9384765625
Dense5x65,5818,0,0,1,1.97265625
Dense5x65,5270,0,0,1,3.193359375
Dense5x65,8691,0,0,1,2.5537109375
Dense5x65,895,0,0,1,2.0654296875
Dense5x65,9070,0,0,1,4.4482421875
Dense5x65,8513,0,0,1,3.388671875
Dense5x65,6719,0,0,1,4.033203125
Dense5x65,490,0,0,1,0.2734375
Dense5x65,8414,0,0,1,2.6904296875
Dense5x65,661,0,0,1,1.46484375
Dense5x65,3830,0,0,1,3.7109375
Dense5x65,1712,0,0,1,2.353515625
Dense5x65,9189,0,0,1,4.4287109375
Dense5x65,1457,0,0,1,4.814453125
Dense5x65,3458,0,0,1,3.02734375
Dense5x65,1777,0,0,1,2.470703125
Dense5x65,9993,0,0,1,3.4521484375
Dense5x65,1762,0,0,1,2.5537109375
Dense5x65,6770,0,0,1,4.921875
Dense5x65,7216,0,2,1,0.283203125
Dense5x65,9038,0,0,1,3.3642578125
Dense5x65,4542,0,0,1,3.740234375
Dense5x65,8283,0,0,1,2.939453125
Dense5x65,4447,0,0,1,2.1875
Dense5x65,2023,0,0,1,1.38671875
Dense5x65,2042,0,0,1,3.2763671875
Dense5x65,9948,0,0,1,2.7392578125
Dense5x65,5463,0,0,1,4.23828125
Dense5x65,5592,0,0,1,3.5888671875
Dense5x65,6201,0,0,1,4.1455078125
Dense5x65,2531,0,0,1,3.466796875
Dense5x65,7263,0,0,1,1.767578125
Dense5x65,6444,0,0,1,2.529296875
Dense5x65,6400,0,6,1,0.2734375
Dense5x65,9753,0,0,1,3.4521484375
Dense5x65,2687,0,0,1,2.3193359375
Dense5x65,9158,0,0,1,2.2216796875
Dense5x65,7810,0,0,1,4.9755859375
Dense5x65,7866,0,0,1,4.5166015625
Dense5x65,7289,0,0,1,3.544921875
Dense5x65,5257,0,0,1,2.451171875
Dense5x65,4628,0,0,1,3.0322265625
Dense5x65,7465,0,0,1,2.294921875
Dense5x65,6841,0,0,1,2.763671875
Dense5x65,1416,0,0,1,2.470703125
Dense5x65,8991,0,0,1,3.5595703125
Dense5x65,9850,0,0,1,2.060546875
Dense5x65,6779,0,0,1,3.681640625
Dense5x65,157,0,0,1,2.314453125
Dense5x65,5932,0,0,1,4.1162109375
Dense5x65,2328,0,0,1,1.7041015625
Dense5x65,7820,0,0,1,3.8525390625
Dense5x65,2638,0,0,1,3.4716796875
Dense5x65,8199,0,0,1,3.8232421875
Dense5x65,1438,0,0,1,1.7138671875
Dense5x65,6532,0,0,1,1.6650390625
Dense5x65,5255,0,0,1,1.4453125
Dense5x65,7279,0,0,1,1.5673828125
Dense5x65,6127,0,0,1,5.83984375
Dense5x65,7516,0,0,1,3.2421875
Dense5x65,5659,0,0,1,3.7939453125
Dense5x65,4531,0,0,1,2.1435546875
Dense5x65,2033,0,0,1,1.1572265625
Dense5x65,7933,0,0,1,3.8037109375
Dense5x65,763,0,0,1,1.9384765625
Dense5x65,5141,0,0,1,3.33984375
Dense5x65,5470,0,0,1,3.7158203125
Dense5x65,5778,0,0,1,1.9580078125
Dense5x65,1047,0,0,1,2.7490234375
Dense5x65,9459,0,0,1,4.3408203125
Dense5x65,3903,0,0,1,3.359375
Dense5x65,7112,0,0,1,2.5537109375
Dense5x65,6766,0,0,1,4.208984375
Dense5x65,8859,0,0,1,2.5537109375
Dense5x65,2842,0,0,1,3.9990234375
Dense5x65,3087,0,0,1,2.314453125
Dense5x65,6892,0,0,1,2.919921875
Dense5x65,1273,0,0,1,0.9912109375
Dense5x65,9060,0,0,1,5.576171875
Dense5x65,9739,0,0,1,2.6025390625
Dense5x65,1570,0,6,1,0.0390625
Dense5x65,9080,0,0,1,5.0634765625
Dense5x65,701,0,0,1,4.404296875
Dense5x65,7139,0,0,1,2.9052734375
Dense5x65,4065,0,2,1,0.1708984375
Dense5x65,8338,0,0,1,3.7548828125
Dense5x65,9611,0,0,1,3.65234375
Dense5x65,1025,1,1,1,1.6064453125
Dense5x65,7618,1,1,1,2.041015625
Dense5x65,4191,1,1,1,1.484375
Dense5x65,6799,1,1,1,1.982421875
Dense5x65,9540,1,1,1,1.484375
Dense5x65,14,1,1,1,2.1826171875
Dense5x65,7748,1,1,1,2.109375
Dense5x65,9071,1,1,1,1.1572265625
Dense5x65,7567,1,1,1,1.6650390625
Dense5x65,1193,1,1,1,1.54296875
Dense5x65,6141,1,1,1,1.806640625
Dense5x65,489,1,1,1,1.396484375
Dense5x65,835,1,1,1,1.298828125
Dense5x65,4212,1,1,1,0.6640625
Dense5x65,900,1,1,1,0.09765625
Dense5x65,5128,1,1,1,1.689453125
Dense5x65,6789,1,1,1,1.89453125
Dense5x65,7344,1,1,1,1.7919921875
Dense5x65,5839,1,1,1,1.787109375
Dense5x65,4927,1,1,1,1.8359375
Dense5x65,4147,1,1,1,1.15234375
Dense5x65,6338,1,1,1,1.2548828125
Dense5x65,6375,1,1,1,2.0458984375
Dense5x65,4185,1,1,1,1.3037109375
Dense5x65,8488,1,1,1,1.71875
Dense5x65,9489,1,1,1,1.982421875
Dense5x65,345,1,1,1,2.021484375
Dense5x65,6320,1,1,1,1.81640625
Dense5x65,9096,1,1,1,1.8408203125
Dense5x65,3281,1,1,1,1.4599609375
Dense5x65,5666,1,1,1,1.728515625
Dense5x65,8420,1,1,1,1.6162109375
Dense5x65,3625,1,1,1,1.5625
Dense5x65,8005,1,1,1,1.4892578125
Dense5x65,2017,1,1,1,1.7919921875
Dense5x65,3815,1,1,1,1.8505859375
Dense5x65,9795,1,1,1,1.0791015625
Dense5x65,6618,1,1,1,1.1279296875
Dense5x65,3320,1,1,1,1.42578125
Dense5x65,8261,1,1,1,1.689453125
Dense5x65,1939,1,1,1,1.66015625
Dense5x65,2510,1,1,1,0.99609375
Dense5x65,2010,1,1,1,1.25
Dense5x65,137,1,1,1,1.845703125
Dense5x65,5722,1,1,1,1.7041015625
Dense5x65,6239,1,1,1,1.7919921875
Dense5x65,3039,1,1,1,1.2255859375
Dense5x65,4719,1,1,1,1.07421875
Dense5x65,3050,1,1,1,1.8896484375
Dense5x65,4039,1,1,1,1.40625
Dense5x65,5550,1,1,1,2.1337890625
Dense5x65,7658,1,1,1,1.796875
Dense5x65,4685,1,1,1,1.6162109375
Dense5x65,907,1,1,1,1.1767578125
Dense5x65,2704,1,1,1,1.3525390625
Dense5x65,1008,1,1,1,1.93359375
Dense5x65,5252,1,1,1,1.396484375
Dense5x65,3027,1,1,1,1.455078125
Dense5x65,7303,1,1,1,1.7236328125
Dense5x65,9622,1,1,1,1.630859375
Dense5x65,6125,1,1,1,2.2607421875
Dense5x65,8682,1,1,1,1.513671875
Dense5x65,7270,1,1,1,1.904296875
Dense5x65,196,1,1,1,1.8701171875
Dense5x65,6456,1,1,1,1.494140625
Dense5x65,5406,1,1,1,1.1474609375
Dense5x65,2626,1,1,1,1.7529296875
Dense5x65,6468,1,1,1,1.5771484375
Dense5x65,2553,1,1,1,1.69921875
Dense5x65,8875,1,1,1,1.77734375
Dense5x65,8219,1,1,1,1.884765625
Dense5x65,9772,1,1,1,1.81640625
Dense5x65,2154,1,1,1,1.826171875
Dense5x65,3648,1,1,1,1.8505859375
Dense5x65,3434,1,1,1,1.220703125
Dense5x65,2273,1,1,1,1.09375
Dense5x65,7299,1,1,1,1.7041015625
Dense5x65,3227,1,1,1,1.2939453125
Dense5x65,4169,1,1,1,1.8505859375
Dense5x65,4774,1,1,1,1.7138671875
Dense5x65,7048,1,1,1,1.6796875
Dense5x65,1691,1,1,1,1.923828125
Dense5x65,8658,1,1,1,1.69921875
Dense5x65,2519,1,1,1,1.1767578125
Dense5x65,4201,1,1,1,0.60546875
Dense5x65,2789,1,1,1,1.7041015625
Dense5x65,354,1,1,1,1.1865234375
Dense5x65,8244,1,1,1,1.318359375
Dense5x65,6083,1,1,1,1.083984375
Dense5x65,5291,1,1,1,1.77734375
Dense5x65,3900,1,1,1,1.4892578125
Dense5x65,7969,1,1,1,1.7333984375
Dense5x65,7290,1,1,1,1.8017578125
Dense5x65,5166,1,1,1,1.5966796875
Dense5x65,5072,1,1,1,1.8017578125
Dense5x65,9438,1,1,1,2.0556640625
Dense5x65,5323,1,1,1,1.5771484375
Dense5x65,7686,1,1,1,1.923828125
Dense5x65,1483,1,1,1,1.533203125
Dense5x65,5208,1,1,1,1.708984375
Dense5x65,3104,3,3,1,2.40234375
Dense5x65,1442,3,3,1,2.978515625
Dense5x65,8946,3,3,1,3.896484375
Dense5x65,1128,3,2,1,0.7275390625
Dense5x65,6061,3,3,1,2.12890625
Dense5x65,1763,3,3,1,1.572265625
Dense5x65,63,3,3,1,1.279296875
Dense5x65,927,3,3,1,2.87109375
Dense5x65,7436,3,3,1,1.1279296875
Dense5x65,686,3,3,1,2.5927734375
Dense5x65,6421,3,2,1,2.2265625
Dense5x65,8561,3,3,1,3.837890625
Dense5x65,6023,3,3,1,1.357421875
Dense5x65,1426,3,3,1,3.0029296875
Dense5x65,7476,3,3,1,1.2158203125
Dense5x65,4435,3,7,1,1.123046875
Dense5x65,3146,3,3,1,1.3330078125
Dense5x65,6455,3,3,1,3.1982421875
Dense5x65,8014,3,3,1,2.4951171875
Dense5x65,925,3,3,1,2.6416015625
Dense5x65,4688,3,3,1,3.759765625
Dense5x65,3769,3,3,1,0.8740234375
Dense5x65,4833,3,2,1,1.5625
Dense5x65,270,3,3,1,2.91015625
Dense5x65,7798,3,3,1,2.265625
Dense5x65,3766,3,3,1,0.9423828125
Dense5x65,2953,3,3,1,1.89453125
Dense5x65,8624,3,3,1,2.75390625
Dense5x65,7010,3,3,1,1.8798828125
Dense5x65,6371,3,3,1,2.744140625
Dense5x65,2229,3,3,1,1.3330078125
Dense5x65,8130,3,3,1,3.2763671875
Dense5x65,753,3,3,1,3.0029296875
Dense5x65,8290,3,3,1,1.337890625
Dense5x65,8156,3,3,1,3.0517578125
Dense5x65,8660,3,3,1,3.76953125
Dense5x65,524,3,3,1,2.236328125
Dense5x65,1109,3,3,1,2.509765625
Dense5x65,1789,3,3,1,1.0595703125
Dense5x65,6151,3,3,1,3.896484375
Dense5x65,3078,3,3,1,1.1083984375
Dense5x65,4164,3,3,1,3.3642578125
Dense5x65,9460,3,3,1,3.53515625
Dense5x65,231,3,3,1,1.904296875
Dense5x65,2575,3,3,1,3.3642578125
Dense5x65,1028,3,3,1,2.412109375
Dense5x65,7750,3,3,1,4.0380859375
Dense5x65,8393,3,3,1,3.0517578125
Dense5x65,343,3,3,1,2.5341796875
Dense5x65,9944,3,8,1,0.7666015625
Dense5x65,3456,3,3,1,2.177734375
Dense5x65,991,3,3,1,3.681640625
Dense5x65,3049,3,3,1,1.5625
Dense5x65,8864,3,3,1,3.3544921875
Dense5x65,1317,3,3,1,2.7099609375
Dense5x65,6763,3,3,1,3.916015625
Dense5x65,3177,3,3,1,2.9541015625
Dense5x65,9380,3,3,1,2.1240234375
Dense5x65,801,3,3,1,1.9580078125
Dense5x65,310,3,3,1,2.3193359375
Dense5x65,6676,3,3,1,3.1884765625
Dense5x65,2551,3,3,1,2.5537109375
Dense5x65,8010,3,2,1,2.216796875
Dense5x65,9860,3,3,1,2.5830078125
Dense5x65,4277,3,3,1,1.46484375
Dense5x65,3549,3,2,1,1.416015625
Dense5x65,5140,3,0,1,1.1962890625
Dense5x65,2281,3,3,1,2.63671875
Dense5x65,1367,3,3,1,3.37890625
Dense5x65,819,3,3,1,3.7060546875
Dense5x65,8296,3,3,1,0.009765625
Dense5x65,1727,3,3,1,0.41015625
Dense5x65,8070,3,3,1,3.9990234375
Dense5x65,9238,3,3,1,2.1240234375
Dense5x65,9662,3,2,1,2.0166015625
Dense5x65,1239,3,3,1,1.416015625
Dense5x65,4256,3,2,1,1.0693359375
Dense5x65,2634,3,3,1,2.5146484375
Dense5x65,32,3,3,1,3.720703125
Dense5x65,112,3,3,1,2.099609375
Dense5x65,4808,3,3,1,3.095703125
Dense5x65,2522,3,3,1,2.548828125
Dense5x65,677,3,3,1,2.79296875
Dense5x65,1134,3,3,1,4.04296875
Dense5x65,1098,3,3,1,1.7236328125
Dense5x65,1469,3,3,1,0.830078125
Dense5x65,8167,3,3,1,3.9208984375
Dense5x65,4928,3,3,1,1.9091796875
Dense5x65,7628,3,3,1,2.5830078125
Dense5x65,5224,3,3,1,2.5439453125
Dense5x65,6739,3,3,1,0.1220703125
Dense5x65,5359,3,3,1,2.353515625
Dense5x65,6821,3,3,1,2.7880859375
Dense5x65,1803,3,3,1,2.998046875
Dense5x65,1828,3,7,1,0.4931640625
Dense5x65,1591,3,3,1,2.24609375
Dense5x65,2690,3,3,1,2.021484375
Dense5x65,2139,3,3,1,2.431640625
Dense5x65,2284,3,3,1,2.392578125
Dense5x65,5804,3,3,1,3.57421875
Dense5x70,9951,0,0,1,1.5869140625
Dense5x70,1972,0,0,1,3.037109375
Dense5x70,8117,0,0,1,3.154296875
Dense5x70,9405,0,0,1,3.2958984375
Dense5x70,5290,0,0,1,2.6611328125
Dense5x70,7702,0,0,1,2.1435546875
Dense5x70,4542,0,0,1,2.9052734375
Dense5x70,3479,0,0,1,2.080078125
Dense5x70,5930,0,0,1,3.515625
Dense5x70,7699,0,0,1,3.0712890625
Dense5x70,5435,0,0,1,2.48046875
Dense5x70,6478,0,0,1,2.6708984375
Dense5x70,5398,0,0,1,1.8212890625
Dense5x70,5428,0,0,1,3.7255859375
Dense5x70,3090,0,0,1,1.30859375
Dense5x70,2403,0,0,1,2.8515625
Dense5x70,4824,0,0,1,1.630859375
Dense5x70,2209,0,0,1,1.806640625
Dense5x70,5918,0,0,1,2.236328125
Dense5x70,7835,0,0,1,3.6572265625
Dense5x70,3650,0,0,1,1.9482421875
Dense5x70,8468,0,0,1,3.3154296875
Dense5x70,4515,0,0,1,0.1904296875
Dense5x70,7693,0,0,1,2.8857421875
Dense5x70,297,0,0,1,2.51953125
Dense5x70,4278,0,0,1,3.4130859375
Dense5x70,2204,0,0,1,1.1767578125
Dense5x70,1261,0,0,1,2.40234375
Dense5x70,9527,0,0,1,3.02734375
Dense5x70,6526,0,0,1,2.9248046875
Dense5x70,9230,0,0,1,2.6220703125
Dense5x70,750,0,0,1,1.865234375
Dense5x70,2593,0,0,1,1.8701171875
Dense5x70,3883,0,0,1,3.642578125
Dense5x70,7368,0,0,1,3.7548828125
Dense5x70,5483,0,0,1,1.9970703125
Dense5x70,1796,0,0,1,2.2216796875
Dense5x70,6211,0,0,1,3.1640625
Dense5x70,1610,0,0,1,4.0625
Dense5x70,136,0,0,1,1.8798828125
Dense5x70,8228,0,0,1,1.9580078125
Dense5x70,7526,0,0,1,2.9052734375
Dense5x70,3297,0,0,1,1.30859375
Dense5x70,1231,0,0,1,2.55859375
Dense5x70,5253,0,0,1,2.3046875
Dense5x70,1195,0,0,1,2.71484375
Dense5x70,9167,0,0,1,4.2724609375
Dense5x70,6786,0,0,1,3.49609375
Dense5x70,9396,0,0,1,2.6220703125
Dense5x70,8798,0,0,1,3.0078125
Dense5x70,3959,0,0,1,2.783203125
Dense5x70,896,0,0,1,1.6845703125
Dense5x70,9902,0,0,1,1.9775390625
Dense5x70,6454,0,0,1,2.51953125
Dense5x70,6424,0,0,1,2.109375
Dense5x70,9939,0,0,1,2.91015625
Dense5x70,8535,0,0,1,4.51171875
Dense5x70,5890,0,0,1,0.7763671875
Dense5x70,4091,0,0,1,2.28515625
Dense5x70,3412,0,0,1,1.81640625
Dense5x70,6082,0,0,1,3.9990234375
Dense5x70,1288,0,0,1,1.0205078125
Dense5x70,9425,0,0,1,0.91796875
Dense5x70,7255,0,0,1,2.2705078125
Dense5x70,1218,0,0,1,2.333984375
Dense5x70,2794,0,0,1,1.240234375
Dense5x70,9757,0,0,1,1.8798828125
Dense5x70,6429,0,0,1,3.681640625
Dense5x70,5051,0,0,1,2.7001953125
Dense5x70,1570,0,0,1,0.3515625
Dense5x70,597,0,0,1,1.6455078125
Dense5x70,3735,0,0,1,3.3740234375
Dense5x70,7139,0,0,1,2.6123046875
Dense5x70,7446,0,0,1,1.8798828125
Dense5x70,3358,0,0,1,1.337890625
Dense5x70,4080,0,0,1,1.845703125
Dense5x70,2023,0,0,1,1.2255859375
Dense5x70,1589,0,0,1,2.9931640625
Dense5x70,1692,0,0,1,2.607421875
Dense5x70,1271,0,0,1,2.529296875
Dense5x70,9724,0,0,1,2.3779296875
Dense5x70,6892,0,0,1,2.3291015625
Dense5x70,4642,0,0,1,1.376953125
Dense5x70,2127,0,0,1,2.9443359375
Dense5x70,6633,0,0,1,2.51953125
Dense5x70,6259,0,0,1,3.3349609375
Dense5x70,7410,0,0,1,1.123046875
Dense5x70,3315,0,0,1,2.8564453125
Dense5x70,2226,0,0,1,2.1630859375
Dense5x70,3989,0,0,1,1.8798828125
Dense5x70,2713,0,0,1,0.0
Dense5x70,9440,0,0,1,2.7978515625
Dense5x70,2185,0,5,1,0.8349609375
Dense5x70,7866,0,0,1,2.0947265625
Dense5x70,2821,0,0,1,1.7919921875
Dense5x70,7505,0,0,1,1.2451171875
Dense5x70,1748,0,4,1,0.83984375
Dense5x70,1411,0,0,1,0.99609375
Dense5x70,9244,0,0,1,2.880859375
Dense5x70,9488,0,0,1,2.8857421875
Dense5x70,2051,1,1,1,1.455078125
Dense5x70,5896,1,1,1,1.7333984375
Dense5x70,8086,1,1,1,1.328125
Dense5x70,663,1,1,1,2.0654296875
Dense5x70,8672,1,1,1,1.6015625
Dense5x70,2943,1,1,1,1.513671875
Dense5x70,2171,1,1,1,1.4208984375
Dense5x70,9438,1,1,1,1.8603515625
Dense5x70,9017,1,1,1,2.216796875
Dense5x70,6976,1,1,1,1.4208984375
Dense5x70,5722,1,1,1,1.533203125
Dense5x70,276,1,1,1,1.650390625
Dense5x70,6789,1,1,1,1.9287109375
Dense5x70,5258,1,1,1,1.923828125
Dense5x70,3003,1,1,1,1.5380859375
Dense5x70,9499,1,1,1,1.8896484375
Dense5x70,2416,1,1,1,1.81640625
Dense5x70,4931,1,1,1,1.728515625
Dense5x70,4655,1,1,1,1.318359375
Dense5x70,9520,1,1,1,1.1474609375
Dense5x70,8233,1,1,1,2.470703125
Dense5x70,5880,1,1,1,1.66015625
Dense5x70,6604,1,1,1,1.357421875
Dense5x70,7934,1,1,1,1.5185546875
Dense5x70,6012,1,1,1,1.73828125
Dense5x70,5091,1,1,1,1.5576171875
Dense5x70,1397,1,1,1,1.71875
Dense5x70,2136,1,1,1,1.533203125
Dense5x70,4877,1,1,1,1.5625
Dense5x70,9265,1,1,1,1.279296875
Dense5x70,2950,1,1,1,1.748046875
Dense5x70,4190,1,1,1,1.6064453125
Dense5x70,5984,1,1,1,1.5869140625
Dense5x70,2504,1,1,1,1.2646484375
Dense5x70,3231,1,1,1,2.0654296875
Dense5x70,8976,1,1,1,2.0947265625
Dense5x70,4104,1,1,1,1.4404296875
Dense5x70,7247,1,1,1,1.34765625
Dense5x70,14,1,1,1,2.236328125
Dense5x70,6928,1,1,1,1.6357421875
Dense5x70,3320,1,1,1,1.259765625
Dense5x70,2510,1,1,1,1.025390625
Dense5x70,6397,1,1,1,1.7431640625
Dense5x70,5614,1,1,1,1.9677734375
Dense5x70,1861,1,1,1,1.865234375
Dense5x70,9923,1,1,1,2.0361328125
Dense5x70,529,1,1,1,2.080078125
Dense5x70,4924,1,1,1,1.2646484375
Dense5x70,3132,1,1,1,1.279296875
Dense5x70,6135,1,1,1,1.34765625
Dense5x70,1945,1,1,1,1.6259765625
Dense5x70,6232,1,1,1,1.3427734375
Dense5x70,8892,1,1,1,1.23046875
Dense5x70,1897,1,1,1,1.5673828125
Dense5x70,1829,1,1,1,0.9619140625
Dense5x70,6222,1,1,1,1.40625
Dense5x70,5588,1,1,1,1.6357421875
Dense5x70,9819,1,1,1,2.28515625
Dense5x70,5281,1,1,1,1.7626953125
Dense5x70,2366,1,1,1,0.8837890625
Dense5x70,1368,1,1,1,1.103515625
Dense5x70,8887,1,1,1,1.5966796875
Dense5x70,4516,1,1,1,1.8603515625
Dense5x70,5186,1,1,1,1.416015625
Dense5x70,2137,1,1,1,1.4208984375
Dense5x70,9570,1,1,1,1.4794921875
Dense5x70,9143,1,1,1,1.6015625
Dense5x70,3906,1,3,1,0.634765625
Dense5x70,7944,1,1,1,1.669921875
Dense5x70,8068,1,1,1,1.3671875
Dense5x70,6482,1,1,1,1.904296875
Dense5x70,8305,1,1,1,2.2900390625
Dense5x70,7608,1,1,1,2.275390625
Dense5x70,3380,1,1,1,1.3671875
Dense5x70,7453,1,1,1,1.3427734375
Dense5x70,7802,1,1,1,1.552734375
Dense5x70,9845,1,1,1,1.3916015625
Dense5x70,354,1,1,1,1.3916015625
Dense5x70,4927,1,1,1,1.50390625
Dense5x70,3434,1,1,1,1.2548828125
Dense5x70,6060,1,1,1,1.669921875
Dense5x70,3092,1,1,1,1.0888671875
Dense5x70,8708,1,1,1,1.50390625
Dense5x70,1834,1,1,1,1.6064453125
Dense5x70,190,1,1,1,1.6259765625
Dense5x70,251,1,1,1,0.498046875
Dense5x70,3699,1,1,1,1.3330078125
Dense5x70,3601,1,1,1,0.8837890625
Dense5x70,6868,1,1,1,1.4892578125
Dense5x70,5594,1,1,1,1.4892578125
Dense5x70,5544,1,1,1,2.099609375
Dense5x70,3276,1,1,1,1.435546875
Dense5x70,5203,1,1,1,0.72265625
Dense5x70,1820,1,1,1,2.080078125
Dense5x70,6540,1,1,1,1.25
Dense5x70,2688,1,1,1,1.81640625
Dense5x70,3745,1,1,1,1.7822265625
Dense5x70,8048,1,1,1,1.7041015625
Dense5x70,9715,1,1,1,1.328125
Dense5x70,9155,1,1,1,1.6552734375
Dense5x70,1469,3,3,1,1.09375
Dense5x70,9828,3,3,1,1.3134765625
Dense5x70,6570,3,3,1,0.7763671875
Dense5x70,782,3,3,1,3.271484375
Dense5x70,6299,3,3,1,3.4228515625
Dense5x70,4288,3,3,1,2.6806640625
Dense5x70,1134,3,3,1,3.41796875
Dense5x70,6481,3,3,1,2.9248046875
Dense5x70,3407,3,3,1,2.0751953125
Dense5x70,7170,3,3,1,2.041015625
Dense5x70,2534,3,3,1,0.908203125
Dense5x70,6065,3,8,1,0.6640625
Dense5x70,548,3,3,1,1.7041015625
Dense5x70,2992,3,3,1,1.5576171875
Dense5x70,6011,3,5,1,1.0546875
Dense5x70,5747,3,3,1,2.32421875
Dense5x70,9860,3,3,1,1.9677734375
Dense5x70,6840,3,3,1,2.3876953125
Dense5x70,442,3,3,1,3.28125
Dense5x70,3995,3,3,1,0.5322265625
Dense5x70,4740,3,5,1,0.0
Dense5x70,7690,3,3,1,1.7822265625
Dense5x70,5815,3,3,1,2.8369140625
Dense5x70,1150,3,3,1,2.3193359375
Dense5x70,9305,3,3,1,2.3486328125
Dense5x70,2080,3,3,1,2.919921875
Dense5x70,1742,3,3,1,2.4169921875
Dense5x70,7010,3,3,1,2.2509765625
Dense5x70,6504,3,3,1,2.6904296875
Dense5x70,6763,3,3,1,2.978515625
Dense5x70,6690,3,3,1,3.6474609375
Dense5x70,9787,3,3,1,2.2509765625
Dense5x70,1519,3,3,1,2.24609375
Dense5x70,4904,3,3,1,3.5009765625
Dense5x70,7620,3,3,1,1.9140625
Dense5x70,5067,3,2,1,0.185546875
Dense5x70,173,3,3,1,1.591796875
Dense5x70,1765,3,3,1,1.923828125
Dense5x70,7568,3,3,1,2.2021484375
Dense5x70,8485,3,3,1,1.8310546875
Dense5x70,657,3,3,1,3.1396484375
Dense5x70,9804,3,3,1,2.255859375
Dense5x70,9429,3,3,1,3.53515625
Dense5x70,1779,3,3,1,2.998046875
Dense5x70,9390,3,3,1,3.2470703125
Dense5x70,1095,3,3,1,2.6416015625
Dense5x70,1531,3,3,1,1.083984375
Dense5x70,6517,3,3,1,1.8994140625
Dense5x70,9914,3,3,1,1.328125
Dense5x70,7804,3,3,1,2.2021484375
Dense5x70,5625,3,3,1,3.125
Dense5x70,6821,3,3,1,2.83203125
Dense5x70,4306,3,7,1,1.7041015625
Dense5x70,795,3,3,1,1.083984375
Dense5x70,2583,3,3,1,2.529296875
Dense5x70,7006,3,3,1,2.431640625
Dense5x70,505,3,3,1,1.943359375
Dense5x70,6213,3,3,1,2.75390625
Dense5x70,1298,3,3,1,1.533203125
Dense5x70,8140,3,3,1,4.7119140625
Dense5x70,3824,3,3,1,1.8115234375
Dense5x70,4600,3,3,1,2.6123046875
Dense5x70,142,3,3,1,1.2841796875
Dense5x70,6563,3,3,1,0.771484375
Dense5x70,7292,3,3,1,2.03125
Dense5x70,9656,3,3,1,2.3681640625
Dense5x70,5542,3,3,1,2.20703125
Dense5x70,890,3,3,1,0.9375
Dense5x70,7543,3,3,1,2.8955078125
Dense5x70,7026,3,3,1,3.5498046875
Dense5x70,9157,3,3,1,4.0087890625
Dense5x70,9905,3,7,1,0.05859375
Dense5x70,6030,3,8,1,0.126953125
Dense5x70,7185,3,3,1,2.4853515625
Dense5x70,1738,3,3,1,2.333984375
Dense5x70,9624,3,3,1,0.908203125
Dense5x70,4528,3,3,1,2.119140625
Dense5x70,8215,3,3,1,3.056640625
Dense5x70,8713,3,3,1,2.9638671875
Dense5x70,2723,3,3,1,1.0986328125
Dense5x70,6023,3,5,1,0.5078125
Dense5x70,9217,3,3,1,1.7626953125
Dense5x70,3248,3,3,1,2.2119140625
Dense5x70,1608,3,3,1,2.685546875
Dense5x70,6714,3,3,1,2.705078125
Dense5x70,4335,3,3,1,1.6650390625
Dense5x70,5140,3,5,1,0.546875
Dense5x70,87,3,3,1,1.923828125
Dense5x70,7893,3,3,1,3.037109375
Dense5x70,4755,3,3,1,1.279296875
Dense5x70,7983,3,3,1,3.5595703125
Dense5x70,310,3,3,1,1.8310546875
Dense5x70,1028,3,3,1,1.806640625
Dense5x70,4443,3,3,1,0.7861328125
Dense5x70,2408,3,9,1,0.947265625
Dense5x70,7311,3,3,1,2.2412109375
Dense5x70,6542,3,7,1,1.064453125
Dense5x70,6289,3,3,1,2.744140625
Dense5x70,6226,3,3,1,3.4521484375
Dense5x70,5150,3,3,1,3.466796875
Dense6x25,6962,0,0,1,1.484375
Dense6x25,981,0,0,1,3.2763671875
Dense6x25,1775,0,0,1,1.89453125
Dense6x25,8983,0,0,1,2.744140625
Dense6x25,8851,0,0,1,2.236328125
Dense6x25,1084,0,0,1,4.990234375
Dense6x25,3847,0,0,1,2.119140625
Dense6x25,3581,0,0,1,2.2607421875
Dense6x25,9352,0,0,1,4.130859375
Dense6x25,8137,0,0,1,3.310546875
Dense6x25,2333,0,0,1,1.064453125
Dense6x25,8481,0,0,1,5.107421875
Dense6x25,7820,0,0,1,3.125
Dense6x25,440,0,0,1,5.703125
Dense6x25,4611,0,0,1,4.8388671875
Dense6x25,1712,0,0,1,2.021484375
Dense6x25,7727,0,0,1,3.271484375
Dense6x25,9739,0,0,1,1.904296875
Dense6x25,2568,0,0,1,2.5244140625
Dense6x25,1808,0,0,1,2.6025390625
Dense6x25,2657,0,0,1,2.71484375
Dense6x25,5428,0,0,1,4.8046875
Dense6x25,2061,0,0,1,2.060546875
Dense6x25,7112,0,0,1,2.1630859375
Dense6x25,9134,0,0,1,3.9892578125
Dense6x25,717,0,0,1,0.2734375
Dense6x25,5828,0,0,1,2.08984375
Dense6x25,365,0,0,1,1.5576171875
Dense6x25,3032,0,0,1,3.0322265625
Dense6x25,704,0,0,1,1.7431640625
Dense6x25,2748,0,0,1,1.0888671875
Dense6x25,7780,0,0,1,4.443359375
Dense6x25,6040,0,0,1,1.2841796875
Dense6x25,3634,0,0,1,1.23046875
Dense6x25,2209,0,0,1,0.68359375
Dense6x25,4351,0,0,1,4.1943359375
Dense6x25,5519,0,0,1,1.5869140625
Dense6x25,1535,0,0,1,1.8115234375
Dense6x25,3706,0,0,1,2.51953125
Dense6x25,3210,0,0,1,1.875
Dense6x25,4739,0,0,1,1.875
Dense6x25,8021,0,0,1,4.0771484375
Dense6x25,7516,0,0,1,2.8076171875
Dense6x25,4937,0,0,1,2.48046875
Dense6x25,2455,0,0,1,1.298828125
Dense6x25,7671,0,0,1,1.3037109375
Dense6x25,7202,0,0,1,3.02734375
Dense6x25,6489,0,0,1,3.837890625
Dense6x25,6583,0,0,1,2.3681640625
Dense6x25,6342,0,0,1,2.3681640625
Dense6x25,4208,0,0,1,3.2958984375
Dense6x25,3242,0,0,1,2.4560546875
Dense6x25,5415,0,0,1,3.427734375
Dense6x25,5253,0,0,1,2.236328125
Dense6x25,2972,0,0,1,2.138671875
Dense6x25,5918,0,0,1,1.0107421875
Dense6x25,2649,0,0,1,5.361328125
Dense6x25,9885,0,0,1,2.16796875
Dense6x25,7084,0,0,1,1.6162109375
Dense6x25,8858,0,0,1,3.37890625
Dense6x25,8763,0,0,1,3.232421875
Dense6x25,4880,0,5,1,0.3515625
Dense6x25,3310,0,0,1,2.5341796875
Dense6x25,7537,0,0,1,3.4716796875
Dense6x25,3170,0,0,1,3.92578125
Dense6x25,6470,0,0,1,2.2216796875
Dense6x25,8007,0,0,1,4.7265625
Dense6x25,8425,0,0,1,2.5048828125
Dense6x25,5584,0,0,1,4.541015625
Dense6x25,644,0,0,1,2.294921875
Dense6x25,7706,0,0,1,2.6220703125
Dense6x25,4343,0,0,1,1.796875
Dense6x25,3297,0,0,1,3.1787109375
Dense6x25,1404,0,0,1,0.0927734375
Dense6x25,4462,0,0,1,3.8623046875
Dense6x25,2942,0,0,1,2.8466796875
Dense6x25,5470,0,0,1,4.1015625
Dense6x25,9236,0,0,1,3.388671875
Dense6x25,28,0,0,1,2.451171875
Dense6x25,7898,0,0,1,4.169921875
Dense6x25,7913,0,0,1,4.2724609375
Dense6x25,3764,0,0,1,1.6455078125
Dense6x25,2081,0,0,1,1.9140625
Dense6x25,311,0,0,1,3.6767578125
Dense6x25,1487,0,0,1,3.3837890625
Dense6x25,6201,0,0,1,3.896484375
Dense6x25,9396,0,0,1,3.5400390625
Dense6x25,7791,0,0,1,3.88671875
Dense6x25,4788,0,0,1,1.2353515625
Dense6x25,407,0,0,1,2.8662109375
Dense6x25,2318,0,0,1,2.0703125
Dense6x25,8951,0,0,1,2.65625
Dense6x25,4023,0,0,1,3.4716796875
Dense6x25,7086,0,0,1,2.5537109375
Dense6x25,2763,0,0,1,1.962890625
Dense6x25,4819,0,0,1,1.630859375
Dense6x25,4079,0,0,1,2.9443359375
Dense6x25,6191,0,0,1,4.4189453125
Dense6x25,8619,0,0,1,4.19921875
Dense6x25,1176,0,0,1,0.9228515625
Dense6x25,4328,1,1,1,2.099609375
Dense6x25,3741,1,1,1,2.1533203125
Dense6x25,4409,1,1,1,1.62109375
Dense6x25,9051,1,1,1,0.9814453125
Dense6x25,4909,1,1,1,1.2158203125
Dense6x25,7019,1,1,1,1.7724609375
Dense6x25,4951,1,1,1,0.849609375
Dense6x25,4580,1,1,1,1.2109375
Dense6x25,3276,1,1,1,1.73828125
Dense6x25,3320,1,1,1,1.42578125
Dense6x25,7232,1,1,1,1.3330078125
Dense6x25,9599,1,1,1,1.640625
Dense6x25,9030,1,1,1,1.3134765625
Dense6x25,3430,1,1,1,0.6201171875
Dense6x25,1667,1,1,1,2.0703125
Dense6x25,7783,1,1,1,1.9921875
Dense6x25,288,1,1,1,1.630859375
Dense6x25,848,1,1,1,1.77734375
Dense6x25,5453,1,1,1,1.8359375
Dense6x25,5699,1,1,1,1.8994140625
Dense6x25,7463,1,1,1,1.796875
Dense6x25,2674,1,1,1,1.6162109375
Dense6x25,4674,1,1,1,0.5419921875
Dense6x25,3264,1,1,1,1.6162109375
Dense6x25,3268,1,1,1,1.6845703125
Dense6x25,2051,1,1,1,1.54296875
Dense6x25,9324,1,1,1,1.5576171875
Dense6x25,9489,1,1,1,1.6064453125
Dense6x25,1318,1,1,1,1.044921875
Dense6x25,9955,1,1,1,1.630859375
Dense6x25,8166,1,1,1,2.021484375
Dense6x25,9291,1,1,1,1.826171875
Dense6x25,949,1,1,1,1.806640625
Dense6x25,3092,1,1,1,0.87890625
Dense6x25,239,1,1,1,1.7041015625
Dense6x25,3809,1,1,1,1.6015625
Dense6x25,2273,1,1,1,1.025390625
Dense6x25,9002,1,1,1,2.36328125
Dense6x25,506,1,1,1,1.3818359375
Dense6x25,3679,1,1,1,1.2841796875
Dense6x25,5550,1,1,1,2.0166015625
Dense6x25,6008,1,1,1,1.4794921875
Dense6x25,7563,1,1,1,2.6953125
Dense6x25,7422,1,1,1,2.2021484375
Dense6x25,4507,1,1,1,1.5869140625
Dense6x25,8367,1,1,1,1.9189453125
Dense6x25,5281,1,1,1,2.177734375
Dense6x25,8229,1,1,1,1.66015625
Dense6x25,8090,1,1,1,1.875
Dense6x25,2071,1,1,1,1.2744140625
Dense6x25,6060,1,1,1,1.416015625
Dense6x25,5316,1,1,1,2.001953125
Dense6x25,3214,1,1,1,1.923828125
Dense6x25,6506,1,1,1,2.0751953125
Dense6x25,3689,1,1,1,1.5283203125
Dense6x25,1351,1,1,1,1.904296875
Dense6x25,7561,1,1,1,1.9580078125
Dense6x25,9772,1,1,1,2.509765625
Dense6x25,619,1,8,1,1.0546875
Dense6x25,2688,1,1,1,1.8798828125
Dense6x25,2612,1,1,1,2.1826171875
Dense6x25,3641,1,1,1,1.5966796875
Dense6x25,3019,1,1,1,1.0107421875
Dense6x25,1780,1,1,1,1.8359375
Dense6x25,7869,1,1,1,2.8564453125
Dense6x25,7856,1,1,1,0.9521484375
Dense6x25,7928,1,8,1,0.546875
Dense6x25,826,1,1,1,2.109375
Dense6x25,4917,1,1,1,1.689453125
Dense6x25,3132,1,3,1,1.767578125
Dense6x25,7073,1,1,1,1.796875
Dense6x25,9645,1,1,1,0.9619140625
Dense6x25,8306,1,1,1,2.2509765625
Dense6x25,4168,1,1,1,1.884765625
Dense6x25,6115,1,1,1,1.357421875
Dense6x25,824,1,1,1,1.8115234375
Dense6x25,5722,1,1,1,1.9873046875
Dense6x25,7226,1,1,1,1.1865234375
Dense6x25,2504,1,1,1,1.11328125
Dense6x25,3471,1,1,1,1.42578125
Dense6x25,342,1,1,1,1.8310546875
Dense6x25,2719,1,1,1,1.2890625
Dense6x25,9594,1,1,1,1.07421875
Dense6x25,6829,1,1,1,1.884765625
Dense6x25,5128,1,1,1,1.8603515625
Dense6x25,7567,1,1,1,2.109375
Dense6x25,2519,1,1,1,0.99609375
Dense6x25,6673,1,1,1,1.865234375
Dense6x25,9612,1,1,1,1.2646484375
Dense6x25,2943,1,1,1,1.748046875
Dense6x25,1403,1,1,1,0.654296875
Dense6x25,7048,1,1,1,2.0947265625
Dense6x25,4077,1,1,1,1.54296875
Dense6x25,388,1,1,1,1.6552734375
Dense6x25,7418,1,1,1,2.0361328125
Dense6x25,8682,1,1,1,1.3623046875
Dense6x25,809,1,1,1,1.3232421875
Dense6x25,4563,1,1,1,0.966796875
Dense6x25,430,1,1,1,1.81640625
Dense6x25,6162,1,1,1,2.0458984375
Dense6x25,4996,3,3,1,4.1650390625
Dense6x25,569,3,3,1,0.166015625
Dense6x25,7233,3,3,1,1.46484375
Dense6x25,8867,3,3,1,1.435546875
Dense6x25,9670,3,3,1,2.4658203125
Dense6x25,9636,3,3,1,3.3837890625
Dense6x25,4714,3,3,1,3.6572265625
Dense6x25,3825,3,3,1,3.203125
Dense6x25,1840,3,3,1,4.8828125
Dense6x25,3045,3,3,1,3.3203125
Dense6x25,847,3,3,1,3.14453125
Dense6x25,2305,3,3,1,3.2763671875
Dense6x25,3167,3,3,1,1.025390625
Dense6x25,173,3,3,1,2.4365234375
Dense6x25,8624,3,3,1,2.080078125
Dense6x25,6440,3,3,1,4.9365234375
Dense6x25,815,3,3,1,3.505859375
Dense6x25,3975,3,3,1,5.1318359375
Dense6x25,3766,3,3,1,1.0205078125
Dense6x25,8186,3,3,1,2.65625
Dense6x25,8167,3,3,1,4.677734375
Dense6x25,687,3,3,1,2.2607421875
Dense6x25,9840,3,3,1,1.4794921875
Dense6x25,5468,3,3,1,3.583984375
Dense6x25,6432,3,3,1,2.177734375
Dense6x25,1615,3,3,1,3.3837890625
Dense6x25,8060,3,3,1,4.04296875
Dense6x25,9106,3,3,1,4.5751953125
Dense6x25,9177,3,3,1,5.732421875
Dense6x25,2303,3,3,1,4.375
Dense6x25,2075,3,3,1,2.96875
Dense6x25,2634,3,3,1,3.5498046875
Dense6x25,4647,3,3,1,2.021484375
Dense6x25,3049,3,3,1,2.2705078125
Dense6x25,4018,3,5,1,0.9765625
Dense6x25,1683,3,3,1,3.876953125
Dense6x25,4288,3,3,1,4.1259765625
Dense6x25,8461,3,3,1,4.00390625
Dense6x25,7407,3,3,1,2.24609375
Dense6x25,5616,3,3,1,2.16796875
Dense6x25,9380,3,3,1,2.0361328125
Dense6x25,683,3,3,1,1.4794921875
Dense6x25,2312,3,3,1,1.3671875
Dense6x25,2985,3,3,1,1.1767578125
Dense6x25,1480,3,3,1,4.4482421875
Dense6x25,7252,3,3,1,2.8515625
Dense6x25,2716,3,3,1,3.92578125
Dense6x25,9491,3,3,1,1.708984375
Dense6x25,4084,3,3,1,0.80078125
Dense6x25,657,3,3,1,4.4677734375
Dense6x25,5583,3,3,1,2.51953125
Dense6x25,515,3,3,1,0.29296875
Dense6x25,5638,3,3,1,3.5205078125
Dense6x25,8864,3,3,1,3.759765625
Dense6x25,1317,3,3,1,1.0009765625
Dense6x25,1469,3,3,1,1.5771484375
Dense6x25,7763,3,3,1,2.7734375
Dense6x25,1383,3,3,1,2.03125
Dense6x25,4928,3,3,1,1.3134765625
Dense6x25,1742,3,3,1,4.1650390625
Dense6x25,894,3,3,1,2.0556640625
Dense6x25,44,3,3,1,1.9775390625
Dense6x25,9363,3,3,1,2.8564453125
Dense6x25,1727,3,3,1,2.05078125
Dense6x25,923,3,3,1,5.2587890625
Dense6x25,3261,3,3,1,1.23046875
Dense6x25,5356,3,3,1,2.8515625
Dense6x25,2560,3,2,1,0.0390625
Dense6x25,2069,3,3,1,3.9501953125
Dense6x25,142,3,3,1,1.77734375
Dense6x25,6863,3,3,1,3.8330078125
Dense6x25,8337,3,3,1,4.4873046875
Dense6x25,2663,3,3,1,3.8671875
Dense6x25,500,3,3,1,3.5107421875
Dense6x25,3943,3,5,1,0.4443359375
Dense6x25,9100,3,3,1,4.7021484375
Dense6x25,3390,3,3,1,3.7744140625
Dense6x25,912,3,3,1,5.60546875
Dense6x25,7639,3,3,1,2.958984375
Dense6x25,7993,3,3,1,4.1748046875
Dense6x25,8014,3,3,1,3.3642578125
Dense6x25,2745,3,3,1,2.7685546875
Dense6x25,8489,3,3,1,2.51953125
Dense6x25,6563,3,3,1,0.244140625
Dense6x25,1067,3,3,1,2.841796875
Dense6x25,8713,3,3,1,4.3212890625
Dense6x25,5955,3,8,1,1.5283203125
Dense6x25,4128,3,3,1,1.9287109375
Dense6x25,865,3,3,1,2.5341796875
Dense6x25,4311,3,3,1,0.849609375
Dense6x25,4664,3,3,1,2.40234375
Dense6x25,7995,3,3,1,5.5517578125
Dense6x25,4317,3,3,1,1.3037109375
Dense6x25,3129,3,3,1,2.0703125
Dense6x25,1628,3,3,1,2.4169921875
Dense6x25,699,3,3,1,0.9375
Dense6x25,3177,3,3,1,3.193359375
Dense6x25,6289,3,3,1,2.2021484375
Dense6x25,1803,3,3,1,3.6181640625
Dense6x25,7519,3,3,1,4.2041015625
Dense6x30,1794,0,0,1,1.3623046875
Dense6x30,7887,0,0,1,3.4912109375
Dense6x30,6532,0,0,1,0.9033203125
Dense6x30,9179,0,0,1,3.974609375
Dense6x30,3479,0,0,1,2.314453125
Dense6x30,8535,0,0,1,5.2685546875
Dense6x30,1898,0,0,1,3.0615234375
Dense6x30,8273,0,7,1,0.3857421875
Dense6x30,8999,0,0,1,3.5888671875
Dense6x30,3226,0,0,1,3.8037109375
Dense6x30,9897,0,0,1,2.900390625
Dense6x30,5443,0,0,1,4.189453125
Dense6x30,4043,0,0,1,4.052734375
Dense6x30,3445,0,0,1,3.740234375
Dense6x30,4070,0,0,1,4.31640625
Dense6x30,4079,0,0,1,3.1787109375
Dense6x30,9519,0,0,1,3.6376953125
Dense6x30,6127,0,0,1,5.9912109375
Dense6x30,3942,0,0,1,2.138671875
Dense6x30,8913,0,0,1,2.6513671875
Dense6x30,9080,0,0,1,4.033203125
Dense6x30,1843,0,2,1,0.09765625
Dense6x30,4090,0,0,1,2.2265625
Dense6x30,2531,0,0,1,3.544921875
Dense6x30,1589,0,0,1,3.8623046875
Dense6x30,1870,0,0,1,3.251953125
Dense6x30,2417,0,0,1,2.6904296875
Dense6x30,4650,0,0,1,3.5693359375
Dense6x30,3020,0,0,1,1.8408203125
Dense6x30,9352,0,0,1,3.0810546875
Dense6x30,6437,0,0,1,3.1982421875
Dense6x30,656,0,0,1,3.8134765625
Dense6x30,2627,0,0,1,4.7607421875
Dense6x30,9757,0,0,1,2.4609375
Dense6x30,5259,0,0,1,3.33984375
Dense6x30,7855,0,0,1,4.736328125
Dense6x30,5673,0,0,1,3.9404296875
Dense6x30,9396,0,0,1,3.37890625
Dense6x30,9436,0,0,1,1.787109375
Dense6x30,2592,0,0,1,3.0224609375
Dense6x30,8858,0,0,1,3.623046875
Dense6x30,8335,0,0,1,2.412109375
Dense6x30,6833,0,0,1,4.677734375
Dense6x30,7261,0,0,1,2.8125
Dense6x30,2204,0,0,1,1.46484375
Dense6x30,3481,0,0,1,3.134765625
Dense6x30,545,0,0,1,1.3525390625
Dense6x30,9137,0,0,1,4.658203125
Dense6x30,5918,0,0,1,0.5517578125
Dense6x30,1768,0,0,1,2.5244140625
Dense6x30,7607,0,0,1,2.744140625
Dense6x30,8342,0,0,1,2.470703125
Dense6x30,7037,0,0,1,2.4658203125
Dense6x30,7727,0,0,1,4.0087890625
Dense6x30,2485,0,0,1,2.421875
Dense6x30,8117,0,0,1,3.8623046875
Dense6x30,6770,0,0,1,4.4287109375
Dense6x30,6818,0,0,1,2.724609375
Dense6x30,8514,0,0,1,4.072265625
Dense6x30,1638,0,0,1,1.71875
Dense6x30,9850,0,0,1,2.2802734375
Dense6x30,4278,0,0,1,4.326171875
Dense6x30,2571,0,0,1,1.2451171875
Dense6x30,4343,0,0,1,2.5390625
Dense6x30,8388,0,0,1,2.3583984375
Dense6x30,5505,0,0,1,2.4462890625
Dense6x30,3251,0,4,1,0.2880859375
Dense6x30,8199,0,0,1,3.0712890625
Dense6x30,6526,0,0,1,3.505859375
Dense6x30,6383,0,0,1,2.91015625
Dense6x30,8468,0,0,1,4.2236328125
Dense6x30,9244,0,0,1,3.0859375
Dense6x30,5087,0,0,1,4.3994140625
Dense6x30,5952,0,0,1,4.5654296875
Dense6x30,7506,0,0,1,3.583984375
Dense6x30,1650,0,0,1,2.9248046875
Dense6x30,4327,0,0,1,1.416015625
Dense6x30,794,0,0,1,2.822265625
Dense6x30,7168,0,0,1,3.33984375
Dense6x30,136,0,0,1,2.6220703125
Dense6x30,8359,0,0,1,2.6611328125
Dense6x30,5035,0,0,1,2.9150390625
Dense6x30,581,0,0,1,3.427734375
Dense6x30,311,0,0,1,4.580078125
Dense6x30,441,0,0,1,2.8857421875
Dense6x30,8881,0,0,1,2.158203125
Dense6x30,546,0,0,1,3.662109375
Dense6x30,6602,0,0,1,3.1640625
Dense6x30,6280,0,0,1,3.9306640625
Dense6x30,1416,0,0,1,2.9833984375
Dense6x30,5929,0,0,1,3.14453125
Dense6x30,4282,0,0,1,2.958984375
Dense6x30,2403,0,0,1,3.916015625
Dense6x30,7889,0,0,1,5.2294921875
Dense6x30,4361,0,0,1,2.2216796875
Dense6x30,5737,0,0,1,2.9541015625
Dense6x30,2318,0,0,1,3.0419921875
Dense6x30,4329,0,0,1,1.9384765625
Dense6x30,6546,0,0,1,1.806640625
Dense6x30,3265,0,0,1,3.0908203125
Dense6x30,1691,1,1,1,1.162109375
Dense6x30,7783,1,1,1,0.7177734375
Dense6x30,9846,1,1,1,1.337890625
Dense6x30,6751,1,1,1,1.220703125
Dense6x30,1316,1,1,1,1.669921875
Dense6x30,7073,1,1,1,1.6552734375
Dense6x30,4651,1,1,1,1.8701171875
Dense6x30,8850,1,1,1,1.640625
Dense6x30,7890,1,1,1,1.6064453125
Dense6x30,4036,1,1,1,1.8212890625
Dense6x30,6702,1,1,1,1.7041015625
Dense6x30,2357,1,1,1,1.5380859375
Dense6x30,8443,1,1,1,1.533203125
Dense6x30,416,1,1,1,1.66015625
Dense6x30,929,1,1,1,1.4404296875
Dense6x30,5917,1,1,1,1.9677734375
Dense6x30,1136,1,1,1,1.5966796875
Dense6x30,1305,1,1,1,1.5283203125
Dense6x30,2816,1,1,1,1.38671875
Dense6x30,8305,1,1,1,1.9287109375
Dense6x30,3276,1,1,1,1.7822265625
Dense6x30,9120,1,1,1,1.5625
Dense6x30,7517,1,1,1,1.630859375
Dense6x30,4806,1,1,1,1.6455078125
Dense6x30,5291,1,1,1,1.5966796875
Dense6x30,224,1,1,1,0.830078125
Dense6x30,1257,1,1,1,1.142578125
Dense6x30,4580,1,1,1,1.494140625
Dense6x30,3922,1,1,1,1.220703125
Dense6x30,4179,1,1,1,1.962890625
Dense6x30,8862,1,1,1,1.826171875
Dense6x30,8058,1,1,1,0.927734375
Dense6x30,9003,1,1,1,1.9921875
Dense6x30,6652,1,1,1,1.6845703125
Dense6x30,4014,1,1,1,1.8798828125
Dense6x30,8873,1,1,1,1.8701171875
Dense6x30,5915,1,1,1,2.0458984375
Dense6x30,6913,1,1,1,1.8701171875
Dense6x30,2283,1,1,1,1.748046875
Dense6x30,6233,1,1,1,1.46484375
Dense6x30,8971,1,1,1,1.6650390625
Dense6x30,2034,1,1,1,1.8603515625
Dense6x30,4409,1,1,1,1.455078125
Dense6x30,5679,1,1,1,1.9287109375
Dense6x30,276,1,1,1,1.8212890625
Dense6x30,3203,1,1,1,1.1767578125
Dense6x30,419,1,1,1,1.8701171875
Dense6x30,2974,1,1,1,1.4599609375
Dense6x30,5998,1,1,1,1.2890625
Dense6x30,5889,1,1,1,1.962890625
Dense6x30,4428,1,1,1,1.2353515625
Dense6x30,8352,1,1,1,1.26953125
Dense6x30,949,1,1,1,1.962890625
Dense6x30,5552,1,1,1,1.5869140625
Dense6x30,4190,1,1,1,1.7333984375
Dense6x30,3457,1,8,1,0.05859375
Dense6x30,5254,1,1,1,0.83984375
Dense6x30,7969,1,1,1,1.484375
Dense6x30,9653,1,1,1,1.064453125
Dense6x30,7686,1,1,1,2.080078125
Dense6x30,6622,1,1,1,1.201171875
Dense6x30,1137,1,1,1,1.69921875
Dense6x30,5081,1,1,1,1.81640625
Dense6x30,1527,1,5,1,0.1806640625
Dense6x30,6108,1,1,1,1.0546875
Dense6x30,6601,1,1,1,1.8603515625
Dense6x30,204,1,1,1,1.1865234375
Dense6x30,2421,1,1,1,1.689453125
Dense6x30,1004,1,1,1,1.240234375
Dense6x30,6073,1,1,1,1.3037109375
Dense6x30,5132,1,1,1,1.62109375
Dense6x30,1139,1,1,1,1.8017578125
Dense6x30,4859,1,1,1,1.3818359375
Dense6x30,1934,1,1,1,2.1484375
Dense6x30,3786,1,1,1,1.58203125
Dense6x30,7658,1,1,1,2.1826171875
Dense6x30,3586,1,1,1,1.3671875
Dense6x30,178,1,1,1,2.0166015625
Dense6x30,9737,1,1,1,1.513671875
Dense6x30,3649,1,1,1,1.904296875
Dense6x30,5970,1,1,1,1.26953125
Dense6x30,3124,1,1,1,1.728515625
Dense6x30,5461,1,1,1,1.7236328125
Dense6x30,826,1,1,1,2.158203125
Dense6x30,1189,1,1,1,1.40625
Dense6x30,700,1,1,1,1.73828125
Dense6x30,6712,1,1,1,1.708984375
Dense6x30,2946,1,1,1,1.328125
Dense6x30,7150,1,1,1,1.4599609375
Dense6x30,5186,1,1,1,1.4404296875
Dense6x30,1236,1,1,1,1.5771484375
Dense6x30,7748,1,1,1,1.4501953125
Dense6x30,9180,1,1,1,2.0849609375
Dense6x30,6533,1,1,1,1.650390625
Dense6x30,9407,1,1,1,1.66015625
Dense6x30,8988,1,1,1,1.8408203125
Dense6x30,37,1,1,1,1.9580078125
Dense6x30,7661,1,1,1,1.77734375
Dense6x30,3039,1,1,1,1.2255859375
Dense6x30,4273,1,1,1,1.337890625
Dense6x30,3630,3,3,1,3.75
Dense6x30,1310,3,3,1,0.9228515625
Dense6x30,4242,3,3,1,3.96484375
Dense6x30,9670,3,3,1,2.8125
Dense6x30,2684,3,3,1,1.2939453125
Dense6x30,9308,3,3,1,1.5771484375
Dense6x30,8050,3,3,1,1.0009765625
Dense6x30,7436,3,3,1,2.294921875
Dense6x30,6794,3,3,1,4.7265625
Dense6x30,6194,3,3,1,3.2568359375
Dense6x30,5904,3,3,1,2.7490234375
Dense6x30,1804,3,3,1,4.8486328125
Dense6x30,9175,3,3,1,3.5986328125
Dense6x30,9219,3,3,1,4.0869140625
Dense6x30,5283,3,3,1,1.4208984375
Dense6x30,2663,3,3,1,4.3408203125
Dense6x30,2634,3,3,1,2.9296875
Dense6x30,7326,3,3,1,3.8134765625
Dense6x30,3642,3,3,1,4.7705078125
Dense6x30,3475,3,7,1,0.46875
Dense6x30,6075,3,3,1,3.4228515625
Dense6x30,573,3,3,1,3.59375
Dense6x30,9229,3,3,1,3.5205078125
Dense6x30,4004,3,3,1,2.9541015625
Dense6x30,3456,3,8,1,0.0439453125
Dense6x30,9235,3,3,1,3.84765625
Dense6x30,5446,3,3,1,2.0947265625
Dense6x30,3965,3,3,1,3.544921875
Dense6x30,32,3,3,1,3.75
Dense6x30,2511,3,3,1,1.3427734375
Dense6x30,334,3,3,1,3.701171875
Dense6x30,1731,3,3,1,2.7392578125
Dense6x30,3548,3,3,1,1.591796875
Dense6x30,3766,3,3,1,3.759765625
Dense6x30,8981,3,3,1,2.5439453125
Dense6x30,1797,3,3,1,2.5146484375
Dense6x30,7798,3,3,1,3.017578125
Dense6x30,7140,3,3,1,3.5009765625
Dense6x30,9445,3,3,1,5.9912109375
Dense6x30,894,3,3,1,2.6416015625
Dense6x30,8660,3,3,1,5.029296875
Dense6x30,2931,3,3,1,2.36328125
Dense6x30,112,3,3,1,1.7626953125
Dense6x30,5293,3,3,1,3.7255859375
Dense6x30,7350,3,3,1,2.16796875
Dense6x30,801,3,3,1,2.65625
Dense6x30,3738,3,3,1,2.6220703125
Dense6x30,2555,3,3,1,4.033203125
Dense6x30,5764,3,3,1,3.505859375
Dense6x30,2632,3,3,1,3.65234375
Dense6x30,5628,3,3,1,3.759765625
Dense6x30,8674,3,3,1,3.2763671875
Dense6x30,4334,3,3,1,2.7294921875
Dense6x30,3078,3,3,1,0.966796875
Dense6x30,343,3,3,1,3.466796875
Dense6x30,6379,3,3,1,3.837890625
Dense6x30,8290,3,3,1,2.9541015625
Dense6x30,2351,3,3,1,2.3095703125
Dense6x30,7365,3,3,1,2.880859375
Dense6x30,1298,3,3,1,2.3291015625
Dense6x30,6116,3,3,1,3.935546875
Dense6x30,7024,3,3,1,3.154296875
Dense6x30,8026,3,3,1,4.47265625
Dense6x30,6767,3,3,1,5.6591796875
Dense6x30,1661,3,3,1,3.3544921875
Dense6x30,6371,3,3,1,4.4091796875
Dense6x30,8876,3,3,1,3.388671875
Dense6x30,9305,3,3,1,2.8271484375
Dense6x30,6863,3,3,1,3.505859375
Dense6x30,8561,3,3,1,5.4345703125
Dense6x30,8167,3,3,1,5.2392578125
Dense6x30,402,3,3,1,1.748046875
Dense6x30,8451,3,3,1,2.646484375
Dense6x30,1489,3,3,1,4.5751953125
Dense6x30,9431,3,3,1,3.4521484375
Dense6x30,1095,3,3,1,3.0126953125
Dense6x30,6727,3,3,1,6.0986328125
Dense6x30,6517,3,3,1,1.4599609375
Dense6x30,313,3,3,1,1.2451171875
Dense6x30,657,3,3,1,4.2529296875
Dense6x30,2914,3,3,1,1.8408203125
Dense6x30,4688,3,3,1,5.01953125
Dense6x30,7509,3,3,1,4.2236328125
Dense6x30,9027,3,3,1,3.3349609375
Dense6x30,8171,3,3,1,3.2763671875
Dense6x30,925,3,3,1,3.3154296875
Dense6x30,1513,3,3,1,2.353515625
Dense6x30,4128,3,3,1,2.5634765625
Dense6x30,7458,3,3,1,3.57421875
Dense6x30,2583,3,3,1,3.41796875
Dense6x30,6107,3,3,1,5.302734375
Dense6x30,2945,3,7,1,0.6591796875
Dense6x30,5000,3,3,1,2.5830078125
Dense6x30,2618,3,3,1,3.1298828125
Dense6x30,9965,3,3,1,2.2607421875
Dense6x30,7292,3,3,1,3.388671875
Dense6x30,1612,3,3,1,4.9462890625
Dense6x30,2364,3,3,1,3.115234375
Dense6x30,6312,3,3,1,3.06640625
Dense6x30,1172,3,3,1,2.79296875
Dense6x35,2657,0,0,1,3.466796875
Dense6x35,4157,0,0,1,4.53125
Dense6x35,346,0,0,1,2.4560546875
Dense6x35,4082,0,0,1,4.78515625
Dense6x35,9585,0,0,1,1.77734375
Dense6x35,7967,0,0,1,4.306640625
Dense6x35,4033,0,0,1,4.1845703125
Dense6x35,7202,0,0,1,3.134765625
Dense6x35,7607,0,0,1,3.37890625
Dense6x35,7913,0,0,1,4.12109375
Dense6x35,192,0,0,1,2.36328125
Dense6x35,1454,0,0,1,1.9482421875
Dense6x35,4043,0,0,1,3.994140625
Dense6x35,1972,0,0,1,3.2080078125
Dense6x35,742,0,0,1,3.544921875
Dense6x35,6259,0,0,1,5.3271484375
Dense6x35,7505,0,0,1,2.2314453125
Dense6x35,5669,0,0,1,6.357421875
Dense6x35,3043,0,0,1,2.0703125
Dense6x35,1987,0,0,1,1.5771484375
Dense6x35,9488,0,0,1,3.7158203125
Dense6x35,4447,0,0,1,2.59765625
Dense6x35,3417,0,0,1,2.6513671875
Dense6x35,2748,0,0,1,1.5625
Dense6x35,4788,0,0,1,1.5576171875
Dense6x35,6947,0,0,1,4.55078125
Dense6x35,1590,0,0,1,2.9541015625
Dense6x35,5918,0,0,1,2.4609375
Dense6x35,305,0,0,1,4.052734375
Dense6x35,2081,0,0,1,2.4853515625
Dense6x35,3706,0,0,1,2.96875
Dense6x35,7646,0,0,1,2.880859375
Dense6x35,5990,0,0,1,4.3359375
Dense6x35,9621,0,0,1,0.107421875
Dense6x35,6786,0,0,1,3.583984375
Dense6x35,5006,0,0,1,2.861328125
Dense6x35,3368,0,0,1,3.3349609375
Dense6x35,4891,0,0,1,4.423828125
Dense6x35,4935,0,0,1,2.9052734375
Dense6x35,1692,0,0,1,3.017578125
Dense6x35,9601,0,0,1,2.5537109375
Dense6x35,9663,0,0,1,3.2763671875
Dense6x35,8895,0,0,1,2.83203125
Dense6x35,4617,0,0,1,3.193359375
Dense6x35,8535,0,0,1,7.28515625
Dense6x35,1843,0,0,1,1.3232421875
Dense6x35,6798,0,0,1,4.74609375
Dense6x35,7261,0,0,1,3.173828125
Dense6x35,4282,0,0,1,4.0771484375
Dense6x35,2295,0,0,1,3.7060546875
Dense6x35,9677,0,0,1,1.220703125
Dense6x35,8007,0,0,1,4.2578125
Dense6x35,2023,0,0,1,2.16796875
Dense6x35,7485,0,0,1,2.4462890625
Dense6x35,9801,0,0,1,3.759765625
Dense6x35,7791,0,0,1,4.208984375
Dense6x35,1535,0,0,1,3.134765625
Dense6x35,8629,0,0,1,1.9873046875
Dense6x35,7168,0,0,1,3.291015625
Dense6x35,2660,0,0,1,1.7138671875
Dense6x35,5430,0,0,1,3.5205078125
Dense6x35,5369,0,0,1,5.2392578125
Dense6x35,586,0,0,1,1.650390625
Dense6x35,1907,0,0,1,2.490234375
Dense6x35,2638,0,0,1,4.716796875
Dense6x35,7727,0,0,1,3.779296875
Dense6x35,3695,0,0,1,2.607421875
Dense6x35,4048,0,0,1,2.3095703125
Dense6x35,1726,0,0,1,3.5498046875
Dense6x35,9439,0,0,1,3.9013671875
Dense6x35,5008,0,0,1,3.73046875
Dense6x35,3849,0,0,1,5.33203125
Dense6x35,3185,0,0,1,1.1083984375
Dense6x35,6808,0,0,1,3.0908203125
Dense6x35,3677,0,0,1,4.365234375
Dense6x35,6489,0,0,1,3.1591796875
Dense6x35,1777,0,0,1,2.1240234375
Dense6x35,5459,0,0,1,3.8916015625
Dense6x35,9377,0,0,1,3.623046875
Dense6x35,545,0,0,1,1.5771484375
Dense6x35,8085,0,0,1,3.916015625
Dense6x35,4614,0,0,1,4.0673828125
Dense6x35,9199,0,0,1,5.8544921875
Dense6x35,993,0,0,1,2.880859375
Dense6x35,3710,0,0,1,0.17578125
Dense6x35,1995,0,0,1,2.7099609375
Dense6x35,6651,0,8,1,0.517578125
Dense6x35,1009,0,0,1,2.5439453125
Dense6x35,5443,0,0,1,2.6708984375
Dense6x35,6015,0,0,1,4.267578125
Dense6x35,3479,0,0,1,2.6220703125
Dense6x35,7269,0,0,1,2.8564453125
Dense6x35,5756,0,0,1,2.63671875
Dense6x35,269,0,0,1,2.138671875
Dense6x35,9983,0,0,1,3.92578125
Dense6x35,597,0,0,1,1.4404296875
Dense6x35,8057,0,0,1,3.7744140625
Dense6x35,4473,0,0,1,2.685546875
Dense6x35,2999,0,0,1,2.880859375
Dense6x35,9396,0,0,1,3.6083984375
Dense6x35,675,1,1,1,1.9580078125
Dense6x35,7847,1,1,1,0.0732421875
Dense6x35,9039,1,1,1,2.060546875
Dense6x35,7270,1,1,1,2.0361328125
Dense6x35,2788,1,1,1,1.3671875
Dense6x35,7832,1,1,1,1.5478515625
Dense6x35,1254,1,1,1,1.6162109375
Dense6x35,3480,1,1,1,2.0654296875
Dense6x35,8568,1,1,1,2.3388671875
Dense6x35,2880,1,1,1,1.9580078125
Dense6x35,5590,1,1,1,2.109375
Dense6x35,7581,1,1,1,2.3486328125
Dense6x35,4013,1,1,1,1.9384765625
Dense6x35,2276,1,1,1,0.95703125
Dense6x35,2287,1,1,1,1.884765625
Dense6x35,8239,1,1,1,1.630859375
Dense6x35,6192,1,1,1,2.0556640625
Dense6x35,5646,1,1,1,1.8310546875
Dense6x35,3586,1,1,1,2.6318359375
Dense6x35,265,1,1,1,2.1337890625
Dense6x35,5005,1,1,1,1.7431640625
Dense6x35,2137,1,1,1,1.7822265625
Dense6x35,8469,1,1,1,1.5234375
Dense6x35,7638,1,1,1,2.0849609375
Dense6x35,2719,1,1,1,0.9716796875
Dense6x35,5036,1,1,1,1.875
Dense6x35,2786,1,1,1,1.1376953125
Dense6x35,6670,1,1,1,1.9970703125
Dense6x35,5025,1,1,1,1.7236328125
Dense6x35,5970,1,1,1,1.5234375
Dense6x35,8543,1,1,1,1.9287109375
Dense6x35,348,1,1,1,1.8701171875
Dense6x35,5666,1,1,1,2.0068359375
Dense6x35,4951,1,1,1,1.2890625
Dense6x35,3421,1,1,1,1.66015625
Dense6x35,8376,1,1,1,1.3037109375
Dense6x35,1083,1,1,1,1.484375
Dense6x35,2661,1,1,1,1.7626953125
Dense6x35,3983,1,1,1,1.3720703125
Dense6x35,1707,1,1,1,1.2451171875
Dense6x35,7468,1,1,1,2.2998046875
Dense6x35,8078,1,1,1,1.6552734375
Dense6x35,5880,1,1,1,1.865234375
Dense6x35,5776,1,1,1,1.9384765625
Dense6x35,5809,1,1,1,1.767578125
Dense6x35,6948,1,1,1,2.03125
Dense6x35,2982,1,1,1,1.9873046875
Dense6x35,920,1,1,1,1.298828125
Dense6x35,696,1,1,1,1.494140625
Dense6x35,4014,1,1,1,1.5625
Dense6x35,302,1,1,1,2.138671875
Dense6x35,8545,1,1,1,1.806640625
Dense6x35,1760,1,1,1,2.451171875
Dense6x35,1193,1,1,1,1.85546875
Dense6x35,2444,1,1,1,1.3525390625
Dense6x35,251,1,1,1,0.5517578125
Dense6x35,5044,1,1,1,1.9140625
Dense6x35,46,1,1,1,1.6357421875
Dense6x35,1019,1,1,1,2.0458984375
Dense6x35,7556,1,1,1,1.7919921875
Dense6x35,5811,1,1,1,1.9873046875
Dense6x35,9121,1,1,1,2.060546875
Dense6x35,4924,1,1,1,2.177734375
Dense6x35,8724,1,1,1,1.9287109375
Dense6x35,1025,1,1,1,1.7431640625
Dense6x35,6012,1,1,1,1.787109375
Dense6x35,3175,1,1,1,1.4599609375
Dense6x35,6456,1,1,1,1.9091796875
Dense6x35,9643,1,7,1,0.5126953125
Dense6x35,1773,1,1,1,0.5517578125
Dense6x35,7395,1,1,1,1.806640625
Dense6x35,4201,1,7,1,0.654296875
Dense6x35,9368,1,1,1,2.138671875
Dense6x35,9200,1,1,1,2.4658203125
Dense6x35,1257,1,1,1,1.6650390625
Dense6x35,7053,1,1,1,1.7578125
Dense6x35,5588,1,1,1,1.8017578125
Dense6x35,5978,1,1,1,1.6357421875
Dense6x35,2166,1,1,1,1.6357421875
Dense6x35,393,1,1,1,1.5283203125
Dense6x35,1240,1,1,1,1.4208984375
Dense6x35,5794,1,1,1,1.89453125
Dense6x35,7323,1,1,1,2.0068359375
Dense6x35,818,1,1,1,2.7197265625
Dense6x35,40,1,1,1,1.1669921875
Dense6x35,9348,1,1,1,1.9580078125
Dense6x35,5896,1,1,1,1.8310546875
Dense6x35,4036,1,1,1,2.24609375
Dense6x35,4304,1,1,1,1.611328125
Dense6x35,3649,1,1,1,2.138671875
Dense6x35,1829,1,1,1,0.9423828125
Dense6x35,3669,1,1,1,1.5869140625
Dense6x35,7191,1,1,1,1.5185546875
Dense6x35,4181,1,1,1,2.4365234375
Dense6x35,14,1,1,1,1.7431640625
Dense6x35,9878,1,1,1,1.767578125
Dense6x35,7900,1,1,1,0.3076171875
Dense6x35,6224,1,1,1,1.8896484375
Dense6x35,3906,1,2,1,1.2060546875
Dense6x35,9836,1,1,1,1.416015625
Dense6x35,3300,3,3,1,2.587890625
Dense6x35,1479,3,3,1,3.8916015625
Dense6x35,335,3,3,1,2.0068359375
Dense6x35,402,3,3,1,2.8125
Dense6x35,9156,3,3,1,3.076171875
Dense6x35,1384,3,3,1,1.25
Dense6x35,2927,3,2,1,1.728515625
Dense6x35,2952,3,3,1,0.6787109375
Dense6x35,2551,3,3,1,2.7294921875
Dense6x35,3085,3,3,1,2.12890625
Dense6x35,8246,3,9,1,0.712890625
Dense6x35,6421,3,2,1,0.234375
Dense6x35,1092,3,3,1,1.1083984375
Dense6x35,669,3,3,1,2.587890625
Dense6x35,5168,3,3,1,3.7939453125
Dense6x35,628,3,9,1,0.60546875
Dense6x35,2305,3,3,1,0.9716796875
Dense6x35,6465,3,3,1,2.8466796875
Dense6x35,819,3,3,1,4.0087890625
Dense6x35,5382,3,3,1,3.212890625
Dense6x35,2392,3,3,1,3.095703125
Dense6x35,2424,3,3,1,2.666015625
Dense6x35,6727,3,3,1,4.8095703125
Dense6x35,1731,3,3,1,3.115234375
Dense6x35,3456,3,2,1,0.13671875
Dense6x35,3947,3,3,1,4.6875
Dense6x35,1317,3,3,1,1.8505859375
Dense6x35,6139,3,3,1,2.1923828125
Dense6x35,6535,3,3,1,1.8798828125
Dense6x35,2083,3,3,1,2.9150390625
Dense6x35,6790,3,3,1,2.6708984375
Dense6x35,5146,3,3,1,1.982421875
Dense6x35,3515,3,3,1,4.6484375
Dense6x35,548,3,3,1,0.107421875
Dense6x35,4317,3,7,1,0.01953125
Dense6x35,9758,3,5,1,1.865234375
Dense6x35,9100,3,3,1,3.6767578125
Dense6x35,8346,3,3,1,2.412109375
Dense6x35,8171,3,3,1,0.68359375
Dense6x35,2284,3,3,1,2.4072265625
Dense6x35,1062,3,7,1,0.4443359375
Dense6x35,577,3,3,1,2.5244140625
Dense6x35,231,3,3,1,2.1484375
Dense6x35,6676,3,3,1,3.2080078125
Dense6x35,2770,3,2,1,0.087890625
Dense6x35,8716,3,3,1,4.306640625
Dense6x35,6030,3,3,1,0.15625
Dense6x35,450,3,3,1,3.0810546875
Dense6x35,3108,3,3,1,0.2587890625
Dense6x35,6563,3,3,1,0.2685546875
Dense6x35,5150,3,3,1,4.5751953125
Dense6x35,1298,3,3,1,1.62109375
Dense6x35,3146,3,3,1,0.7568359375
Dense6x35,2618,3,3,1,0.76171875
Dense6x35,112,3,3,1,1.11328125
Dense6x35,958,3,3,1,0.6396484375
Dense6x35,648,3,3,1,3.6962890625
Dense6x35,1166,3,3,1,1.552734375
Dense6x35,7185,3,3,1,3.0615234375
Dense6x35,9697,3,3,1,2.4755859375
Dense6x35,1291,3,3,1,3.4033203125
Dense6x35,1134,3,3,1,3.5791015625
Dense6x35,7936,3,3,1,3.61328125
Dense6x35,4106,3,3,1,2.36328125
Dense6x35,2629,3,3,1,0.9716796875
Dense6x35,4541,3,3,1,3.291015625
Dense6x35,4109,3,3,1,1.9140625
Dense6x35,1765,3,3,1,1.5673828125
Dense6x35,7656,3,3,1,1.669921875
Dense6x35,2723,3,3,1,2.4755859375
Dense6x35,8780,3,3,1,4.6630859375
Dense6x35,4406,3,3,1,4.5068359375
Dense6x35,6862,3,3,1,2.5732421875
Dense6x35,8430,3,3,1,1.669921875
Dense6x35,8598,3,3,1,1.3134765625
Dense6x35,2712,3,3,1,2.5439453125
Dense6x35,8167,3,3,1,4.70703125
Dense6x35,1976,3,3,1,2.8564453125
Dense6x35,576,3,3,1,3.330078125
Dense6x35,4581,3,3,1,3.1787109375
Dense6x35,1611,3,3,1,0.44921875
Dense6x35,8856,3,3,1,3.41796875
Dense6x35,3486,3,3,1,2.724609375
Dense6x35,1172,3,3,1,2.216796875
Dense6x35,1463,3,3,1,1.7236328125
Dense6x35,883,3,3,1,1.298828125
Dense6x35,3548,3,3,1,1.8896484375
Dense6x35,8494,3,3,1,2.9296875
Dense6x35,2924,3,3,1,2.16796875
Dense6x35,2109,3,7,1,0.56640625
Dense6x35,5309,3,3,1,2.0263671875
Dense6x35,7401,3,3,1,2.05078125
Dense6x35,524,3,3,1,2.685546875
Dense6x35,5293,3,3,1,3.7744140625
Dense6x35,8876,3,3,1,1.767578125
Dense6x35,4437,3,3,1,0.3125
Dense6x35,6957,3,3,1,3.8671875
Dense6x35,1127,3,3,1,1.357421875
Dense6x35,957,3,3,1,2.197265625
Dense6x35,4026,3,3,1,3.4130859375
Dense6x40,5305,0,0,1,5.0146484375
Dense6x40,5827,0,0,1,2.3388671875
Dense6x40,851,0,0,1,2.6708984375
Dense6x40,2779,0,0,1,4.189453125
Dense6x40,8029,0,0,1,4.19921875
Dense6x40,6597,0,7,1,1.7724609375
Dense6x40,7255,0,0,1,3.310546875
Dense6x40,2988,0,0,1,2.5439453125
Dense6x40,5244,0,0,1,3.1201171875
Dense6x40,552,0,0,1,1.787109375
Dense6x40,2304,0,0,1,4.1259765625
Dense6x40,8057,0,0,1,5.6884765625
Dense6x40,6181,0,0,1,3.6865234375
Dense6x40,592,0,0,1,4.140625
Dense6x40,6398,0,0,1,3.388671875
Dense6x40,2996,0,0,1,4.0478515625
Dense6x40,6580,0,0,1,3.2275390625
Dense6x40,4320,0,0,1,5.1806640625
Dense6x40,6114,0,0,1,5.7666015625
Dense6x40,6892,0,0,1,3.2373046875
Dense6x40,8195,0,0,1,4.4580078125
Dense6x40,5243,0,0,1,2.5
Dense6x40,2777,0,0,1,2.3388671875
Dense6x40,407,0,0,1,3.0712890625
Dense6x40,2656,0,0,1,2.8369140625
Dense6x40,8077,0,0,1,4.6240234375
Dense6x40,9095,0,0,1,5.0244140625
Dense6x40,656,0,0,1,4.3505859375
Dense6x40,4473,0,0,1,2.2216796875
Dense6x40,5251,0,0,1,2.2705078125
Dense6x40,8991,0,0,1,4.169921875
Dense6x40,9310,0,0,1,3.359375
Dense6x40,1408,0,0,1,3.798828125
Dense6x40,2318,0,0,1,2.3486328125
Dense6x40,8468,0,0,1,4.2138671875
Dense6x40,2592,0,0,1,4.462890625
Dense6x40,6478,0,0,1,3.7890625
Dense6x40,6968,0,0,1,4.7412109375
Dense6x40,9911,0,0,1,3.6083984375
Dense6x40,2096,0,0,1,4.326171875
Dense6x40,9519,0,0,1,4.70703125
Dense6x40,5307,0,0,1,3.876953125
Dense6x40,871,0,0,1,4.8095703125
Dense6x40,2687,0,0,1,2.9931640625
Dense6x40,9414,0,0,1,5.263671875
Dense6x40,4935,0,0,1,3.59375
Dense6x40,9264,0,0,1,2.802734375
Dense6x40,1757,0,0,1,1.8310546875
Dense6x40,215,0,0,1,2.3388671875
Dense6x40,4343,0,0,1,2.705078125
Dense6x40,5459,0,0,1,4.775390625
Dense6x40,269,0,0,1,2.451171875
Dense6x40,4675,0,0,1,2.9931640625
Dense6x40,4780,0,0,1,2.548828125
Dense6x40,4739,0,0,1,2.109375
Dense6x40,6633,0,0,1,3.408203125
Dense6x40,4155,0,0,1,5.3857421875
Dense6x40,5079,0,0,1,3.90625
Dense6x40,4531,0,0,1,2.119140625
Dense6x40,5450,0,0,1,3.4033203125
Dense6x40,5043,0,0,1,4.306640625
Dense6x40,6833,0,0,1,5.2783203125
Dense6x40,7317,0,0,1,4.6435546875
Dense6x40,3849,0,0,1,3.76953125
Dense6x40,9236,0,0,1,4.609375
Dense6x40,443,0,0,1,1.0693359375
Dense6x40,2226,0,0,1,2.59765625
Dense6x40,1623,0,0,1,3.9404296875
Dense6x40,8671,0,0,1,4.9267578125
Dense6x40,2593,0,0,1,3.28125
Dense6x40,8629,0,0,1,2.55859375
Dense6x40,8260,0,0,1,1.9482421875
Dense6x40,6241,0,0,1,2.861328125
Dense6x40,597,0,0,1,1.552734375
Dense6x40,8152,0,0,1,5.1708984375
Dense6x40,9281,0,0,1,2.607421875
Dense6x40,3412,0,0,1,2.7685546875
Dense6x40,7737,0,0,1,5.712890625
Dense6x40,5398,0,0,1,2.919921875
Dense6x40,1148,0,0,1,3.4326171875
Dense6x40,2817,0,0,1,4.2529296875
Dense6x40,6444,0,0,1,3.14453125
Dense6x40,9439,0,0,1,5.1708984375
Dense6x40,8117,0,0,1,4.6435546875
Dense6x40,6818,0,0,1,2.3583984375
Dense6x40,9459,0,0,1,5.5078125
Dense6x40,9601,0,0,1,3.7353515625
Dense6x40,8535,0,0,1,6.0693359375
Dense6x40,2435,0,0,1,4.384765625
Dense6x40,3624,0,0,1,4.775390625
Dense6x40,101,0,0,1,3.45703125
Dense6x40,2326,0,0,1,3.1787109375
Dense6x40,6259,0,0,1,4.2724609375
Dense6x40,3368,0,0,1,3.1982421875
Dense6x40,9137,0,0,1,5.9521484375
Dense6x40,4329,0,0,1,1.9677734375
Dense6x40,2821,0,0,1,1.9384765625
Dense6x40,4166,0,0,1,2.8662109375
Dense6x40,7449,0,0,1,3.4765625
Dense6x40,2899,0,0,1,3.427734375
Dense6x40,754,1,1,1,1.884765625
Dense6x40,3433,1,1,1,1.8212890625
Dense6x40,836,1,1,1,1.71875
Dense6x40,4729,1,1,1,2.2705078125
Dense6x40,4005,1,1,1,1.611328125
Dense6x40,7527,1,1,1,2.3828125
Dense6x40,5978,1,1,1,1.9873046875
Dense6x40,3789,1,1,1,2.5732421875
Dense6x40,2688,1,1,1,2.16796875
Dense6x40,1083,1,1,1,1.6943359375
Dense6x40,6482,1,1,1,2.44140625
Dense6x40,6073,1,1,1,2.0361328125
Dense6x40,5092,1,1,1,2.5537109375
Dense6x40,9005,1,1,1,2.919921875
Dense6x40,9051,1,1,1,2.158203125
Dense6x40,6652,1,1,1,2.001953125
Dense6x40,994,1,1,1,1.9384765625
Dense6x40,272,1,1,1,1.85546875
Dense6x40,8715,1,1,1,2.71484375
Dense6x40,5211,1,1,1,1.73828125
Dense6x40,4178,1,1,1,1.1083984375
Dense6x40,419,1,1,1,1.7578125
Dense6x40,4595,1,1,1,2.4462890625
Dense6x40,6092,1,1,1,2.431640625
Dense6x40,889,1,1,1,1.9140625
Dense6x40,3625,1,1,1,1.9482421875
Dense6x40,9946,1,1,1,2.1435546875
Dense6x40,4606,1,1,1,1.611328125
Dense6x40,9540,1,1,1,2.0166015625
Dense6x40,6254,1,1,1,1.9384765625
Dense6x40,8600,1,1,1,2.34375
Dense6x40,3648,1,1,1,1.9580078125
Dense6x40,8367,1,1,1,2.0703125
Dense6x40,7658,1,1,1,2.16796875
Dense6x40,329,1,1,1,2.20703125
Dense6x40,5186,1,1,1,2.138671875
Dense6x40,537,1,1,1,1.962890625
Dense6x40,6961,1,1,1,2.0263671875
Dense6x40,9774,1,1,1,2.0361328125
Dense6x40,3741,1,1,1,2.4560546875
Dense6x40,1129,1,1,1,2.265625
Dense6x40,3097,1,1,1,1.962890625
Dense6x40,4653,1,1,1,1.3525390625
Dense6x40,2175,1,1,1,1.513671875
Dense6x40,8233,1,1,1,2.6171875
Dense6x40,1238,1,1,1,1.8115234375
Dense6x40,9039,1,1,1,2.2802734375
Dense6x40,7728,1,1,1,2.421875
Dense6x40,4932,1,1,1,1.6748046875
Dense6x40,9096,1,1,1,2.2119140625
Dense6x40,4977,1,1,1,1.8212890625
Dense6x40,9994,1,1,1,2.1240234375
Dense6x40,7253,1,1,1,2.2607421875
Dense6x40,8118,1,1,1,2.6513671875
Dense6x40,1844,1,1,1,1.62109375
Dense6x40,5254,1,1,1,2.3291015625
Dense6x40,3638,1,1,1,2.001953125
Dense6x40,330,1,1,1,1.8896484375
Dense6x40,2786,1,1,1,1.259765625
Dense6x40,6338,1,1,1,1.4794921875
Dense6x40,3272,1,1,1,2.001953125
Dense6x40,143,1,1,1,1.923828125
Dense6x40,5880,1,1,1,2.03125
Dense6x40,2335,1,1,1,2.216796875
Dense6x40,818,1,1,1,2.67578125
Dense6x40,4927,1,1,1,1.7822265625
Dense6x40,7725,1,1,1,1.85546875
Dense6x40,1368,1,1,1,1.298828125
Dense6x40,7014,1,1,1,2.1875
Dense6x40,6356,1,1,1,1.8994140625
Dense6x40,9124,1,1,1,2.1240234375
Dense6x40,9549,1,1,1,1.904296875
Dense6x40,984,1,1,1,1.6064453125
Dense6x40,2997,1,1,1,1.728515625
Dense6x40,2827,1,1,1,1.0498046875
Dense6x40,89,1,1,1,1.9287109375
Dense6x40,3605,1,1,1,2.4072265625
Dense6x40,3264,1,1,1,2.5390625
Dense6x40,1922,1,1,1,1.7578125
Dense6x40,4170,1,1,1,1.7236328125
Dense6x40,7563,1,1,1,2.5830078125
Dense6x40,8971,1,1,1,2.4560546875
Dense6x40,5614,1,1,1,2.197265625
Dense6x40,8443,1,1,1,2.24609375
Dense6x40,480,1,1,1,1.6552734375
Dense6x40,8938,1,1,1,2.0166015625
Dense6x40,7748,1,1,1,2.91015625
Dense6x40,2287,1,1,1,2.1728515625
Dense6x40,2434,1,1,1,1.4306640625
Dense6x40,9699,1,1,1,2.1044921875
Dense6x40,6751,1,1,1,2.16796875
Dense6x40,4337,1,1,1,2.3388671875
Dense6x40,4195,1,1,1,1.73828125
Dense6x40,8048,1,1,1,2.333984375
Dense6x40,9200,1,1,1,2.91015625
Dense6x40,8776,1,1,1,2.2998046875
Dense6x40,504,1,1,1,1.2060546875
Dense6x40,2529,1,1,1,2.2314453125
Dense6x40,8491,1,1,1,2.548828125
Dense6x40,1667,1,1,1,2.7099609375
Dense6x40,5492,3,3,1,4.53125
Dense6x40,5146,3,3,1,2.40234375
Dense6x40,4002,3,3,1,1.25
Dense6x40,4084,3,3,1,1.5087890625
Dense6x40,6075,3,3,1,1.572265625
Dense6x40,6272,3,3,1,4.0576171875
Dense6x40,4406,3,3,1,4.6875
Dense6x40,9840,3,3,1,2.197265625
Dense6x40,933,3,3,1,2.5439453125
Dense6x40,3897,3,3,1,1.54296875
Dense6x40,5623,3,3,1,0.2197265625
Dense6x40,8854,3,3,1,3.916015625
Dense6x40,8308,3,3,1,2.7294921875
Dense6x40,2566,3,3,1,2.3583984375
Dense6x40,1926,3,3,1,2.24609375
Dense6x40,9342,3,3,1,1.884765625
Dense6x40,7103,3,3,1,3.3984375
Dense6x40,677,3,3,1,2.16796875
Dense6x40,9390,3,3,1,4.033203125
Dense6x40,7551,3,3,1,3.4521484375
Dense6x40,6501,3,3,1,2.763671875
Dense6x40,9305,3,3,1,2.05078125
Dense6x40,7431,3,3,1,2.0263671875
Dense6x40,4782,3,3,1,2.40234375
Dense6x40,6763,3,3,1,3.8427734375
Dense6x40,8407,3,3,1,4.7705078125
Dense6x40,9235,3,3,1,4.4873046875
Dense6x40,1976,3,3,1,1.6748046875
Dense6x40,8701,3,3,1,3.90625
Dense6x40,8684,3,3,1,1.826171875
Dense6x40,5708,3,3,1,3.701171875
Dense6x40,5224,3,3,1,3.6181640625
Dense6x40,8970,3,3,1,4.78515625
Dense6x40,2075,3,3,1,2.0263671875
Dense6x40,1832,3,3,1,1.416015625
Dense6x40,9558,3,3,1,2.7783203125
Dense6x40,9561,3,3,1,3.1396484375
Dense6x40,1601,3,2,1,0.0537109375
Dense6x40,1128,3,7,1,0.6201171875
Dense6x40,686,3,3,1,1.9384765625
Dense6x40,3094,3,3,1,1.953125
Dense6x40,9115,3,3,1,2.880859375
Dense6x40,6290,3,3,1,2.470703125
Dense6x40,9261,3,3,1,4.47265625
Dense6x40,6381,3,3,1,1.8359375
Dense6x40,1845,3,3,1,3.65234375
Dense6x40,6875,3,3,1,3.1640625
Dense6x40,1166,3,2,1,0.3271484375
Dense6x40,231,3,3,1,1.796875
Dense6x40,6907,3,3,1,2.8271484375
Dense6x40,8785,3,3,1,1.6455078125
Dense6x40,3701,3,3,1,2.0849609375
Dense6x40,334,3,3,1,2.8955078125
Dense6x40,4097,3,3,1,3.0224609375
Dense6x40,9238,3,3,1,3.4716796875
Dense6x40,5468,3,3,1,2.3779296875
Dense6x40,6704,3,3,1,4.677734375
Dense6x40,865,3,3,1,2.1142578125
Dense6x40,5293,3,3,1,2.6123046875
Dense6x40,5346,3,3,1,2.529296875
Dense6x40,4802,3,3,1,1.3232421875
Dense6x40,7075,3,3,1,4.2822265625
Dense6x40,3739,3,3,1,0.56640625
Dense6x40,9662,3,3,1,1.8115234375
Dense6x40,548,3,3,1,1.6064453125
Dense6x40,1072,3,3,1,1.7529296875
Dense6x40,7024,3,3,1,3.7353515625
Dense6x40,847,3,3,1,2.2705078125
Dense6x40,9882,3,3,1,1.7626953125
Dense6x40,4541,3,3,1,3.8525390625
Dense6x40,4430,3,3,1,2.7783203125
Dense6x40,8010,3,2,1,1.103515625
Dense6x40,2853,3,3,1,1.0302734375
Dense6x40,2153,3,3,1,1.2158203125
Dense6x40,6085,3,3,1,3.3642578125
Dense6x40,855,3,3,1,2.431640625
Dense6x40,3078,3,3,1,0.283203125
Dense6x40,76,3,3,1,0.6591796875
Dense6x40,245,3,3,1,0.625
Dense6x40,7252,3,3,1,2.1533203125
Dense6x40,7501,3,3,1,3.3935546875
Dense6x40,9604,3,3,1,4.833984375
Dense6x40,6389,3,3,1,3.8037109375
Dense6x40,2731,3,3,1,1.2939453125
Dense6x40,1513,3,3,1,1.337890625
Dense6x40,5912,3,3,1,0.8935546875
Dense6x40,8485,3,3,1,0.7080078125
Dense6x40,1746,3,3,1,1.865234375
Dense6x40,2348,3,3,1,1.3818359375
Dense6x40,4873,3,3,1,2.470703125
Dense6x40,4904,3,3,1,3.779296875
Dense6x40,9363,3,3,1,2.2705078125
Dense6x40,8777,3,3,1,4.2919921875
Dense6x40,4311,3,3,1,0.830078125
Dense6x40,6322,3,3,1,1.962890625
Dense6x40,8272,3,3,1,1.0302734375
Dense6x40,8379,3,3,1,2.2509765625
Dense6x40,8290,3,3,1,2.0703125
Dense6x40,5841,3,5,1,0.8984375
Dense6x40,8154,3,3,1,2.98828125
Dense6x45,8468,0,0,1,4.8388671875
Dense6x45,6753,0,0,1,4.5263671875
Dense6x45,9060,0,0,1,7.197265625
Dense6x45,4462,0,0,1,4.0576171875
Dense6x45,7263,0,0,1,3.18359375
Dense6x45,3265,0,0,1,2.666015625
Dense6x45,9508,0,0,1,2.7490234375
Dense6x45,3646,0,0,1,2.177734375
Dense6x45,9865,0,0,1,2.763671875
Dense6x45,5673,0,0,1,4.0869140625
Dense6x45,5405,0,0,1,3.046875
Dense6x45,5051,0,0,1,3.3349609375
Dense6x45,5259,0,0,1,3.3740234375
Dense6x45,5806,0,0,1,3.9013671875
Dense6x45,8611,0,0,1,2.6171875
Dense6x45,3417,0,0,1,1.650390625
Dense6x45,6968,0,0,1,3.7255859375
Dense6x45,3512,0,0,1,2.509765625
Dense6x45,3446,0,0,1,2.3095703125
Dense6x45,6786,0,0,1,4.0283203125
Dense6x45,7830,0,0,1,5.5859375
Dense6x45,3940,0,0,1,3.8330078125
Dense6x45,895,0,0,1,2.1240234375
Dense6x45,7558,0,0,1,2.177734375
Dense6x45,8921,0,0,1,3.388671875
Dense6x45,9439,0,0,1,4.3994140625
Dense6x45,713,0,0,1,2.060546875
Dense6x45,440,0,0,1,6.123046875
Dense6x45,6602,0,0,1,2.36328125
Dense6x45,4531,0,0,1,1.46484375
Dense6x45,4188,0,0,1,3.8232421875
Dense6x45,5290,0,0,1,3.5302734375
Dense6x45,3016,0,0,1,4.4482421875
Dense6x45,6211,0,0,1,4.384765625
Dense6x45,7873,0,0,1,5.52734375
Dense6x45,3251,0,0,1,0.185546875
Dense6x45,7516,0,0,1,3.5595703125
Dense6x45,2067,0,0,1,2.0361328125
Dense6x45,4470,0,0,1,2.2998046875
Dense6x45,5718,0,0,1,0.927734375
Dense6x45,5830,0,0,1,3.779296875
Dense6x45,8111,0,0,1,5.546875
Dense6x45,4935,0,0,1,2.9345703125
Dense6x45,5369,0,0,1,4.35546875
Dense6x45,5243,0,0,1,2.8466796875
Dense6x45,7330,0,0,1,4.1064453125
Dense6x45,6947,0,0,1,4.7314453125
Dense6x45,972,0,0,1,4.2919921875
Dense6x45,8795,0,0,1,3.2421875
Dense6x45,2937,0,0,1,1.953125
Dense6x45,1764,0,0,1,2.548828125
Dense6x45,9677,0,0,1,1.77734375
Dense6x45,884,0,0,1,1.8408203125
Dense6x45,3413,0,0,1,2.734375
Dense6x45,5307,0,0,1,3.4521484375
Dense6x45,7703,0,0,1,2.607421875
Dense6x45,7221,0,0,1,2.841796875
Dense6x45,3724,0,0,1,3.603515625
Dense6x45,6293,0,0,1,4.0478515625
Dense6x45,2763,0,0,1,2.3681640625
Dense6x45,5043,0,0,1,5.6103515625
Dense6x45,9311,0,0,1,2.7978515625
Dense6x45,3774,0,0,1,2.3779296875
Dense6x45,6510,0,0,1,4.5556640625
Dense6x45,9297,0,0,1,3.1103515625
Dense6x45,6962,0,0,1,1.81640625
Dense6x45,2155,0,0,1,2.060546875
Dense6x45,8351,0,0,1,3.5546875
Dense6x45,1094,0,0,1,2.9833984375
Dense6x45,5613,0,0,1,2.958984375
Dense6x45,1411,0,5,1,0.166015625
Dense6x45,9542,0,0,1,1.083984375
Dense6x45,5929,0,0,1,2.6220703125
Dense6x45,3371,0,0,1,2.8173828125
Dense6x45,8152,0,0,1,4.6142578125
Dense6x45,6072,0,0,1,4.5751953125
Dense6x45,6319,0,0,1,4.423828125
Dense6x45,8172,0,0,1,3.7890625
Dense6x45,1692,0,0,1,3.9892578125
Dense6x45,5529,0,0,1,2.8515625
Dense6x45,2204,0,0,1,1.845703125
Dense6x45,7887,0,0,1,5.09765625
Dense6x45,7086,0,0,1,3.3203125
Dense6x45,7255,0,0,1,2.8271484375
Dense6x45,8243,0,0,1,2.109375
Dense6x45,3090,0,0,1,1.71875
Dense6x45,2449,0,0,1,1.1767578125
Dense6x45,324,0,0,1,0.2392578125
Dense6x45,297,0,0,1,4.0185546875
Dense6x45,1034,0,0,1,2.119140625
Dense6x45,1650,0,0,1,3.2763671875
Dense6x45,6937,0,0,1,3.53515625
Dense6x45,1712,0,0,1,2.8369140625
Dense6x45,3903,0,0,1,4.3017578125
Dense6x45,4361,0,0,1,2.2216796875
Dense6x45,8342,0,0,1,3.1591796875
Dense6x45,8881,0,0,1,2.96875
Dense6x45,5253,0,0,1,3.1005859375
Dense6x45,7225,0,0,1,2.744140625
Dense6x45,5109,0,0,1,3.9501953125
Dense6x45,8068,1,3,1,0.1953125
Dense6x45,9774,1,1,1,1.787109375
Dense6x45,5166,1,1,1,0.908203125
Dense6x45,7405,1,1,1,2.16796875
Dense6x45,1083,1,1,1,1.34765625
Dense6x45,1994,1,1,1,1.7138671875
Dense6x45,3641,1,1,1,1.396484375
Dense6x45,6482,1,1,1,1.806640625
Dense6x45,427,1,1,1,1.62109375
Dense6x45,9978,1,1,1,1.4208984375
Dense6x45,2356,1,1,1,1.73828125
Dense6x45,2017,1,1,1,1.54296875
Dense6x45,6683,1,1,1,1.40625
Dense6x45,7014,1,1,1,1.9775390625
Dense6x45,9705,1,1,1,1.591796875
Dense6x45,3747,1,1,1,1.748046875
Dense6x45,7091,1,1,1,1.2890625
Dense6x45,1945,1,1,1,1.044921875
Dense6x45,8729,1,1,1,1.240234375
Dense6x45,9602,1,1,1,1.6015625
Dense6x45,8360,1,1,1,1.455078125
Dense6x45,4191,1,1,1,1.396484375
Dense6x45,7916,1,1,1,1.181640625
Dense6x45,1909,1,1,1,0.78125
Dense6x45,5970,1,1,1,1.77734375
Dense6x45,473,1,1,1,1.09375
Dense6x45,1019,1,1,1,1.0595703125
Dense6x45,1630,1,1,1,1.962890625
Dense6x45,4924,1,1,1,1.6552734375
Dense6x45,1180,1,1,1,1.728515625
Dense6x45,2827,1,1,1,1.103515625
Dense6x45,2815,1,1,1,2.3046875
Dense6x45,1838,1,1,1,1.0546875
Dense6x45,8427,1,1,1,1.279296875
Dense6x45,2734,1,1,1,1.201171875
Dense6x45,1318,1,1,1,1.15234375
Dense6x45,6397,1,1,1,1.650390625
Dense6x45,3648,1,1,1,2.03125
Dense6x45,8305,1,1,1,1.7431640625
Dense6x45,6913,1,1,1,1.6357421875
Dense6x45,3689,1,1,1,1.3916015625
Dense6x45,8443,1,1,1,1.3330078125
Dense6x45,2434,1,1,1,0.869140625
Dense6x45,2693,1,1,1,1.630859375
Dense6x45,7556,1,1,1,1.5087890625
Dense6x45,3930,1,1,1,1.54296875
Dense6x45,6338,1,1,1,1.142578125
Dense6x45,5896,1,1,1,1.611328125
Dense6x45,4927,1,1,1,1.8115234375
Dense6x45,6192,1,1,1,1.484375
Dense6x45,7299,1,1,1,1.4453125
Dense6x45,6917,1,1,1,1.7236328125
Dense6x45,4010,1,1,1,1.611328125
Dense6x45,145,1,1,1,1.58203125
Dense6x45,8633,1,1,1,1.279296875
Dense6x45,354,1,1,1,0.7080078125
Dense6x45,1885,1,1,1,0.5078125
Dense6x45,9336,1,1,1,1.7578125
Dense6x45,9984,1,1,1,0.6591796875
Dense6x45,4930,1,1,1,1.611328125
Dense6x45,8659,1,1,1,1.8896484375
Dense6x45,7784,1,1,1,1.1181640625
Dense6x45,3922,1,1,1,1.3671875
Dense6x45,5679,1,1,1,1.435546875
Dense6x45,89,1,1,1,1.3427734375
Dense6x45,3784,1,1,1,1.7138671875
Dense6x45,5156,1,1,1,1.54296875
Dense6x45,5291,1,1,1,1.40625
Dense6x45,5318,1,1,1,1.5283203125
Dense6x45,204,1,1,1,1.083984375
Dense6x45,977,1,1,1,1.34765625
Dense6x45,1097,1,1,1,1.376953125
Dense6x45,7911,1,1,1,1.4208984375
Dense6x45,8420,1,1,1,1.4794921875
Dense6x45,3353,1,1,1,1.9873046875
Dense6x45,1240,1,1,1,0.224609375
Dense6x45,7832,1,1,1,1.54296875
Dense6x45,7262,1,1,1,1.0986328125
Dense6x45,3452,1,1,1,1.71875
Dense6x45,7270,1,1,1,2.0556640625
Dense6x45,6601,1,1,1,2.001953125
Dense6x45,6101,1,8,1,0.537109375
Dense6x45,8086,1,1,1,0.6591796875
Dense6x45,1238,1,1,1,1.8115234375
Dense6x45,5091,1,1,1,1.54296875
Dense6x45,3454,1,1,1,1.9482421875
Dense6x45,7150,1,1,1,1.259765625
Dense6x45,8892,1,1,1,0.8642578125
Dense6x45,4754,1,1,1,1.5625
Dense6x45,4249,1,1,1,1.7041015625
Dense6x45,388,1,1,1,1.240234375
Dense6x45,7618,1,1,1,1.9384765625
Dense6x45,2504,1,1,1,1.2890625
Dense6x45,2316,1,1,1,1.630859375
Dense6x45,9622,1,1,1,1.4794921875
Dense6x45,3598,1,1,1,0.3955078125
Dense6x45,4077,1,1,1,1.73828125
Dense6x45,4032,1,1,1,1.4111328125
Dense6x45,4972,1,1,1,1.0302734375
Dense6x45,4869,1,1,1,1.5283203125
Dense6x45,8130,3,3,1,2.373046875
Dense6x45,4352,3,3,1,2.63671875
Dense6x45,5468,3,3,1,2.79296875
Dense6x45,3515,3,3,1,5.0341796875
Dense6x45,938,3,3,1,0.693359375
Dense6x45,1109,3,3,1,3.92578125
Dense6x45,5555,3,3,1,4.0576171875
Dense6x45,8561,3,3,1,4.912109375
Dense6x45,912,3,3,1,4.9560546875
Dense6x45,6085,3,3,1,5.087890625
Dense6x45,4244,3,3,1,1.3134765625
Dense6x45,2072,3,3,1,3.5498046875
Dense6x45,9790,3,3,1,2.34375
Dense6x45,7841,3,3,1,5.0048828125
Dense6x45,8308,3,3,1,2.6123046875
Dense6x45,7282,3,3,1,2.4951171875
Dense6x45,9614,3,3,1,1.318359375
Dense6x45,1601,3,7,1,0.4052734375
Dense6x45,4818,3,3,1,3.76953125
Dense6x45,8957,3,3,1,3.9990234375
Dense6x45,7215,3,3,1,4.0673828125
Dense6x45,9655,3,3,1,0.1806640625
Dense6x45,577,3,3,1,1.85546875
Dense6x45,1278,3,3,1,4.23828125
Dense6x45,7551,3,3,1,2.5048828125
Dense6x45,3167,3,3,1,0.908203125
Dense6x45,8777,3,3,1,4.2236328125
Dense6x45,5054,3,3,1,0.80078125
Dense6x45,4317,3,3,1,1.4501953125
Dense6x45,8328,3,3,1,4.3115234375
Dense6x45,5542,3,3,1,2.373046875
Dense6x45,6432,3,3,1,2.1142578125
Dense6x45,2623,3,3,1,2.578125
Dense6x45,815,3,3,1,2.9541015625
Dense6x45,5143,3,3,1,0.6884765625
Dense6x45,9229,3,3,1,3.505859375
Dense6x45,3579,3,3,1,3.45703125
Dense6x45,5780,3,3,1,1.23046875
Dense6x45,569,3,3,1,0.3662109375
Dense6x45,7248,3,3,1,0.5810546875
Dense6x45,5504,3,3,1,2.83203125
Dense6x45,7610,3,3,1,3.3935546875
Dense6x45,2011,3,3,1,1.7626953125
Dense6x45,8060,3,3,1,3.2666015625
Dense6x45,5329,3,3,1,2.4169921875
Dense6x45,5538,3,3,1,5.0537109375
Dense6x45,5628,3,3,1,2.1142578125
Dense6x45,2392,3,3,1,3.2958984375
Dense6x45,7656,3,3,1,3.0224609375
Dense6x45,4647,3,3,1,1.8310546875
Dense6x45,7193,3,3,1,3.671875
Dense6x45,7326,3,3,1,4.6044921875
Dense6x45,4220,3,3,1,3.6083984375
Dense6x45,1098,3,3,1,1.572265625
Dense6x45,2893,3,3,1,4.86328125
Dense6x45,6570,3,3,1,1.083984375
Dense6x45,883,3,3,1,1.26953125
Dense6x45,6882,3,3,1,2.63671875
Dense6x45,5358,3,3,1,1.1083984375
Dense6x45,2086,3,3,1,2.197265625
Dense6x45,6862,3,3,1,3.173828125
Dense6x45,4128,3,3,1,1.669921875
Dense6x45,4288,3,3,1,3.5888671875
Dense6x45,4782,3,3,1,1.77734375
Dense6x45,7590,3,3,1,3.14453125
Dense6x45,8115,3,3,1,3.69140625
Dense6x45,3549,3,2,1,1.2646484375
Dense6x45,2551,3,3,1,3.2568359375
Dense6x45,9007,3,3,1,2.8759765625
Dense6x45,6030,3,3,1,2.2265625
Dense6x45,8407,3,3,1,4.287109375
Dense6x45,3083,3,3,1,4.7021484375
Dense6x45,3766,3,3,1,3.291015625
Dense6x45,6116,3,3,1,3.6181640625
Dense6x45,7365,3,3,1,2.9541015625
Dense6x45,1290,3,3,1,0.390625
Dense6x45,8597,3,3,1,2.7490234375
Dense6x45,4904,3,3,1,4.189453125
Dense6x45,8070,3,3,1,3.623046875
Dense6x45,3080,3,3,1,3.7451171875
Dense6x45,1354,3,3,1,2.9150390625
Dense6x45,5700,3,3,1,3.1396484375
Dense6x45,5454,3,3,1,3.7890625
Dense6x45,2776,3,3,1,2.71484375
Dense6x45,3432,3,3,1,0.517578125
Dense6x45,1608,3,3,1,3.056640625
Dense6x45,795,3,3,1,1.298828125
Dense6x45,8277,3,3,1,0.126953125
Dense6x45,216,3,3,1,2.4658203125
Dense6x45,9656,3,3,1,2.8662109375
Dense6x45,1503,3,3,1,1.962890625
Dense6x45,4581,3,3,1,3.544921875
Dense6x45,6801,3,3,1,3.6572265625
Dense6x45,6331,3,3,1,2.763671875
Dense6x45,8684,3,3,1,3.33984375
Dense6x45,402,3,3,1,2.7978515625
Dense6x45,5724,3,3,1,3.2373046875
Dense6x45,5181,3,3,1,3.4521484375
Dense6x45,7185,3,3,1,3.037109375
Dense6x45,8290,3,3,1,2.5048828125
Dense6x50,9264,0,0,1,2.197265625
Dense6x50,5899,0,0,1,1.8408203125
Dense6x50,8221,0,0,1,3.30078125
Dense6x50,7838,0,0,1,4.3212890625
Dense6x50,5812,0,0,1,2.7392578125
Dense6x50,1273,0,0,1,1.9482421875
Dense6x50,9162,0,0,1,3.427734375
Dense6x50,2060,0,0,1,3.876953125
Dense6x50,9095,0,0,1,4.462890625
Dense6x50,7161,0,0,1,2.0556640625
Dense6x50,4155,0,0,1,3.3935546875
Dense6x50,6016,0,0,1,3.6279296875
Dense6x50,5778,0,0,1,1.2255859375
Dense6x50,7255,0,0,1,2.451171875
Dense6x50,3680,0,0,1,3.3154296875
Dense6x50,9818,0,0,1,3.291015625
Dense6x50,3090,0,0,1,1.943359375
Dense6x50,4186,0,0,1,2.4755859375
Dense6x50,8951,0,0,1,3.18359375
Dense6x50,2081,0,0,1,2.0068359375
Dense6x50,297,0,0,1,2.431640625
Dense6x50,7889,0,0,1,3.466796875
Dense6x50,8338,0,0,1,2.55859375
Dense6x50,1399,0,0,1,2.2998046875
Dense6x50,4034,0,0,1,2.900390625
Dense6x50,608,0,0,1,1.982421875
Dense6x50,5952,0,0,1,3.92578125
Dense6x50,3584,0,0,1,3.9599609375
Dense6x50,7190,0,0,1,2.0849609375
Dense6x50,8845,0,0,1,2.451171875
Dense6x50,9425,0,0,1,2.2509765625
Dense6x50,9688,0,0,1,2.255859375
Dense6x50,9070,0,0,1,4.2529296875
Dense6x50,5980,0,0,1,2.1533203125
Dense6x50,305,0,0,1,2.685546875
Dense6x50,5847,0,0,1,2.2802734375
Dense6x50,3830,0,0,1,3.4423828125
Dense6x50,794,0,0,1,2.2314453125
Dense6x50,4776,0,0,1,3.5400390625
Dense6x50,9436,0,0,1,1.630859375
Dense6x50,6770,0,0,1,3.6474609375
Dense6x50,7112,0,0,1,2.861328125
Dense6x50,4241,0,0,1,3.5888671875
Dense6x50,2370,0,0,1,1.806640625
Dense6x50,3325,0,0,1,3.2568359375
Dense6x50,1094,0,0,1,2.6171875
Dense6x50,851,0,0,1,2.3388671875
Dense6x50,6970,0,0,1,2.3974609375
Dense6x50,4531,0,0,1,1.81640625
Dense6x50,8681,0,0,1,2.36328125
Dense6x50,9677,0,0,1,1.2158203125
Dense6x50,9527,0,0,1,2.685546875
Dense6x50,3347,0,0,1,1.9677734375
Dense6x50,704,0,0,1,1.640625
Dense6x50,7526,0,0,1,2.4072265625
Dense6x50,13,0,0,1,2.7392578125
Dense6x50,2764,0,0,1,1.9482421875
Dense6x50,564,0,0,1,1.9580078125
Dense6x50,5463,0,0,1,3.3251953125
Dense6x50,9060,0,0,1,5.3173828125
Dense6x50,9753,0,0,1,2.0947265625
Dense6x50,2568,0,0,1,2.2607421875
Dense6x50,9455,0,0,1,2.998046875
Dense6x50,7381,0,0,1,1.8212890625
Dense6x50,2527,0,0,1,2.529296875
Dense6x50,6437,0,0,1,3.515625
Dense6x50,6140,0,0,1,2.7587890625
Dense6x50,6211,0,0,1,3.4033203125
Dense6x50,5450,0,0,1,2.763671875
Dense6x50,25,0,0,1,3.92578125
Dense6x50,9325,0,0,1,1.97265625
Dense6x50,5993,0,0,1,3.779296875
Dense6x50,4957,0,0,1,3.4375
Dense6x50,5818,0,0,1,1.943359375
Dense6x50,804,0,0,1,2.080078125
Dense6x50,8514,0,0,1,3.4716796875
Dense6x50,148,0,0,1,2.28515625
Dense6x50,2155,0,0,1,1.787109375
Dense6x50,4048,0,0,1,1.6796875
Dense6x50,9273,0,0,1,2.1630859375
Dense6x50,3698,0,0,1,1.279296875
Dense6x50,3864,0,0,1,2.05078125
Dense6x50,3243,0,0,1,1.4111328125
Dense6x50,9352,0,0,1,3.173828125
Dense6x50,3847,0,0,1,1.943359375
Dense6x50,4365,0,0,1,2.0654296875
Dense6x50,271,0,0,1,2.1728515625
Dense6x50,9220,0,0,1,4.1357421875
Dense6x50,6590,0,0,1,1.8359375
Dense6x50,8921,0,0,1,2.548828125
Dense6x50,7593,0,0,1,2.51953125
Dense6x50,5942,0,0,1,2.978515625
Dense6x50,1534,0,0,1,1.494140625
Dense6x50,9199,0,0,1,4.00390625
Dense6x50,3982,0,0,1,3.5302734375
Dense6x50,6082,0,0,1,3.65234375
Dense6x50,1650,0,0,1,2.2900390625
Dense6x50,6947,0,0,1,3.6865234375
Dense6x50,3883,0,0,1,4.2333984375
Dense6x50,3016,0,0,1,4.228515625
Dense6x50,7748,1,1,1,2.3046875
Dense6x50,1318,1,1,1,1.591796875
Dense6x50,2287,1,1,1,1.9287109375
Dense6x50,6634,1,1,1,1.5283203125
Dense6x50,9291,1,1,1,1.7138671875
Dense6x50,4764,1,1,1,1.142578125
Dense6x50,9795,1,1,1,1.2744140625
Dense6x50,2693,1,1,1,1.7333984375
Dense6x50,5416,1,1,1,1.7333984375
Dense6x50,489,1,1,1,1.4794921875
Dense6x50,7717,1,1,1,1.728515625
Dense6x50,8692,1,1,1,1.9287109375
Dense6x50,9090,1,1,1,1.8408203125
Dense6x50,6829,1,1,1,1.7041015625
Dense6x50,6913,1,1,1,1.4013671875
Dense6x50,3152,1,1,1,1.2060546875
Dense6x50,4005,1,1,1,1.4501953125
Dense6x50,4171,1,1,1,1.50390625
Dense6x50,8099,1,1,1,1.9189453125
Dense6x50,5005,1,1,1,1.6748046875
Dense6x50,783,1,1,1,1.484375
Dense6x50,4069,1,1,1,2.1728515625
Dense6x50,2034,1,1,1,1.552734375
Dense6x50,6783,1,1,1,0.1904296875
Dense6x50,1358,1,1,1,1.6650390625
Dense6x50,7073,1,1,1,1.8603515625
Dense6x50,1876,1,1,1,1.689453125
Dense6x50,5535,1,1,1,1.42578125
Dense6x50,7176,1,1,1,1.4990234375
Dense6x50,1254,1,1,1,1.4892578125
Dense6x50,6604,1,1,1,1.513671875
Dense6x50,8086,1,1,1,1.5478515625
Dense6x50,239,1,1,1,1.8603515625
Dense6x50,1527,1,5,1,0.751953125
Dense6x50,4331,1,1,1,1.3427734375
Dense6x50,107,1,1,1,1.2451171875
Dense6x50,6438,1,1,1,1.6796875
Dense6x50,9049,1,1,1,2.0068359375
Dense6x50,6809,1,1,1,1.2744140625
Dense6x50,3132,1,2,1,0.615234375
Dense6x50,4318,1,1,1,1.1962890625
Dense6x50,3237,1,1,1,1.455078125
Dense6x50,1136,1,1,1,1.708984375
Dense6x50,8432,1,1,1,2.05078125
Dense6x50,967,1,1,1,1.7578125
Dense6x50,8536,1,1,1,1.8505859375
Dense6x50,6618,1,1,1,1.3134765625
Dense6x50,7290,1,1,1,1.9091796875
Dense6x50,1939,1,1,1,1.4306640625
Dense6x50,8286,1,1,1,1.201171875
Dense6x50,798,1,1,1,1.7919921875
Dense6x50,5953,1,1,1,1.5185546875
Dense6x50,9124,1,1,1,1.7578125
Dense6x50,4525,1,1,1,1.8603515625
Dense6x50,7247,1,1,1,1.6162109375
Dense6x50,1528,1,1,1,1.5087890625
Dense6x50,6044,1,1,1,1.7041015625
Dense6x50,8306,1,1,1,1.8212890625
Dense6x50,4337,1,1,1,1.73828125
Dense6x50,1548,1,1,1,1.3623046875
Dense6x50,615,1,1,1,1.1767578125
Dense6x50,1302,1,1,1,1.5087890625
Dense6x50,6202,1,1,1,1.826171875
Dense6x50,7253,1,1,1,1.7724609375
Dense6x50,2529,1,1,1,1.8701171875
Dense6x50,7899,1,1,1,0.4296875
Dense6x50,7123,1,1,1,2.0751953125
Dense6x50,6101,1,1,1,1.3427734375
Dense6x50,1773,1,8,1,0.2197265625
Dense6x50,8938,1,1,1,1.796875
Dense6x50,4185,1,1,1,1.2939453125
Dense6x50,7183,1,1,1,1.3623046875
Dense6x50,3906,1,3,1,0.146484375
Dense6x50,3386,1,1,1,1.328125
Dense6x50,7783,1,1,1,1.845703125
Dense6x50,6308,1,1,1,1.4404296875
Dense6x50,8538,1,1,1,2.12890625
Dense6x50,3457,1,1,1,0.8740234375
Dense6x50,8459,1,1,1,1.5478515625
Dense6x50,5588,1,1,1,1.4111328125
Dense6x50,5732,1,1,1,1.62109375
Dense6x50,2010,1,1,1,1.1669921875
Dense6x50,6356,1,1,1,1.591796875
Dense6x50,202,1,1,1,1.6259765625
Dense6x50,5232,1,1,1,1.6650390625
Dense6x50,5666,1,1,1,1.71875
Dense6x50,4858,1,1,1,1.23046875
Dense6x50,6375,1,1,1,2.08984375
Dense6x50,3652,1,1,1,1.3671875
Dense6x50,329,1,1,1,1.943359375
Dense6x50,265,1,1,1,2.216796875
Dense6x50,6159,1,1,1,1.865234375
Dense6x50,3639,1,1,1,1.4013671875
Dense6x50,8682,1,1,1,1.6064453125
Dense6x50,5880,1,1,1,1.8994140625
Dense6x50,7399,1,1,1,2.0654296875
Dense6x50,2825,1,1,1,1.2353515625
Dense6x50,388,1,1,1,1.58203125
Dense6x50,5461,1,1,1,2.0361328125
Dense6x50,2018,1,1,1,0.2978515625
Dense6x50,8370,3,3,1,3.22265625
Dense6x50,7858,3,3,1,0.849609375
Dense6x50,5224,3,3,1,3.8427734375
Dense6x50,1798,3,3,1,3.2861328125
Dense6x50,4613,3,3,1,1.962890625
Dense6x50,590,3,3,1,3.41796875
Dense6x50,9604,3,3,1,3.994140625
Dense6x50,6289,3,3,1,2.6025390625
Dense6x50,5945,3,3,1,1.8701171875
Dense6x50,9491,3,3,1,2.001953125
Dense6x50,2924,3,3,1,2.6220703125
Dense6x50,6322,3,3,1,0.634765625
Dense6x50,9559,3,3,1,2.2412109375
Dense6x50,8120,3,3,1,2.1826171875
Dense6x50,2770,3,3,1,0.44921875
Dense6x50,1600,3,3,1,1.6015625
Dense6x50,3015,3,3,1,3.0517578125
Dense6x50,6875,3,3,1,2.5390625
Dense6x50,9511,3,3,1,2.8857421875
Dense6x50,9390,3,3,1,4.1357421875
Dense6x50,4630,3,3,1,0.8837890625
Dense6x50,5912,3,3,1,1.85546875
Dense6x50,437,3,3,1,4.6044921875
Dense6x50,5955,3,8,1,2.59765625
Dense6x50,2450,3,3,1,1.650390625
Dense6x50,7040,3,3,1,2.5390625
Dense6x50,1098,3,3,1,1.6845703125
Dense6x50,8254,3,3,1,1.2646484375
Dense6x50,5674,3,3,1,2.841796875
Dense6x50,3910,3,3,1,3.3447265625
Dense6x50,5248,3,3,1,2.7001953125
Dense6x50,9125,3,3,1,2.79296875
Dense6x50,2222,3,3,1,2.0263671875
Dense6x50,9115,3,3,1,3.3056640625
Dense6x50,2502,3,3,1,2.0556640625
Dense6x50,7214,3,3,1,3.125
Dense6x50,2840,3,3,1,1.85546875
Dense6x50,3812,3,3,1,1.66015625
Dense6x50,5454,3,3,1,3.359375
Dense6x50,7821,3,2,1,0.87890625
Dense6x50,9027,3,3,1,2.8466796875
Dense6x50,1310,3,3,1,0.458984375
Dense6x50,8753,3,3,1,2.7197265625
Dense6x50,7674,3,3,1,2.666015625
Dense6x50,8924,3,3,1,2.3388671875
Dense6x50,2522,3,3,1,2.919921875
Dense6x50,531,3,3,1,1.1376953125
Dense6x50,6116,3,3,1,3.623046875
Dense6x50,6681,3,3,1,1.15234375
Dense6x50,6593,3,3,1,0.9326171875
Dense6x50,5878,3,3,1,1.8017578125
Dense6x50,9332,3,3,1,1.6015625
Dense6x50,9790,3,3,1,1.005859375
Dense6x50,6011,3,3,1,2.1435546875
Dense6x50,6421,3,2,1,1.2841796875
Dense6x50,4657,3,2,1,0.25390625
Dense6x50,7675,3,3,1,1.5771484375
Dense6x50,5140,3,5,1,0.263671875
Dense6x50,2441,3,3,1,0.6591796875
Dense6x50,9524,3,3,1,1.4111328125
Dense6x50,3769,3,3,1,0.83984375
Dense6x50,5734,3,7,1,0.0732421875
Dense6x50,9889,3,3,1,1.1865234375
Dense6x50,927,3,3,1,1.71875
Dense6x50,8308,3,3,1,2.4853515625
Dense6x50,9468,3,3,1,3.1298828125
Dense6x50,2105,3,3,1,2.607421875
Dense6x50,7193,3,3,1,1.875
Dense6x50,1479,3,3,1,3.1201171875
Dense6x50,5446,3,3,1,2.3046875
Dense6x50,7024,3,3,1,2.412109375
Dense6x50,5747,3,3,1,2.3193359375
Dense6x50,6704,3,3,1,3.603515625
Dense6x50,9231,3,3,1,1.787109375
Dense6x50,7119,3,3,1,3.984375
Dense6x50,6873,3,3,1,2.5048828125
Dense6x50,3977,3,3,1,1.5576171875
Dense6x50,9261,3,3,1,3.45703125
Dense6x50,8856,3,3,1,3.1494140625
Dense6x50,4087,3,3,1,1.8310546875
Dense6x50,6046,3,3,1,0.3515625
Dense6x50,6382,3,3,1,3.1640625
Dense6x50,6370,3,3,1,0.4345703125
Dense6x50,8206,3,3,1,5.1513671875
Dense6x50,1588,3,3,1,2.4755859375
Dense6x50,2618,3,3,1,1.4697265625
Dense6x50,8494,3,3,1,2.001953125
Dense6x50,4714,3,3,1,2.4658203125
Dense6x50,2663,3,3,1,3.310546875
Dense6x50,524,3,3,1,1.8310546875
Dense6x50,3285,3,3,1,1.4208984375
Dense6x50,4907,3,3,1,1.7626953125
Dense6x50,6177,3,3,1,2.724609375
Dense6x50,7252,3,3,1,1.5234375
Dense6x50,7740,3,3,1,2.98828125
Dense6x50,7932,3,3,1,3.3984375
Dense6x50,1204,3,7,1,0.1953125
Dense6x50,4605,3,3,1,0.859375
Dense6x50,8780,3,3,1,3.1982421875
Dense6x50,2045,3,3,1,3.544921875
Dense6x55,7706,0,0,1,2.1533203125
Dense6x55,7052,0,0,1,2.12890625
Dense6x55,904,0,0,1,3.2861328125
Dense6x55,2942,0,0,1,2.55859375
Dense6x55,4642,0,0,1,1.4990234375
Dense6x55,9621,0,0,1,1.8212890625
Dense6x55,8895,0,0,1,2.6953125
Dense6x55,525,0,0,1,1.9677734375
Dense6x55,9677,0,0,1,1.1865234375
Dense6x55,148,0,0,1,1.9140625
Dense6x55,8858,0,0,1,3.0859375
Dense6x55,1764,0,0,1,1.62109375
Dense6x55,3140,0,0,1,1.93359375
Dense6x55,9311,0,0,1,2.4560546875
Dense6x55,2304,0,0,1,3.6328125
Dense6x55,69,0,0,1,2.841796875
Dense6x55,7465,0,0,1,1.8115234375
Dense6x55,1841,0,0,1,3.3154296875
Dense6x55,9221,0,0,1,3.41796875
Dense6x55,9951,0,0,1,2.20703125
Dense6x55,1094,0,0,1,2.109375
Dense6x55,567,0,0,1,1.38671875
Dense6x55,4048,0,0,1,1.7529296875
Dense6x55,2209,0,0,1,1.6259765625
Dense6x55,2403,0,0,1,2.9052734375
Dense6x55,4958,0,0,1,2.5537109375
Dense6x55,1843,0,0,1,0.2490234375
Dense6x55,1445,0,0,1,2.119140625
Dense6x55,8077,0,0,1,2.28515625
Dense6x55,2155,0,0,1,0.966796875
Dense6x55,8029,0,0,1,2.51953125
Dense6x55,4819,0,0,1,1.9189453125
Dense6x55,6293,0,0,1,3.0615234375
Dense6x55,8865,0,0,1,2.958984375
Dense6x55,6428,0,0,1,1.8359375
Dense6x55,6140,0,0,1,3.9697265625
Dense6x55,9704,0,0,1,2.3828125
Dense6x55,6016,0,0,1,4.5166015625
Dense6x55,7342,0,0,1,2.5830078125
Dense6x55,9162,0,0,1,2.6318359375
Dense6x55,7072,0,0,1,2.7978515625
Dense6x55,1623,0,0,1,3.2080078125
Dense6x55,4614,0,0,1,2.8857421875
Dense6x55,194,0,0,1,2.4560546875
Dense6x55,8007,0,0,1,2.79296875
Dense6x55,597,0,0,1,1.6162109375
Dense6x55,8765,0,0,1,2.099609375
Dense6x55,5031,0,0,1,3.154296875
Dense6x55,4780,0,0,1,1.845703125
Dense6x55,8808,0,0,1,2.8662109375
Dense6x55,4672,0,0,1,1.669921875
Dense6x55,9552,0,0,1,1.3916015625
Dense6x55,8359,0,0,1,2.314453125
Dense6x55,9310,0,0,1,3.2177734375
Dense6x55,6798,0,0,1,4.189453125
Dense6x55,4080,0,0,1,1.533203125
Dense6x55,8212,0,0,1,2.20703125
Dense6x55,3818,0,0,1,0.4443359375
Dense6x55,8587,0,0,1,2.4267578125
Dense6x55,644,0,0,1,2.421875
Dense6x55,5435,0,0,1,1.9189453125
Dense6x55,6250,0,0,1,2.4072265625
Dense6x55,896,0,0,1,1.689453125
Dense6x55,4542,0,0,1,2.5927734375
Dense6x55,5133,0,0,1,3.681640625
Dense6x55,6288,0,0,1,3.4375
Dense6x55,7410,0,0,1,1.50390625
Dense6x55,3347,0,0,1,1.85546875
Dense6x55,592,0,0,1,3.1396484375
Dense6x55,5592,0,0,1,2.7734375
Dense6x55,1399,0,0,1,2.7880859375
Dense6x55,4857,0,0,1,0.5859375
Dense6x55,997,0,0,1,3.8232421875
Dense6x55,4477,0,6,1,0.4541015625
Dense6x55,5369,0,0,1,4.58984375
Dense6x55,192,0,0,1,2.3779296875
Dense6x55,4392,0,0,1,4.1943359375
Dense6x55,2492,0,0,1,3.1640625
Dense6x55,6978,0,0,1,1.826171875
Dense6x55,6398,0,0,1,2.0458984375
Dense6x55,28,0,0,1,2.5244140625
Dense6x55,845,0,0,1,2.7587890625
Dense6x55,4473,0,0,1,1.6650390625
Dense6x55,296,0,0,1,4.8291015625
Dense6x55,9220,0,0,1,4.51171875
Dense6x55,5673,0,0,1,4.4677734375
Dense6x55,6766,0,0,1,3.41796875
Dense6x55,3052,0,0,1,2.71484375
Dense6x55,6701,0,0,1,2.685546875
Dense6x55,4788,0,0,1,1.4697265625
Dense6x55,6003,0,0,1,4.0380859375
Dense6x55,1610,0,0,1,5.2294921875
Dense6x55,2449,0,0,1,0.859375
Dense6x55,2127,0,0,1,2.548828125
Dense6x55,2294,0,0,1,1.357421875
Dense6x55,6719,0,0,1,3.779296875
Dense6x55,9714,0,0,1,1.7822265625
Dense6x55,8763,0,0,1,2.880859375
Dense6x55,8137,0,0,1,3.388671875
Dense6x55,5155,0,0,1,2.4951171875
Dense6x55,7920,1,1,1,1.142578125
Dense6x55,9657,1,1,1,1.201171875
Dense6x55,276,1,1,1,1.77734375
Dense6x55,8159,1,1,1,0.8544921875
Dense6x55,4603,1,1,1,1.6259765625
Dense6x55,4717,1,1,1,1.2841796875
Dense6x55,2266,1,6,1,1.1474609375
Dense6x55,2137,1,1,1,1.4111328125
Dense6x55,7722,1,1,1,1.4208984375
Dense6x55,3434,1,1,1,1.0302734375
Dense6x55,4013,1,1,1,1.46484375
Dense6x55,8469,1,1,1,1.4306640625
Dense6x55,1179,1,1,1,1.3330078125
Dense6x55,2398,1,1,1,1.30859375
Dense6x55,9233,1,1,1,1.0595703125
Dense6x55,4646,1,1,1,1.171875
Dense6x55,5193,1,1,1,1.0400390625
Dense6x55,4190,1,1,1,1.2841796875
Dense6x55,3651,1,1,1,1.7578125
Dense6x55,5025,1,1,1,1.0498046875
Dense6x55,6868,1,1,1,1.5966796875
Dense6x55,3237,1,1,1,1.494140625
Dense6x55,3765,1,1,1,1.6015625
Dense6x55,2182,1,2,1,2.3046875
Dense6x55,6506,1,1,1,0.927734375
Dense6x55,3625,1,1,1,1.1083984375
Dense6x55,5902,1,1,1,1.4404296875
Dense6x55,5831,1,1,1,1.0107421875
Dense6x55,7990,1,8,1,0.72265625
Dense6x55,3132,1,2,1,0.400390625
Dense6x55,5186,1,1,1,1.3671875
Dense6x55,1633,1,1,1,1.5771484375
Dense6x55,4589,1,1,1,0.99609375
Dense6x55,9395,1,1,1,1.4501953125
Dense6x55,7980,1,1,1,1.630859375
Dense6x55,1667,1,1,1,1.9580078125
Dense6x55,4869,1,1,1,1.9921875
Dense6x55,9848,1,1,1,1.7041015625
Dense6x55,8020,1,8,1,0.8544921875
Dense6x55,6917,1,1,1,1.7236328125
Dense6x55,9844,1,1,1,1.1865234375
Dense6x55,6044,1,1,1,1.171875
Dense6x55,3455,1,1,1,1.7822265625
Dense6x55,480,1,1,1,1.1328125
Dense6x55,4729,1,1,1,1.2939453125
Dense6x55,8887,1,1,1,1.181640625
Dense6x55,7561,1,1,1,1.30859375
Dense6x55,107,1,1,1,0.595703125
Dense6x55,3354,1,1,1,1.85546875
Dense6x55,1657,1,1,1,1.2939453125
Dense6x55,9994,1,1,1,1.58203125
Dense6x55,783,1,1,1,1.484375
Dense6x55,2343,1,1,1,1.328125
Dense6x55,1993,1,1,1,0.4638671875
Dense6x55,6883,1,1,1,1.0107421875
Dense6x55,7405,1,1,1,1.8994140625
Dense6x55,918,1,1,1,1.376953125
Dense6x55,37,1,1,1,1.50390625
Dense6x55,154,1,1,1,1.1669921875
Dense6x55,5759,1,1,1,0.2783203125
Dense6x55,4691,1,1,1,1.30859375
Dense6x55,8995,1,1,1,1.15234375
Dense6x55,7138,1,1,1,0.615234375
Dense6x55,6819,1,1,1,1.7236328125
Dense6x55,3175,1,1,1,1.5185546875
Dense6x55,1483,1,1,1,1.1181640625
Dense6x55,350,1,1,1,1.3916015625
Dense6x55,6622,1,1,1,0.99609375
Dense6x55,40,1,1,1,1.083984375
Dense6x55,2946,1,1,1,1.123046875
Dense6x55,6484,1,1,1,1.240234375
Dense6x55,3900,1,1,1,1.611328125
Dense6x55,8390,1,1,1,1.2353515625
Dense6x55,5520,1,1,1,1.6357421875
Dense6x55,3314,1,1,1,1.5185546875
Dense6x55,2902,1,1,1,1.5185546875
Dense6x55,8914,1,1,1,1.1376953125
Dense6x55,6110,1,1,1,1.337890625
Dense6x55,6320,1,1,1,1.416015625
Dense6x55,3673,1,1,1,1.279296875
Dense6x55,1515,1,1,1,1.7041015625
Dense6x55,3276,1,1,1,1.4892578125
Dense6x55,1988,1,1,1,1.611328125
Dense6x55,755,1,1,1,1.2158203125
Dense6x55,2164,1,1,1,1.50390625
Dense6x55,1097,1,1,1,1.162109375
Dense6x55,4674,1,1,1,0.80078125
Dense6x55,3255,1,1,1,1.3720703125
Dense6x55,2166,1,1,1,1.4404296875
Dense6x55,2982,1,1,1,1.630859375
Dense6x55,7399,1,1,1,1.2841796875
Dense6x55,7581,1,1,1,1.5869140625
Dense6x55,9845,1,1,1,1.1279296875
Dense6x55,8905,1,1,1,1.3818359375
Dense6x55,1424,1,1,1,1.3818359375
Dense6x55,1844,1,1,1,1.3525390625
Dense6x55,8740,1,1,1,1.728515625
Dense6x55,2626,1,1,1,1.66015625
Dense6x55,1329,1,1,1,1.50390625
Dense6x55,288,1,1,1,1.103515625
Dense6x55,2931,3,3,1,1.5576171875
Dense6x55,3045,3,3,1,3.6572265625
Dense6x55,7333,3,3,1,0.46875
Dense6x55,7800,3,2,1,1.9921875
Dense6x55,1067,3,3,1,2.12890625
Dense6x55,7401,3,2,1,0.7958984375
Dense6x55,9797,3,3,1,2.373046875
Dense6x55,957,3,3,1,1.845703125
Dense6x55,8777,3,3,1,3.2275390625
Dense6x55,8130,3,3,1,2.490234375
Dense6x55,3670,3,3,1,2.236328125
Dense6x55,2881,3,3,1,2.28515625
Dense6x55,9942,3,3,1,2.373046875
Dense6x55,6260,3,3,1,2.28515625
Dense6x55,6821,3,3,1,2.998046875
Dense6x55,3795,3,3,1,1.8994140625
Dense6x55,1746,3,3,1,1.7529296875
Dense6x55,4552,3,3,1,2.48046875
Dense6x55,5408,3,3,1,2.3388671875
Dense6x55,6763,3,3,1,2.7099609375
Dense6x55,442,3,3,1,2.8857421875
Dense6x55,7326,3,3,1,2.216796875
Dense6x55,9227,3,3,1,1.0986328125
Dense6x55,9007,3,3,1,1.66015625
Dense6x55,3896,3,3,1,2.001953125
Dense6x55,1317,3,3,1,1.494140625
Dense6x55,4509,3,3,1,1.7626953125
Dense6x55,3138,3,3,1,1.064453125
Dense6x55,9548,3,3,1,2.40234375
Dense6x55,883,3,3,1,1.26953125
Dense6x55,6381,3,3,1,2.4072265625
Dense6x55,9219,3,3,1,3.076171875
Dense6x55,9670,3,3,1,1.591796875
Dense6x55,6075,3,3,1,2.8515625
Dense6x55,2639,3,3,1,1.6650390625
Dense6x55,5860,3,3,1,2.7587890625
Dense6x55,2799,3,3,1,1.2646484375
Dense6x55,1204,3,3,1,2.2998046875
Dense6x55,2989,3,3,1,0.7177734375
Dense6x55,5638,3,3,1,3.1787109375
Dense6x55,3943,3,5,1,0.5224609375
Dense6x55,7407,3,3,1,1.50390625
Dense6x55,9614,3,5,1,0.830078125
Dense6x55,3407,3,3,1,2.5732421875
Dense6x55,1310,3,3,1,1.30859375
Dense6x55,6290,3,3,1,1.85546875
Dense6x55,2756,3,3,1,0.498046875
Dense6x55,958,3,3,1,1.015625
Dense6x55,8290,3,3,1,2.4853515625
Dense6x55,8508,3,2,1,1.7138671875
Dense6x55,5214,3,3,1,2.4365234375
Dense6x55,464,3,3,1,0.3466796875
Dense6x55,7470,3,3,1,2.978515625
Dense6x55,9100,3,3,1,3.076171875
Dense6x55,5309,3,3,1,2.939453125
Dense6x55,1803,3,3,1,2.9345703125
Dense6x55,7831,3,3,1,2.4365234375
Dense6x55,173,3,3,1,1.6552734375
Dense6x55,8397,3,3,1,0.4248046875
Dense6x55,2629,3,3,1,1.5771484375
Dense6x55,3456,3,3,1,0.693359375
Dense6x55,112,3,3,1,1.8896484375
Dense6x55,3476,3,3,1,0.771484375
Dense6x55,6034,3,3,1,0.751953125
Dense6x55,4002,3,3,1,0.78125
Dense6x55,3448,3,3,1,1.8017578125
Dense6x55,2587,3,3,1,2.4462890625
Dense6x55,2441,3,3,1,1.5576171875
Dense6x55,5454,3,3,1,3.1787109375
Dense6x55,1976,3,3,1,2.197265625
Dense6x55,2945,3,7,1,0.166015625
Dense6x55,2776,3,3,1,1.8701171875
Dense6x55,927,3,3,1,2.1484375
Dense6x55,7968,3,3,1,3.974609375
Dense6x55,6432,3,3,1,1.455078125
Dense6x55,6065,3,3,1,0.64453125
Dense6x55,2072,3,3,1,2.978515625
Dense6x55,8903,3,3,1,3.4033203125
Dense6x55,4635,3,3,1,1.748046875
Dense6x55,449,3,3,1,2.8125
Dense6x55,2303,3,3,1,2.71484375
Dense6x55,5328,3,3,1,2.5830078125
Dense6x55,7103,3,3,1,2.451171875
Dense6x55,8032,3,3,1,3.779296875
Dense6x55,270,3,3,1,2.5537109375
Dense6x55,7798,3,3,1,1.943359375
Dense6x55,6023,3,8,1,0.419921875
Dense6x55,811,3,3,1,1.9580078125
Dense6x55,976,3,3,1,1.3525390625
Dense6x55,7436,3,3,1,2.568359375
Dense6x55,9655,3,3,1,0.2783203125
Dense6x55,5764,3,3,1,2.3388671875
Dense6x55,531,3,2,1,0.64453125
Dense6x55,9742,3,3,1,0.478515625
Dense6x55,8014,3,3,1,2.1435546875
Dense6x55,231,3,3,1,1.85546875
Dense6x55,8162,3,3,1,2.744140625
Dense6x55,309,3,3,1,2.265625
Dense6x55,5573,3,3,1,2.783203125
Dense6x55,9380,3,3,1,3.10546875
Dense6x60,592,0,0,1,2.783203125
Dense6x60,6287,0,0,1,3.49609375
Dense6x60,8029,0,0,1,3.203125
Dense6x60,9377,0,0,1,2.3974609375
Dense6x60,2824,0,0,1,1.5185546875
Dense6x60,5008,0,0,1,2.1875
Dense6x60,3077,0,0,1,1.3134765625
Dense6x60,5603,0,0,1,1.4453125
Dense6x60,2178,0,0,1,2.822265625
Dense6x60,3439,0,0,1,1.4306640625
Dense6x60,4718,0,0,1,2.451171875
Dense6x60,6319,0,0,1,2.7490234375
Dense6x60,1273,0,0,1,1.4208984375
Dense6x60,9663,0,0,1,3.1884765625
Dense6x60,546,0,0,1,2.392578125
Dense6x60,3883,0,0,1,3.76953125
Dense6x60,271,0,0,1,2.0703125
Dense6x60,723,0,0,1,1.2890625
Dense6x60,6400,0,6,1,0.3076171875
Dense6x60,6833,0,0,1,2.685546875
Dense6x60,8629,0,0,1,1.3623046875
Dense6x60,6510,0,0,1,2.98828125
Dense6x60,8501,0,0,1,2.48046875
Dense6x60,8849,0,0,1,1.58203125
Dense6x60,9004,0,0,1,2.2021484375
Dense6x60,9951,0,0,1,2.2265625
Dense6x60,3764,0,0,1,0.7861328125
Dense6x60,2410,0,0,1,1.8505859375
Dense6x60,6818,0,0,1,1.8115234375
Dense6x60,7049,0,0,1,0.537109375
Dense6x60,5369,0,0,1,3.583984375
Dense6x60,9440,0,0,1,3.1103515625
Dense6x60,3734,0,0,1,1.494140625
Dense6x60,6250,0,0,1,2.3974609375
Dense6x60,1191,0,0,1,0.5126953125
Dense6x60,5470,0,0,1,3.2861328125
Dense6x60,7702,0,0,1,2.01171875
Dense6x60,6925,0,0,1,1.748046875
Dense6x60,9964,0,0,1,2.2021484375
Dense6x60,4617,0,0,1,2.08984375
Dense6x60,981,0,0,1,1.728515625
Dense6x60,8388,0,0,1,2.3779296875
Dense6x60,8221,0,0,1,3.1640625
Dense6x60,2190,0,0,1,1.66015625
Dense6x60,2081,0,0,1,1.591796875
Dense6x60,6454,0,0,1,2.5146484375
Dense6x60,3640,0,0,1,0.859375
Dense6x60,8991,0,0,1,3.095703125
Dense6x60,4186,0,0,1,1.9482421875
Dense6x60,2817,0,0,1,2.6416015625
Dense6x60,2894,0,0,1,1.40625
Dense6x60,2932,0,0,1,0.4931640625
Dense6x60,2627,0,0,1,2.7880859375
Dense6x60,4937,0,0,1,2.255859375
Dense6x60,8057,0,0,1,3.3349609375
Dense6x60,5592,0,0,1,2.2900390625
Dense6x60,6429,0,0,1,3.3837890625
Dense6x60,2765,0,0,1,1.767578125
Dense6x60,2764,0,0,1,1.5771484375
Dense6x60,3371,0,0,1,2.138671875
Dense6x60,2060,0,0,1,2.9150390625
Dense6x60,3830,0,0,1,3.0908203125
Dense6x60,6470,0,0,1,2.158203125
Dense6x60,1650,0,0,1,1.8994140625
Dense6x60,7084,0,0,1,1.6064453125
Dense6x60,9459,0,0,1,3.6376953125
Dense6x60,1197,0,0,1,1.6650390625
Dense6x60,7225,0,0,1,2.6025390625
Dense6x60,7112,0,0,1,2.900390625
Dense6x60,5109,0,0,1,3.2666015625
Dense6x60,2449,0,0,1,1.3037109375
Dense6x60,8382,0,0,1,1.162109375
Dense6x60,5529,0,0,1,2.16796875
Dense6x60,9724,0,0,1,2.4072265625
Dense6x60,4780,0,0,1,1.396484375
Dense6x60,148,0,0,1,1.552734375
Dense6x60,6597,0,7,1,1.03515625
Dense6x60,215,0,0,1,1.42578125
Dense6x60,8260,0,0,1,2.2119140625
Dense6x60,7269,0,0,1,1.845703125
Dense6x60,1390,0,0,1,2.998046875
Dense6x60,6979,0,0,1,2.5634765625
Dense6x60,3178,0,0,1,2.1533203125
Dense6x60,1757,0,0,1,1.396484375
Dense6x60,4477,0,5,1,0.3076171875
Dense6x60,8772,0,0,1,3.1201171875
Dense6x60,1723,0,0,1,3.3642578125
Dense6x60,2657,0,0,1,2.373046875
Dense6x60,2714,0,0,1,2.8466796875
Dense6x60,194,0,0,1,2.080078125
Dense6x60,2638,0,0,1,2.763671875
Dense6x60,8929,0,0,1,3.5791015625
Dense6x60,5684,0,0,1,3.4423828125
Dense6x60,1411,0,0,1,0.37109375
Dense6x60,2403,0,0,1,2.5
Dense6x60,9527,0,0,1,2.48046875
Dense6x60,269,0,0,1,2.2265625
Dense6x60,6651,0,5,1,0.8447265625
Dense6x60,55,0,0,1,1.533203125
Dense6x60,8913,0,0,1,2.08984375
Dense6x60,9612,1,1,1,1.357421875
Dense6x60,393,1,1,1,1.4013671875
Dense6x60,6883,1,1,1,1.6845703125
Dense6x60,3745,1,1,1,1.5234375
Dense6x60,7847,1,1,1,1.376953125
Dense6x60,228,1,1,1,1.7578125
Dense6x60,5786,1,1,1,1.9482421875
Dense6x60,889,1,1,1,1.7626953125
Dense6x60,4930,1,1,1,1.5478515625
Dense6x60,7708,1,1,1,1.3134765625
Dense6x60,948,1,1,1,1.54296875
Dense6x60,1236,1,1,1,1.3720703125
Dense6x60,5211,1,1,1,1.2890625
Dense6x60,3974,1,1,1,1.2158203125
Dense6x60,1830,1,1,1,1.6015625
Dense6x60,3379,1,1,1,1.5673828125
Dense6x60,1657,1,1,1,1.6845703125
Dense6x60,9444,1,1,1,1.38671875
Dense6x60,783,1,1,1,1.748046875
Dense6x60,749,1,1,1,1.2841796875
Dense6x60,350,1,1,1,1.7919921875
Dense6x60,6468,1,1,1,1.8359375
Dense6x60,2166,1,1,1,1.8408203125
Dense6x60,3434,1,1,1,1.3037109375
Dense6x60,9025,1,1,1,1.0888671875
Dense6x60,1643,1,1,1,2.0751953125
Dense6x60,9313,1,1,1,1.6015625
Dense6x60,1528,1,1,1,1.7529296875
Dense6x60,4588,1,1,1,1.826171875
Dense6x60,3272,1,1,1,1.3671875
Dense6x60,4191,1,1,1,1.6064453125
Dense6x60,9955,1,1,1,1.50390625
Dense6x60,9912,1,1,1,2.0849609375
Dense6x60,3203,1,1,1,1.3916015625
Dense6x60,5859,1,1,1,1.9140625
Dense6x60,6515,1,1,1,1.7236328125
Dense6x60,7717,1,1,1,1.8115234375
Dense6x60,9836,1,1,1,1.640625
Dense6x60,5193,1,1,1,1.3330078125
Dense6x60,8724,1,1,1,1.8212890625
Dense6x60,409,1,1,1,1.416015625
Dense6x60,8068,1,1,1,1.3134765625
Dense6x60,4869,1,1,1,1.650390625
Dense6x60,6182,1,1,1,1.9140625
Dense6x60,9249,1,1,1,1.484375
Dense6x60,2693,1,1,1,1.8896484375
Dense6x60,3733,1,1,1,1.435546875
Dense6x60,8604,1,1,1,1.8359375
Dense6x60,716,1,1,1,0.91796875
Dense6x60,615,1,1,1,1.875
Dense6x60,3852,1,1,1,1.015625
Dense6x60,1667,1,1,1,1.923828125
Dense6x60,663,1,1,1,1.953125
Dense6x60,2175,1,1,1,1.30859375
Dense6x60,5258,1,1,1,1.89453125
Dense6x60,5661,1,1,1,1.8212890625
Dense6x60,8715,1,1,1,1.8994140625
Dense6x60,8303,1,1,1,2.3095703125
Dense6x60,89,1,1,1,1.66015625
Dense6x60,342,1,1,1,1.923828125
Dense6x60,3276,1,1,1,1.689453125
Dense6x60,8543,1,1,1,2.041015625
Dense6x60,777,1,1,1,1.9775390625
Dense6x60,7567,1,1,1,1.5673828125
Dense6x60,5081,1,1,1,1.6943359375
Dense6x60,6799,1,1,1,2.2314453125
Dense6x60,5442,1,1,1,1.845703125
Dense6x60,6868,1,1,1,1.97265625
Dense6x60,5025,1,1,1,1.640625
Dense6x60,2473,1,1,1,1.2353515625
Dense6x60,5998,1,1,1,1.15234375
Dense6x60,735,1,1,1,1.40625
Dense6x60,3586,1,1,1,2.109375
Dense6x60,3851,1,1,1,0.87890625
Dense6x60,506,1,1,1,1.1669921875
Dense6x60,6891,1,1,1,1.54296875
Dense6x60,4057,1,1,1,1.611328125
Dense6x60,6356,1,1,1,1.7138671875
Dense6x60,4264,1,1,1,1.38671875
Dense6x60,8078,1,1,1,1.2890625
Dense6x60,8187,1,1,1,1.474609375
Dense6x60,3471,1,1,1,1.8408203125
Dense6x60,2273,1,1,1,1.2109375
Dense6x60,1448,1,1,1,1.4453125
Dense6x60,7973,1,1,1,1.9091796875
Dense6x60,6726,1,1,1,1.8896484375
Dense6x60,9682,1,1,1,1.9384765625
Dense6x60,2822,1,1,1,1.4990234375
Dense6x60,2510,1,1,1,1.2646484375
Dense6x60,4595,1,1,1,2.021484375
Dense6x60,7527,1,1,1,1.6748046875
Dense6x60,8971,1,1,1,2.0556640625
Dense6x60,2878,1,1,1,1.4404296875
Dense6x60,5132,1,1,1,1.9873046875
Dense6x60,994,1,1,1,1.494140625
Dense6x60,2757,1,1,1,1.5087890625
Dense6x60,7005,1,1,1,1.7724609375
Dense6x60,4110,1,1,1,1.0009765625
Dense6x60,9774,1,1,1,2.1533203125
Dense6x60,3143,1,1,1,1.6650390625
Dense6x60,7730,3,3,1,2.3583984375
Dense6x60,9429,3,3,1,2.451171875
Dense6x60,6085,3,3,1,2.724609375
Dense6x60,2690,3,3,1,1.58203125
Dense6x60,6379,3,3,1,2.1240234375
Dense6x60,1690,3,3,1,1.69921875
Dense6x60,1628,3,3,1,1.8994140625
Dense6x60,1495,3,3,1,1.2109375
Dense6x60,6465,3,3,1,3.017578125
Dense6x60,1837,3,3,1,1.748046875
Dense6x60,6575,3,5,1,0.2978515625
Dense6x60,1769,3,3,1,0.1220703125
Dense6x60,4084,3,3,1,1.34765625
Dense6x60,8080,3,3,1,2.7978515625
Dense6x60,3766,3,3,1,1.97265625
Dense6x60,5181,3,3,1,2.91015625
Dense6x60,2931,3,3,1,1.3232421875
Dense6x60,2594,3,3,1,2.2900390625
Dense6x60,6542,3,3,1,1.46484375
Dense6x60,1611,3,3,1,0.3515625
Dense6x60,3015,3,3,1,2.4072265625
Dense6x60,4605,3,3,1,0.078125
Dense6x60,3487,3,3,1,1.9921875
Dense6x60,577,3,3,1,1.7724609375
Dense6x60,4541,3,3,1,2.5244140625
Dense6x60,1490,3,3,1,1.298828125
Dense6x60,5841,3,5,1,0.263671875
Dense6x60,2364,3,3,1,2.12890625
Dense6x60,9717,3,3,1,2.802734375
Dense6x60,3527,3,3,1,1.6748046875
Dense6x60,8660,3,3,1,2.7734375
Dense6x60,93,3,3,1,2.7978515625
Dense6x60,9750,3,3,1,3.0908203125
Dense6x60,6714,3,3,1,2.98828125
Dense6x60,9787,3,3,1,2.1044921875
Dense6x60,1166,3,3,1,0.625
Dense6x60,9431,3,3,1,1.875
Dense6x60,4526,3,3,1,1.962890625
Dense6x60,9163,3,3,1,0.1513671875
Dense6x60,6440,3,3,1,3.5302734375
Dense6x60,3300,3,3,1,1.8408203125
Dense6x60,5468,3,3,1,2.1728515625
Dense6x60,2424,3,3,1,1.904296875
Dense6x60,1028,3,3,1,2.2412109375
Dense6x60,335,3,3,1,1.34765625
Dense6x60,7103,3,3,1,2.529296875
Dense6x60,569,3,3,1,1.533203125
Dense6x60,6862,3,3,1,1.97265625
Dense6x60,8171,3,3,1,2.6904296875
Dense6x60,343,3,3,1,1.89453125
Dense6x60,6950,3,3,1,2.67578125
Dense6x60,6213,3,3,1,2.802734375
Dense6x60,982,3,2,1,0.537109375
Dense6x60,6665,3,3,1,2.8857421875
Dense6x60,2032,3,3,1,1.7626953125
Dense6x60,1298,3,3,1,1.416015625
Dense6x60,1926,3,3,1,1.8798828125
Dense6x60,2663,3,3,1,2.421875
Dense6x60,2647,3,3,1,1.630859375
Dense6x60,6535,3,3,1,1.943359375
Dense6x60,1354,3,3,1,0.8642578125
Dense6x60,2712,3,3,1,1.787109375
Dense6x60,216,3,3,1,2.4365234375
Dense6x60,2025,3,3,1,1.0693359375
Dense6x60,3085,3,3,1,1.7236328125
Dense6x60,5215,3,3,1,2.099609375
Dense6x60,1591,3,3,1,1.6748046875
Dense6x60,1284,3,3,1,2.0849609375
Dense6x60,9524,3,3,1,1.89453125
Dense6x60,6272,3,3,1,2.373046875
Dense6x60,5850,3,3,1,3.3154296875
Dense6x60,8397,3,3,1,1.8896484375
Dense6x60,4973,3,3,1,2.5048828125
Dense6x60,382,3,3,1,1.89453125
Dense6x60,5336,3,3,1,2.109375
Dense6x60,3715,3,3,1,2.20703125
Dense6x60,9177,3,3,1,2.490234375
Dense6x60,6501,3,3,1,2.87109375
Dense6x60,1832,3,3,1,1.3818359375
Dense6x60,2716,3,3,1,2.4072265625
Dense6x60,3738,3,3,1,1.9775390625
Dense6x60,2255,3,3,1,1.1181640625
Dense6x60,925,3,3,1,2.2900390625
Dense6x60,1204,3,3,1,1.54296875
Dense6x60,2767,3,3,1,2.041015625
Dense6x60,7690,3,3,1,1.38671875
Dense6x60,3390,3,3,1,2.6123046875
Dense6x60,3299,3,3,1,2.041015625
Dense6x60,8489,3,3,1,1.5185546875
Dense6x60,2086,3,3,1,2.2216796875
Dense6x60,2927,3,2,1,1.73828125
Dense6x60,493,3,3,1,3.1201171875
Dense6x60,7763,3,3,1,3.0615234375
Dense6x60,9697,3,3,1,2.4365234375
Dense6x60,687,3,3,1,1.6748046875
Dense6x60,2639,3,3,1,1.71875
Dense6x60,4532,3,3,1,2.3193359375
Dense6x60,7333,3,3,1,1.8359375
Dense6x60,2884,3,3,1,1.2109375
Dense6x60,1763,3,3,1,1.2646484375
Dense6x65,4923,0,0,1,2.958984375
Dense6x65,5069,0,0,1,3.994140625
Dense6x65,4070,0,0,1,3.69140625
Dense6x65,1726,0,0,1,3.18359375
Dense6x65,2763,0,0,1,2.802734375
Dense6x65,5290,0,0,1,3.6083984375
Dense6x65,1826,0,0,1,2.6171875
Dense6x65,6532,0,0,1,1.7529296875
Dense6x65,8895,0,0,1,2.978515625
Dense6x65,4641,0,0,1,2.607421875
Dense6x65,71,0,0,1,4.4091796875
Dense6x65,2328,0,0,1,1.6357421875
Dense6x65,6526,0,0,1,3.798828125
Dense6x65,5035,0,0,1,4.1015625
Dense6x65,2127,0,0,1,3.0419921875
Dense6x65,3735,0,0,1,3.9111328125
Dense6x65,3574,0,0,1,0.8837890625
Dense6x65,608,0,0,1,2.0703125
Dense6x65,2937,0,0,1,2.2412109375
Dense6x65,6925,0,0,1,2.6318359375
Dense6x65,5685,0,0,1,4.365234375
Dense6x65,2485,0,0,1,2.2998046875
Dense6x65,6250,0,0,1,2.9248046875
Dense6x65,8798,0,0,1,3.0859375
Dense6x65,3724,0,0,1,2.8662109375
Dense6x65,7368,0,0,1,3.8525390625
Dense6x65,6962,0,0,1,2.3974609375
Dense6x65,8055,0,0,1,3.80859375
Dense6x65,9052,0,0,1,6.2451171875
Dense6x65,3090,0,0,1,2.431640625
Dense6x65,2455,0,0,1,1.6650390625
Dense6x65,2687,0,0,1,2.3193359375
Dense6x65,9663,0,0,1,3.45703125
Dense6x65,3805,0,0,1,2.6416015625
Dense6x65,9199,0,0,1,5.2685546875
Dense6x65,6786,0,0,1,3.603515625
Dense6x65,5470,0,0,1,5.107421875
Dense6x65,1121,0,0,1,1.3671875
Dense6x65,8481,0,0,1,4.541015625
Dense6x65,9809,0,0,1,2.5341796875
Dense6x65,1504,0,0,1,2.1044921875
Dense6x65,4495,0,0,1,2.79296875
Dense6x65,372,0,0,1,1.6796875
Dense6x65,8929,0,0,1,4.3701171875
Dense6x65,2703,0,0,1,3.1689453125
Dense6x65,1457,0,0,1,5.3662109375
Dense6x65,1892,0,0,1,3.7939453125
Dense6x65,2571,0,0,1,1.376953125
Dense6x65,4834,0,0,1,2.5537109375
Dense6x65,9174,0,0,1,4.2529296875
Dense6x65,380,0,0,1,2.24609375
Dense6x65,8587,0,0,1,3.037109375
Dense6x65,6672,0,0,1,2.6220703125
Dense6x65,7866,0,0,1,4.1552734375
Dense6x65,7221,0,0,1,2.607421875
Dense6x65,9964,0,0,1,2.509765625
Dense6x65,6424,0,0,1,2.4658203125
Dense6x65,997,0,0,1,4.4287109375
Dense6x65,7049,0,0,1,1.044921875
Dense6x65,1619,0,0,1,1.77734375
Dense6x65,2376,0,0,1,3.7646484375
Dense6x65,2873,0,0,1,2.5634765625
Dense6x65,8016,0,0,1,3.017578125
Dense6x65,3942,0,0,1,2.255859375
Dense6x65,9296,0,0,1,2.4462890625
Dense6x65,9358,0,0,1,2.9150390625
Dense6x65,2714,0,0,1,3.4228515625
Dense6x65,10,0,0,1,2.55859375
Dense6x65,6264,0,0,1,4.4189453125
Dense6x65,4857,0,0,1,1.2353515625
Dense6x65,5251,0,0,1,2.51953125
Dense6x65,8425,0,0,1,1.9775390625
Dense6x65,1898,0,0,1,2.71484375
Dense6x65,327,0,0,1,3.5888671875
Dense6x65,4757,0,0,1,3.369140625
Dense6x65,246,0,0,1,4.58984375
Dense6x65,8468,0,0,1,4.70703125
Dense6x65,7385,0,0,1,3.3056640625
Dense6x65,8023,0,0,1,4.658203125
Dense6x65,1775,0,0,1,2.05078125
Dense6x65,9939,0,0,1,3.0322265625
Dense6x65,9137,0,0,1,4.1796875
Dense6x65,6473,0,0,1,2.8271484375
Dense6x65,8865,0,0,1,2.9150390625
Dense6x65,183,0,0,1,3.53515625
Dense6x65,5244,0,0,1,3.2470703125
Dense6x65,1843,0,0,1,2.041015625
Dense6x65,7953,0,0,1,4.23828125
Dense6x65,6602,0,0,1,2.7734375
Dense6x65,2087,0,0,1,4.1162109375
Dense6x65,8558,0,0,1,2.75390625
Dense6x65,851,0,0,1,2.3583984375
Dense6x65,9414,0,0,1,3.7841796875
Dense6x65,1297,0,0,1,3.0517578125
Dense6x65,7330,0,0,1,3.8525390625
Dense6x65,2962,0,0,1,2.7734375
Dense6x65,5483,0,0,1,2.5390625
Dense6x65,4819,0,0,1,1.8310546875
Dense6x65,8163,0,0,1,2.7294921875
Dense6x65,7882,0,0,1,4.0234375
Dense6x65,7812,1,8,1,1.1865234375
Dense6x65,1844,1,1,1,1.630859375
Dense6x65,94,1,1,1,1.9091796875
Dense6x65,1791,1,1,1,1.7626953125
Dense6x65,6938,1,1,1,1.7333984375
Dense6x65,2228,1,1,1,1.0888671875
Dense6x65,4729,1,1,1,1.6943359375
Dense6x65,7226,1,1,1,1.0986328125
Dense6x65,8340,1,1,1,1.650390625
Dense6x65,5399,1,1,1,1.69921875
Dense6x65,9438,1,1,1,2.119140625
Dense6x65,504,1,1,1,1.2548828125
Dense6x65,8776,1,1,1,1.572265625
Dense6x65,4538,1,1,1,1.923828125
Dense6x65,8360,1,1,1,1.9482421875
Dense6x65,178,1,1,1,1.9775390625
Dense6x65,276,1,1,1,2.0703125
Dense6x65,416,1,1,1,2.080078125
Dense6x65,3244,1,1,1,1.533203125
Dense6x65,2411,1,1,1,1.85546875
Dense6x65,9593,1,1,1,1.7919921875
Dense6x65,8875,1,1,1,1.669921875
Dense6x65,6222,1,1,1,1.884765625
Dense6x65,2950,1,1,1,1.7724609375
Dense6x65,1691,1,1,1,1.62109375
Dense6x65,2302,1,1,1,1.376953125
Dense6x65,7405,1,1,1,1.9482421875
Dense6x65,3386,1,1,1,1.337890625
Dense6x65,615,1,1,1,1.7236328125
Dense6x65,2590,1,1,1,2.099609375
Dense6x65,4687,1,1,1,1.435546875
Dense6x65,8658,1,1,1,1.7919921875
Dense6x65,8740,1,1,1,1.9970703125
Dense6x65,5361,1,1,1,1.7626953125
Dense6x65,3353,1,1,1,1.62109375
Dense6x65,7636,1,1,1,1.513671875
Dense6x65,7839,1,2,1,0.6787109375
Dense6x65,6125,1,1,1,2.0263671875
Dense6x65,4178,1,1,1,1.005859375
Dense6x65,7661,1,1,1,1.4453125
Dense6x65,9005,1,1,1,2.138671875
Dense6x65,2356,1,1,1,1.7138671875
Dense6x65,696,1,1,1,1.2939453125
Dense6x65,3039,1,1,1,1.103515625
Dense6x65,3152,1,1,1,1.435546875
Dense6x65,1820,1,1,1,2.01171875
Dense6x65,2473,1,1,1,0.8935546875
Dense6x65,9265,1,1,1,1.474609375
Dense6x65,5132,1,1,1,1.7333984375
Dense6x65,8715,1,1,1,1.8017578125
Dense6x65,5588,1,1,1,1.4013671875
Dense6x65,6182,1,1,1,1.9189453125
Dense6x65,1704,1,1,1,1.5625
Dense6x65,4308,1,1,1,1.3525390625
Dense6x65,7784,1,1,1,1.4599609375
Dense6x65,9641,1,1,1,1.40625
Dense6x65,3259,1,1,1,1.533203125
Dense6x65,1986,1,1,1,1.552734375
Dense6x65,5166,1,1,1,1.5771484375
Dense6x65,4171,1,1,1,1.728515625
Dense6x65,1193,1,1,1,1.845703125
Dense6x65,5461,1,1,1,1.806640625
Dense6x65,4006,1,1,1,1.66015625
Dense6x65,7217,1,1,1,1.2255859375
Dense6x65,4450,1,1,1,1.3525390625
Dense6x65,3454,1,1,1,1.8115234375
Dense6x65,7223,1,1,1,1.2841796875
Dense6x65,9124,1,1,1,2.119140625
Dense6x65,8538,1,1,1,2.099609375
Dense6x65,9051,1,1,1,0.5322265625
Dense6x65,3132,1,1,1,1.318359375
Dense6x65,4147,1,1,1,1.4697265625
Dense6x65,3457,1,6,1,0.5224609375
Dense6x65,2688,1,1,1,1.7919921875
Dense6x65,9401,1,1,1,1.884765625
Dense6x65,7023,1,1,1,1.2060546875
Dense6x65,7563,1,1,1,1.9189453125
Dense6x65,3922,1,1,1,1.50390625
Dense6x65,3815,1,1,1,2.0068359375
Dense6x65,2902,1,1,1,1.8359375
Dense6x65,39,1,1,1,1.7041015625
Dense6x65,7802,1,1,1,1.11328125
Dense6x65,5933,1,1,1,1.7919921875
Dense6x65,6224,1,1,1,1.630859375
Dense6x65,6232,1,1,1,1.5869140625
Dense6x65,6375,1,1,1,1.748046875
Dense6x65,7658,1,1,1,1.9287109375
Dense6x65,979,1,1,1,1.7724609375
Dense6x65,6233,1,1,1,1.7041015625
Dense6x65,4871,1,1,1,1.279296875
Dense6x65,3866,1,1,1,1.9189453125
Dense6x65,1922,1,1,1,1.5234375
Dense6x65,7344,1,1,1,1.4501953125
Dense6x65,8938,1,1,1,1.728515625
Dense6x65,9645,1,1,1,0.3759765625
Dense6x65,2287,1,1,1,1.875
Dense6x65,8159,1,1,1,1.357421875
Dense6x65,8305,1,1,1,2.392578125
Dense6x65,4588,1,1,1,2.060546875
Dense6x65,4273,1,1,1,1.3671875
Dense6x65,5074,3,3,1,1.435546875
Dense6x65,1239,3,3,1,1.2158203125
Dense6x65,2647,3,3,1,1.3818359375
Dense6x65,8254,3,3,1,2.83203125
Dense6x65,819,3,3,1,3.2080078125
Dense6x65,5892,3,3,1,2.2998046875
Dense6x65,1513,3,3,1,1.5966796875
Dense6x65,8981,3,3,1,2.392578125
Dense6x65,957,3,3,1,2.197265625
Dense6x65,2533,3,3,1,1.123046875
Dense6x65,2351,3,3,1,2.099609375
Dense6x65,2032,3,3,1,3.06640625
Dense6x65,453,3,3,1,2.2119140625
Dense6x65,2992,3,3,1,0.3125
Dense6x65,2069,3,3,1,2.578125
Dense6x65,7946,3,3,1,1.474609375
Dense6x65,8060,3,3,1,2.6025390625
Dense6x65,6065,3,8,1,1.1279296875
Dense6x65,205,3,3,1,1.8408203125
Dense6x65,7656,3,3,1,2.1240234375
Dense6x65,6736,3,3,1,3.984375
Dense6x65,3217,3,3,1,3.7548828125
Dense6x65,408,3,3,1,1.8408203125
Dense6x65,4494,3,3,1,1.5087890625
Dense6x65,1028,3,3,1,2.2705078125
Dense6x65,4904,3,3,1,3.525390625
Dense6x65,1208,3,3,1,1.181640625
Dense6x65,2893,3,3,1,3.9208984375
Dense6x65,5067,3,2,1,0.908203125
Dense6x65,4044,3,3,1,0.7861328125
Dense6x65,6204,3,3,1,2.353515625
Dense6x65,9804,3,3,1,2.158203125
Dense6x65,4973,3,3,1,3.6083984375
Dense6x65,9821,3,3,1,3.6669921875
Dense6x65,795,3,1,1,0.4248046875
Dense6x65,9872,3,3,1,2.8076171875
Dense6x65,8186,3,3,1,3.5595703125
Dense6x65,526,3,3,1,2.1630859375
Dense6x65,1127,3,3,1,1.5625
Dense6x65,782,3,3,1,2.4072265625
Dense6x65,8272,3,8,1,0.9228515625
Dense6x65,4802,3,3,1,1.5966796875
Dense6x65,3947,3,3,1,4.0185546875
Dense6x65,2632,3,3,1,3.0224609375
Dense6x65,1172,3,3,1,2.197265625
Dense6x65,9758,3,3,1,1.455078125
Dense6x65,1615,3,3,1,3.3349609375
Dense6x65,2639,3,3,1,1.0791015625
Dense6x65,925,3,3,1,2.841796875
Dense6x65,9468,3,3,1,2.5146484375
Dense6x65,3193,3,3,1,0.537109375
Dense6x65,9579,3,3,1,3.525390625
Dense6x65,982,3,8,1,0.52734375
Dense6x65,577,3,3,1,1.865234375
Dense6x65,807,3,3,1,3.1298828125
Dense6x65,3108,3,3,1,0.5517578125
Dense6x65,2624,3,3,1,1.8115234375
Dense6x65,5596,3,3,1,2.1484375
Dense6x65,1779,3,3,1,2.802734375
Dense6x65,4996,3,3,1,2.919921875
Dense6x65,1742,3,3,1,2.05078125
Dense6x65,5472,3,3,1,4.638671875
Dense6x65,528,3,3,1,0.60546875
Dense6x65,5625,3,3,1,3.0517578125
Dense6x65,6023,3,8,1,0.888671875
Dense6x65,8684,3,3,1,2.2021484375
Dense6x65,2924,3,3,1,1.865234375
Dense6x65,5468,3,3,1,2.2119140625
Dense6x65,7610,3,3,1,2.8564453125
Dense6x65,2618,3,3,1,1.0400390625
Dense6x65,8597,3,3,1,0.6787109375
Dense6x65,4940,3,3,1,3.0615234375
Dense6x65,3943,3,5,1,0.859375
Dense6x65,7771,3,3,1,3.4130859375
Dense6x65,3527,3,3,1,2.01171875
Dense6x65,8624,3,3,1,1.46484375
Dense6x65,6465,3,3,1,3.6669921875
Dense6x65,9163,3,3,1,1.9189453125
Dense6x65,1479,3,3,1,3.6572265625
Dense6x65,6704,3,3,1,3.2373046875
Dense6x65,2931,3,3,1,1.8701171875
Dense6x65,3167,3,3,1,0.4052734375
Dense6x65,5841,3,3,1,0.595703125
Dense6x65,2927,3,2,1,1.3818359375
Dense6x65,5358,3,3,1,0.908203125
Dense6x65,8607,3,3,1,0.25390625
Dense6x65,3531,3,3,1,1.73828125
Dense6x65,4621,3,3,1,3.8720703125
Dense6x65,6982,3,3,1,2.4462890625
Dense6x65,4084,3,3,1,1.6162109375
Dense6x65,7829,3,3,1,2.7099609375
Dense6x65,6575,3,3,1,0.6103515625
Dense6x65,1265,3,3,1,2.0751953125
Dense6x65,8489,3,3,1,2.4365234375
Dense6x65,938,3,5,1,1.1767578125
Dense6x65,2522,3,3,1,2.20703125
Dense6x65,8842,3,3,1,2.98828125
Dense6x65,8167,3,3,1,4.1845703125
Dense6x65,2364,3,3,1,2.2705078125
Dense6x65,7484,3,3,1,3.2275390625
Dense6x70,3368,0,0,1,3.193359375
Dense6x70,2619,0,0,1,2.2705078125
Dense6x70,6962,0,0,1,1.7138671875
Dense6x70,297,0,0,1,2.5927734375
Dense6x70,1712,0,0,1,1.748046875
Dense6x70,324,0,5,1,0.4833984375
Dense6x70,895,0,0,1,1.71875
Dense6x70,6711,0,0,1,4.7607421875
Dense6x70,4188,0,0,1,3.5693359375
Dense6x70,9952,0,0,1,4.0283203125
Dense6x70,3077,0,0,1,1.4404296875
Dense6x70,6016,0,0,1,4.6484375
Dense6x70,1589,0,0,1,3.1103515625
Dense6x70,9801,0,0,1,3.76953125
Dense6x70,581,0,0,1,3.14453125
Dense6x70,4957,0,0,1,3.4814453125
Dense6x70,2061,0,0,1,2.5
Dense6x70,5253,0,0,1,2.5830078125
Dense6x70,7953,0,0,1,4.23828125
Dense6x70,7505,0,0,1,0.7373046875
Dense6x70,6241,0,0,1,2.9736328125
Dense6x70,4470,0,0,1,3.046875
Dense6x70,9850,0,0,1,3.193359375
Dense6x70,8587,0,0,1,2.802734375
Dense6x70,4477,0,6,1,0.3369140625
Dense6x70,9519,0,0,1,4.2041015625
Dense6x70,2531,0,0,1,3.349609375
Dense6x70,4641,0,0,1,2.4560546875
Dense6x70,5270,0,0,1,2.7392578125
Dense6x70,3895,0,0,1,1.5625
Dense6x70,5718,0,0,1,1.357421875
Dense6x70,8152,0,0,1,4.580078125
Dense6x70,4958,0,0,1,3.173828125
Dense6x70,5930,0,0,1,3.154296875
Dense6x70,1995,0,0,1,2.4755859375
Dense6x70,7337,0,0,1,3.2080078125
Dense6x70,3608,0,0,1,4.21875
Dense6x70,9528,0,0,1,4.8828125
Dense6x70,8114,0,0,1,4.541015625
Dense6x70,7882,0,0,1,4.033203125
Dense6x70,3479,0,0,1,2.2021484375
Dense6x70,2761,0,0,1,2.021484375
Dense6x70,4186,0,0,1,2.65625
Dense6x70,2777,0,0,1,1.7041015625
Dense6x70,5459,0,0,1,3.5400390625
Dense6x70,4462,0,0,1,3.7451171875
Dense6x70,4614,0,0,1,3.427734375
Dense6x70,3265,0,0,1,3.1103515625
Dense6x70,3215,0,0,1,3.7158203125
Dense6x70,6201,0,0,1,3.9111328125
Dense6x70,9791,0,0,1,2.900390625
Dense6x70,1892,0,0,1,3.203125
Dense6x70,6082,0,0,1,4.2578125
Dense6x70,7727,0,0,1,3.515625
Dense6x70,3710,0,0,1,0.9228515625
Dense6x70,7607,0,0,1,2.7587890625
Dense6x70,6344,0,0,1,2.3583984375
Dense6x70,5109,0,0,1,3.7158203125
Dense6x70,5750,0,0,1,3.96484375
Dense6x70,157,0,0,1,2.0166015625
Dense6x70,2824,0,0,1,2.16796875
Dense6x70,5069,0,0,1,3.935546875
Dense6x70,6546,0,0,1,2.2021484375
Dense6x70,8991,0,0,1,3.1982421875
Dense6x70,2023,0,0,1,1.640625
Dense6x70,6129,0,0,1,5.244140625
Dense6x70,7693,0,0,1,3.10546875
Dense6x70,5006,0,0,1,2.08984375
Dense6x70,3803,0,0,1,3.671875
Dense6x70,3317,0,0,1,2.0361328125
Dense6x70,9809,0,0,1,2.87109375
Dense6x70,3242,0,0,1,2.5732421875
Dense6x70,8514,0,0,1,3.8623046875
Dense6x70,4404,0,0,1,2.67578125
Dense6x70,7747,0,0,1,3.3056640625
Dense6x70,9897,0,0,1,2.6220703125
Dense6x70,1726,0,0,1,3.3349609375
Dense6x70,2326,0,0,1,1.8798828125
Dense6x70,9440,0,0,1,3.5986328125
Dense6x70,2033,0,0,1,0.0146484375
Dense6x70,7175,0,0,1,3.1494140625
Dense6x70,3243,0,0,1,1.2744140625
Dense6x70,8098,0,0,1,4.2431640625
Dense6x70,7889,0,0,1,4.74609375
Dense6x70,3584,0,0,1,4.833984375
Dense6x70,3496,0,0,1,1.7236328125
Dense6x70,6127,0,0,1,5.3515625
Dense6x70,3574,0,0,1,0.3076171875
Dense6x70,9281,0,0,1,2.1826171875
Dense6x70,6701,0,0,1,3.5498046875
Dense6x70,5108,0,0,1,3.1005859375
Dense6x70,8738,0,0,1,2.0166015625
Dense6x70,3867,0,0,1,2.5830078125
Dense6x70,2190,0,0,1,1.796875
Dense6x70,6892,0,0,1,2.67578125
Dense6x70,3043,0,0,1,2.6123046875
Dense6x70,7989,0,0,1,2.998046875
Dense6x70,9387,0,0,1,3.994140625
Dense6x70,1197,0,0,1,1.767578125
Dense6x70,7112,0,0,1,2.9150390625
Dense6x70,7561,1,1,1,1.7578125
Dense6x70,8724,1,1,1,1.650390625
Dense6x70,2416,1,1,1,1.6552734375
Dense6x70,3699,1,1,1,1.611328125
Dense6x70,8658,1,1,1,1.66015625
Dense6x70,4685,1,1,1,1.4990234375
Dense6x70,3679,1,1,1,1.484375
Dense6x70,9599,1,1,1,1.4111328125
Dense6x70,7063,1,1,1,1.5185546875
Dense6x70,4178,1,1,1,0.83984375
Dense6x70,143,1,1,1,1.7138671875
Dense6x70,1834,1,1,1,1.6455078125
Dense6x70,1030,1,1,1,1.484375
Dense6x70,8229,1,1,1,1.4404296875
Dense6x70,1211,1,1,1,1.7138671875
Dense6x70,2803,1,1,1,1.7529296875
Dense6x70,8432,1,1,1,1.4990234375
Dense6x70,196,1,1,1,2.0166015625
Dense6x70,3050,1,1,1,2.0849609375
Dense6x70,7608,1,1,1,1.9921875
Dense6x70,2504,1,1,1,1.1962890625
Dense6x70,1351,1,1,1,1.6552734375
Dense6x70,1054,1,1,1,1.62109375
Dense6x70,5490,1,1,1,1.3623046875
Dense6x70,94,1,1,1,2.451171875
Dense6x70,2316,1,1,1,1.7578125
Dense6x70,5477,1,1,1,1.416015625
Dense6x70,9039,1,1,1,2.1630859375
Dense6x70,4646,1,1,1,1.26953125
Dense6x70,9378,1,1,1,1.9970703125
Dense6x70,4651,1,1,1,1.6552734375
Dense6x70,4153,1,1,1,2.1044921875
Dense6x70,9896,1,1,1,1.2646484375
Dense6x70,3433,1,1,1,1.5771484375
Dense6x70,9301,1,1,1,1.4404296875
Dense6x70,948,1,1,1,1.7236328125
Dense6x70,5915,1,1,1,1.728515625
Dense6x70,725,1,1,1,1.396484375
Dense6x70,716,1,1,1,1.34765625
Dense6x70,768,1,1,1,1.9140625
Dense6x70,5211,1,1,1,1.259765625
Dense6x70,2164,1,1,1,1.591796875
Dense6x70,202,1,1,1,1.1279296875
Dense6x70,5384,1,1,1,1.982421875
Dense6x70,6073,1,1,1,1.4990234375
Dense6x70,9923,1,1,1,1.923828125
Dense6x70,4754,1,1,1,1.5283203125
Dense6x70,6748,1,1,1,1.875
Dense6x70,994,1,1,1,1.220703125
Dense6x70,956,1,2,1,0.95703125
Dense6x70,4057,1,1,1,1.953125
Dense6x70,4602,1,1,1,1.69921875
Dense6x70,1667,1,1,1,2.16796875
Dense6x70,9241,1,1,1,1.6552734375
Dense6x70,5839,1,1,1,1.3623046875
Dense6x70,9984,1,1,1,1.142578125
Dense6x70,2235,1,1,1,1.1181640625
Dense6x70,3211,1,1,1,1.3671875
Dense6x70,9335,1,1,1,1.5869140625
Dense6x70,7165,1,1,1,1.4306640625
Dense6x70,2553,1,1,1,1.5185546875
Dense6x70,357,1,1,1,0.8447265625
Dense6x70,4595,1,1,1,2.0556640625
Dense6x70,2239,1,1,1,1.279296875
Dense6x70,9689,1,1,1,1.5380859375
Dense6x70,4524,1,1,1,1.6796875
Dense6x70,3231,1,1,1,2.080078125
Dense6x70,6948,1,1,1,1.845703125
Dense6x70,7980,1,1,1,1.923828125
Dense6x70,2276,1,1,1,1.0546875
Dense6x70,9594,1,1,1,1.6357421875
Dense6x70,2359,1,1,1,1.7626953125
Dense6x70,7418,1,1,1,1.4013671875
Dense6x70,4774,1,1,1,1.630859375
Dense6x70,4168,1,1,1,1.8994140625
Dense6x70,5524,1,1,1,1.8505859375
Dense6x70,6961,1,1,1,1.5234375
Dense6x70,3126,1,1,1,1.9482421875
Dense6x70,1027,1,1,1,1.640625
Dense6x70,9258,1,1,1,2.060546875
Dense6x70,5203,1,1,1,1.4208984375
Dense6x70,826,1,1,1,1.826171875
Dense6x70,6572,1,3,1,0.087890625
Dense6x70,5166,1,1,1,1.513671875
Dense6x70,5783,1,1,1,1.865234375
Dense6x70,4691,1,1,1,1.669921875
Dense6x70,9180,1,1,1,1.943359375
Dense6x70,7373,1,1,1,1.669921875
Dense6x70,6232,1,1,1,1.640625
Dense6x70,1025,1,1,1,1.66015625
Dense6x70,1836,1,1,1,1.259765625
Dense6x70,7019,1,1,1,1.5576171875
Dense6x70,9121,1,1,1,1.73828125
Dense6x70,5896,1,1,1,1.73828125
Dense6x70,4589,1,1,1,1.2744140625
Dense6x70,3455,1,1,1,1.982421875
Dense6x70,9978,1,1,1,1.5625
Dense6x70,2688,1,1,1,1.8017578125
Dense6x70,8692,1,1,1,1.6650390625
Dense6x70,1019,1,1,1,1.3671875
Dense6x70,5596,3,3,1,2.3681640625
Dense6x70,8972,3,3,1,3.18359375
Dense6x70,3469,3,3,1,2.7880859375
Dense6x70,8910,3,3,1,3.125
Dense6x70,7484,3,3,1,2.900390625
Dense6x70,5330,3,3,1,2.5146484375
Dense6x70,9840,3,3,1,2.1142578125
Dense6x70,8032,3,3,1,4.1357421875
Dense6x70,5904,3,3,1,2.3828125
Dense6x70,6542,3,7,1,0.2783203125
Dense6x70,6382,3,3,1,4.21875
Dense6x70,1628,3,3,1,1.9775390625
Dense6x70,795,3,3,1,0.2685546875
Dense6x70,7519,3,3,1,2.83203125
Dense6x70,3995,3,3,1,0.146484375
Dense6x70,6059,3,5,1,0.7958984375
Dense6x70,2075,3,3,1,2.7685546875
Dense6x70,6664,3,3,1,2.1875
Dense6x70,2587,3,3,1,2.2998046875
Dense6x70,3977,3,3,1,1.7529296875
Dense6x70,5283,3,3,1,2.607421875
Dense6x70,8854,3,3,1,3.3154296875
Dense6x70,7956,3,3,1,4.560546875
Dense6x70,9238,3,3,1,2.7294921875
Dense6x70,6501,3,3,1,1.69921875
Dense6x70,7065,3,3,1,2.9833984375
Dense6x70,6453,3,5,1,0.0244140625
Dense6x70,808,3,3,1,2.7587890625
Dense6x70,2069,3,3,1,3.3251953125
Dense6x70,5878,3,3,1,2.7490234375
Dense6x70,6714,3,3,1,3.8623046875
Dense6x70,9889,3,3,1,1.9921875
Dense6x70,747,3,3,1,2.59765625
Dense6x70,7983,3,3,1,4.08203125
Dense6x70,9986,3,3,1,1.7138671875
Dense6x70,8489,3,3,1,2.5
Dense6x70,4528,3,3,1,2.919921875
Dense6x70,3248,3,3,1,2.20703125
Dense6x70,9305,3,3,1,2.75390625
Dense6x70,7875,3,3,1,2.1923828125
Dense6x70,6139,3,3,1,3.0224609375
Dense6x70,1607,3,3,1,0.8349609375
Dense6x70,6290,3,3,1,2.4609375
Dense6x70,2639,3,3,1,1.669921875
Dense6x70,5168,3,3,1,3.515625
Dense6x70,9409,3,3,1,4.169921875
Dense6x70,4288,3,3,1,3.3837890625
Dense6x70,6009,3,3,1,1.4990234375
Dense6x70,7946,3,3,1,2.5927734375
Dense6x70,8362,3,3,1,0.48828125
Dense6x70,3787,3,3,1,2.4072265625
Dense6x70,8154,3,3,1,3.1005859375
Dense6x70,4841,3,3,1,2.236328125
Dense6x70,2770,3,3,1,0.810546875
Dense6x70,815,3,3,1,2.4462890625
Dense6x70,9022,3,3,1,0.8349609375
Dense6x70,3484,3,3,1,3.2666015625
Dense6x70,9073,3,3,1,2.021484375
Dense6x70,1832,3,3,1,1.6748046875
Dense6x70,5215,3,3,1,2.6904296875
Dense6x70,6736,3,3,1,4.0087890625
Dense6x70,1134,3,3,1,4.0087890625
Dense6x70,505,3,3,1,2.529296875
Dense6x70,3475,3,7,1,0.1220703125
Dense6x70,6432,3,3,1,2.79296875
Dense6x70,3221,3,3,1,4.609375
Dense6x70,7841,3,3,1,3.4130859375
Dense6x70,6204,3,3,1,3.1494140625
Dense6x70,5150,3,3,1,4.2236328125
Dense6x70,9227,3,3,1,0.7177734375
Dense6x70,7140,3,3,1,2.8857421875
Dense6x70,8518,3,3,1,4.6435546875
Dense6x70,8290,3,3,1,1.2255859375
Dense6x70,1605,3,3,1,3.1396484375
Dense6x70,3897,3,3,1,1.669921875
Dense6x70,5538,3,3,1,5.0048828125
Dense6x70,6160,3,3,1,3.02734375
Dense6x70,925,3,3,1,2.919921875
Dense6x70,5625,3,3,1,2.998046875
Dense6x70,5328,3,3,1,2.9736328125
Dense6x70,6745,3,3,1,2.5146484375
Dense6x70,2952,3,3,1,0.76171875
Dense6x70,1856,3,3,1,1.50390625
Dense6x70,2305,3,3,1,0.9912109375
Dense6x70,5346,3,3,1,2.48046875
Dense6x70,4885,3,3,1,2.63671875
Dense6x70,1797,3,3,1,1.4990234375
Dense6x70,6575,3,3,1,1.30859375
Dense6x70,2712,3,3,1,2.353515625
Dense6x70,8716,3,3,1,3.8916015625
Dense6x70,7610,3,3,1,2.8564453125
Dense6x70,2871,3,3,1,1.8603515625
Dense6x70,548,3,3,1,2.1044921875
Dense6x70,6722,3,3,1,2.6318359375
Dense6x70,8115,3,3,1,1.6845703125
Dense6x70,2011,3,3,1,2.0556640625
Dense6x70,507,3,3,1,1.142578125
Dense6x70,2364,3,3,1,2.7880859375
Dense6x70,6704,3,3,1,3.33984375
Dense6x70,4990,3,2,1,0.673828125
