testing_network,generating_network,target_class,som_mode,predicted_class,filename,fastlin_eps
Dense1x25,Dense1x25,0,independent,0,Dense1x25_0_independent.png,13.583984375
Dense1x25,Dense1x25,0,mean_relative,0,Dense1x25_0_mean_relative.png,11.7626953125
Dense1x25,Dense1x25,0,second_place_relative,0,Dense1x25_0_second_place_relative.png,14.78515625
Dense1x25,Dense1x25,1,independent,1,Dense1x25_1_independent.png,9.4970703125
Dense1x25,Dense1x25,1,mean_relative,1,Dense1x25_1_mean_relative.png,5.546875
Dense1x25,Dense1x25,1,second_place_relative,1,Dense1x25_1_second_place_relative.png,11.5087890625
Dense1x25,Dense1x25,3,independent,3,Dense1x25_3_independent.png,23.3251953125
Dense1x25,Dense1x25,3,mean_relative,3,Dense1x25_3_mean_relative.png,22.7197265625
Dense1x25,Dense1x25,3,second_place_relative,3,Dense1x25_3_second_place_relative.png,25.8544921875
Dense1x25,Dense1x60,0,independent,0,Dense1x60_0_independent.png,9.8876953125
Dense1x25,Dense1x60,0,mean_relative,0,Dense1x60_0_mean_relative.png,6.5380859375
Dense1x25,Dense1x60,0,second_place_relative,0,Dense1x60_0_second_place_relative.png,11.4013671875
Dense1x25,Dense1x60,1,independent,2,Dense1x60_1_independent.png,0.947265625
Dense1x25,Dense1x60,1,mean_relative,2,Dense1x60_1_mean_relative.png,2.060546875
Dense1x25,Dense1x60,1,second_place_relative,1,Dense1x60_1_second_place_relative.png,6.1474609375
Dense1x25,Dense1x60,3,independent,3,Dense1x60_3_independent.png,24.3798828125
Dense1x25,Dense1x60,3,mean_relative,3,Dense1x60_3_mean_relative.png,25.302734375
Dense1x25,Dense1x60,3,second_place_relative,3,Dense1x60_3_second_place_relative.png,26.1083984375
Dense1x25,Dense1x65,0,independent,0,Dense1x65_0_independent.png,11.796875
Dense1x25,Dense1x65,0,mean_relative,0,Dense1x65_0_mean_relative.png,11.474609375
Dense1x25,Dense1x65,0,second_place_relative,0,Dense1x65_0_second_place_relative.png,12.32421875
Dense1x25,Dense1x65,1,independent,2,Dense1x65_1_independent.png,4.8291015625
Dense1x25,Dense1x65,1,mean_relative,2,Dense1x65_1_mean_relative.png,12.9150390625
Dense1x25,Dense1x65,3,independent,3,Dense1x65_3_independent.png,19.951171875
Dense1x25,Dense1x65,3,mean_relative,3,Dense1x65_3_mean_relative.png,18.6083984375
Dense1x25,Dense1x65,3,second_place_relative,3,Dense1x65_3_second_place_relative.png,24.443359375
Dense1x25,Dense2x20,0,independent,0,Dense2x20_0_independent.png,8.6328125
Dense1x25,Dense2x20,0,mean_relative,0,Dense2x20_0_mean_relative.png,7.2802734375
Dense1x25,Dense2x20,0,second_place_relative,0,Dense2x20_0_second_place_relative.png,10.458984375
Dense1x25,Dense2x20,1,independent,2,Dense2x20_1_independent.png,4.53125
Dense1x25,Dense2x20,1,mean_relative,2,Dense2x20_1_mean_relative.png,12.65625
Dense1x25,Dense2x20,1,second_place_relative,2,Dense2x20_1_second_place_relative.png,0.1220703125
Dense1x25,Dense2x20,3,independent,3,Dense2x20_3_independent.png,16.2451171875
Dense1x25,Dense2x20,3,mean_relative,3,Dense2x20_3_mean_relative.png,14.6923828125
Dense1x25,Dense2x20,3,second_place_relative,3,Dense2x20_3_second_place_relative.png,12.802734375
Dense1x25,Dense2x30,0,independent,0,Dense2x30_0_independent.png,8.6962890625
Dense1x25,Dense2x30,0,mean_relative,0,Dense2x30_0_mean_relative.png,8.1689453125
Dense1x25,Dense2x30,0,second_place_relative,0,Dense2x30_0_second_place_relative.png,8.3349609375
Dense1x25,Dense2x30,1,independent,1,Dense2x30_1_independent.png,5.8056640625
Dense1x25,Dense2x30,1,mean_relative,1,Dense2x30_1_mean_relative.png,1.8017578125
Dense1x25,Dense2x30,1,second_place_relative,1,Dense2x30_1_second_place_relative.png,6.7724609375
Dense1x25,Dense2x30,3,independent,3,Dense2x30_3_independent.png,24.0576171875
Dense1x25,Dense2x30,3,mean_relative,3,Dense2x30_3_mean_relative.png,23.193359375
Dense1x25,Dense2x30,3,second_place_relative,3,Dense2x30_3_second_place_relative.png,26.298828125
Dense1x25,Dense3x20,0,independent,0,Dense3x20_0_independent.png,3.330078125
Dense1x25,Dense3x20,0,mean_relative,0,Dense3x20_0_mean_relative.png,3.2275390625
Dense1x25,Dense3x20,0,second_place_relative,0,Dense3x20_0_second_place_relative.png,3.251953125
Dense1x25,Dense3x20,1,independent,2,Dense3x20_1_independent.png,6.30859375
Dense1x25,Dense3x20,1,mean_relative,2,Dense3x20_1_mean_relative.png,9.2724609375
Dense1x25,Dense3x20,1,second_place_relative,3,Dense3x20_1_second_place_relative.png,3.0810546875
Dense1x25,Dense3x20,3,independent,3,Dense3x20_3_independent.png,11.2451171875
Dense1x25,Dense3x20,3,mean_relative,3,Dense3x20_3_mean_relative.png,13.6083984375
Dense1x25,Dense3x20,3,second_place_relative,3,Dense3x20_3_second_place_relative.png,14.78515625
Dense1x25,Dense3x25,0,independent,0,Dense3x25_0_independent.png,6.8701171875
Dense1x25,Dense3x25,0,mean_relative,0,Dense3x25_0_mean_relative.png,1.953125
Dense1x25,Dense3x25,0,second_place_relative,0,Dense3x25_0_second_place_relative.png,7.919921875
Dense1x25,Dense3x25,1,independent,3,Dense3x25_1_independent.png,5.146484375
Dense1x25,Dense3x25,1,mean_relative,3,Dense3x25_1_mean_relative.png,6.171875
Dense1x25,Dense3x25,1,second_place_relative,2,Dense3x25_1_second_place_relative.png,0.595703125
Dense1x25,Dense3x25,3,independent,3,Dense3x25_3_independent.png,16.50390625
Dense1x25,Dense3x25,3,mean_relative,3,Dense3x25_3_mean_relative.png,16.9775390625
Dense1x25,Dense3x25,3,second_place_relative,3,Dense3x25_3_second_place_relative.png,21.689453125
Dense1x25,Dense3x30,0,independent,0,Dense3x30_0_independent.png,4.3017578125
Dense1x25,Dense3x30,0,mean_relative,0,Dense3x30_0_mean_relative.png,4.00390625
Dense1x25,Dense3x30,0,second_place_relative,0,Dense3x30_0_second_place_relative.png,5.8935546875
Dense1x25,Dense3x30,1,independent,2,Dense3x30_1_independent.png,3.6865234375
Dense1x25,Dense3x30,1,mean_relative,2,Dense3x30_1_mean_relative.png,5.1953125
Dense1x25,Dense3x30,1,second_place_relative,1,Dense3x30_1_second_place_relative.png,2.3583984375
Dense1x25,Dense3x30,3,independent,3,Dense3x30_3_independent.png,16.337890625
Dense1x25,Dense3x30,3,mean_relative,3,Dense3x30_3_mean_relative.png,15.3466796875
Dense1x25,Dense3x30,3,second_place_relative,3,Dense3x30_3_second_place_relative.png,16.7724609375
Dense1x25,Dense5x10,0,independent,5,Dense5x10_0_independent.png,5.673828125
Dense1x25,Dense5x10,0,mean_relative,5,Dense5x10_0_mean_relative.png,5.1953125
Dense1x25,Dense5x10,0,second_place_relative,5,Dense5x10_0_second_place_relative.png,7.3681640625
Dense1x25,Dense5x10,1,independent,5,Dense5x10_1_independent.png,1.62109375
Dense1x25,Dense5x10,1,mean_relative,6,Dense5x10_1_mean_relative.png,6.279296875
Dense1x25,Dense5x10,1,second_place_relative,5,Dense5x10_1_second_place_relative.png,3.4130859375
Dense1x25,Dense5x10,3,independent,5,Dense5x10_3_independent.png,7.91015625
Dense1x25,Dense5x10,3,mean_relative,5,Dense5x10_3_mean_relative.png,10.126953125
Dense1x25,Dense5x10,3,second_place_relative,5,Dense5x10_3_second_place_relative.png,6.640625
Dense1x25,Dense5x15,0,independent,5,Dense5x15_0_independent.png,10.732421875
Dense1x25,Dense5x15,0,mean_relative,5,Dense5x15_0_mean_relative.png,11.97265625
Dense1x25,Dense5x15,0,second_place_relative,5,Dense5x15_0_second_place_relative.png,7.36328125
Dense1x25,Dense5x15,1,independent,3,Dense5x15_1_independent.png,3.369140625
Dense1x25,Dense5x15,1,mean_relative,3,Dense5x15_1_mean_relative.png,4.111328125
Dense1x25,Dense5x15,1,second_place_relative,3,Dense5x15_1_second_place_relative.png,1.0791015625
Dense1x25,Dense5x15,3,independent,3,Dense5x15_3_independent.png,8.8330078125
Dense1x25,Dense5x15,3,mean_relative,3,Dense5x15_3_mean_relative.png,13.0615234375
Dense1x25,Dense5x15,3,second_place_relative,3,Dense5x15_3_second_place_relative.png,12.587890625
Dense1x60,Dense1x25,0,independent,0,Dense1x25_0_independent.png,14.326171875
Dense1x60,Dense1x25,0,mean_relative,0,Dense1x25_0_mean_relative.png,13.232421875
Dense1x60,Dense1x25,0,second_place_relative,0,Dense1x25_0_second_place_relative.png,15.810546875
Dense1x60,Dense1x25,1,independent,2,Dense1x25_1_independent.png,5.0634765625
Dense1x60,Dense1x25,1,mean_relative,2,Dense1x25_1_mean_relative.png,6.1279296875
Dense1x60,Dense1x25,1,second_place_relative,1,Dense1x25_1_second_place_relative.png,5.41015625
Dense1x60,Dense1x25,3,independent,3,Dense1x25_3_independent.png,22.5146484375
Dense1x60,Dense1x25,3,mean_relative,3,Dense1x25_3_mean_relative.png,22.3291015625
Dense1x60,Dense1x25,3,second_place_relative,3,Dense1x25_3_second_place_relative.png,22.94921875
Dense1x60,Dense1x60,0,independent,0,Dense1x60_0_independent.png,15.107421875
Dense1x60,Dense1x60,0,mean_relative,0,Dense1x60_0_mean_relative.png,14.6044921875
Dense1x60,Dense1x60,0,second_place_relative,0,Dense1x60_0_second_place_relative.png,16.6015625
Dense1x60,Dense1x60,1,independent,1,Dense1x60_1_independent.png,12.34375
Dense1x60,Dense1x60,1,mean_relative,1,Dense1x60_1_mean_relative.png,9.3994140625
Dense1x60,Dense1x60,1,second_place_relative,1,Dense1x60_1_second_place_relative.png,13.4423828125
Dense1x60,Dense1x60,3,independent,3,Dense1x60_3_independent.png,24.6484375
Dense1x60,Dense1x60,3,mean_relative,3,Dense1x60_3_mean_relative.png,26.162109375
Dense1x60,Dense1x60,3,second_place_relative,3,Dense1x60_3_second_place_relative.png,30.2685546875
Dense1x60,Dense1x65,0,independent,0,Dense1x65_0_independent.png,15.9130859375
Dense1x60,Dense1x65,0,mean_relative,0,Dense1x65_0_mean_relative.png,15.546875
Dense1x60,Dense1x65,0,second_place_relative,0,Dense1x65_0_second_place_relative.png,15.380859375
Dense1x60,Dense1x65,1,independent,2,Dense1x65_1_independent.png,3.6181640625
Dense1x60,Dense1x65,1,mean_relative,2,Dense1x65_1_mean_relative.png,5.205078125
Dense1x60,Dense1x65,3,independent,3,Dense1x65_3_independent.png,21.6748046875
Dense1x60,Dense1x65,3,mean_relative,3,Dense1x65_3_mean_relative.png,21.2890625
Dense1x60,Dense1x65,3,second_place_relative,3,Dense1x65_3_second_place_relative.png,24.2822265625
Dense1x60,Dense2x20,0,independent,0,Dense2x20_0_independent.png,10.05859375
Dense1x60,Dense2x20,0,mean_relative,0,Dense2x20_0_mean_relative.png,9.111328125
Dense1x60,Dense2x20,0,second_place_relative,0,Dense2x20_0_second_place_relative.png,11.298828125
Dense1x60,Dense2x20,1,independent,2,Dense2x20_1_independent.png,4.169921875
Dense1x60,Dense2x20,1,mean_relative,2,Dense2x20_1_mean_relative.png,7.314453125
Dense1x60,Dense2x20,1,second_place_relative,2,Dense2x20_1_second_place_relative.png,0.9423828125
Dense1x60,Dense2x20,3,independent,3,Dense2x20_3_independent.png,17.8662109375
Dense1x60,Dense2x20,3,mean_relative,3,Dense2x20_3_mean_relative.png,15.5224609375
Dense1x60,Dense2x20,3,second_place_relative,3,Dense2x20_3_second_place_relative.png,12.841796875
Dense1x60,Dense2x30,0,independent,0,Dense2x30_0_independent.png,10.048828125
Dense1x60,Dense2x30,0,mean_relative,0,Dense2x30_0_mean_relative.png,9.08203125
Dense1x60,Dense2x30,0,second_place_relative,0,Dense2x30_0_second_place_relative.png,9.150390625
Dense1x60,Dense2x30,1,independent,1,Dense2x30_1_independent.png,2.158203125
Dense1x60,Dense2x30,1,mean_relative,3,Dense2x30_1_mean_relative.png,3.4716796875
Dense1x60,Dense2x30,1,second_place_relative,1,Dense2x30_1_second_place_relative.png,4.599609375
Dense1x60,Dense2x30,3,independent,3,Dense2x30_3_independent.png,21.796875
Dense1x60,Dense2x30,3,mean_relative,3,Dense2x30_3_mean_relative.png,24.111328125
Dense1x60,Dense2x30,3,second_place_relative,3,Dense2x30_3_second_place_relative.png,23.4912109375
Dense1x60,Dense3x20,0,independent,0,Dense3x20_0_independent.png,8.447265625
Dense1x60,Dense3x20,0,mean_relative,0,Dense3x20_0_mean_relative.png,8.115234375
Dense1x60,Dense3x20,0,second_place_relative,0,Dense3x20_0_second_place_relative.png,5.80078125
Dense1x60,Dense3x20,1,independent,2,Dense3x20_1_independent.png,6.7724609375
Dense1x60,Dense3x20,1,mean_relative,2,Dense3x20_1_mean_relative.png,7.5537109375
Dense1x60,Dense3x20,1,second_place_relative,3,Dense3x20_1_second_place_relative.png,5.341796875
Dense1x60,Dense3x20,3,independent,3,Dense3x20_3_independent.png,5.5908203125
Dense1x60,Dense3x20,3,mean_relative,3,Dense3x20_3_mean_relative.png,8.6376953125
Dense1x60,Dense3x20,3,second_place_relative,3,Dense3x20_3_second_place_relative.png,17.2509765625
Dense1x60,Dense3x25,0,independent,0,Dense3x25_0_independent.png,8.2568359375
Dense1x60,Dense3x25,0,mean_relative,0,Dense3x25_0_mean_relative.png,4.4970703125
Dense1x60,Dense3x25,0,second_place_relative,0,Dense3x25_0_second_place_relative.png,10.5908203125
Dense1x60,Dense3x25,1,independent,5,Dense3x25_1_independent.png,1.6015625
Dense1x60,Dense3x25,1,mean_relative,5,Dense3x25_1_mean_relative.png,3.310546875
Dense1x60,Dense3x25,1,second_place_relative,2,Dense3x25_1_second_place_relative.png,2.451171875
Dense1x60,Dense3x25,3,independent,3,Dense3x25_3_independent.png,19.951171875
Dense1x60,Dense3x25,3,mean_relative,3,Dense3x25_3_mean_relative.png,20.048828125
Dense1x60,Dense3x25,3,second_place_relative,3,Dense3x25_3_second_place_relative.png,20.4345703125
Dense1x60,Dense3x30,0,independent,0,Dense3x30_0_independent.png,9.7509765625
Dense1x60,Dense3x30,0,mean_relative,0,Dense3x30_0_mean_relative.png,6.9921875
Dense1x60,Dense3x30,0,second_place_relative,0,Dense3x30_0_second_place_relative.png,9.5947265625
Dense1x60,Dense3x30,1,independent,2,Dense3x30_1_independent.png,1.4892578125
Dense1x60,Dense3x30,1,mean_relative,2,Dense3x30_1_mean_relative.png,2.5048828125
Dense1x60,Dense3x30,1,second_place_relative,5,Dense3x30_1_second_place_relative.png,0.380859375
Dense1x60,Dense3x30,3,independent,3,Dense3x30_3_independent.png,17.578125
Dense1x60,Dense3x30,3,mean_relative,3,Dense3x30_3_mean_relative.png,18.7158203125
Dense1x60,Dense3x30,3,second_place_relative,3,Dense3x30_3_second_place_relative.png,19.677734375
Dense1x60,Dense5x10,0,independent,5,Dense5x10_0_independent.png,10.546875
Dense1x60,Dense5x10,0,mean_relative,5,Dense5x10_0_mean_relative.png,10.2978515625
Dense1x60,Dense5x10,0,second_place_relative,5,Dense5x10_0_second_place_relative.png,10.6396484375
Dense1x60,Dense5x10,1,independent,5,Dense5x10_1_independent.png,6.03515625
Dense1x60,Dense5x10,1,mean_relative,6,Dense5x10_1_mean_relative.png,1.8115234375
Dense1x60,Dense5x10,1,second_place_relative,5,Dense5x10_1_second_place_relative.png,6.318359375
Dense1x60,Dense5x10,3,independent,5,Dense5x10_3_independent.png,9.0380859375
Dense1x60,Dense5x10,3,mean_relative,5,Dense5x10_3_mean_relative.png,9.189453125
Dense1x60,Dense5x10,3,second_place_relative,5,Dense5x10_3_second_place_relative.png,9.12109375
Dense1x60,Dense5x15,0,independent,5,Dense5x15_0_independent.png,7.9345703125
Dense1x60,Dense5x15,0,mean_relative,5,Dense5x15_0_mean_relative.png,11.8115234375
Dense1x60,Dense5x15,0,second_place_relative,5,Dense5x15_0_second_place_relative.png,4.228515625
Dense1x60,Dense5x15,1,independent,3,Dense5x15_1_independent.png,8.623046875
Dense1x60,Dense5x15,1,mean_relative,3,Dense5x15_1_mean_relative.png,9.443359375
Dense1x60,Dense5x15,1,second_place_relative,3,Dense5x15_1_second_place_relative.png,5.7568359375
Dense1x60,Dense5x15,3,independent,3,Dense5x15_3_independent.png,10.2685546875
Dense1x60,Dense5x15,3,mean_relative,3,Dense5x15_3_mean_relative.png,11.8603515625
Dense1x60,Dense5x15,3,second_place_relative,3,Dense5x15_3_second_place_relative.png,14.736328125
Dense1x65,Dense1x25,0,independent,0,Dense1x25_0_independent.png,15.0
Dense1x65,Dense1x25,0,mean_relative,0,Dense1x25_0_mean_relative.png,14.541015625
Dense1x65,Dense1x25,0,second_place_relative,0,Dense1x25_0_second_place_relative.png,14.794921875
Dense1x65,Dense1x25,1,independent,1,Dense1x25_1_independent.png,1.9580078125
Dense1x65,Dense1x25,1,mean_relative,2,Dense1x25_1_mean_relative.png,4.5849609375
Dense1x65,Dense1x25,1,second_place_relative,1,Dense1x25_1_second_place_relative.png,7.3779296875
Dense1x65,Dense1x25,3,independent,3,Dense1x25_3_independent.png,18.7451171875
Dense1x65,Dense1x25,3,mean_relative,3,Dense1x25_3_mean_relative.png,18.8525390625
Dense1x65,Dense1x25,3,second_place_relative,3,Dense1x25_3_second_place_relative.png,24.7900390625
Dense1x65,Dense1x60,0,independent,0,Dense1x60_0_independent.png,12.8466796875
Dense1x65,Dense1x60,0,mean_relative,0,Dense1x60_0_mean_relative.png,7.9736328125
Dense1x65,Dense1x60,0,second_place_relative,0,Dense1x60_0_second_place_relative.png,15.9033203125
Dense1x65,Dense1x60,1,independent,1,Dense1x60_1_independent.png,3.837890625
Dense1x65,Dense1x60,1,mean_relative,3,Dense1x60_1_mean_relative.png,1.3720703125
Dense1x65,Dense1x60,1,second_place_relative,1,Dense1x60_1_second_place_relative.png,9.8828125
Dense1x65,Dense1x60,3,independent,3,Dense1x60_3_independent.png,24.4775390625
Dense1x65,Dense1x60,3,mean_relative,3,Dense1x60_3_mean_relative.png,22.1337890625
Dense1x65,Dense1x60,3,second_place_relative,3,Dense1x60_3_second_place_relative.png,21.8994140625
Dense1x65,Dense1x65,0,independent,0,Dense1x65_0_independent.png,14.86328125
Dense1x65,Dense1x65,0,mean_relative,0,Dense1x65_0_mean_relative.png,14.70703125
Dense1x65,Dense1x65,0,second_place_relative,0,Dense1x65_0_second_place_relative.png,17.94921875
Dense1x65,Dense1x65,1,independent,1,Dense1x65_1_independent.png,4.1162109375
Dense1x65,Dense1x65,1,mean_relative,2,Dense1x65_1_mean_relative.png,5.1220703125
Dense1x65,Dense1x65,3,independent,3,Dense1x65_3_independent.png,19.4580078125
Dense1x65,Dense1x65,3,mean_relative,3,Dense1x65_3_mean_relative.png,18.9990234375
Dense1x65,Dense1x65,3,second_place_relative,3,Dense1x65_3_second_place_relative.png,27.7978515625
Dense1x65,Dense2x20,0,independent,0,Dense2x20_0_independent.png,11.6650390625
Dense1x65,Dense2x20,0,mean_relative,0,Dense2x20_0_mean_relative.png,10.4443359375
Dense1x65,Dense2x20,0,second_place_relative,0,Dense2x20_0_second_place_relative.png,12.802734375
Dense1x65,Dense2x20,1,independent,3,Dense2x20_1_independent.png,2.216796875
Dense1x65,Dense2x20,1,mean_relative,2,Dense2x20_1_mean_relative.png,8.9697265625
Dense1x65,Dense2x20,1,second_place_relative,7,Dense2x20_1_second_place_relative.png,2.63671875
Dense1x65,Dense2x20,3,independent,3,Dense2x20_3_independent.png,17.3193359375
Dense1x65,Dense2x20,3,mean_relative,3,Dense2x20_3_mean_relative.png,15.4638671875
Dense1x65,Dense2x20,3,second_place_relative,3,Dense2x20_3_second_place_relative.png,13.662109375
Dense1x65,Dense2x30,0,independent,0,Dense2x30_0_independent.png,13.5205078125
Dense1x65,Dense2x30,0,mean_relative,0,Dense2x30_0_mean_relative.png,13.2275390625
Dense1x65,Dense2x30,0,second_place_relative,0,Dense2x30_0_second_place_relative.png,12.98828125
Dense1x65,Dense2x30,1,independent,1,Dense2x30_1_independent.png,5.078125
Dense1x65,Dense2x30,1,mean_relative,2,Dense2x30_1_mean_relative.png,0.595703125
Dense1x65,Dense2x30,1,second_place_relative,1,Dense2x30_1_second_place_relative.png,6.77734375
Dense1x65,Dense2x30,3,independent,3,Dense2x30_3_independent.png,22.4951171875
Dense1x65,Dense2x30,3,mean_relative,3,Dense2x30_3_mean_relative.png,20.29296875
Dense1x65,Dense2x30,3,second_place_relative,3,Dense2x30_3_second_place_relative.png,25.1025390625
Dense1x65,Dense3x20,0,independent,0,Dense3x20_0_independent.png,8.876953125
Dense1x65,Dense3x20,0,mean_relative,0,Dense3x20_0_mean_relative.png,8.671875
Dense1x65,Dense3x20,0,second_place_relative,0,Dense3x20_0_second_place_relative.png,8.359375
Dense1x65,Dense3x20,1,independent,2,Dense3x20_1_independent.png,6.9384765625
Dense1x65,Dense3x20,1,mean_relative,2,Dense3x20_1_mean_relative.png,9.326171875
Dense1x65,Dense3x20,1,second_place_relative,3,Dense3x20_1_second_place_relative.png,1.0107421875
Dense1x65,Dense3x20,3,independent,3,Dense3x20_3_independent.png,14.5458984375
Dense1x65,Dense3x20,3,mean_relative,3,Dense3x20_3_mean_relative.png,16.93359375
Dense1x65,Dense3x20,3,second_place_relative,3,Dense3x20_3_second_place_relative.png,18.02734375
Dense1x65,Dense3x25,0,independent,0,Dense3x25_0_independent.png,10.4052734375
Dense1x65,Dense3x25,0,mean_relative,0,Dense3x25_0_mean_relative.png,6.9482421875
Dense1x65,Dense3x25,0,second_place_relative,0,Dense3x25_0_second_place_relative.png,7.822265625
Dense1x65,Dense3x25,1,independent,3,Dense3x25_1_independent.png,1.533203125
Dense1x65,Dense3x25,1,mean_relative,3,Dense3x25_1_mean_relative.png,4.6337890625
Dense1x65,Dense3x25,1,second_place_relative,2,Dense3x25_1_second_place_relative.png,7.470703125
Dense1x65,Dense3x25,3,independent,3,Dense3x25_3_independent.png,16.4697265625
Dense1x65,Dense3x25,3,mean_relative,3,Dense3x25_3_mean_relative.png,16.962890625
Dense1x65,Dense3x25,3,second_place_relative,3,Dense3x25_3_second_place_relative.png,23.7353515625
Dense1x65,Dense3x30,0,independent,0,Dense3x30_0_independent.png,8.9892578125
Dense1x65,Dense3x30,0,mean_relative,0,Dense3x30_0_mean_relative.png,7.490234375
Dense1x65,Dense3x30,0,second_place_relative,0,Dense3x30_0_second_place_relative.png,9.931640625
Dense1x65,Dense3x30,1,independent,2,Dense3x30_1_independent.png,4.4287109375
Dense1x65,Dense3x30,1,mean_relative,2,Dense3x30_1_mean_relative.png,6.2451171875
Dense1x65,Dense3x30,1,second_place_relative,1,Dense3x30_1_second_place_relative.png,1.5234375
Dense1x65,Dense3x30,3,independent,3,Dense3x30_3_independent.png,18.57421875
Dense1x65,Dense3x30,3,mean_relative,3,Dense3x30_3_mean_relative.png,15.390625
Dense1x65,Dense3x30,3,second_place_relative,3,Dense3x30_3_second_place_relative.png,16.2939453125
Dense1x65,Dense5x10,0,independent,5,Dense5x10_0_independent.png,5.4052734375
Dense1x65,Dense5x10,0,mean_relative,5,Dense5x10_0_mean_relative.png,4.82421875
Dense1x65,Dense5x10,0,second_place_relative,5,Dense5x10_0_second_place_relative.png,6.69921875
Dense1x65,Dense5x10,1,independent,5,Dense5x10_1_independent.png,0.6787109375
Dense1x65,Dense5x10,1,mean_relative,6,Dense5x10_1_mean_relative.png,5.5322265625
Dense1x65,Dense5x10,1,second_place_relative,5,Dense5x10_1_second_place_relative.png,1.2158203125
Dense1x65,Dense5x10,3,independent,5,Dense5x10_3_independent.png,4.08203125
Dense1x65,Dense5x10,3,mean_relative,5,Dense5x10_3_mean_relative.png,5.625
Dense1x65,Dense5x10,3,second_place_relative,5,Dense5x10_3_second_place_relative.png,3.4228515625
Dense1x65,Dense5x15,0,independent,3,Dense5x15_0_independent.png,1.9580078125
Dense1x65,Dense5x15,0,mean_relative,5,Dense5x15_0_mean_relative.png,2.0556640625
Dense1x65,Dense5x15,0,second_place_relative,3,Dense5x15_0_second_place_relative.png,2.55859375
Dense1x65,Dense5x15,1,independent,3,Dense5x15_1_independent.png,5.25390625
Dense1x65,Dense5x15,1,mean_relative,3,Dense5x15_1_mean_relative.png,5.5517578125
Dense1x65,Dense5x15,1,second_place_relative,3,Dense5x15_1_second_place_relative.png,2.5390625
Dense1x65,Dense5x15,3,independent,3,Dense5x15_3_independent.png,9.3115234375
Dense1x65,Dense5x15,3,mean_relative,3,Dense5x15_3_mean_relative.png,14.208984375
Dense1x65,Dense5x15,3,second_place_relative,3,Dense5x15_3_second_place_relative.png,13.59375
Dense2x20,Dense1x25,0,independent,0,Dense1x25_0_independent.png,10.576171875
Dense2x20,Dense1x25,0,mean_relative,0,Dense1x25_0_mean_relative.png,10.1904296875
Dense2x20,Dense1x25,0,second_place_relative,0,Dense1x25_0_second_place_relative.png,10.0048828125
Dense2x20,Dense1x25,1,independent,1,Dense1x25_1_independent.png,6.54296875
Dense2x20,Dense1x25,1,mean_relative,2,Dense1x25_1_mean_relative.png,1.71875
Dense2x20,Dense1x25,1,second_place_relative,3,Dense1x25_1_second_place_relative.png,1.71875
Dense2x20,Dense1x25,3,independent,3,Dense1x25_3_independent.png,27.6171875
Dense2x20,Dense1x25,3,mean_relative,3,Dense1x25_3_mean_relative.png,27.7783203125
Dense2x20,Dense1x25,3,second_place_relative,3,Dense1x25_3_second_place_relative.png,26.923828125
Dense2x20,Dense1x60,0,independent,0,Dense1x60_0_independent.png,9.814453125
Dense2x20,Dense1x60,0,mean_relative,0,Dense1x60_0_mean_relative.png,7.392578125
Dense2x20,Dense1x60,0,second_place_relative,0,Dense1x60_0_second_place_relative.png,12.6806640625
Dense2x20,Dense1x60,1,independent,3,Dense1x60_1_independent.png,2.431640625
Dense2x20,Dense1x60,1,mean_relative,2,Dense1x60_1_mean_relative.png,1.3037109375
Dense2x20,Dense1x60,1,second_place_relative,1,Dense1x60_1_second_place_relative.png,0.7080078125
Dense2x20,Dense1x60,3,independent,3,Dense1x60_3_independent.png,28.22265625
Dense2x20,Dense1x60,3,mean_relative,3,Dense1x60_3_mean_relative.png,27.96875
Dense2x20,Dense1x60,3,second_place_relative,3,Dense1x60_3_second_place_relative.png,24.4580078125
Dense2x20,Dense1x65,0,independent,0,Dense1x65_0_independent.png,10.8251953125
Dense2x20,Dense1x65,0,mean_relative,0,Dense1x65_0_mean_relative.png,10.7958984375
Dense2x20,Dense1x65,0,second_place_relative,0,Dense1x65_0_second_place_relative.png,13.80859375
Dense2x20,Dense1x65,1,independent,2,Dense1x65_1_independent.png,7.0947265625
Dense2x20,Dense1x65,1,mean_relative,2,Dense1x65_1_mean_relative.png,6.4306640625
Dense2x20,Dense1x65,3,independent,3,Dense1x65_3_independent.png,25.947265625
Dense2x20,Dense1x65,3,mean_relative,3,Dense1x65_3_mean_relative.png,24.638671875
Dense2x20,Dense1x65,3,second_place_relative,3,Dense1x65_3_second_place_relative.png,26.7236328125
Dense2x20,Dense2x20,0,independent,0,Dense2x20_0_independent.png,14.1015625
Dense2x20,Dense2x20,0,mean_relative,0,Dense2x20_0_mean_relative.png,13.2470703125
Dense2x20,Dense2x20,0,second_place_relative,0,Dense2x20_0_second_place_relative.png,14.9951171875
Dense2x20,Dense2x20,1,independent,1,Dense2x20_1_independent.png,15.6884765625
Dense2x20,Dense2x20,1,mean_relative,1,Dense2x20_1_mean_relative.png,8.154296875
Dense2x20,Dense2x20,1,second_place_relative,1,Dense2x20_1_second_place_relative.png,16.5625
Dense2x20,Dense2x20,3,independent,3,Dense2x20_3_independent.png,25.56640625
Dense2x20,Dense2x20,3,mean_relative,3,Dense2x20_3_mean_relative.png,25.41015625
Dense2x20,Dense2x20,3,second_place_relative,3,Dense2x20_3_second_place_relative.png,25.64453125
Dense2x20,Dense2x30,0,independent,0,Dense2x30_0_independent.png,13.125
Dense2x20,Dense2x30,0,mean_relative,0,Dense2x30_0_mean_relative.png,12.83203125
Dense2x20,Dense2x30,0,second_place_relative,0,Dense2x30_0_second_place_relative.png,12.7734375
Dense2x20,Dense2x30,1,independent,1,Dense2x30_1_independent.png,4.2138671875
Dense2x20,Dense2x30,1,mean_relative,2,Dense2x30_1_mean_relative.png,2.392578125
Dense2x20,Dense2x30,1,second_place_relative,1,Dense2x30_1_second_place_relative.png,2.48046875
Dense2x20,Dense2x30,3,independent,3,Dense2x30_3_independent.png,27.7490234375
Dense2x20,Dense2x30,3,mean_relative,3,Dense2x30_3_mean_relative.png,28.8818359375
Dense2x20,Dense2x30,3,second_place_relative,3,Dense2x30_3_second_place_relative.png,27.9638671875
Dense2x20,Dense3x20,0,independent,0,Dense3x20_0_independent.png,3.388671875
Dense2x20,Dense3x20,0,mean_relative,0,Dense3x20_0_mean_relative.png,2.919921875
Dense2x20,Dense3x20,0,second_place_relative,0,Dense3x20_0_second_place_relative.png,0.751953125
Dense2x20,Dense3x20,1,independent,2,Dense3x20_1_independent.png,6.09375
Dense2x20,Dense3x20,1,mean_relative,2,Dense3x20_1_mean_relative.png,8.3203125
Dense2x20,Dense3x20,1,second_place_relative,3,Dense3x20_1_second_place_relative.png,7.1630859375
Dense2x20,Dense3x20,3,independent,3,Dense3x20_3_independent.png,20.1904296875
Dense2x20,Dense3x20,3,mean_relative,3,Dense3x20_3_mean_relative.png,21.171875
Dense2x20,Dense3x20,3,second_place_relative,3,Dense3x20_3_second_place_relative.png,19.6240234375
Dense2x20,Dense3x25,0,independent,0,Dense3x25_0_independent.png,4.609375
Dense2x20,Dense3x25,0,mean_relative,0,Dense3x25_0_mean_relative.png,4.7021484375
Dense2x20,Dense3x25,0,second_place_relative,0,Dense3x25_0_second_place_relative.png,2.2216796875
Dense2x20,Dense3x25,1,independent,3,Dense3x25_1_independent.png,11.5234375
Dense2x20,Dense3x25,1,mean_relative,3,Dense3x25_1_mean_relative.png,13.37890625
Dense2x20,Dense3x25,1,second_place_relative,2,Dense3x25_1_second_place_relative.png,3.30078125
Dense2x20,Dense3x25,3,independent,3,Dense3x25_3_independent.png,23.271484375
Dense2x20,Dense3x25,3,mean_relative,3,Dense3x25_3_mean_relative.png,24.267578125
Dense2x20,Dense3x25,3,second_place_relative,3,Dense3x25_3_second_place_relative.png,21.953125
Dense2x20,Dense3x30,0,independent,0,Dense3x30_0_independent.png,8.8720703125
Dense2x20,Dense3x30,0,mean_relative,0,Dense3x30_0_mean_relative.png,8.75
Dense2x20,Dense3x30,0,second_place_relative,0,Dense3x30_0_second_place_relative.png,9.7802734375
Dense2x20,Dense3x30,1,independent,2,Dense3x30_1_independent.png,4.2431640625
Dense2x20,Dense3x30,1,mean_relative,2,Dense3x30_1_mean_relative.png,4.384765625
Dense2x20,Dense3x30,1,second_place_relative,3,Dense3x30_1_second_place_relative.png,0.3125
Dense2x20,Dense3x30,3,independent,3,Dense3x30_3_independent.png,23.7060546875
Dense2x20,Dense3x30,3,mean_relative,3,Dense3x30_3_mean_relative.png,23.984375
Dense2x20,Dense3x30,3,second_place_relative,3,Dense3x30_3_second_place_relative.png,25.37109375
Dense2x20,Dense5x10,0,independent,3,Dense5x10_0_independent.png,1.6748046875
Dense2x20,Dense5x10,0,mean_relative,3,Dense5x10_0_mean_relative.png,2.2802734375
Dense2x20,Dense5x10,0,second_place_relative,5,Dense5x10_0_second_place_relative.png,1.5087890625
Dense2x20,Dense5x10,1,independent,8,Dense5x10_1_independent.png,1.8310546875
Dense2x20,Dense5x10,1,mean_relative,6,Dense5x10_1_mean_relative.png,1.6552734375
Dense2x20,Dense5x10,1,second_place_relative,8,Dense5x10_1_second_place_relative.png,1.689453125
Dense2x20,Dense5x10,3,independent,3,Dense5x10_3_independent.png,8.251953125
Dense2x20,Dense5x10,3,mean_relative,3,Dense5x10_3_mean_relative.png,10.1953125
Dense2x20,Dense5x10,3,second_place_relative,3,Dense5x10_3_second_place_relative.png,7.91015625
Dense2x20,Dense5x15,0,independent,5,Dense5x15_0_independent.png,2.705078125
Dense2x20,Dense5x15,0,mean_relative,5,Dense5x15_0_mean_relative.png,6.005859375
Dense2x20,Dense5x15,0,second_place_relative,0,Dense5x15_0_second_place_relative.png,2.060546875
Dense2x20,Dense5x15,1,independent,3,Dense5x15_1_independent.png,11.7138671875
Dense2x20,Dense5x15,1,mean_relative,3,Dense5x15_1_mean_relative.png,12.6123046875
Dense2x20,Dense5x15,1,second_place_relative,3,Dense5x15_1_second_place_relative.png,9.08203125
Dense2x20,Dense5x15,3,independent,3,Dense5x15_3_independent.png,12.060546875
Dense2x20,Dense5x15,3,mean_relative,3,Dense5x15_3_mean_relative.png,17.4072265625
Dense2x20,Dense5x15,3,second_place_relative,3,Dense5x15_3_second_place_relative.png,16.1962890625
Dense2x30,Dense1x25,0,independent,0,Dense1x25_0_independent.png,8.9599609375
Dense2x30,Dense1x25,0,mean_relative,0,Dense1x25_0_mean_relative.png,8.7353515625
Dense2x30,Dense1x25,0,second_place_relative,0,Dense1x25_0_second_place_relative.png,10.400390625
Dense2x30,Dense1x25,1,independent,1,Dense1x25_1_independent.png,6.3330078125
Dense2x30,Dense1x25,1,mean_relative,1,Dense1x25_1_mean_relative.png,1.6064453125
Dense2x30,Dense1x25,1,second_place_relative,1,Dense1x25_1_second_place_relative.png,6.044921875
Dense2x30,Dense1x25,3,independent,3,Dense1x25_3_independent.png,17.6171875
Dense2x30,Dense1x25,3,mean_relative,3,Dense1x25_3_mean_relative.png,18.3447265625
Dense2x30,Dense1x25,3,second_place_relative,3,Dense1x25_3_second_place_relative.png,22.16796875
Dense2x30,Dense1x60,0,independent,0,Dense1x60_0_independent.png,10.244140625
Dense2x30,Dense1x60,0,mean_relative,0,Dense1x60_0_mean_relative.png,7.021484375
Dense2x30,Dense1x60,0,second_place_relative,0,Dense1x60_0_second_place_relative.png,11.728515625
Dense2x30,Dense1x60,1,independent,2,Dense1x60_1_independent.png,2.1533203125
Dense2x30,Dense1x60,1,mean_relative,2,Dense1x60_1_mean_relative.png,5.361328125
Dense2x30,Dense1x60,1,second_place_relative,1,Dense1x60_1_second_place_relative.png,4.228515625
Dense2x30,Dense1x60,3,independent,3,Dense1x60_3_independent.png,20.8544921875
Dense2x30,Dense1x60,3,mean_relative,3,Dense1x60_3_mean_relative.png,18.4130859375
Dense2x30,Dense1x60,3,second_place_relative,3,Dense1x60_3_second_place_relative.png,17.1044921875
Dense2x30,Dense1x65,0,independent,0,Dense1x65_0_independent.png,10.7568359375
Dense2x30,Dense1x65,0,mean_relative,0,Dense1x65_0_mean_relative.png,10.9521484375
Dense2x30,Dense1x65,0,second_place_relative,0,Dense1x65_0_second_place_relative.png,13.564453125
Dense2x30,Dense1x65,1,independent,2,Dense1x65_1_independent.png,2.890625
Dense2x30,Dense1x65,1,mean_relative,2,Dense1x65_1_mean_relative.png,8.4716796875
Dense2x30,Dense1x65,3,independent,3,Dense1x65_3_independent.png,14.2529296875
Dense2x30,Dense1x65,3,mean_relative,3,Dense1x65_3_mean_relative.png,13.5595703125
Dense2x30,Dense1x65,3,second_place_relative,3,Dense1x65_3_second_place_relative.png,22.8759765625
Dense2x30,Dense2x20,0,independent,0,Dense2x20_0_independent.png,10.0830078125
Dense2x30,Dense2x20,0,mean_relative,0,Dense2x20_0_mean_relative.png,8.7841796875
Dense2x30,Dense2x20,0,second_place_relative,0,Dense2x20_0_second_place_relative.png,9.70703125
Dense2x30,Dense2x20,1,independent,2,Dense2x20_1_independent.png,1.19140625
Dense2x30,Dense2x20,1,mean_relative,2,Dense2x20_1_mean_relative.png,10.7080078125
Dense2x30,Dense2x20,1,second_place_relative,1,Dense2x20_1_second_place_relative.png,2.0849609375
Dense2x30,Dense2x20,3,independent,3,Dense2x20_3_independent.png,17.1728515625
Dense2x30,Dense2x20,3,mean_relative,3,Dense2x20_3_mean_relative.png,15.751953125
Dense2x30,Dense2x20,3,second_place_relative,3,Dense2x20_3_second_place_relative.png,15.68359375
Dense2x30,Dense2x30,0,independent,0,Dense2x30_0_independent.png,15.3564453125
Dense2x30,Dense2x30,0,mean_relative,0,Dense2x30_0_mean_relative.png,15.6591796875
Dense2x30,Dense2x30,0,second_place_relative,0,Dense2x30_0_second_place_relative.png,15.3369140625
Dense2x30,Dense2x30,1,independent,1,Dense2x30_1_independent.png,13.984375
Dense2x30,Dense2x30,1,mean_relative,1,Dense2x30_1_mean_relative.png,13.1201171875
Dense2x30,Dense2x30,1,second_place_relative,1,Dense2x30_1_second_place_relative.png,13.84765625
Dense2x30,Dense2x30,3,independent,3,Dense2x30_3_independent.png,24.111328125
Dense2x30,Dense2x30,3,mean_relative,3,Dense2x30_3_mean_relative.png,22.6025390625
Dense2x30,Dense2x30,3,second_place_relative,3,Dense2x30_3_second_place_relative.png,24.7119140625
Dense2x30,Dense3x20,0,independent,0,Dense3x20_0_independent.png,5.9228515625
Dense2x30,Dense3x20,0,mean_relative,0,Dense3x20_0_mean_relative.png,5.458984375
Dense2x30,Dense3x20,0,second_place_relative,0,Dense3x20_0_second_place_relative.png,5.6005859375
Dense2x30,Dense3x20,1,independent,2,Dense3x20_1_independent.png,7.75390625
Dense2x30,Dense3x20,1,mean_relative,2,Dense3x20_1_mean_relative.png,9.39453125
Dense2x30,Dense3x20,1,second_place_relative,3,Dense3x20_1_second_place_relative.png,1.6015625
Dense2x30,Dense3x20,3,independent,3,Dense3x20_3_independent.png,18.4619140625
Dense2x30,Dense3x20,3,mean_relative,3,Dense3x20_3_mean_relative.png,16.4794921875
Dense2x30,Dense3x20,3,second_place_relative,3,Dense3x20_3_second_place_relative.png,11.044921875
Dense2x30,Dense3x25,0,independent,0,Dense3x25_0_independent.png,9.6728515625
Dense2x30,Dense3x25,0,mean_relative,0,Dense3x25_0_mean_relative.png,6.962890625
Dense2x30,Dense3x25,0,second_place_relative,0,Dense3x25_0_second_place_relative.png,8.779296875
Dense2x30,Dense3x25,1,independent,3,Dense3x25_1_independent.png,6.8212890625
Dense2x30,Dense3x25,1,mean_relative,3,Dense3x25_1_mean_relative.png,4.5849609375
Dense2x30,Dense3x25,1,second_place_relative,2,Dense3x25_1_second_place_relative.png,3.2275390625
Dense2x30,Dense3x25,3,independent,3,Dense3x25_3_independent.png,11.787109375
Dense2x30,Dense3x25,3,mean_relative,3,Dense3x25_3_mean_relative.png,11.6845703125
Dense2x30,Dense3x25,3,second_place_relative,3,Dense3x25_3_second_place_relative.png,18.7890625
Dense2x30,Dense3x30,0,independent,0,Dense3x30_0_independent.png,10.6640625
Dense2x30,Dense3x30,0,mean_relative,0,Dense3x30_0_mean_relative.png,10.9814453125
Dense2x30,Dense3x30,0,second_place_relative,0,Dense3x30_0_second_place_relative.png,10.6103515625
Dense2x30,Dense3x30,1,independent,2,Dense3x30_1_independent.png,3.8623046875
Dense2x30,Dense3x30,1,mean_relative,2,Dense3x30_1_mean_relative.png,5.966796875
Dense2x30,Dense3x30,1,second_place_relative,1,Dense3x30_1_second_place_relative.png,4.4091796875
Dense2x30,Dense3x30,3,independent,3,Dense3x30_3_independent.png,14.21875
Dense2x30,Dense3x30,3,mean_relative,3,Dense3x30_3_mean_relative.png,12.1142578125
Dense2x30,Dense3x30,3,second_place_relative,3,Dense3x30_3_second_place_relative.png,13.486328125
Dense2x30,Dense5x10,0,independent,3,Dense5x10_0_independent.png,0.1953125
Dense2x30,Dense5x10,0,mean_relative,3,Dense5x10_0_mean_relative.png,0.5615234375
Dense2x30,Dense5x10,0,second_place_relative,5,Dense5x10_0_second_place_relative.png,0.99609375
Dense2x30,Dense5x10,1,independent,5,Dense5x10_1_independent.png,1.015625
Dense2x30,Dense5x10,1,mean_relative,6,Dense5x10_1_mean_relative.png,5.498046875
Dense2x30,Dense5x10,1,second_place_relative,5,Dense5x10_1_second_place_relative.png,0.8642578125
Dense2x30,Dense5x10,3,independent,5,Dense5x10_3_independent.png,3.0419921875
Dense2x30,Dense5x10,3,mean_relative,5,Dense5x10_3_mean_relative.png,2.841796875
Dense2x30,Dense5x10,3,second_place_relative,5,Dense5x10_3_second_place_relative.png,1.26953125
Dense2x30,Dense5x15,0,independent,3,Dense5x15_0_independent.png,2.4609375
Dense2x30,Dense5x15,0,mean_relative,3,Dense5x15_0_mean_relative.png,0.13671875
Dense2x30,Dense5x15,0,second_place_relative,3,Dense5x15_0_second_place_relative.png,1.5966796875
Dense2x30,Dense5x15,1,independent,3,Dense5x15_1_independent.png,9.736328125
Dense2x30,Dense5x15,1,mean_relative,3,Dense5x15_1_mean_relative.png,10.72265625
Dense2x30,Dense5x15,1,second_place_relative,3,Dense5x15_1_second_place_relative.png,6.8798828125
Dense2x30,Dense5x15,3,independent,3,Dense5x15_3_independent.png,8.1640625
Dense2x30,Dense5x15,3,mean_relative,3,Dense5x15_3_mean_relative.png,12.9150390625
Dense2x30,Dense5x15,3,second_place_relative,3,Dense5x15_3_second_place_relative.png,13.3447265625
Dense2x65,Dense1x25,0,independent,0,Dense1x25_0_independent.png,12.6318359375
Dense2x65,Dense1x25,0,mean_relative,0,Dense1x25_0_mean_relative.png,12.6123046875
Dense2x65,Dense1x25,0,second_place_relative,0,Dense1x25_0_second_place_relative.png,11.953125
Dense2x65,Dense1x25,1,independent,2,Dense1x25_1_independent.png,2.8466796875
Dense2x65,Dense1x25,1,mean_relative,2,Dense1x25_1_mean_relative.png,7.4365234375
Dense2x65,Dense1x25,1,second_place_relative,1,Dense1x25_1_second_place_relative.png,5.0830078125
Dense2x65,Dense1x25,3,independent,3,Dense1x25_3_independent.png,20.185546875
Dense2x65,Dense1x25,3,mean_relative,3,Dense1x25_3_mean_relative.png,19.6484375
Dense2x65,Dense1x25,3,second_place_relative,3,Dense1x25_3_second_place_relative.png,17.87109375
Dense2x65,Dense1x60,0,independent,0,Dense1x60_0_independent.png,13.3251953125
Dense2x65,Dense1x60,0,mean_relative,0,Dense1x60_0_mean_relative.png,10.5712890625
Dense2x65,Dense1x60,0,second_place_relative,0,Dense1x60_0_second_place_relative.png,13.3154296875
Dense2x65,Dense1x60,1,independent,1,Dense1x60_1_independent.png,2.734375
Dense2x65,Dense1x60,1,mean_relative,2,Dense1x60_1_mean_relative.png,2.4072265625
Dense2x65,Dense1x60,1,second_place_relative,1,Dense1x60_1_second_place_relative.png,7.1337890625
Dense2x65,Dense1x60,3,independent,3,Dense1x60_3_independent.png,21.5283203125
Dense2x65,Dense1x60,3,mean_relative,3,Dense1x60_3_mean_relative.png,22.16796875
Dense2x65,Dense1x60,3,second_place_relative,3,Dense1x60_3_second_place_relative.png,20.1611328125
Dense2x65,Dense1x65,0,independent,0,Dense1x65_0_independent.png,12.1533203125
Dense2x65,Dense1x65,0,mean_relative,0,Dense1x65_0_mean_relative.png,12.24609375
Dense2x65,Dense1x65,0,second_place_relative,0,Dense1x65_0_second_place_relative.png,14.296875
Dense2x65,Dense1x65,1,independent,2,Dense1x65_1_independent.png,6.240234375
Dense2x65,Dense1x65,1,mean_relative,2,Dense1x65_1_mean_relative.png,9.8974609375
Dense2x65,Dense1x65,3,independent,3,Dense1x65_3_independent.png,19.8095703125
Dense2x65,Dense1x65,3,mean_relative,3,Dense1x65_3_mean_relative.png,19.3603515625
Dense2x65,Dense1x65,3,second_place_relative,3,Dense1x65_3_second_place_relative.png,20.107421875
Dense2x65,Dense2x20,0,independent,0,Dense2x20_0_independent.png,10.703125
Dense2x65,Dense2x20,0,mean_relative,0,Dense2x20_0_mean_relative.png,10.3173828125
Dense2x65,Dense2x20,0,second_place_relative,0,Dense2x20_0_second_place_relative.png,11.376953125
Dense2x65,Dense2x20,1,independent,2,Dense2x20_1_independent.png,1.1962890625
Dense2x65,Dense2x20,1,mean_relative,2,Dense2x20_1_mean_relative.png,9.3505859375
Dense2x65,Dense2x20,1,second_place_relative,3,Dense2x20_1_second_place_relative.png,1.7138671875
Dense2x65,Dense2x20,3,independent,3,Dense2x20_3_independent.png,15.029296875
Dense2x65,Dense2x20,3,mean_relative,3,Dense2x20_3_mean_relative.png,14.287109375
Dense2x65,Dense2x20,3,second_place_relative,3,Dense2x20_3_second_place_relative.png,11.5087890625
Dense2x65,Dense2x30,0,independent,0,Dense2x30_0_independent.png,13.095703125
Dense2x65,Dense2x30,0,mean_relative,0,Dense2x30_0_mean_relative.png,12.48046875
Dense2x65,Dense2x30,0,second_place_relative,0,Dense2x30_0_second_place_relative.png,12.8564453125
Dense2x65,Dense2x30,1,independent,1,Dense2x30_1_independent.png,2.734375
Dense2x65,Dense2x30,1,mean_relative,2,Dense2x30_1_mean_relative.png,2.48046875
Dense2x65,Dense2x30,1,second_place_relative,1,Dense2x30_1_second_place_relative.png,4.7509765625
Dense2x65,Dense2x30,3,independent,3,Dense2x30_3_independent.png,20.546875
Dense2x65,Dense2x30,3,mean_relative,3,Dense2x30_3_mean_relative.png,21.796875
Dense2x65,Dense2x30,3,second_place_relative,3,Dense2x30_3_second_place_relative.png,20.64453125
Dense2x65,Dense3x20,0,independent,0,Dense3x20_0_independent.png,9.0966796875
Dense2x65,Dense3x20,0,mean_relative,0,Dense3x20_0_mean_relative.png,8.9453125
Dense2x65,Dense3x20,0,second_place_relative,0,Dense3x20_0_second_place_relative.png,7.4755859375
Dense2x65,Dense3x20,1,independent,2,Dense3x20_1_independent.png,6.62109375
Dense2x65,Dense3x20,1,mean_relative,2,Dense3x20_1_mean_relative.png,8.1787109375
Dense2x65,Dense3x20,1,second_place_relative,3,Dense3x20_1_second_place_relative.png,0.0537109375
Dense2x65,Dense3x20,3,independent,3,Dense3x20_3_independent.png,12.939453125
Dense2x65,Dense3x20,3,mean_relative,3,Dense3x20_3_mean_relative.png,15.400390625
Dense2x65,Dense3x20,3,second_place_relative,3,Dense3x20_3_second_place_relative.png,16.66015625
Dense2x65,Dense3x25,0,independent,0,Dense3x25_0_independent.png,9.8046875
Dense2x65,Dense3x25,0,mean_relative,0,Dense3x25_0_mean_relative.png,6.1669921875
Dense2x65,Dense3x25,0,second_place_relative,0,Dense3x25_0_second_place_relative.png,11.42578125
Dense2x65,Dense3x25,1,independent,3,Dense3x25_1_independent.png,5.56640625
Dense2x65,Dense3x25,1,mean_relative,3,Dense3x25_1_mean_relative.png,8.2275390625
Dense2x65,Dense3x25,1,second_place_relative,1,Dense3x25_1_second_place_relative.png,0.1220703125
Dense2x65,Dense3x25,3,independent,3,Dense3x25_3_independent.png,17.9443359375
Dense2x65,Dense3x25,3,mean_relative,3,Dense3x25_3_mean_relative.png,19.2724609375
Dense2x65,Dense3x25,3,second_place_relative,3,Dense3x25_3_second_place_relative.png,18.056640625
Dense2x65,Dense3x30,0,independent,0,Dense3x30_0_independent.png,9.8681640625
Dense2x65,Dense3x30,0,mean_relative,0,Dense3x30_0_mean_relative.png,9.0478515625
Dense2x65,Dense3x30,0,second_place_relative,0,Dense3x30_0_second_place_relative.png,10.439453125
Dense2x65,Dense3x30,1,independent,2,Dense3x30_1_independent.png,3.7060546875
Dense2x65,Dense3x30,1,mean_relative,2,Dense3x30_1_mean_relative.png,4.5263671875
Dense2x65,Dense3x30,1,second_place_relative,1,Dense3x30_1_second_place_relative.png,4.62890625
Dense2x65,Dense3x30,3,independent,3,Dense3x30_3_independent.png,18.9404296875
Dense2x65,Dense3x30,3,mean_relative,3,Dense3x30_3_mean_relative.png,20.3564453125
Dense2x65,Dense3x30,3,second_place_relative,3,Dense3x30_3_second_place_relative.png,21.0400390625
Dense2x65,Dense5x10,0,independent,5,Dense5x10_0_independent.png,7.744140625
Dense2x65,Dense5x10,0,mean_relative,5,Dense5x10_0_mean_relative.png,7.1923828125
Dense2x65,Dense5x10,0,second_place_relative,5,Dense5x10_0_second_place_relative.png,7.0166015625
Dense2x65,Dense5x10,1,independent,5,Dense5x10_1_independent.png,4.833984375
Dense2x65,Dense5x10,1,mean_relative,6,Dense5x10_1_mean_relative.png,0.3271484375
Dense2x65,Dense5x10,1,second_place_relative,5,Dense5x10_1_second_place_relative.png,5.5224609375
Dense2x65,Dense5x10,3,independent,5,Dense5x10_3_independent.png,7.2021484375
Dense2x65,Dense5x10,3,mean_relative,5,Dense5x10_3_mean_relative.png,5.458984375
Dense2x65,Dense5x10,3,second_place_relative,5,Dense5x10_3_second_place_relative.png,7.2509765625
Dense2x65,Dense5x15,0,independent,3,Dense5x15_0_independent.png,0.234375
Dense2x65,Dense5x15,0,mean_relative,5,Dense5x15_0_mean_relative.png,3.4765625
Dense2x65,Dense5x15,0,second_place_relative,0,Dense5x15_0_second_place_relative.png,1.1669921875
Dense2x65,Dense5x15,1,independent,3,Dense5x15_1_independent.png,5.2392578125
Dense2x65,Dense5x15,1,mean_relative,3,Dense5x15_1_mean_relative.png,5.6591796875
Dense2x65,Dense5x15,1,second_place_relative,3,Dense5x15_1_second_place_relative.png,3.76953125
Dense2x65,Dense5x15,3,independent,3,Dense5x15_3_independent.png,13.6669921875
Dense2x65,Dense5x15,3,mean_relative,3,Dense5x15_3_mean_relative.png,16.025390625
Dense2x65,Dense5x15,3,second_place_relative,3,Dense5x15_3_second_place_relative.png,16.9384765625
Dense3x20,Dense1x25,0,independent,0,Dense1x25_0_independent.png,11.9287109375
Dense3x20,Dense1x25,0,mean_relative,0,Dense1x25_0_mean_relative.png,13.41796875
Dense3x20,Dense1x25,0,second_place_relative,0,Dense1x25_0_second_place_relative.png,11.6650390625
Dense3x20,Dense1x25,1,independent,3,Dense1x25_1_independent.png,3.6669921875
Dense3x20,Dense1x25,1,mean_relative,3,Dense1x25_1_mean_relative.png,5.25390625
Dense3x20,Dense1x25,1,second_place_relative,8,Dense1x25_1_second_place_relative.png,0.3857421875
Dense3x20,Dense1x25,3,independent,3,Dense1x25_3_independent.png,28.4130859375
Dense3x20,Dense1x25,3,mean_relative,3,Dense1x25_3_mean_relative.png,25.60546875
Dense3x20,Dense1x25,3,second_place_relative,3,Dense1x25_3_second_place_relative.png,20.9228515625
Dense3x20,Dense1x60,0,independent,0,Dense1x60_0_independent.png,11.3427734375
Dense3x20,Dense1x60,0,mean_relative,0,Dense1x60_0_mean_relative.png,5.25390625
Dense3x20,Dense1x60,0,second_place_relative,0,Dense1x60_0_second_place_relative.png,11.5576171875
Dense3x20,Dense1x60,1,independent,3,Dense1x60_1_independent.png,4.4482421875
Dense3x20,Dense1x60,1,mean_relative,3,Dense1x60_1_mean_relative.png,7.5634765625
Dense3x20,Dense1x60,1,second_place_relative,1,Dense1x60_1_second_place_relative.png,4.6435546875
Dense3x20,Dense1x60,3,independent,3,Dense1x60_3_independent.png,29.853515625
Dense3x20,Dense1x60,3,mean_relative,3,Dense1x60_3_mean_relative.png,29.0478515625
Dense3x20,Dense1x60,3,second_place_relative,3,Dense1x60_3_second_place_relative.png,20.8447265625
Dense3x20,Dense1x65,0,independent,0,Dense1x65_0_independent.png,10.146484375
Dense3x20,Dense1x65,0,mean_relative,0,Dense1x65_0_mean_relative.png,10.5810546875
Dense3x20,Dense1x65,0,second_place_relative,0,Dense1x65_0_second_place_relative.png,11.552734375
Dense3x20,Dense1x65,1,independent,1,Dense1x65_1_independent.png,2.34375
Dense3x20,Dense1x65,1,mean_relative,3,Dense1x65_1_mean_relative.png,7.978515625
Dense3x20,Dense1x65,3,independent,3,Dense1x65_3_independent.png,28.4130859375
Dense3x20,Dense1x65,3,mean_relative,3,Dense1x65_3_mean_relative.png,28.6181640625
Dense3x20,Dense1x65,3,second_place_relative,3,Dense1x65_3_second_place_relative.png,23.115234375
Dense3x20,Dense2x20,0,independent,0,Dense2x20_0_independent.png,4.4970703125
Dense3x20,Dense2x20,0,mean_relative,0,Dense2x20_0_mean_relative.png,5.1611328125
Dense3x20,Dense2x20,0,second_place_relative,0,Dense2x20_0_second_place_relative.png,7.01171875
Dense3x20,Dense2x20,1,independent,3,Dense2x20_1_independent.png,6.8115234375
Dense3x20,Dense2x20,1,mean_relative,3,Dense2x20_1_mean_relative.png,9.912109375
Dense3x20,Dense2x20,1,second_place_relative,3,Dense2x20_1_second_place_relative.png,6.7138671875
Dense3x20,Dense2x20,3,independent,3,Dense2x20_3_independent.png,23.5693359375
Dense3x20,Dense2x20,3,mean_relative,3,Dense2x20_3_mean_relative.png,23.251953125
Dense3x20,Dense2x20,3,second_place_relative,3,Dense2x20_3_second_place_relative.png,21.044921875
Dense3x20,Dense2x30,0,independent,0,Dense2x30_0_independent.png,9.3505859375
Dense3x20,Dense2x30,0,mean_relative,0,Dense2x30_0_mean_relative.png,6.8798828125
Dense3x20,Dense2x30,0,second_place_relative,0,Dense2x30_0_second_place_relative.png,8.5498046875
Dense3x20,Dense2x30,1,independent,3,Dense2x30_1_independent.png,4.2138671875
Dense3x20,Dense2x30,1,mean_relative,3,Dense2x30_1_mean_relative.png,8.935546875
Dense3x20,Dense2x30,1,second_place_relative,3,Dense2x30_1_second_place_relative.png,2.1240234375
Dense3x20,Dense2x30,3,independent,3,Dense2x30_3_independent.png,25.8056640625
Dense3x20,Dense2x30,3,mean_relative,3,Dense2x30_3_mean_relative.png,24.94140625
Dense3x20,Dense2x30,3,second_place_relative,3,Dense2x30_3_second_place_relative.png,22.666015625
Dense3x20,Dense3x20,0,independent,0,Dense3x20_0_independent.png,16.1181640625
Dense3x20,Dense3x20,0,mean_relative,0,Dense3x20_0_mean_relative.png,16.11328125
Dense3x20,Dense3x20,0,second_place_relative,0,Dense3x20_0_second_place_relative.png,17.451171875
Dense3x20,Dense3x20,1,independent,1,Dense3x20_1_independent.png,11.42578125
Dense3x20,Dense3x20,1,mean_relative,1,Dense3x20_1_mean_relative.png,10.8984375
Dense3x20,Dense3x20,1,second_place_relative,1,Dense3x20_1_second_place_relative.png,11.1962890625
Dense3x20,Dense3x20,3,independent,3,Dense3x20_3_independent.png,31.1865234375
Dense3x20,Dense3x20,3,mean_relative,3,Dense3x20_3_mean_relative.png,33.8623046875
Dense3x20,Dense3x20,3,second_place_relative,3,Dense3x20_3_second_place_relative.png,22.6513671875
Dense3x20,Dense3x25,0,independent,0,Dense3x25_0_independent.png,15.3759765625
Dense3x20,Dense3x25,0,mean_relative,0,Dense3x25_0_mean_relative.png,12.9296875
Dense3x20,Dense3x25,0,second_place_relative,0,Dense3x25_0_second_place_relative.png,12.79296875
Dense3x20,Dense3x25,1,independent,3,Dense3x25_1_independent.png,4.8779296875
Dense3x20,Dense3x25,1,mean_relative,3,Dense3x25_1_mean_relative.png,12.75390625
Dense3x20,Dense3x25,1,second_place_relative,1,Dense3x25_1_second_place_relative.png,5.888671875
Dense3x20,Dense3x25,3,independent,3,Dense3x25_3_independent.png,27.4462890625
Dense3x20,Dense3x25,3,mean_relative,3,Dense3x25_3_mean_relative.png,30.25390625
Dense3x20,Dense3x25,3,second_place_relative,3,Dense3x25_3_second_place_relative.png,22.0654296875
Dense3x20,Dense3x30,0,independent,0,Dense3x30_0_independent.png,8.994140625
Dense3x20,Dense3x30,0,mean_relative,0,Dense3x30_0_mean_relative.png,7.431640625
Dense3x20,Dense3x30,0,second_place_relative,0,Dense3x30_0_second_place_relative.png,8.408203125
Dense3x20,Dense3x30,1,independent,3,Dense3x30_1_independent.png,6.4404296875
Dense3x20,Dense3x30,1,mean_relative,3,Dense3x30_1_mean_relative.png,6.5234375
Dense3x20,Dense3x30,1,second_place_relative,3,Dense3x30_1_second_place_relative.png,6.6748046875
Dense3x20,Dense3x30,3,independent,3,Dense3x30_3_independent.png,29.0576171875
Dense3x20,Dense3x30,3,mean_relative,3,Dense3x30_3_mean_relative.png,29.482421875
Dense3x20,Dense3x30,3,second_place_relative,3,Dense3x30_3_second_place_relative.png,29.228515625
Dense3x20,Dense5x10,0,independent,3,Dense5x10_0_independent.png,8.6669921875
Dense3x20,Dense5x10,0,mean_relative,3,Dense5x10_0_mean_relative.png,8.9697265625
Dense3x20,Dense5x10,0,second_place_relative,3,Dense5x10_0_second_place_relative.png,7.041015625
Dense3x20,Dense5x10,1,independent,8,Dense5x10_1_independent.png,7.2216796875
Dense3x20,Dense5x10,1,mean_relative,8,Dense5x10_1_mean_relative.png,2.1728515625
Dense3x20,Dense5x10,1,second_place_relative,8,Dense5x10_1_second_place_relative.png,6.4013671875
Dense3x20,Dense5x10,3,independent,3,Dense5x10_3_independent.png,2.568359375
Dense3x20,Dense5x10,3,mean_relative,3,Dense5x10_3_mean_relative.png,6.943359375
Dense3x20,Dense5x10,3,second_place_relative,3,Dense5x10_3_second_place_relative.png,1.5625
Dense3x20,Dense5x15,0,independent,3,Dense5x15_0_independent.png,11.064453125
Dense3x20,Dense5x15,0,mean_relative,3,Dense5x15_0_mean_relative.png,10.6591796875
Dense3x20,Dense5x15,0,second_place_relative,3,Dense5x15_0_second_place_relative.png,4.4482421875
Dense3x20,Dense5x15,1,independent,3,Dense5x15_1_independent.png,16.58203125
Dense3x20,Dense5x15,1,mean_relative,3,Dense5x15_1_mean_relative.png,16.62109375
Dense3x20,Dense5x15,1,second_place_relative,3,Dense5x15_1_second_place_relative.png,16.142578125
Dense3x20,Dense5x15,3,independent,3,Dense5x15_3_independent.png,21.5478515625
Dense3x20,Dense5x15,3,mean_relative,3,Dense5x15_3_mean_relative.png,27.1533203125
Dense3x20,Dense5x15,3,second_place_relative,3,Dense5x15_3_second_place_relative.png,26.1962890625
Dense3x25,Dense1x25,0,independent,0,Dense1x25_0_independent.png,12.734375
Dense3x25,Dense1x25,0,mean_relative,0,Dense1x25_0_mean_relative.png,12.958984375
Dense3x25,Dense1x25,0,second_place_relative,0,Dense1x25_0_second_place_relative.png,12.5390625
Dense3x25,Dense1x25,1,independent,2,Dense1x25_1_independent.png,2.2998046875
Dense3x25,Dense1x25,1,mean_relative,2,Dense1x25_1_mean_relative.png,3.8427734375
Dense3x25,Dense1x25,1,second_place_relative,1,Dense1x25_1_second_place_relative.png,7.3828125
Dense3x25,Dense1x25,3,independent,3,Dense1x25_3_independent.png,20.673828125
Dense3x25,Dense1x25,3,mean_relative,3,Dense1x25_3_mean_relative.png,19.423828125
Dense3x25,Dense1x25,3,second_place_relative,3,Dense1x25_3_second_place_relative.png,22.8173828125
Dense3x25,Dense1x60,0,independent,0,Dense1x60_0_independent.png,12.373046875
Dense3x25,Dense1x60,0,mean_relative,0,Dense1x60_0_mean_relative.png,10.888671875
Dense3x25,Dense1x60,0,second_place_relative,0,Dense1x60_0_second_place_relative.png,12.91015625
Dense3x25,Dense1x60,1,independent,3,Dense1x60_1_independent.png,1.181640625
Dense3x25,Dense1x60,1,mean_relative,3,Dense1x60_1_mean_relative.png,3.6767578125
Dense3x25,Dense1x60,1,second_place_relative,1,Dense1x60_1_second_place_relative.png,5.78125
Dense3x25,Dense1x60,3,independent,3,Dense1x60_3_independent.png,27.1875
Dense3x25,Dense1x60,3,mean_relative,3,Dense1x60_3_mean_relative.png,25.5126953125
Dense3x25,Dense1x60,3,second_place_relative,3,Dense1x60_3_second_place_relative.png,21.533203125
Dense3x25,Dense1x65,0,independent,0,Dense1x65_0_independent.png,10.2001953125
Dense3x25,Dense1x65,0,mean_relative,0,Dense1x65_0_mean_relative.png,10.25390625
Dense3x25,Dense1x65,0,second_place_relative,0,Dense1x65_0_second_place_relative.png,13.1787109375
Dense3x25,Dense1x65,1,independent,2,Dense1x65_1_independent.png,3.90625
Dense3x25,Dense1x65,1,mean_relative,2,Dense1x65_1_mean_relative.png,3.9013671875
Dense3x25,Dense1x65,3,independent,3,Dense1x65_3_independent.png,22.1533203125
Dense3x25,Dense1x65,3,mean_relative,3,Dense1x65_3_mean_relative.png,22.5341796875
Dense3x25,Dense1x65,3,second_place_relative,3,Dense1x65_3_second_place_relative.png,25.3515625
Dense3x25,Dense2x20,0,independent,0,Dense2x20_0_independent.png,9.443359375
Dense3x25,Dense2x20,0,mean_relative,0,Dense2x20_0_mean_relative.png,6.3623046875
Dense3x25,Dense2x20,0,second_place_relative,0,Dense2x20_0_second_place_relative.png,11.416015625
Dense3x25,Dense2x20,1,independent,3,Dense2x20_1_independent.png,6.845703125
Dense3x25,Dense2x20,1,mean_relative,2,Dense2x20_1_mean_relative.png,3.3984375
Dense3x25,Dense2x20,1,second_place_relative,3,Dense2x20_1_second_place_relative.png,5.3466796875
Dense3x25,Dense2x20,3,independent,3,Dense2x20_3_independent.png,19.90234375
Dense3x25,Dense2x20,3,mean_relative,3,Dense2x20_3_mean_relative.png,18.3154296875
Dense3x25,Dense2x20,3,second_place_relative,3,Dense2x20_3_second_place_relative.png,16.435546875
Dense3x25,Dense2x30,0,independent,0,Dense2x30_0_independent.png,13.6572265625
Dense3x25,Dense2x30,0,mean_relative,0,Dense2x30_0_mean_relative.png,13.4716796875
Dense3x25,Dense2x30,0,second_place_relative,0,Dense2x30_0_second_place_relative.png,13.4912109375
Dense3x25,Dense2x30,1,independent,3,Dense2x30_1_independent.png,4.00390625
Dense3x25,Dense2x30,1,mean_relative,3,Dense2x30_1_mean_relative.png,3.0908203125
Dense3x25,Dense2x30,1,second_place_relative,3,Dense2x30_1_second_place_relative.png,1.7724609375
Dense3x25,Dense2x30,3,independent,3,Dense2x30_3_independent.png,23.046875
Dense3x25,Dense2x30,3,mean_relative,3,Dense2x30_3_mean_relative.png,20.673828125
Dense3x25,Dense2x30,3,second_place_relative,3,Dense2x30_3_second_place_relative.png,23.7841796875
Dense3x25,Dense3x20,0,independent,0,Dense3x20_0_independent.png,10.1513671875
Dense3x25,Dense3x20,0,mean_relative,0,Dense3x20_0_mean_relative.png,10.1513671875
Dense3x25,Dense3x20,0,second_place_relative,0,Dense3x20_0_second_place_relative.png,10.7080078125
Dense3x25,Dense3x20,1,independent,2,Dense3x20_1_independent.png,2.8125
Dense3x25,Dense3x20,1,mean_relative,2,Dense3x20_1_mean_relative.png,3.73046875
Dense3x25,Dense3x20,1,second_place_relative,1,Dense3x20_1_second_place_relative.png,3.1884765625
Dense3x25,Dense3x20,3,independent,3,Dense3x20_3_independent.png,17.109375
Dense3x25,Dense3x20,3,mean_relative,3,Dense3x20_3_mean_relative.png,20.8544921875
Dense3x25,Dense3x20,3,second_place_relative,3,Dense3x20_3_second_place_relative.png,20.2294921875
Dense3x25,Dense3x25,0,independent,0,Dense3x25_0_independent.png,14.013671875
Dense3x25,Dense3x25,0,mean_relative,0,Dense3x25_0_mean_relative.png,10.7861328125
Dense3x25,Dense3x25,0,second_place_relative,0,Dense3x25_0_second_place_relative.png,12.919921875
Dense3x25,Dense3x25,1,independent,1,Dense3x25_1_independent.png,12.451171875
Dense3x25,Dense3x25,1,mean_relative,1,Dense3x25_1_mean_relative.png,10.9033203125
Dense3x25,Dense3x25,1,second_place_relative,1,Dense3x25_1_second_place_relative.png,9.951171875
Dense3x25,Dense3x25,3,independent,3,Dense3x25_3_independent.png,24.2919921875
Dense3x25,Dense3x25,3,mean_relative,3,Dense3x25_3_mean_relative.png,25.595703125
Dense3x25,Dense3x25,3,second_place_relative,3,Dense3x25_3_second_place_relative.png,26.8798828125
Dense3x25,Dense3x30,0,independent,0,Dense3x30_0_independent.png,9.013671875
Dense3x25,Dense3x30,0,mean_relative,0,Dense3x30_0_mean_relative.png,8.49609375
Dense3x25,Dense3x30,0,second_place_relative,0,Dense3x30_0_second_place_relative.png,10.0048828125
Dense3x25,Dense3x30,1,independent,1,Dense3x30_1_independent.png,0.4638671875
Dense3x25,Dense3x30,1,mean_relative,1,Dense3x30_1_mean_relative.png,0.400390625
Dense3x25,Dense3x30,1,second_place_relative,1,Dense3x30_1_second_place_relative.png,4.2236328125
Dense3x25,Dense3x30,3,independent,3,Dense3x30_3_independent.png,22.1142578125
Dense3x25,Dense3x30,3,mean_relative,3,Dense3x30_3_mean_relative.png,21.4501953125
Dense3x25,Dense3x30,3,second_place_relative,3,Dense3x30_3_second_place_relative.png,21.5673828125
Dense3x25,Dense5x10,0,independent,5,Dense5x10_0_independent.png,3.212890625
Dense3x25,Dense5x10,0,mean_relative,5,Dense5x10_0_mean_relative.png,2.67578125
Dense3x25,Dense5x10,0,second_place_relative,5,Dense5x10_0_second_place_relative.png,2.7490234375
Dense3x25,Dense5x10,1,independent,5,Dense5x10_1_independent.png,2.9296875
Dense3x25,Dense5x10,1,mean_relative,8,Dense5x10_1_mean_relative.png,0.8642578125
Dense3x25,Dense5x10,1,second_place_relative,5,Dense5x10_1_second_place_relative.png,3.3837890625
Dense3x25,Dense5x10,3,independent,5,Dense5x10_3_independent.png,6.1865234375
Dense3x25,Dense5x10,3,mean_relative,5,Dense5x10_3_mean_relative.png,2.6611328125
Dense3x25,Dense5x10,3,second_place_relative,5,Dense5x10_3_second_place_relative.png,8.232421875
Dense3x25,Dense5x15,0,independent,5,Dense5x15_0_independent.png,8.1494140625
Dense3x25,Dense5x15,0,mean_relative,5,Dense5x15_0_mean_relative.png,12.03125
Dense3x25,Dense5x15,0,second_place_relative,5,Dense5x15_0_second_place_relative.png,5.087890625
Dense3x25,Dense5x15,1,independent,3,Dense5x15_1_independent.png,4.541015625
Dense3x25,Dense5x15,1,mean_relative,3,Dense5x15_1_mean_relative.png,4.66796875
Dense3x25,Dense5x15,1,second_place_relative,3,Dense5x15_1_second_place_relative.png,2.314453125
Dense3x25,Dense5x15,3,independent,3,Dense5x15_3_independent.png,13.30078125
Dense3x25,Dense5x15,3,mean_relative,3,Dense5x15_3_mean_relative.png,19.658203125
Dense3x25,Dense5x15,3,second_place_relative,3,Dense5x15_3_second_place_relative.png,18.5595703125
Dense3x30,Dense1x25,0,independent,0,Dense1x25_0_independent.png,7.939453125
Dense3x30,Dense1x25,0,mean_relative,0,Dense1x25_0_mean_relative.png,8.818359375
Dense3x30,Dense1x25,0,second_place_relative,0,Dense1x25_0_second_place_relative.png,8.4912109375
Dense3x30,Dense1x25,1,independent,1,Dense1x25_1_independent.png,3.3544921875
Dense3x30,Dense1x25,1,mean_relative,1,Dense1x25_1_mean_relative.png,2.6904296875
Dense3x30,Dense1x25,1,second_place_relative,1,Dense1x25_1_second_place_relative.png,6.4599609375
Dense3x30,Dense1x25,3,independent,3,Dense1x25_3_independent.png,19.58984375
Dense3x30,Dense1x25,3,mean_relative,3,Dense1x25_3_mean_relative.png,16.6259765625
Dense3x30,Dense1x25,3,second_place_relative,3,Dense1x25_3_second_place_relative.png,17.8271484375
Dense3x30,Dense1x60,0,independent,0,Dense1x60_0_independent.png,9.6875
Dense3x30,Dense1x60,0,mean_relative,0,Dense1x60_0_mean_relative.png,4.1552734375
Dense3x30,Dense1x60,0,second_place_relative,0,Dense1x60_0_second_place_relative.png,10.244140625
Dense3x30,Dense1x60,1,independent,1,Dense1x60_1_independent.png,1.4501953125
Dense3x30,Dense1x60,1,mean_relative,3,Dense1x60_1_mean_relative.png,1.591796875
Dense3x30,Dense1x60,1,second_place_relative,1,Dense1x60_1_second_place_relative.png,6.201171875
Dense3x30,Dense1x60,3,independent,3,Dense1x60_3_independent.png,20.33203125
Dense3x30,Dense1x60,3,mean_relative,3,Dense1x60_3_mean_relative.png,19.5849609375
Dense3x30,Dense1x60,3,second_place_relative,3,Dense1x60_3_second_place_relative.png,12.431640625
Dense3x30,Dense1x65,0,independent,0,Dense1x65_0_independent.png,6.2890625
Dense3x30,Dense1x65,0,mean_relative,0,Dense1x65_0_mean_relative.png,6.4892578125
Dense3x30,Dense1x65,0,second_place_relative,0,Dense1x65_0_second_place_relative.png,9.619140625
Dense3x30,Dense1x65,1,independent,1,Dense1x65_1_independent.png,5.3125
Dense3x30,Dense1x65,1,mean_relative,2,Dense1x65_1_mean_relative.png,0.3857421875
Dense3x30,Dense1x65,3,independent,3,Dense1x65_3_independent.png,17.2314453125
Dense3x30,Dense1x65,3,mean_relative,3,Dense1x65_3_mean_relative.png,13.9990234375
Dense3x30,Dense1x65,3,second_place_relative,3,Dense1x65_3_second_place_relative.png,19.4580078125
Dense3x30,Dense2x20,0,independent,0,Dense2x20_0_independent.png,1.6796875
Dense3x30,Dense2x20,0,mean_relative,0,Dense2x20_0_mean_relative.png,1.767578125
Dense3x30,Dense2x20,0,second_place_relative,0,Dense2x20_0_second_place_relative.png,2.8759765625
Dense3x30,Dense2x20,1,independent,1,Dense2x20_1_independent.png,0.46875
Dense3x30,Dense2x20,1,mean_relative,2,Dense2x20_1_mean_relative.png,0.4541015625
Dense3x30,Dense2x20,1,second_place_relative,7,Dense2x20_1_second_place_relative.png,1.54296875
Dense3x30,Dense2x20,3,independent,3,Dense2x20_3_independent.png,16.884765625
Dense3x30,Dense2x20,3,mean_relative,3,Dense2x20_3_mean_relative.png,16.376953125
Dense3x30,Dense2x20,3,second_place_relative,3,Dense2x20_3_second_place_relative.png,16.259765625
Dense3x30,Dense2x30,0,independent,0,Dense2x30_0_independent.png,9.4970703125
Dense3x30,Dense2x30,0,mean_relative,0,Dense2x30_0_mean_relative.png,9.6875
Dense3x30,Dense2x30,0,second_place_relative,0,Dense2x30_0_second_place_relative.png,9.3798828125
Dense3x30,Dense2x30,1,independent,1,Dense2x30_1_independent.png,7.6611328125
Dense3x30,Dense2x30,1,mean_relative,1,Dense2x30_1_mean_relative.png,7.0361328125
Dense3x30,Dense2x30,1,second_place_relative,1,Dense2x30_1_second_place_relative.png,8.447265625
Dense3x30,Dense2x30,3,independent,3,Dense2x30_3_independent.png,18.0126953125
Dense3x30,Dense2x30,3,mean_relative,3,Dense2x30_3_mean_relative.png,16.044921875
Dense3x30,Dense2x30,3,second_place_relative,3,Dense2x30_3_second_place_relative.png,15.6591796875
Dense3x30,Dense3x20,0,independent,0,Dense3x20_0_independent.png,7.3779296875
Dense3x30,Dense3x20,0,mean_relative,0,Dense3x20_0_mean_relative.png,6.7431640625
Dense3x30,Dense3x20,0,second_place_relative,0,Dense3x20_0_second_place_relative.png,1.806640625
Dense3x30,Dense3x20,1,independent,1,Dense3x20_1_independent.png,2.1923828125
Dense3x30,Dense3x20,1,mean_relative,1,Dense3x20_1_mean_relative.png,4.12109375
Dense3x30,Dense3x20,1,second_place_relative,3,Dense3x20_1_second_place_relative.png,3.84765625
Dense3x30,Dense3x20,3,independent,3,Dense3x20_3_independent.png,18.0712890625
Dense3x30,Dense3x20,3,mean_relative,3,Dense3x20_3_mean_relative.png,19.5263671875
Dense3x30,Dense3x20,3,second_place_relative,3,Dense3x20_3_second_place_relative.png,9.84375
Dense3x30,Dense3x25,0,independent,0,Dense3x25_0_independent.png,3.203125
Dense3x30,Dense3x25,0,mean_relative,0,Dense3x25_0_mean_relative.png,1.8310546875
Dense3x30,Dense3x25,0,second_place_relative,0,Dense3x25_0_second_place_relative.png,2.3779296875
Dense3x30,Dense3x25,1,independent,1,Dense3x25_1_independent.png,2.16796875
Dense3x30,Dense3x25,1,mean_relative,3,Dense3x25_1_mean_relative.png,5.4736328125
Dense3x30,Dense3x25,1,second_place_relative,1,Dense3x25_1_second_place_relative.png,6.5283203125
Dense3x30,Dense3x25,3,independent,3,Dense3x25_3_independent.png,10.3076171875
Dense3x30,Dense3x25,3,mean_relative,3,Dense3x25_3_mean_relative.png,13.857421875
Dense3x30,Dense3x25,3,second_place_relative,3,Dense3x25_3_second_place_relative.png,16.8798828125
Dense3x30,Dense3x30,0,independent,0,Dense3x30_0_independent.png,11.259765625
Dense3x30,Dense3x30,0,mean_relative,0,Dense3x30_0_mean_relative.png,10.1611328125
Dense3x30,Dense3x30,0,second_place_relative,0,Dense3x30_0_second_place_relative.png,12.373046875
Dense3x30,Dense3x30,1,independent,1,Dense3x30_1_independent.png,11.689453125
Dense3x30,Dense3x30,1,mean_relative,1,Dense3x30_1_mean_relative.png,11.6162109375
Dense3x30,Dense3x30,1,second_place_relative,1,Dense3x30_1_second_place_relative.png,12.744140625
Dense3x30,Dense3x30,3,independent,3,Dense3x30_3_independent.png,19.1748046875
Dense3x30,Dense3x30,3,mean_relative,3,Dense3x30_3_mean_relative.png,21.7236328125
Dense3x30,Dense3x30,3,second_place_relative,3,Dense3x30_3_second_place_relative.png,22.3876953125
Dense3x30,Dense5x10,0,independent,3,Dense5x10_0_independent.png,4.453125
Dense3x30,Dense5x10,0,mean_relative,3,Dense5x10_0_mean_relative.png,4.98046875
Dense3x30,Dense5x10,0,second_place_relative,3,Dense5x10_0_second_place_relative.png,4.0966796875
Dense3x30,Dense5x10,1,independent,8,Dense5x10_1_independent.png,9.2333984375
Dense3x30,Dense5x10,1,mean_relative,8,Dense5x10_1_mean_relative.png,5.595703125
Dense3x30,Dense5x10,1,second_place_relative,8,Dense5x10_1_second_place_relative.png,8.7158203125
Dense3x30,Dense5x10,3,independent,5,Dense5x10_3_independent.png,2.3095703125
Dense3x30,Dense5x10,3,mean_relative,5,Dense5x10_3_mean_relative.png,3.06640625
Dense3x30,Dense5x10,3,second_place_relative,5,Dense5x10_3_second_place_relative.png,3.984375
Dense3x30,Dense5x15,0,independent,5,Dense5x15_0_independent.png,7.5537109375
Dense3x30,Dense5x15,0,mean_relative,5,Dense5x15_0_mean_relative.png,9.9951171875
Dense3x30,Dense5x15,0,second_place_relative,5,Dense5x15_0_second_place_relative.png,5.4052734375
Dense3x30,Dense5x15,1,independent,3,Dense5x15_1_independent.png,1.3720703125
Dense3x30,Dense5x15,1,mean_relative,3,Dense5x15_1_mean_relative.png,1.3232421875
Dense3x30,Dense5x15,1,second_place_relative,3,Dense5x15_1_second_place_relative.png,0.2392578125
Dense3x30,Dense5x15,3,independent,3,Dense5x15_3_independent.png,12.8564453125
Dense3x30,Dense5x15,3,mean_relative,3,Dense5x15_3_mean_relative.png,17.12890625
Dense3x30,Dense5x15,3,second_place_relative,3,Dense5x15_3_second_place_relative.png,16.09375
Dense4x30,Dense1x25,0,independent,0,Dense1x25_0_independent.png,9.7900390625
Dense4x30,Dense1x25,0,mean_relative,0,Dense1x25_0_mean_relative.png,9.2529296875
Dense4x30,Dense1x25,0,second_place_relative,0,Dense1x25_0_second_place_relative.png,8.9892578125
Dense4x30,Dense1x25,1,independent,1,Dense1x25_1_independent.png,5.380859375
Dense4x30,Dense1x25,1,mean_relative,1,Dense1x25_1_mean_relative.png,0.6591796875
Dense4x30,Dense1x25,1,second_place_relative,8,Dense1x25_1_second_place_relative.png,0.01953125
Dense4x30,Dense1x25,3,independent,3,Dense1x25_3_independent.png,23.8671875
Dense4x30,Dense1x25,3,mean_relative,3,Dense1x25_3_mean_relative.png,21.6064453125
Dense4x30,Dense1x25,3,second_place_relative,3,Dense1x25_3_second_place_relative.png,21.2841796875
Dense4x30,Dense1x60,0,independent,0,Dense1x60_0_independent.png,9.1943359375
Dense4x30,Dense1x60,0,mean_relative,0,Dense1x60_0_mean_relative.png,6.3818359375
Dense4x30,Dense1x60,0,second_place_relative,0,Dense1x60_0_second_place_relative.png,9.8974609375
Dense4x30,Dense1x60,1,independent,3,Dense1x60_1_independent.png,5.5126953125
Dense4x30,Dense1x60,1,mean_relative,3,Dense1x60_1_mean_relative.png,5.419921875
Dense4x30,Dense1x60,1,second_place_relative,1,Dense1x60_1_second_place_relative.png,2.8271484375
Dense4x30,Dense1x60,3,independent,3,Dense1x60_3_independent.png,25.5517578125
Dense4x30,Dense1x60,3,mean_relative,3,Dense1x60_3_mean_relative.png,24.5361328125
Dense4x30,Dense1x60,3,second_place_relative,3,Dense1x60_3_second_place_relative.png,18.642578125
Dense4x30,Dense1x65,0,independent,0,Dense1x65_0_independent.png,5.0634765625
Dense4x30,Dense1x65,0,mean_relative,0,Dense1x65_0_mean_relative.png,5.224609375
Dense4x30,Dense1x65,0,second_place_relative,0,Dense1x65_0_second_place_relative.png,9.4482421875
Dense4x30,Dense1x65,1,independent,2,Dense1x65_1_independent.png,4.8779296875
Dense4x30,Dense1x65,1,mean_relative,2,Dense1x65_1_mean_relative.png,1.240234375
Dense4x30,Dense1x65,3,independent,3,Dense1x65_3_independent.png,20.41015625
Dense4x30,Dense1x65,3,mean_relative,3,Dense1x65_3_mean_relative.png,20.1171875
Dense4x30,Dense1x65,3,second_place_relative,3,Dense1x65_3_second_place_relative.png,21.865234375
Dense4x30,Dense2x20,0,independent,0,Dense2x20_0_independent.png,8.759765625
Dense4x30,Dense2x20,0,mean_relative,0,Dense2x20_0_mean_relative.png,8.8427734375
Dense4x30,Dense2x20,0,second_place_relative,0,Dense2x20_0_second_place_relative.png,9.296875
Dense4x30,Dense2x20,1,independent,2,Dense2x20_1_independent.png,4.384765625
Dense4x30,Dense2x20,1,mean_relative,2,Dense2x20_1_mean_relative.png,1.0205078125
Dense4x30,Dense2x20,1,second_place_relative,2,Dense2x20_1_second_place_relative.png,0.107421875
Dense4x30,Dense2x20,3,independent,3,Dense2x20_3_independent.png,17.0068359375
Dense4x30,Dense2x20,3,mean_relative,3,Dense2x20_3_mean_relative.png,15.48828125
Dense4x30,Dense2x20,3,second_place_relative,3,Dense2x20_3_second_place_relative.png,15.7421875
Dense4x30,Dense2x30,0,independent,0,Dense2x30_0_independent.png,8.9306640625
Dense4x30,Dense2x30,0,mean_relative,0,Dense2x30_0_mean_relative.png,7.7490234375
Dense4x30,Dense2x30,0,second_place_relative,0,Dense2x30_0_second_place_relative.png,8.80859375
Dense4x30,Dense2x30,1,independent,1,Dense2x30_1_independent.png,1.89453125
Dense4x30,Dense2x30,1,mean_relative,2,Dense2x30_1_mean_relative.png,0.732421875
Dense4x30,Dense2x30,1,second_place_relative,1,Dense2x30_1_second_place_relative.png,3.4130859375
Dense4x30,Dense2x30,3,independent,3,Dense2x30_3_independent.png,24.2529296875
Dense4x30,Dense2x30,3,mean_relative,3,Dense2x30_3_mean_relative.png,22.4072265625
Dense4x30,Dense2x30,3,second_place_relative,3,Dense2x30_3_second_place_relative.png,23.5107421875
Dense4x30,Dense3x20,0,independent,0,Dense3x20_0_independent.png,5.5126953125
Dense4x30,Dense3x20,0,mean_relative,0,Dense3x20_0_mean_relative.png,5.0
Dense4x30,Dense3x20,0,second_place_relative,0,Dense3x20_0_second_place_relative.png,0.91796875
Dense4x30,Dense3x20,1,independent,2,Dense3x20_1_independent.png,1.9384765625
Dense4x30,Dense3x20,1,mean_relative,2,Dense3x20_1_mean_relative.png,3.8671875
Dense4x30,Dense3x20,1,second_place_relative,3,Dense3x20_1_second_place_relative.png,3.9990234375
Dense4x30,Dense3x20,3,independent,3,Dense3x20_3_independent.png,14.9462890625
Dense4x30,Dense3x20,3,mean_relative,3,Dense3x20_3_mean_relative.png,17.5439453125
Dense4x30,Dense3x20,3,second_place_relative,3,Dense3x20_3_second_place_relative.png,14.619140625
Dense4x30,Dense3x25,0,independent,0,Dense3x25_0_independent.png,5.5322265625
Dense4x30,Dense3x25,0,mean_relative,0,Dense3x25_0_mean_relative.png,5.703125
Dense4x30,Dense3x25,0,second_place_relative,0,Dense3x25_0_second_place_relative.png,0.01953125
Dense4x30,Dense3x25,1,independent,3,Dense3x25_1_independent.png,8.3740234375
Dense4x30,Dense3x25,1,mean_relative,3,Dense3x25_1_mean_relative.png,12.2509765625
Dense4x30,Dense3x25,1,second_place_relative,8,Dense3x25_1_second_place_relative.png,1.3671875
Dense4x30,Dense3x25,3,independent,3,Dense3x25_3_independent.png,19.072265625
Dense4x30,Dense3x25,3,mean_relative,3,Dense3x25_3_mean_relative.png,21.3037109375
Dense4x30,Dense3x25,3,second_place_relative,3,Dense3x25_3_second_place_relative.png,22.4267578125
Dense4x30,Dense3x30,0,independent,0,Dense3x30_0_independent.png,7.67578125
Dense4x30,Dense3x30,0,mean_relative,0,Dense3x30_0_mean_relative.png,6.54296875
Dense4x30,Dense3x30,0,second_place_relative,0,Dense3x30_0_second_place_relative.png,6.7431640625
Dense4x30,Dense3x30,1,independent,3,Dense3x30_1_independent.png,1.1474609375
Dense4x30,Dense3x30,1,mean_relative,3,Dense3x30_1_mean_relative.png,1.5869140625
Dense4x30,Dense3x30,1,second_place_relative,3,Dense3x30_1_second_place_relative.png,1.7138671875
Dense4x30,Dense3x30,3,independent,3,Dense3x30_3_independent.png,18.7060546875
Dense4x30,Dense3x30,3,mean_relative,3,Dense3x30_3_mean_relative.png,24.0185546875
Dense4x30,Dense3x30,3,second_place_relative,3,Dense3x30_3_second_place_relative.png,24.5654296875
Dense4x30,Dense5x10,0,independent,3,Dense5x10_0_independent.png,4.4921875
Dense4x30,Dense5x10,0,mean_relative,3,Dense5x10_0_mean_relative.png,4.82421875
Dense4x30,Dense5x10,0,second_place_relative,3,Dense5x10_0_second_place_relative.png,3.3154296875
Dense4x30,Dense5x10,1,independent,8,Dense5x10_1_independent.png,0.625
Dense4x30,Dense5x10,1,mean_relative,6,Dense5x10_1_mean_relative.png,6.0595703125
Dense4x30,Dense5x10,1,second_place_relative,8,Dense5x10_1_second_place_relative.png,0.2880859375
Dense4x30,Dense5x10,3,independent,5,Dense5x10_3_independent.png,3.369140625
Dense4x30,Dense5x10,3,mean_relative,3,Dense5x10_3_mean_relative.png,1.4453125
Dense4x30,Dense5x10,3,second_place_relative,5,Dense5x10_3_second_place_relative.png,6.4404296875
Dense4x30,Dense5x15,0,independent,5,Dense5x15_0_independent.png,4.7021484375
Dense4x30,Dense5x15,0,mean_relative,5,Dense5x15_0_mean_relative.png,8.056640625
Dense4x30,Dense5x15,0,second_place_relative,5,Dense5x15_0_second_place_relative.png,0.9814453125
Dense4x30,Dense5x15,1,independent,3,Dense5x15_1_independent.png,4.755859375
Dense4x30,Dense5x15,1,mean_relative,3,Dense5x15_1_mean_relative.png,5.8154296875
Dense4x30,Dense5x15,1,second_place_relative,3,Dense5x15_1_second_place_relative.png,4.6044921875
Dense4x30,Dense5x15,3,independent,3,Dense5x15_3_independent.png,15.37109375
Dense4x30,Dense5x15,3,mean_relative,3,Dense5x15_3_mean_relative.png,16.875
Dense4x30,Dense5x15,3,second_place_relative,3,Dense5x15_3_second_place_relative.png,19.482421875
Dense4x35,Dense1x25,0,independent,0,Dense1x25_0_independent.png,10.4345703125
Dense4x35,Dense1x25,0,mean_relative,0,Dense1x25_0_mean_relative.png,10.6982421875
Dense4x35,Dense1x25,0,second_place_relative,0,Dense1x25_0_second_place_relative.png,9.5361328125
Dense4x35,Dense1x25,1,independent,2,Dense1x25_1_independent.png,0.078125
Dense4x35,Dense1x25,1,mean_relative,2,Dense1x25_1_mean_relative.png,0.72265625
Dense4x35,Dense1x25,1,second_place_relative,1,Dense1x25_1_second_place_relative.png,3.3935546875
Dense4x35,Dense1x25,3,independent,3,Dense1x25_3_independent.png,22.6611328125
Dense4x35,Dense1x25,3,mean_relative,3,Dense1x25_3_mean_relative.png,23.2958984375
Dense4x35,Dense1x25,3,second_place_relative,3,Dense1x25_3_second_place_relative.png,18.80859375
Dense4x35,Dense1x60,0,independent,0,Dense1x60_0_independent.png,11.4501953125
Dense4x35,Dense1x60,0,mean_relative,0,Dense1x60_0_mean_relative.png,9.072265625
Dense4x35,Dense1x60,0,second_place_relative,0,Dense1x60_0_second_place_relative.png,10.5126953125
Dense4x35,Dense1x60,1,independent,3,Dense1x60_1_independent.png,4.287109375
Dense4x35,Dense1x60,1,mean_relative,3,Dense1x60_1_mean_relative.png,5.2392578125
Dense4x35,Dense1x60,1,second_place_relative,1,Dense1x60_1_second_place_relative.png,2.7392578125
Dense4x35,Dense1x60,3,independent,3,Dense1x60_3_independent.png,21.3232421875
Dense4x35,Dense1x60,3,mean_relative,3,Dense1x60_3_mean_relative.png,21.50390625
Dense4x35,Dense1x60,3,second_place_relative,3,Dense1x60_3_second_place_relative.png,17.685546875
Dense4x35,Dense1x65,0,independent,0,Dense1x65_0_independent.png,10.7421875
Dense4x35,Dense1x65,0,mean_relative,0,Dense1x65_0_mean_relative.png,11.03515625
Dense4x35,Dense1x65,0,second_place_relative,0,Dense1x65_0_second_place_relative.png,11.15234375
Dense4x35,Dense1x65,1,independent,2,Dense1x65_1_independent.png,0.2880859375
Dense4x35,Dense1x65,1,mean_relative,3,Dense1x65_1_mean_relative.png,2.666015625
Dense4x35,Dense1x65,3,independent,3,Dense1x65_3_independent.png,21.8701171875
Dense4x35,Dense1x65,3,mean_relative,3,Dense1x65_3_mean_relative.png,20.9521484375
Dense4x35,Dense1x65,3,second_place_relative,3,Dense1x65_3_second_place_relative.png,20.107421875
Dense4x35,Dense2x20,0,independent,0,Dense2x20_0_independent.png,7.2021484375
Dense4x35,Dense2x20,0,mean_relative,0,Dense2x20_0_mean_relative.png,7.34375
Dense4x35,Dense2x20,0,second_place_relative,0,Dense2x20_0_second_place_relative.png,8.2177734375
Dense4x35,Dense2x20,1,independent,3,Dense2x20_1_independent.png,1.6455078125
Dense4x35,Dense2x20,1,mean_relative,3,Dense2x20_1_mean_relative.png,2.4853515625
Dense4x35,Dense2x20,1,second_place_relative,3,Dense2x20_1_second_place_relative.png,0.8349609375
Dense4x35,Dense2x20,3,independent,3,Dense2x20_3_independent.png,16.240234375
Dense4x35,Dense2x20,3,mean_relative,3,Dense2x20_3_mean_relative.png,15.048828125
Dense4x35,Dense2x20,3,second_place_relative,3,Dense2x20_3_second_place_relative.png,12.880859375
Dense4x35,Dense2x30,0,independent,0,Dense2x30_0_independent.png,10.537109375
Dense4x35,Dense2x30,0,mean_relative,0,Dense2x30_0_mean_relative.png,10.126953125
Dense4x35,Dense2x30,0,second_place_relative,0,Dense2x30_0_second_place_relative.png,10.2978515625
Dense4x35,Dense2x30,1,independent,3,Dense2x30_1_independent.png,0.05859375
Dense4x35,Dense2x30,1,mean_relative,3,Dense2x30_1_mean_relative.png,1.357421875
Dense4x35,Dense2x30,1,second_place_relative,1,Dense2x30_1_second_place_relative.png,1.8505859375
Dense4x35,Dense2x30,3,independent,3,Dense2x30_3_independent.png,20.4736328125
Dense4x35,Dense2x30,3,mean_relative,3,Dense2x30_3_mean_relative.png,21.6748046875
Dense4x35,Dense2x30,3,second_place_relative,3,Dense2x30_3_second_place_relative.png,20.7470703125
Dense4x35,Dense3x20,0,independent,0,Dense3x20_0_independent.png,9.3994140625
Dense4x35,Dense3x20,0,mean_relative,0,Dense3x20_0_mean_relative.png,9.228515625
Dense4x35,Dense3x20,0,second_place_relative,0,Dense3x20_0_second_place_relative.png,8.779296875
Dense4x35,Dense3x20,1,independent,3,Dense3x20_1_independent.png,2.32421875
Dense4x35,Dense3x20,1,mean_relative,3,Dense3x20_1_mean_relative.png,0.5810546875
Dense4x35,Dense3x20,1,second_place_relative,3,Dense3x20_1_second_place_relative.png,4.6435546875
Dense4x35,Dense3x20,3,independent,3,Dense3x20_3_independent.png,10.8447265625
Dense4x35,Dense3x20,3,mean_relative,3,Dense3x20_3_mean_relative.png,13.203125
Dense4x35,Dense3x20,3,second_place_relative,3,Dense3x20_3_second_place_relative.png,14.7216796875
Dense4x35,Dense3x25,0,independent,0,Dense3x25_0_independent.png,8.564453125
Dense4x35,Dense3x25,0,mean_relative,0,Dense3x25_0_mean_relative.png,5.185546875
Dense4x35,Dense3x25,0,second_place_relative,0,Dense3x25_0_second_place_relative.png,9.5849609375
Dense4x35,Dense3x25,1,independent,3,Dense3x25_1_independent.png,10.9228515625
Dense4x35,Dense3x25,1,mean_relative,3,Dense3x25_1_mean_relative.png,11.7431640625
Dense4x35,Dense3x25,1,second_place_relative,3,Dense3x25_1_second_place_relative.png,3.1591796875
Dense4x35,Dense3x25,3,independent,3,Dense3x25_3_independent.png,18.33984375
Dense4x35,Dense3x25,3,mean_relative,3,Dense3x25_3_mean_relative.png,20.390625
Dense4x35,Dense3x25,3,second_place_relative,3,Dense3x25_3_second_place_relative.png,19.287109375
Dense4x35,Dense3x30,0,independent,0,Dense3x30_0_independent.png,9.8779296875
Dense4x35,Dense3x30,0,mean_relative,0,Dense3x30_0_mean_relative.png,8.8720703125
Dense4x35,Dense3x30,0,second_place_relative,0,Dense3x30_0_second_place_relative.png,10.1708984375
Dense4x35,Dense3x30,1,independent,3,Dense3x30_1_independent.png,0.6494140625
Dense4x35,Dense3x30,1,mean_relative,3,Dense3x30_1_mean_relative.png,2.3681640625
Dense4x35,Dense3x30,1,second_place_relative,3,Dense3x30_1_second_place_relative.png,1.0400390625
Dense4x35,Dense3x30,3,independent,3,Dense3x30_3_independent.png,17.24609375
Dense4x35,Dense3x30,3,mean_relative,3,Dense3x30_3_mean_relative.png,19.1748046875
Dense4x35,Dense3x30,3,second_place_relative,3,Dense3x30_3_second_place_relative.png,19.5654296875
Dense4x35,Dense5x10,0,independent,5,Dense5x10_0_independent.png,6.650390625
Dense4x35,Dense5x10,0,mean_relative,5,Dense5x10_0_mean_relative.png,6.455078125
Dense4x35,Dense5x10,0,second_place_relative,5,Dense5x10_0_second_place_relative.png,5.869140625
Dense4x35,Dense5x10,1,independent,6,Dense5x10_1_independent.png,0.7421875
Dense4x35,Dense5x10,1,mean_relative,6,Dense5x10_1_mean_relative.png,4.5703125
Dense4x35,Dense5x10,1,second_place_relative,6,Dense5x10_1_second_place_relative.png,0.029296875
Dense4x35,Dense5x10,3,independent,5,Dense5x10_3_independent.png,10.2734375
Dense4x35,Dense5x10,3,mean_relative,5,Dense5x10_3_mean_relative.png,8.6083984375
Dense4x35,Dense5x10,3,second_place_relative,5,Dense5x10_3_second_place_relative.png,9.21875
Dense4x35,Dense5x15,0,independent,5,Dense5x15_0_independent.png,5.5322265625
Dense4x35,Dense5x15,0,mean_relative,5,Dense5x15_0_mean_relative.png,8.4423828125
Dense4x35,Dense5x15,0,second_place_relative,5,Dense5x15_0_second_place_relative.png,1.9189453125
Dense4x35,Dense5x15,1,independent,3,Dense5x15_1_independent.png,15.615234375
Dense4x35,Dense5x15,1,mean_relative,3,Dense5x15_1_mean_relative.png,15.6005859375
Dense4x35,Dense5x15,1,second_place_relative,3,Dense5x15_1_second_place_relative.png,14.794921875
Dense4x35,Dense5x15,3,independent,3,Dense5x15_3_independent.png,10.1416015625
Dense4x35,Dense5x15,3,mean_relative,3,Dense5x15_3_mean_relative.png,11.0693359375
Dense4x35,Dense5x15,3,second_place_relative,3,Dense5x15_3_second_place_relative.png,13.6865234375
Dense5x10,Dense1x25,0,independent,0,Dense1x25_0_independent.png,3.8134765625
Dense5x10,Dense1x25,0,mean_relative,0,Dense1x25_0_mean_relative.png,8.681640625
Dense5x10,Dense1x25,0,second_place_relative,0,Dense1x25_0_second_place_relative.png,7.6513671875
Dense5x10,Dense1x25,1,independent,2,Dense1x25_1_independent.png,8.88671875
Dense5x10,Dense1x25,1,mean_relative,2,Dense1x25_1_mean_relative.png,11.2939453125
Dense5x10,Dense1x25,1,second_place_relative,8,Dense1x25_1_second_place_relative.png,0.263671875
Dense5x10,Dense1x25,3,independent,3,Dense1x25_3_independent.png,15.0341796875
Dense5x10,Dense1x25,3,mean_relative,3,Dense1x25_3_mean_relative.png,15.9765625
Dense5x10,Dense1x25,3,second_place_relative,3,Dense1x25_3_second_place_relative.png,11.044921875
Dense5x10,Dense1x60,0,independent,0,Dense1x60_0_independent.png,7.744140625
Dense5x10,Dense1x60,0,mean_relative,0,Dense1x60_0_mean_relative.png,0.72265625
Dense5x10,Dense1x60,0,second_place_relative,0,Dense1x60_0_second_place_relative.png,10.8642578125
Dense5x10,Dense1x60,1,independent,2,Dense1x60_1_independent.png,8.388671875
Dense5x10,Dense1x60,1,mean_relative,2,Dense1x60_1_mean_relative.png,10.3564453125
Dense5x10,Dense1x60,1,second_place_relative,6,Dense1x60_1_second_place_relative.png,2.216796875
Dense5x10,Dense1x60,3,independent,3,Dense1x60_3_independent.png,17.265625
Dense5x10,Dense1x60,3,mean_relative,3,Dense1x60_3_mean_relative.png,16.3818359375
Dense5x10,Dense1x60,3,second_place_relative,3,Dense1x60_3_second_place_relative.png,11.30859375
Dense5x10,Dense1x65,0,independent,0,Dense1x65_0_independent.png,4.2529296875
Dense5x10,Dense1x65,0,mean_relative,0,Dense1x65_0_mean_relative.png,5.83984375
Dense5x10,Dense1x65,0,second_place_relative,0,Dense1x65_0_second_place_relative.png,5.5615234375
Dense5x10,Dense1x65,1,independent,2,Dense1x65_1_independent.png,12.587890625
Dense5x10,Dense1x65,1,mean_relative,2,Dense1x65_1_mean_relative.png,11.85546875
Dense5x10,Dense1x65,3,independent,3,Dense1x65_3_independent.png,11.0595703125
Dense5x10,Dense1x65,3,mean_relative,3,Dense1x65_3_mean_relative.png,12.7001953125
Dense5x10,Dense1x65,3,second_place_relative,3,Dense1x65_3_second_place_relative.png,13.3740234375
Dense5x10,Dense2x20,0,independent,3,Dense2x20_0_independent.png,5.5517578125
Dense5x10,Dense2x20,0,mean_relative,3,Dense2x20_0_mean_relative.png,4.970703125
Dense5x10,Dense2x20,0,second_place_relative,3,Dense2x20_0_second_place_relative.png,6.1572265625
Dense5x10,Dense2x20,1,independent,2,Dense2x20_1_independent.png,5.8056640625
Dense5x10,Dense2x20,1,mean_relative,2,Dense2x20_1_mean_relative.png,7.1337890625
Dense5x10,Dense2x20,1,second_place_relative,2,Dense2x20_1_second_place_relative.png,5.1318359375
Dense5x10,Dense2x20,3,independent,3,Dense2x20_3_independent.png,13.8330078125
Dense5x10,Dense2x20,3,mean_relative,3,Dense2x20_3_mean_relative.png,15.8740234375
Dense5x10,Dense2x20,3,second_place_relative,3,Dense2x20_3_second_place_relative.png,11.845703125
Dense5x10,Dense2x30,0,independent,0,Dense2x30_0_independent.png,8.984375
Dense5x10,Dense2x30,0,mean_relative,0,Dense2x30_0_mean_relative.png,7.7099609375
Dense5x10,Dense2x30,0,second_place_relative,0,Dense2x30_0_second_place_relative.png,8.4130859375
Dense5x10,Dense2x30,1,independent,8,Dense2x30_1_independent.png,0.322265625
Dense5x10,Dense2x30,1,mean_relative,2,Dense2x30_1_mean_relative.png,6.416015625
Dense5x10,Dense2x30,1,second_place_relative,8,Dense2x30_1_second_place_relative.png,1.6455078125
Dense5x10,Dense2x30,3,independent,3,Dense2x30_3_independent.png,15.625
Dense5x10,Dense2x30,3,mean_relative,3,Dense2x30_3_mean_relative.png,15.693359375
Dense5x10,Dense2x30,3,second_place_relative,3,Dense2x30_3_second_place_relative.png,13.0419921875
Dense5x10,Dense3x20,0,independent,0,Dense3x20_0_independent.png,8.4716796875
Dense5x10,Dense3x20,0,mean_relative,0,Dense3x20_0_mean_relative.png,8.173828125
Dense5x10,Dense3x20,0,second_place_relative,0,Dense3x20_0_second_place_relative.png,10.947265625
Dense5x10,Dense3x20,1,independent,2,Dense3x20_1_independent.png,12.36328125
Dense5x10,Dense3x20,1,mean_relative,2,Dense3x20_1_mean_relative.png,13.45703125
Dense5x10,Dense3x20,1,second_place_relative,2,Dense3x20_1_second_place_relative.png,6.962890625
Dense5x10,Dense3x20,3,independent,3,Dense3x20_3_independent.png,11.630859375
Dense5x10,Dense3x20,3,mean_relative,3,Dense3x20_3_mean_relative.png,10.2099609375
Dense5x10,Dense3x20,3,second_place_relative,3,Dense3x20_3_second_place_relative.png,0.4345703125
Dense5x10,Dense3x25,0,independent,0,Dense3x25_0_independent.png,11.2646484375
Dense5x10,Dense3x25,0,mean_relative,0,Dense3x25_0_mean_relative.png,11.3720703125
Dense5x10,Dense3x25,0,second_place_relative,0,Dense3x25_0_second_place_relative.png,9.423828125
Dense5x10,Dense3x25,1,independent,2,Dense3x25_1_independent.png,5.7763671875
Dense5x10,Dense3x25,1,mean_relative,2,Dense3x25_1_mean_relative.png,7.2509765625
Dense5x10,Dense3x25,1,second_place_relative,2,Dense3x25_1_second_place_relative.png,4.5361328125
Dense5x10,Dense3x25,3,independent,3,Dense3x25_3_independent.png,7.6123046875
Dense5x10,Dense3x25,3,mean_relative,3,Dense3x25_3_mean_relative.png,9.35546875
Dense5x10,Dense3x25,3,second_place_relative,3,Dense3x25_3_second_place_relative.png,12.314453125
Dense5x10,Dense3x30,0,independent,0,Dense3x30_0_independent.png,5.5908203125
Dense5x10,Dense3x30,0,mean_relative,0,Dense3x30_0_mean_relative.png,3.9013671875
Dense5x10,Dense3x30,0,second_place_relative,0,Dense3x30_0_second_place_relative.png,5.9375
Dense5x10,Dense3x30,1,independent,2,Dense3x30_1_independent.png,11.7822265625
Dense5x10,Dense3x30,1,mean_relative,2,Dense3x30_1_mean_relative.png,11.982421875
Dense5x10,Dense3x30,1,second_place_relative,2,Dense3x30_1_second_place_relative.png,9.4873046875
Dense5x10,Dense3x30,3,independent,3,Dense3x30_3_independent.png,11.015625
Dense5x10,Dense3x30,3,mean_relative,3,Dense3x30_3_mean_relative.png,8.3935546875
Dense5x10,Dense3x30,3,second_place_relative,3,Dense3x30_3_second_place_relative.png,11.73828125
Dense5x10,Dense5x10,0,independent,0,Dense5x10_0_independent.png,15.3955078125
Dense5x10,Dense5x10,0,mean_relative,0,Dense5x10_0_mean_relative.png,15.166015625
Dense5x10,Dense5x10,0,second_place_relative,0,Dense5x10_0_second_place_relative.png,14.853515625
Dense5x10,Dense5x10,1,independent,1,Dense5x10_1_independent.png,15.3857421875
Dense5x10,Dense5x10,1,mean_relative,1,Dense5x10_1_mean_relative.png,12.8271484375
Dense5x10,Dense5x10,1,second_place_relative,1,Dense5x10_1_second_place_relative.png,15.41015625
Dense5x10,Dense5x10,3,independent,3,Dense5x10_3_independent.png,14.443359375
Dense5x10,Dense5x10,3,mean_relative,3,Dense5x10_3_mean_relative.png,8.1689453125
Dense5x10,Dense5x10,3,second_place_relative,3,Dense5x10_3_second_place_relative.png,17.1240234375
Dense5x10,Dense5x15,0,independent,3,Dense5x15_0_independent.png,0.6982421875
Dense5x10,Dense5x15,0,mean_relative,3,Dense5x15_0_mean_relative.png,5.05859375
Dense5x10,Dense5x15,0,second_place_relative,2,Dense5x15_0_second_place_relative.png,3.564453125
Dense5x10,Dense5x15,1,independent,3,Dense5x15_1_independent.png,14.3115234375
Dense5x10,Dense5x15,1,mean_relative,3,Dense5x15_1_mean_relative.png,14.66796875
Dense5x10,Dense5x15,1,second_place_relative,3,Dense5x15_1_second_place_relative.png,12.0263671875
Dense5x10,Dense5x15,3,independent,3,Dense5x15_3_independent.png,14.5556640625
Dense5x10,Dense5x15,3,mean_relative,3,Dense5x15_3_mean_relative.png,15.2197265625
Dense5x10,Dense5x15,3,second_place_relative,3,Dense5x15_3_second_place_relative.png,16.4697265625
Dense5x15,Dense1x25,0,independent,0,Dense1x25_0_independent.png,8.0517578125
Dense5x15,Dense1x25,0,mean_relative,0,Dense1x25_0_mean_relative.png,6.77734375
Dense5x15,Dense1x25,0,second_place_relative,0,Dense1x25_0_second_place_relative.png,6.9140625
Dense5x15,Dense1x25,1,independent,2,Dense1x25_1_independent.png,1.220703125
Dense5x15,Dense1x25,1,mean_relative,2,Dense1x25_1_mean_relative.png,2.44140625
Dense5x15,Dense1x25,1,second_place_relative,1,Dense1x25_1_second_place_relative.png,2.138671875
Dense5x15,Dense1x25,3,independent,3,Dense1x25_3_independent.png,11.6015625
Dense5x15,Dense1x25,3,mean_relative,3,Dense1x25_3_mean_relative.png,7.0654296875
Dense5x15,Dense1x25,3,second_place_relative,3,Dense1x25_3_second_place_relative.png,13.6376953125
Dense5x15,Dense1x60,0,independent,0,Dense1x60_0_independent.png,9.3505859375
Dense5x15,Dense1x60,0,mean_relative,0,Dense1x60_0_mean_relative.png,8.8623046875
Dense5x15,Dense1x60,0,second_place_relative,0,Dense1x60_0_second_place_relative.png,9.1552734375
Dense5x15,Dense1x60,1,independent,2,Dense1x60_1_independent.png,0.5517578125
Dense5x15,Dense1x60,1,mean_relative,2,Dense1x60_1_mean_relative.png,1.7822265625
Dense5x15,Dense1x60,1,second_place_relative,2,Dense1x60_1_second_place_relative.png,2.3681640625
Dense5x15,Dense1x60,3,independent,3,Dense1x60_3_independent.png,20.05859375
Dense5x15,Dense1x60,3,mean_relative,3,Dense1x60_3_mean_relative.png,18.9501953125
Dense5x15,Dense1x60,3,second_place_relative,3,Dense1x60_3_second_place_relative.png,8.623046875
Dense5x15,Dense1x65,0,independent,0,Dense1x65_0_independent.png,8.466796875
Dense5x15,Dense1x65,0,mean_relative,0,Dense1x65_0_mean_relative.png,7.421875
Dense5x15,Dense1x65,0,second_place_relative,0,Dense1x65_0_second_place_relative.png,9.55078125
Dense5x15,Dense1x65,1,independent,2,Dense1x65_1_independent.png,0.8935546875
Dense5x15,Dense1x65,1,mean_relative,1,Dense1x65_1_mean_relative.png,2.3193359375
Dense5x15,Dense1x65,3,independent,3,Dense1x65_3_independent.png,11.640625
Dense5x15,Dense1x65,3,mean_relative,3,Dense1x65_3_mean_relative.png,11.826171875
Dense5x15,Dense1x65,3,second_place_relative,3,Dense1x65_3_second_place_relative.png,16.884765625
Dense5x15,Dense2x20,0,independent,0,Dense2x20_0_independent.png,13.92578125
Dense5x15,Dense2x20,0,mean_relative,0,Dense2x20_0_mean_relative.png,13.3984375
Dense5x15,Dense2x20,0,second_place_relative,0,Dense2x20_0_second_place_relative.png,12.8955078125
Dense5x15,Dense2x20,1,independent,1,Dense2x20_1_independent.png,3.662109375
Dense5x15,Dense2x20,1,mean_relative,2,Dense2x20_1_mean_relative.png,3.3447265625
Dense5x15,Dense2x20,1,second_place_relative,1,Dense2x20_1_second_place_relative.png,3.505859375
Dense5x15,Dense2x20,3,independent,3,Dense2x20_3_independent.png,19.4189453125
Dense5x15,Dense2x20,3,mean_relative,3,Dense2x20_3_mean_relative.png,17.0458984375
Dense5x15,Dense2x20,3,second_place_relative,3,Dense2x20_3_second_place_relative.png,9.94140625
Dense5x15,Dense2x30,0,independent,0,Dense2x30_0_independent.png,9.1162109375
Dense5x15,Dense2x30,0,mean_relative,0,Dense2x30_0_mean_relative.png,8.5546875
Dense5x15,Dense2x30,0,second_place_relative,0,Dense2x30_0_second_place_relative.png,8.720703125
Dense5x15,Dense2x30,1,independent,1,Dense2x30_1_independent.png,5.64453125
Dense5x15,Dense2x30,1,mean_relative,3,Dense2x30_1_mean_relative.png,4.072265625
Dense5x15,Dense2x30,1,second_place_relative,1,Dense2x30_1_second_place_relative.png,4.453125
Dense5x15,Dense2x30,3,independent,3,Dense2x30_3_independent.png,17.6513671875
Dense5x15,Dense2x30,3,mean_relative,3,Dense2x30_3_mean_relative.png,14.6533203125
Dense5x15,Dense2x30,3,second_place_relative,3,Dense2x30_3_second_place_relative.png,17.3974609375
Dense5x15,Dense3x20,0,independent,0,Dense3x20_0_independent.png,3.583984375
Dense5x15,Dense3x20,0,mean_relative,0,Dense3x20_0_mean_relative.png,3.623046875
Dense5x15,Dense3x20,0,second_place_relative,3,Dense3x20_0_second_place_relative.png,1.2353515625
Dense5x15,Dense3x20,1,independent,1,Dense3x20_1_independent.png,2.2998046875
Dense5x15,Dense3x20,1,mean_relative,2,Dense3x20_1_mean_relative.png,0.703125
Dense5x15,Dense3x20,1,second_place_relative,1,Dense3x20_1_second_place_relative.png,8.2373046875
Dense5x15,Dense3x20,3,independent,3,Dense3x20_3_independent.png,12.6318359375
Dense5x15,Dense3x20,3,mean_relative,3,Dense3x20_3_mean_relative.png,15.771484375
Dense5x15,Dense3x20,3,second_place_relative,3,Dense3x20_3_second_place_relative.png,5.107421875
Dense5x15,Dense3x25,0,independent,5,Dense3x25_0_independent.png,3.3642578125
Dense5x15,Dense3x25,0,mean_relative,5,Dense3x25_0_mean_relative.png,4.7607421875
Dense5x15,Dense3x25,0,second_place_relative,2,Dense3x25_0_second_place_relative.png,2.9931640625
Dense5x15,Dense3x25,1,independent,2,Dense3x25_1_independent.png,0.0048828125
Dense5x15,Dense3x25,1,mean_relative,3,Dense3x25_1_mean_relative.png,2.294921875
Dense5x15,Dense3x25,1,second_place_relative,2,Dense3x25_1_second_place_relative.png,4.501953125
Dense5x15,Dense3x25,3,independent,3,Dense3x25_3_independent.png,9.189453125
Dense5x15,Dense3x25,3,mean_relative,3,Dense3x25_3_mean_relative.png,12.08984375
Dense5x15,Dense3x25,3,second_place_relative,3,Dense3x25_3_second_place_relative.png,13.056640625
Dense5x15,Dense3x30,0,independent,0,Dense3x30_0_independent.png,8.935546875
Dense5x15,Dense3x30,0,mean_relative,0,Dense3x30_0_mean_relative.png,9.47265625
Dense5x15,Dense3x30,0,second_place_relative,0,Dense3x30_0_second_place_relative.png,8.828125
Dense5x15,Dense3x30,1,independent,2,Dense3x30_1_independent.png,1.93359375
Dense5x15,Dense3x30,1,mean_relative,2,Dense3x30_1_mean_relative.png,2.20703125
Dense5x15,Dense3x30,1,second_place_relative,3,Dense3x30_1_second_place_relative.png,1.9189453125
Dense5x15,Dense3x30,3,independent,3,Dense3x30_3_independent.png,17.783203125
Dense5x15,Dense3x30,3,mean_relative,3,Dense3x30_3_mean_relative.png,13.9794921875
Dense5x15,Dense3x30,3,second_place_relative,3,Dense3x30_3_second_place_relative.png,14.560546875
Dense5x15,Dense5x10,0,independent,3,Dense5x10_0_independent.png,5.1708984375
Dense5x15,Dense5x10,0,mean_relative,3,Dense5x10_0_mean_relative.png,4.9560546875
Dense5x15,Dense5x10,0,second_place_relative,3,Dense5x10_0_second_place_relative.png,4.287109375
Dense5x15,Dense5x10,1,independent,4,Dense5x10_1_independent.png,3.6376953125
Dense5x15,Dense5x10,1,mean_relative,4,Dense5x10_1_mean_relative.png,0.458984375
Dense5x15,Dense5x10,1,second_place_relative,4,Dense5x10_1_second_place_relative.png,3.515625
Dense5x15,Dense5x10,3,independent,5,Dense5x10_3_independent.png,0.2099609375
Dense5x15,Dense5x10,3,mean_relative,3,Dense5x10_3_mean_relative.png,1.640625
Dense5x15,Dense5x10,3,second_place_relative,5,Dense5x10_3_second_place_relative.png,0.5126953125
Dense5x15,Dense5x15,0,independent,0,Dense5x15_0_independent.png,19.853515625
Dense5x15,Dense5x15,0,mean_relative,0,Dense5x15_0_mean_relative.png,18.9990234375
Dense5x15,Dense5x15,0,second_place_relative,0,Dense5x15_0_second_place_relative.png,20.263671875
Dense5x15,Dense5x15,1,independent,1,Dense5x15_1_independent.png,19.16015625
Dense5x15,Dense5x15,1,mean_relative,1,Dense5x15_1_mean_relative.png,19.0380859375
Dense5x15,Dense5x15,1,second_place_relative,1,Dense5x15_1_second_place_relative.png,19.130859375
Dense5x15,Dense5x15,3,independent,3,Dense5x15_3_independent.png,19.990234375
Dense5x15,Dense5x15,3,mean_relative,3,Dense5x15_3_mean_relative.png,26.66015625
Dense5x15,Dense5x15,3,second_place_relative,3,Dense5x15_3_second_place_relative.png,24.296875
Dense5x60,Dense1x25,0,independent,0,Dense1x25_0_independent.png,9.3505859375
Dense5x60,Dense1x25,0,mean_relative,0,Dense1x25_0_mean_relative.png,9.189453125
Dense5x60,Dense1x25,0,second_place_relative,0,Dense1x25_0_second_place_relative.png,8.349609375
Dense5x60,Dense1x25,1,independent,2,Dense1x25_1_independent.png,0.341796875
Dense5x60,Dense1x25,1,mean_relative,3,Dense1x25_1_mean_relative.png,1.298828125
Dense5x60,Dense1x25,1,second_place_relative,8,Dense1x25_1_second_place_relative.png,0.5078125
Dense5x60,Dense1x25,3,independent,3,Dense1x25_3_independent.png,15.13671875
Dense5x60,Dense1x25,3,mean_relative,3,Dense1x25_3_mean_relative.png,14.482421875
Dense5x60,Dense1x25,3,second_place_relative,3,Dense1x25_3_second_place_relative.png,14.2822265625
Dense5x60,Dense1x60,0,independent,0,Dense1x60_0_independent.png,8.6474609375
Dense5x60,Dense1x60,0,mean_relative,0,Dense1x60_0_mean_relative.png,6.728515625
Dense5x60,Dense1x60,0,second_place_relative,0,Dense1x60_0_second_place_relative.png,7.6416015625
Dense5x60,Dense1x60,1,independent,3,Dense1x60_1_independent.png,5.458984375
Dense5x60,Dense1x60,1,mean_relative,3,Dense1x60_1_mean_relative.png,5.517578125
Dense5x60,Dense1x60,1,second_place_relative,2,Dense1x60_1_second_place_relative.png,1.5478515625
Dense5x60,Dense1x60,3,independent,3,Dense1x60_3_independent.png,15.6298828125
Dense5x60,Dense1x60,3,mean_relative,3,Dense1x60_3_mean_relative.png,16.259765625
Dense5x60,Dense1x60,3,second_place_relative,3,Dense1x60_3_second_place_relative.png,13.3056640625
Dense5x60,Dense1x65,0,independent,0,Dense1x65_0_independent.png,7.412109375
Dense5x60,Dense1x65,0,mean_relative,0,Dense1x65_0_mean_relative.png,6.6162109375
Dense5x60,Dense1x65,0,second_place_relative,0,Dense1x65_0_second_place_relative.png,9.12109375
Dense5x60,Dense1x65,1,independent,2,Dense1x65_1_independent.png,3.837890625
Dense5x60,Dense1x65,1,mean_relative,2,Dense1x65_1_mean_relative.png,3.037109375
Dense5x60,Dense1x65,3,independent,3,Dense1x65_3_independent.png,15.546875
Dense5x60,Dense1x65,3,mean_relative,3,Dense1x65_3_mean_relative.png,15.3759765625
Dense5x60,Dense1x65,3,second_place_relative,3,Dense1x65_3_second_place_relative.png,13.8916015625
Dense5x60,Dense2x20,0,independent,0,Dense2x20_0_independent.png,6.4111328125
Dense5x60,Dense2x20,0,mean_relative,0,Dense2x20_0_mean_relative.png,7.28515625
Dense5x60,Dense2x20,0,second_place_relative,0,Dense2x20_0_second_place_relative.png,7.7001953125
Dense5x60,Dense2x20,1,independent,2,Dense2x20_1_independent.png,1.1962890625
Dense5x60,Dense2x20,1,mean_relative,2,Dense2x20_1_mean_relative.png,0.2783203125
Dense5x60,Dense2x20,1,second_place_relative,2,Dense2x20_1_second_place_relative.png,0.0
Dense5x60,Dense2x20,3,independent,3,Dense2x20_3_independent.png,12.109375
Dense5x60,Dense2x20,3,mean_relative,3,Dense2x20_3_mean_relative.png,10.146484375
Dense5x60,Dense2x20,3,second_place_relative,3,Dense2x20_3_second_place_relative.png,7.5537109375
Dense5x60,Dense2x30,0,independent,0,Dense2x30_0_independent.png,7.96875
Dense5x60,Dense2x30,0,mean_relative,0,Dense2x30_0_mean_relative.png,7.9736328125
Dense5x60,Dense2x30,0,second_place_relative,0,Dense2x30_0_second_place_relative.png,7.79296875
Dense5x60,Dense2x30,1,independent,3,Dense2x30_1_independent.png,1.6552734375
Dense5x60,Dense2x30,1,mean_relative,3,Dense2x30_1_mean_relative.png,5.029296875
Dense5x60,Dense2x30,1,second_place_relative,3,Dense2x30_1_second_place_relative.png,0.458984375
Dense5x60,Dense2x30,3,independent,3,Dense2x30_3_independent.png,16.4892578125
Dense5x60,Dense2x30,3,mean_relative,3,Dense2x30_3_mean_relative.png,15.8251953125
Dense5x60,Dense2x30,3,second_place_relative,3,Dense2x30_3_second_place_relative.png,15.72265625
Dense5x60,Dense3x20,0,independent,0,Dense3x20_0_independent.png,7.4462890625
Dense5x60,Dense3x20,0,mean_relative,0,Dense3x20_0_mean_relative.png,7.6513671875
Dense5x60,Dense3x20,0,second_place_relative,0,Dense3x20_0_second_place_relative.png,5.498046875
Dense5x60,Dense3x20,1,independent,2,Dense3x20_1_independent.png,0.76171875
Dense5x60,Dense3x20,1,mean_relative,2,Dense3x20_1_mean_relative.png,1.7333984375
Dense5x60,Dense3x20,1,second_place_relative,3,Dense3x20_1_second_place_relative.png,5.60546875
Dense5x60,Dense3x20,3,independent,3,Dense3x20_3_independent.png,8.8916015625
Dense5x60,Dense3x20,3,mean_relative,3,Dense3x20_3_mean_relative.png,11.4599609375
Dense5x60,Dense3x20,3,second_place_relative,3,Dense3x20_3_second_place_relative.png,14.82421875
Dense5x60,Dense3x25,0,independent,0,Dense3x25_0_independent.png,8.291015625
Dense5x60,Dense3x25,0,mean_relative,0,Dense3x25_0_mean_relative.png,8.6962890625
Dense5x60,Dense3x25,0,second_place_relative,0,Dense3x25_0_second_place_relative.png,7.9296875
Dense5x60,Dense3x25,1,independent,3,Dense3x25_1_independent.png,5.3759765625
Dense5x60,Dense3x25,1,mean_relative,3,Dense3x25_1_mean_relative.png,6.0009765625
Dense5x60,Dense3x25,1,second_place_relative,8,Dense3x25_1_second_place_relative.png,1.5234375
Dense5x60,Dense3x25,3,independent,3,Dense3x25_3_independent.png,13.8623046875
Dense5x60,Dense3x25,3,mean_relative,3,Dense3x25_3_mean_relative.png,14.9609375
Dense5x60,Dense3x25,3,second_place_relative,3,Dense3x25_3_second_place_relative.png,12.548828125
Dense5x60,Dense3x30,0,independent,0,Dense3x30_0_independent.png,8.5546875
Dense5x60,Dense3x30,0,mean_relative,0,Dense3x30_0_mean_relative.png,7.6171875
Dense5x60,Dense3x30,0,second_place_relative,0,Dense3x30_0_second_place_relative.png,8.7841796875
Dense5x60,Dense3x30,1,independent,3,Dense3x30_1_independent.png,0.48828125
Dense5x60,Dense3x30,1,mean_relative,3,Dense3x30_1_mean_relative.png,0.8251953125
Dense5x60,Dense3x30,1,second_place_relative,3,Dense3x30_1_second_place_relative.png,3.349609375
Dense5x60,Dense3x30,3,independent,3,Dense3x30_3_independent.png,14.1064453125
Dense5x60,Dense3x30,3,mean_relative,3,Dense3x30_3_mean_relative.png,15.25390625
Dense5x60,Dense3x30,3,second_place_relative,3,Dense3x30_3_second_place_relative.png,15.810546875
Dense5x60,Dense5x10,0,independent,3,Dense5x10_0_independent.png,7.16796875
Dense5x60,Dense5x10,0,mean_relative,3,Dense5x10_0_mean_relative.png,7.2119140625
Dense5x60,Dense5x10,0,second_place_relative,3,Dense5x10_0_second_place_relative.png,6.07421875
Dense5x60,Dense5x10,1,independent,8,Dense5x10_1_independent.png,3.681640625
Dense5x60,Dense5x10,1,mean_relative,6,Dense5x10_1_mean_relative.png,2.34375
Dense5x60,Dense5x10,1,second_place_relative,8,Dense5x10_1_second_place_relative.png,3.134765625
Dense5x60,Dense5x10,3,independent,5,Dense5x10_3_independent.png,3.8916015625
Dense5x60,Dense5x10,3,mean_relative,5,Dense5x10_3_mean_relative.png,1.6064453125
Dense5x60,Dense5x10,3,second_place_relative,5,Dense5x10_3_second_place_relative.png,5.888671875
Dense5x60,Dense5x15,0,independent,5,Dense5x15_0_independent.png,0.986328125
Dense5x60,Dense5x15,0,mean_relative,5,Dense5x15_0_mean_relative.png,4.6240234375
Dense5x60,Dense5x15,0,second_place_relative,3,Dense5x15_0_second_place_relative.png,0.166015625
Dense5x60,Dense5x15,1,independent,3,Dense5x15_1_independent.png,7.958984375
Dense5x60,Dense5x15,1,mean_relative,3,Dense5x15_1_mean_relative.png,8.3544921875
Dense5x60,Dense5x15,1,second_place_relative,3,Dense5x15_1_second_place_relative.png,6.728515625
Dense5x60,Dense5x15,3,independent,3,Dense5x15_3_independent.png,12.44140625
Dense5x60,Dense5x15,3,mean_relative,3,Dense5x15_3_mean_relative.png,14.8681640625
Dense5x60,Dense5x15,3,second_place_relative,3,Dense5x15_3_second_place_relative.png,14.580078125
Dense6x20,Dense1x25,0,independent,0,Dense1x25_0_independent.png,8.7841796875
Dense6x20,Dense1x25,0,mean_relative,0,Dense1x25_0_mean_relative.png,10.0146484375
Dense6x20,Dense1x25,0,second_place_relative,0,Dense1x25_0_second_place_relative.png,7.5390625
Dense6x20,Dense1x25,1,independent,1,Dense1x25_1_independent.png,4.5263671875
Dense6x20,Dense1x25,1,mean_relative,1,Dense1x25_1_mean_relative.png,0.01953125
Dense6x20,Dense1x25,1,second_place_relative,8,Dense1x25_1_second_place_relative.png,5.1904296875
Dense6x20,Dense1x25,3,independent,3,Dense1x25_3_independent.png,19.5849609375
Dense6x20,Dense1x25,3,mean_relative,3,Dense1x25_3_mean_relative.png,19.267578125
Dense6x20,Dense1x25,3,second_place_relative,3,Dense1x25_3_second_place_relative.png,17.265625
Dense6x20,Dense1x60,0,independent,0,Dense1x60_0_independent.png,6.30859375
Dense6x20,Dense1x60,0,mean_relative,0,Dense1x60_0_mean_relative.png,1.0986328125
Dense6x20,Dense1x60,0,second_place_relative,0,Dense1x60_0_second_place_relative.png,6.4892578125
Dense6x20,Dense1x60,1,independent,2,Dense1x60_1_independent.png,3.4619140625
Dense6x20,Dense1x60,1,mean_relative,2,Dense1x60_1_mean_relative.png,3.8134765625
Dense6x20,Dense1x60,1,second_place_relative,1,Dense1x60_1_second_place_relative.png,3.8720703125
Dense6x20,Dense1x60,3,independent,3,Dense1x60_3_independent.png,20.302734375
Dense6x20,Dense1x60,3,mean_relative,3,Dense1x60_3_mean_relative.png,19.3896484375
Dense6x20,Dense1x60,3,second_place_relative,3,Dense1x60_3_second_place_relative.png,14.6875
Dense6x20,Dense1x65,0,independent,0,Dense1x65_0_independent.png,6.0009765625
Dense6x20,Dense1x65,0,mean_relative,0,Dense1x65_0_mean_relative.png,6.4208984375
Dense6x20,Dense1x65,0,second_place_relative,0,Dense1x65_0_second_place_relative.png,5.8544921875
Dense6x20,Dense1x65,1,independent,1,Dense1x65_1_independent.png,0.5517578125
Dense6x20,Dense1x65,1,mean_relative,2,Dense1x65_1_mean_relative.png,5.419921875
Dense6x20,Dense1x65,3,independent,3,Dense1x65_3_independent.png,16.7529296875
Dense6x20,Dense1x65,3,mean_relative,3,Dense1x65_3_mean_relative.png,16.435546875
Dense6x20,Dense1x65,3,second_place_relative,3,Dense1x65_3_second_place_relative.png,17.8759765625
Dense6x20,Dense2x20,0,independent,0,Dense2x20_0_independent.png,5.6396484375
Dense6x20,Dense2x20,0,mean_relative,0,Dense2x20_0_mean_relative.png,4.5751953125
Dense6x20,Dense2x20,0,second_place_relative,0,Dense2x20_0_second_place_relative.png,5.8544921875
Dense6x20,Dense2x20,1,independent,1,Dense2x20_1_independent.png,4.7705078125
Dense6x20,Dense2x20,1,mean_relative,2,Dense2x20_1_mean_relative.png,6.4111328125
Dense6x20,Dense2x20,1,second_place_relative,1,Dense2x20_1_second_place_relative.png,6.259765625
Dense6x20,Dense2x20,3,independent,3,Dense2x20_3_independent.png,20.6396484375
Dense6x20,Dense2x20,3,mean_relative,3,Dense2x20_3_mean_relative.png,20.0537109375
Dense6x20,Dense2x20,3,second_place_relative,3,Dense2x20_3_second_place_relative.png,17.1240234375
Dense6x20,Dense2x30,0,independent,0,Dense2x30_0_independent.png,3.3349609375
Dense6x20,Dense2x30,0,mean_relative,0,Dense2x30_0_mean_relative.png,3.6181640625
Dense6x20,Dense2x30,0,second_place_relative,0,Dense2x30_0_second_place_relative.png,3.232421875
Dense6x20,Dense2x30,1,independent,1,Dense2x30_1_independent.png,0.673828125
Dense6x20,Dense2x30,1,mean_relative,3,Dense2x30_1_mean_relative.png,1.9677734375
Dense6x20,Dense2x30,1,second_place_relative,1,Dense2x30_1_second_place_relative.png,1.259765625
Dense6x20,Dense2x30,3,independent,3,Dense2x30_3_independent.png,18.8427734375
Dense6x20,Dense2x30,3,mean_relative,3,Dense2x30_3_mean_relative.png,18.623046875
Dense6x20,Dense2x30,3,second_place_relative,3,Dense2x30_3_second_place_relative.png,17.470703125
Dense6x20,Dense3x20,0,independent,0,Dense3x20_0_independent.png,9.931640625
Dense6x20,Dense3x20,0,mean_relative,0,Dense3x20_0_mean_relative.png,9.8681640625
Dense6x20,Dense3x20,0,second_place_relative,0,Dense3x20_0_second_place_relative.png,3.2861328125
Dense6x20,Dense3x20,1,independent,2,Dense3x20_1_independent.png,6.552734375
Dense6x20,Dense3x20,1,mean_relative,2,Dense3x20_1_mean_relative.png,4.375
Dense6x20,Dense3x20,1,second_place_relative,1,Dense3x20_1_second_place_relative.png,1.5283203125
Dense6x20,Dense3x20,3,independent,3,Dense3x20_3_independent.png,12.36328125
Dense6x20,Dense3x20,3,mean_relative,3,Dense3x20_3_mean_relative.png,12.7880859375
Dense6x20,Dense3x20,3,second_place_relative,3,Dense3x20_3_second_place_relative.png,2.3779296875
Dense6x20,Dense3x25,0,independent,0,Dense3x25_0_independent.png,4.6337890625
Dense6x20,Dense3x25,0,mean_relative,0,Dense3x25_0_mean_relative.png,3.4912109375
Dense6x20,Dense3x25,0,second_place_relative,0,Dense3x25_0_second_place_relative.png,4.1796875
Dense6x20,Dense3x25,1,independent,8,Dense3x25_1_independent.png,0.1171875
Dense6x20,Dense3x25,1,mean_relative,3,Dense3x25_1_mean_relative.png,7.1630859375
Dense6x20,Dense3x25,1,second_place_relative,8,Dense3x25_1_second_place_relative.png,3.84765625
Dense6x20,Dense3x25,3,independent,3,Dense3x25_3_independent.png,13.447265625
Dense6x20,Dense3x25,3,mean_relative,3,Dense3x25_3_mean_relative.png,15.2197265625
Dense6x20,Dense3x25,3,second_place_relative,3,Dense3x25_3_second_place_relative.png,12.67578125
Dense6x20,Dense3x30,0,independent,6,Dense3x30_0_independent.png,0.8203125
Dense6x20,Dense3x30,0,mean_relative,0,Dense3x30_0_mean_relative.png,1.015625
Dense6x20,Dense3x30,0,second_place_relative,6,Dense3x30_0_second_place_relative.png,1.81640625
Dense6x20,Dense3x30,1,independent,2,Dense3x30_1_independent.png,4.4091796875
Dense6x20,Dense3x30,1,mean_relative,2,Dense3x30_1_mean_relative.png,4.23828125
Dense6x20,Dense3x30,1,second_place_relative,8,Dense3x30_1_second_place_relative.png,0.01953125
Dense6x20,Dense3x30,3,independent,3,Dense3x30_3_independent.png,19.9609375
Dense6x20,Dense3x30,3,mean_relative,3,Dense3x30_3_mean_relative.png,17.9150390625
Dense6x20,Dense3x30,3,second_place_relative,3,Dense3x30_3_second_place_relative.png,19.5068359375
Dense6x20,Dense5x10,0,independent,5,Dense5x10_0_independent.png,7.4853515625
Dense6x20,Dense5x10,0,mean_relative,5,Dense5x10_0_mean_relative.png,7.6904296875
Dense6x20,Dense5x10,0,second_place_relative,5,Dense5x10_0_second_place_relative.png,6.9384765625
Dense6x20,Dense5x10,1,independent,4,Dense5x10_1_independent.png,0.029296875
Dense6x20,Dense5x10,1,mean_relative,6,Dense5x10_1_mean_relative.png,7.2265625
Dense6x20,Dense5x10,1,second_place_relative,4,Dense5x10_1_second_place_relative.png,3.056640625
Dense6x20,Dense5x10,3,independent,5,Dense5x10_3_independent.png,0.068359375
Dense6x20,Dense5x10,3,mean_relative,5,Dense5x10_3_mean_relative.png,3.5107421875
Dense6x20,Dense5x10,3,second_place_relative,3,Dense5x10_3_second_place_relative.png,6.6357421875
Dense6x20,Dense5x15,0,independent,3,Dense5x15_0_independent.png,5.322265625
Dense6x20,Dense5x15,0,mean_relative,3,Dense5x15_0_mean_relative.png,6.103515625
Dense6x20,Dense5x15,0,second_place_relative,2,Dense5x15_0_second_place_relative.png,2.5341796875
Dense6x20,Dense5x15,1,independent,3,Dense5x15_1_independent.png,13.662109375
Dense6x20,Dense5x15,1,mean_relative,3,Dense5x15_1_mean_relative.png,14.0283203125
Dense6x20,Dense5x15,1,second_place_relative,3,Dense5x15_1_second_place_relative.png,12.392578125
Dense6x20,Dense5x15,3,independent,3,Dense5x15_3_independent.png,16.0595703125
Dense6x20,Dense5x15,3,mean_relative,3,Dense5x15_3_mean_relative.png,19.1455078125
Dense6x20,Dense5x15,3,second_place_relative,3,Dense5x15_3_second_place_relative.png,19.9609375
