testing_network,filename,source,target_class,variation,predicted_class,fastlin_eps
Dense1x15,PCA_Exp2_0_var0.png,Exp2,0,var0,0,18.2421875
Dense1x15,PCA_Exp2_0_var1.png,Exp2,0,var1,0,19.560546875
Dense1x15,PCA_Exp2_0_var2.png,Exp2,0,var2,0,18.4814453125
Dense1x15,PCA_Exp2_0_var3.png,Exp2,0,var3,0,16.376953125
Dense1x15,PCA_Exp2_0_var4.png,Exp2,0,var4,0,14.2138671875
Dense1x15,PCA_Exp2_1_var0.png,Exp2,1,var0,1,6.220703125
Dense1x15,PCA_Exp2_1_var1.png,Exp2,1,var1,1,3.759765625
Dense1x15,PCA_Exp2_1_var2.png,Exp2,1,var2,2,1.2939453125
Dense1x15,PCA_Exp2_1_var3.png,Exp2,1,var3,3,0.44921875
Dense1x15,PCA_Exp2_1_var4.png,Exp2,1,var4,3,3.173828125
Dense1x15,PCA_Exp2_3_var0.png,Exp2,3,var0,3,28.3447265625
Dense1x15,PCA_Exp2_3_var1.png,Exp2,3,var1,3,25.8642578125
Dense1x15,PCA_Exp2_3_var2.png,Exp2,3,var2,3,21.26953125
Dense1x15,PCA_Exp2_3_var3.png,Exp2,3,var3,3,16.533203125
Dense1x15,PCA_Exp2_3_var4.png,Exp2,3,var4,3,11.9384765625
Dense1x15,PCA_MNIST_0_var0.png,MNIST,0,var0,0,7.802734375
Dense1x15,PCA_MNIST_0_var1.png,MNIST,0,var1,0,9.3701171875
Dense1x15,PCA_MNIST_0_var2.png,MNIST,0,var2,0,8.2373046875
Dense1x15,PCA_MNIST_0_var3.png,MNIST,0,var3,0,6.6357421875
Dense1x15,PCA_MNIST_0_var4.png,MNIST,0,var4,0,4.5361328125
Dense1x15,PCA_MNIST_1_var0.png,MNIST,1,var0,1,4.4775390625
Dense1x15,PCA_MNIST_1_var1.png,MNIST,1,var1,1,5.126953125
Dense1x15,PCA_MNIST_1_var2.png,MNIST,1,var2,1,4.5849609375
Dense1x15,PCA_MNIST_1_var3.png,MNIST,1,var3,1,4.130859375
Dense1x15,PCA_MNIST_1_var4.png,MNIST,1,var4,1,2.91015625
Dense1x15,PCA_MNIST_3_var0.png,MNIST,3,var0,3,4.27734375
Dense1x15,PCA_MNIST_3_var1.png,MNIST,3,var1,3,5.5224609375
Dense1x15,PCA_MNIST_3_var2.png,MNIST,3,var2,3,5.8203125
Dense1x15,PCA_MNIST_3_var3.png,MNIST,3,var3,3,5.3076171875
Dense1x15,PCA_MNIST_3_var4.png,MNIST,3,var4,3,4.5556640625
Dense1x20,PCA_Exp2_0_var0.png,Exp2,0,var0,0,13.9111328125
Dense1x20,PCA_Exp2_0_var1.png,Exp2,0,var1,0,12.080078125
Dense1x20,PCA_Exp2_0_var2.png,Exp2,0,var2,0,8.701171875
Dense1x20,PCA_Exp2_0_var3.png,Exp2,0,var3,0,6.0888671875
Dense1x20,PCA_Exp2_0_var4.png,Exp2,0,var4,0,2.0458984375
Dense1x20,PCA_Exp2_1_var0.png,Exp2,1,var0,1,6.337890625
Dense1x20,PCA_Exp2_1_var1.png,Exp2,1,var1,1,5.3173828125
Dense1x20,PCA_Exp2_1_var2.png,Exp2,1,var2,2,0.0439453125
Dense1x20,PCA_Exp2_1_var3.png,Exp2,1,var3,3,0.4150390625
Dense1x20,PCA_Exp2_1_var4.png,Exp2,1,var4,3,0.60546875
Dense1x20,PCA_Exp2_3_var0.png,Exp2,3,var0,3,27.94921875
Dense1x20,PCA_Exp2_3_var1.png,Exp2,3,var1,3,25.654296875
Dense1x20,PCA_Exp2_3_var2.png,Exp2,3,var2,3,21.1962890625
Dense1x20,PCA_Exp2_3_var3.png,Exp2,3,var3,3,16.4892578125
Dense1x20,PCA_Exp2_3_var4.png,Exp2,3,var4,3,11.9384765625
Dense1x20,PCA_MNIST_0_var0.png,MNIST,0,var0,0,6.23046875
Dense1x20,PCA_MNIST_0_var1.png,MNIST,0,var1,0,8.0224609375
Dense1x20,PCA_MNIST_0_var2.png,MNIST,0,var2,0,7.4853515625
Dense1x20,PCA_MNIST_0_var3.png,MNIST,0,var3,0,6.4990234375
Dense1x20,PCA_MNIST_0_var4.png,MNIST,0,var4,0,4.6875
Dense1x20,PCA_MNIST_1_var0.png,MNIST,1,var0,1,4.2431640625
Dense1x20,PCA_MNIST_1_var1.png,MNIST,1,var1,1,4.98046875
Dense1x20,PCA_MNIST_1_var2.png,MNIST,1,var2,1,4.736328125
Dense1x20,PCA_MNIST_1_var3.png,MNIST,1,var3,1,3.8427734375
Dense1x20,PCA_MNIST_1_var4.png,MNIST,1,var4,1,2.48046875
Dense1x20,PCA_MNIST_3_var0.png,MNIST,3,var0,3,4.9365234375
Dense1x20,PCA_MNIST_3_var1.png,MNIST,3,var1,3,6.1767578125
Dense1x20,PCA_MNIST_3_var2.png,MNIST,3,var2,3,6.2841796875
Dense1x20,PCA_MNIST_3_var3.png,MNIST,3,var3,3,5.7763671875
Dense1x20,PCA_MNIST_3_var4.png,MNIST,3,var4,3,4.8876953125
Dense1x25,PCA_Exp2_0_var0.png,Exp2,0,var0,0,14.6240234375
Dense1x25,PCA_Exp2_0_var1.png,Exp2,0,var1,0,12.3193359375
Dense1x25,PCA_Exp2_0_var2.png,Exp2,0,var2,0,8.310546875
Dense1x25,PCA_Exp2_0_var3.png,Exp2,0,var3,0,4.2138671875
Dense1x25,PCA_Exp2_0_var4.png,Exp2,0,var4,0,0.0390625
Dense1x25,PCA_Exp2_1_var0.png,Exp2,1,var0,1,7.822265625
Dense1x25,PCA_Exp2_1_var1.png,Exp2,1,var1,1,5.4443359375
Dense1x25,PCA_Exp2_1_var2.png,Exp2,1,var2,3,4.2578125
Dense1x25,PCA_Exp2_1_var3.png,Exp2,1,var3,3,6.1669921875
Dense1x25,PCA_Exp2_1_var4.png,Exp2,1,var4,3,7.109375
Dense1x25,PCA_Exp2_3_var0.png,Exp2,3,var0,3,28.7353515625
Dense1x25,PCA_Exp2_3_var1.png,Exp2,3,var1,3,27.01171875
Dense1x25,PCA_Exp2_3_var2.png,Exp2,3,var2,3,23.5546875
Dense1x25,PCA_Exp2_3_var3.png,Exp2,3,var3,3,20.3369140625
Dense1x25,PCA_Exp2_3_var4.png,Exp2,3,var4,3,17.7197265625
Dense1x25,PCA_MNIST_0_var0.png,MNIST,0,var0,0,5.7763671875
Dense1x25,PCA_MNIST_0_var1.png,MNIST,0,var1,0,7.5146484375
Dense1x25,PCA_MNIST_0_var2.png,MNIST,0,var2,0,7.1826171875
Dense1x25,PCA_MNIST_0_var3.png,MNIST,0,var3,0,5.771484375
Dense1x25,PCA_MNIST_0_var4.png,MNIST,0,var4,0,3.837890625
Dense1x25,PCA_MNIST_1_var0.png,MNIST,1,var0,1,3.994140625
Dense1x25,PCA_MNIST_1_var1.png,MNIST,1,var1,1,4.228515625
Dense1x25,PCA_MNIST_1_var2.png,MNIST,1,var2,1,4.2919921875
Dense1x25,PCA_MNIST_1_var3.png,MNIST,1,var3,1,3.9697265625
Dense1x25,PCA_MNIST_1_var4.png,MNIST,1,var4,1,3.203125
Dense1x25,PCA_MNIST_3_var0.png,MNIST,3,var0,3,4.8583984375
Dense1x25,PCA_MNIST_3_var1.png,MNIST,3,var1,3,5.25390625
Dense1x25,PCA_MNIST_3_var2.png,MNIST,3,var2,3,6.0302734375
Dense1x25,PCA_MNIST_3_var3.png,MNIST,3,var3,3,5.712890625
Dense1x25,PCA_MNIST_3_var4.png,MNIST,3,var4,3,4.86328125
Dense1x30,PCA_Exp2_0_var0.png,Exp2,0,var0,0,15.2880859375
Dense1x30,PCA_Exp2_0_var1.png,Exp2,0,var1,0,13.0615234375
Dense1x30,PCA_Exp2_0_var2.png,Exp2,0,var2,0,9.1015625
Dense1x30,PCA_Exp2_0_var3.png,Exp2,0,var3,0,4.3505859375
Dense1x30,PCA_Exp2_0_var4.png,Exp2,0,var4,5,1.6796875
Dense1x30,PCA_Exp2_1_var0.png,Exp2,1,var0,1,7.0751953125
Dense1x30,PCA_Exp2_1_var1.png,Exp2,1,var1,1,5.2685546875
Dense1x30,PCA_Exp2_1_var2.png,Exp2,1,var2,3,1.1669921875
Dense1x30,PCA_Exp2_1_var3.png,Exp2,1,var3,3,4.1650390625
Dense1x30,PCA_Exp2_1_var4.png,Exp2,1,var4,3,5.7958984375
Dense1x30,PCA_Exp2_3_var0.png,Exp2,3,var0,3,25.068359375
Dense1x30,PCA_Exp2_3_var1.png,Exp2,3,var1,3,23.30078125
Dense1x30,PCA_Exp2_3_var2.png,Exp2,3,var2,3,20.8056640625
Dense1x30,PCA_Exp2_3_var3.png,Exp2,3,var3,3,18.5791015625
Dense1x30,PCA_Exp2_3_var4.png,Exp2,3,var4,3,16.0888671875
Dense1x30,PCA_MNIST_0_var0.png,MNIST,0,var0,0,6.34765625
Dense1x30,PCA_MNIST_0_var1.png,MNIST,0,var1,0,7.7880859375
Dense1x30,PCA_MNIST_0_var2.png,MNIST,0,var2,0,7.12890625
Dense1x30,PCA_MNIST_0_var3.png,MNIST,0,var3,0,5.9912109375
Dense1x30,PCA_MNIST_0_var4.png,MNIST,0,var4,0,4.140625
Dense1x30,PCA_MNIST_1_var0.png,MNIST,1,var0,1,3.525390625
Dense1x30,PCA_MNIST_1_var1.png,MNIST,1,var1,1,4.130859375
Dense1x30,PCA_MNIST_1_var2.png,MNIST,1,var2,1,4.248046875
Dense1x30,PCA_MNIST_1_var3.png,MNIST,1,var3,1,4.2919921875
Dense1x30,PCA_MNIST_1_var4.png,MNIST,1,var4,1,3.1103515625
Dense1x30,PCA_MNIST_3_var0.png,MNIST,3,var0,3,4.98046875
Dense1x30,PCA_MNIST_3_var1.png,MNIST,3,var1,3,5.419921875
Dense1x30,PCA_MNIST_3_var2.png,MNIST,3,var2,3,5.556640625
Dense1x30,PCA_MNIST_3_var3.png,MNIST,3,var3,3,4.814453125
Dense1x30,PCA_MNIST_3_var4.png,MNIST,3,var4,3,3.896484375
Dense1x35,PCA_Exp2_0_var0.png,Exp2,0,var0,0,15.9423828125
Dense1x35,PCA_Exp2_0_var1.png,Exp2,0,var1,0,14.6337890625
Dense1x35,PCA_Exp2_0_var2.png,Exp2,0,var2,0,11.0107421875
Dense1x35,PCA_Exp2_0_var3.png,Exp2,0,var3,0,5.947265625
Dense1x35,PCA_Exp2_0_var4.png,Exp2,0,var4,0,0.732421875
Dense1x35,PCA_Exp2_1_var0.png,Exp2,1,var0,1,12.3974609375
Dense1x35,PCA_Exp2_1_var1.png,Exp2,1,var1,1,12.48046875
Dense1x35,PCA_Exp2_1_var2.png,Exp2,1,var2,1,9.619140625
Dense1x35,PCA_Exp2_1_var3.png,Exp2,1,var3,1,2.724609375
Dense1x35,PCA_Exp2_1_var4.png,Exp2,1,var4,3,4.6240234375
Dense1x35,PCA_Exp2_3_var0.png,Exp2,3,var0,3,27.2265625
Dense1x35,PCA_Exp2_3_var1.png,Exp2,3,var1,3,25.0048828125
Dense1x35,PCA_Exp2_3_var2.png,Exp2,3,var2,3,20.8544921875
Dense1x35,PCA_Exp2_3_var3.png,Exp2,3,var3,3,16.1474609375
Dense1x35,PCA_Exp2_3_var4.png,Exp2,3,var4,3,11.9677734375
Dense1x35,PCA_MNIST_0_var0.png,MNIST,0,var0,0,5.3662109375
Dense1x35,PCA_MNIST_0_var1.png,MNIST,0,var1,0,6.6748046875
Dense1x35,PCA_MNIST_0_var2.png,MNIST,0,var2,0,6.0791015625
Dense1x35,PCA_MNIST_0_var3.png,MNIST,0,var3,0,4.8486328125
Dense1x35,PCA_MNIST_0_var4.png,MNIST,0,var4,0,3.1494140625
Dense1x35,PCA_MNIST_1_var0.png,MNIST,1,var0,1,4.1748046875
Dense1x35,PCA_MNIST_1_var1.png,MNIST,1,var1,1,4.3505859375
Dense1x35,PCA_MNIST_1_var2.png,MNIST,1,var2,1,3.740234375
Dense1x35,PCA_MNIST_1_var3.png,MNIST,1,var3,1,3.3203125
Dense1x35,PCA_MNIST_1_var4.png,MNIST,1,var4,1,2.5634765625
Dense1x35,PCA_MNIST_3_var0.png,MNIST,3,var0,3,4.1015625
Dense1x35,PCA_MNIST_3_var1.png,MNIST,3,var1,3,5.1220703125
Dense1x35,PCA_MNIST_3_var2.png,MNIST,3,var2,3,5.7958984375
Dense1x35,PCA_MNIST_3_var3.png,MNIST,3,var3,3,5.6298828125
Dense1x35,PCA_MNIST_3_var4.png,MNIST,3,var4,3,4.9853515625
Dense1x40,PCA_Exp2_0_var0.png,Exp2,0,var0,0,15.2734375
Dense1x40,PCA_Exp2_0_var1.png,Exp2,0,var1,0,13.6181640625
Dense1x40,PCA_Exp2_0_var2.png,Exp2,0,var2,0,10.37109375
Dense1x40,PCA_Exp2_0_var3.png,Exp2,0,var3,0,6.3134765625
Dense1x40,PCA_Exp2_0_var4.png,Exp2,0,var4,0,0.5908203125
Dense1x40,PCA_Exp2_1_var0.png,Exp2,1,var0,1,7.0458984375
Dense1x40,PCA_Exp2_1_var1.png,Exp2,1,var1,1,5.87890625
Dense1x40,PCA_Exp2_1_var2.png,Exp2,1,var2,1,1.5966796875
Dense1x40,PCA_Exp2_1_var3.png,Exp2,1,var3,2,1.630859375
Dense1x40,PCA_Exp2_1_var4.png,Exp2,1,var4,2,1.2841796875
Dense1x40,PCA_Exp2_3_var0.png,Exp2,3,var0,3,24.1748046875
Dense1x40,PCA_Exp2_3_var1.png,Exp2,3,var1,3,22.1728515625
Dense1x40,PCA_Exp2_3_var2.png,Exp2,3,var2,3,18.4033203125
Dense1x40,PCA_Exp2_3_var3.png,Exp2,3,var3,3,14.6923828125
Dense1x40,PCA_Exp2_3_var4.png,Exp2,3,var4,3,11.93359375
Dense1x40,PCA_MNIST_0_var0.png,MNIST,0,var0,0,5.09765625
Dense1x40,PCA_MNIST_0_var1.png,MNIST,0,var1,0,6.6259765625
Dense1x40,PCA_MNIST_0_var2.png,MNIST,0,var2,0,6.6943359375
Dense1x40,PCA_MNIST_0_var3.png,MNIST,0,var3,0,6.0107421875
Dense1x40,PCA_MNIST_0_var4.png,MNIST,0,var4,0,4.1259765625
Dense1x40,PCA_MNIST_1_var0.png,MNIST,1,var0,1,3.7353515625
Dense1x40,PCA_MNIST_1_var1.png,MNIST,1,var1,1,4.1357421875
Dense1x40,PCA_MNIST_1_var2.png,MNIST,1,var2,1,4.0673828125
Dense1x40,PCA_MNIST_1_var3.png,MNIST,1,var3,1,3.9794921875
Dense1x40,PCA_MNIST_1_var4.png,MNIST,1,var4,1,3.49609375
Dense1x40,PCA_MNIST_3_var0.png,MNIST,3,var0,3,4.9267578125
Dense1x40,PCA_MNIST_3_var1.png,MNIST,3,var1,3,5.517578125
Dense1x40,PCA_MNIST_3_var2.png,MNIST,3,var2,3,6.58203125
Dense1x40,PCA_MNIST_3_var3.png,MNIST,3,var3,3,5.9375
Dense1x40,PCA_MNIST_3_var4.png,MNIST,3,var4,3,4.697265625
Dense1x45,PCA_Exp2_0_var0.png,Exp2,0,var0,0,11.8896484375
Dense1x45,PCA_Exp2_0_var1.png,Exp2,0,var1,0,10.3515625
Dense1x45,PCA_Exp2_0_var2.png,Exp2,0,var2,0,7.6123046875
Dense1x45,PCA_Exp2_0_var3.png,Exp2,0,var3,0,4.013671875
Dense1x45,PCA_Exp2_0_var4.png,Exp2,0,var4,0,0.654296875
Dense1x45,PCA_Exp2_1_var0.png,Exp2,1,var0,1,10.3173828125
Dense1x45,PCA_Exp2_1_var1.png,Exp2,1,var1,1,7.1044921875
Dense1x45,PCA_Exp2_1_var2.png,Exp2,1,var2,3,0.1611328125
Dense1x45,PCA_Exp2_1_var3.png,Exp2,1,var3,3,3.3447265625
Dense1x45,PCA_Exp2_1_var4.png,Exp2,1,var4,3,3.349609375
Dense1x45,PCA_Exp2_3_var0.png,Exp2,3,var0,3,24.892578125
Dense1x45,PCA_Exp2_3_var1.png,Exp2,3,var1,3,22.91015625
Dense1x45,PCA_Exp2_3_var2.png,Exp2,3,var2,3,18.5595703125
Dense1x45,PCA_Exp2_3_var3.png,Exp2,3,var3,3,14.4677734375
Dense1x45,PCA_Exp2_3_var4.png,Exp2,3,var4,3,10.3466796875
Dense1x45,PCA_MNIST_0_var0.png,MNIST,0,var0,0,5.44921875
Dense1x45,PCA_MNIST_0_var1.png,MNIST,0,var1,0,6.58203125
Dense1x45,PCA_MNIST_0_var2.png,MNIST,0,var2,0,5.703125
Dense1x45,PCA_MNIST_0_var3.png,MNIST,0,var3,0,4.8291015625
Dense1x45,PCA_MNIST_0_var4.png,MNIST,0,var4,0,3.3642578125
Dense1x45,PCA_MNIST_1_var0.png,MNIST,1,var0,1,4.4580078125
Dense1x45,PCA_MNIST_1_var1.png,MNIST,1,var1,1,4.453125
Dense1x45,PCA_MNIST_1_var2.png,MNIST,1,var2,1,3.4814453125
Dense1x45,PCA_MNIST_1_var3.png,MNIST,1,var3,1,3.1494140625
Dense1x45,PCA_MNIST_1_var4.png,MNIST,1,var4,1,2.9248046875
Dense1x45,PCA_MNIST_3_var0.png,MNIST,3,var0,3,4.4140625
Dense1x45,PCA_MNIST_3_var1.png,MNIST,3,var1,3,4.365234375
Dense1x45,PCA_MNIST_3_var2.png,MNIST,3,var2,3,4.140625
Dense1x45,PCA_MNIST_3_var3.png,MNIST,3,var3,3,3.994140625
Dense1x45,PCA_MNIST_3_var4.png,MNIST,3,var4,3,3.4423828125
Dense1x50,PCA_Exp2_0_var0.png,Exp2,0,var0,0,15.771484375
Dense1x50,PCA_Exp2_0_var1.png,Exp2,0,var1,0,13.88671875
Dense1x50,PCA_Exp2_0_var2.png,Exp2,0,var2,0,10.3662109375
Dense1x50,PCA_Exp2_0_var3.png,Exp2,0,var3,0,5.673828125
Dense1x50,PCA_Exp2_0_var4.png,Exp2,0,var4,0,0.302734375
Dense1x50,PCA_Exp2_1_var0.png,Exp2,1,var0,1,8.2958984375
Dense1x50,PCA_Exp2_1_var1.png,Exp2,1,var1,1,7.314453125
Dense1x50,PCA_Exp2_1_var2.png,Exp2,1,var2,1,5.6982421875
Dense1x50,PCA_Exp2_1_var3.png,Exp2,1,var3,1,1.8359375
Dense1x50,PCA_Exp2_1_var4.png,Exp2,1,var4,3,3.0126953125
Dense1x50,PCA_Exp2_3_var0.png,Exp2,3,var0,3,22.5634765625
Dense1x50,PCA_Exp2_3_var1.png,Exp2,3,var1,3,20.751953125
Dense1x50,PCA_Exp2_3_var2.png,Exp2,3,var2,3,18.3056640625
Dense1x50,PCA_Exp2_3_var3.png,Exp2,3,var3,3,15.9765625
Dense1x50,PCA_Exp2_3_var4.png,Exp2,3,var4,3,14.0869140625
Dense1x50,PCA_MNIST_0_var0.png,MNIST,0,var0,0,6.5234375
Dense1x50,PCA_MNIST_0_var1.png,MNIST,0,var1,0,8.1103515625
Dense1x50,PCA_MNIST_0_var2.png,MNIST,0,var2,0,7.36328125
Dense1x50,PCA_MNIST_0_var3.png,MNIST,0,var3,0,6.044921875
Dense1x50,PCA_MNIST_0_var4.png,MNIST,0,var4,0,4.3359375
Dense1x50,PCA_MNIST_1_var0.png,MNIST,1,var0,1,4.1552734375
Dense1x50,PCA_MNIST_1_var1.png,MNIST,1,var1,1,4.1357421875
Dense1x50,PCA_MNIST_1_var2.png,MNIST,1,var2,1,3.8525390625
Dense1x50,PCA_MNIST_1_var3.png,MNIST,1,var3,1,3.5205078125
Dense1x50,PCA_MNIST_1_var4.png,MNIST,1,var4,1,2.87109375
Dense1x50,PCA_MNIST_3_var0.png,MNIST,3,var0,3,4.9267578125
Dense1x50,PCA_MNIST_3_var1.png,MNIST,3,var1,3,5.4052734375
Dense1x50,PCA_MNIST_3_var2.png,MNIST,3,var2,3,5.9423828125
Dense1x50,PCA_MNIST_3_var3.png,MNIST,3,var3,3,5.185546875
Dense1x50,PCA_MNIST_3_var4.png,MNIST,3,var4,3,4.140625
Dense1x55,PCA_Exp2_0_var0.png,Exp2,0,var0,0,14.7802734375
Dense1x55,PCA_Exp2_0_var1.png,Exp2,0,var1,0,14.2041015625
Dense1x55,PCA_Exp2_0_var2.png,Exp2,0,var2,0,10.15625
Dense1x55,PCA_Exp2_0_var3.png,Exp2,0,var3,0,5.1806640625
Dense1x55,PCA_Exp2_0_var4.png,Exp2,0,var4,5,0.7861328125
Dense1x55,PCA_Exp2_1_var0.png,Exp2,1,var0,1,8.8232421875
Dense1x55,PCA_Exp2_1_var1.png,Exp2,1,var1,1,8.53515625
Dense1x55,PCA_Exp2_1_var2.png,Exp2,1,var2,1,2.5732421875
Dense1x55,PCA_Exp2_1_var3.png,Exp2,1,var3,3,4.482421875
Dense1x55,PCA_Exp2_1_var4.png,Exp2,1,var4,3,4.5263671875
Dense1x55,PCA_Exp2_3_var0.png,Exp2,3,var0,3,28.1494140625
Dense1x55,PCA_Exp2_3_var1.png,Exp2,3,var1,3,26.4013671875
Dense1x55,PCA_Exp2_3_var2.png,Exp2,3,var2,3,22.1728515625
Dense1x55,PCA_Exp2_3_var3.png,Exp2,3,var3,3,17.2119140625
Dense1x55,PCA_Exp2_3_var4.png,Exp2,3,var4,3,12.197265625
Dense1x55,PCA_MNIST_0_var0.png,MNIST,0,var0,0,5.693359375
Dense1x55,PCA_MNIST_0_var1.png,MNIST,0,var1,0,7.4609375
Dense1x55,PCA_MNIST_0_var2.png,MNIST,0,var2,0,7.470703125
Dense1x55,PCA_MNIST_0_var3.png,MNIST,0,var3,0,6.689453125
Dense1x55,PCA_MNIST_0_var4.png,MNIST,0,var4,0,4.74609375
Dense1x55,PCA_MNIST_1_var0.png,MNIST,1,var0,1,4.0771484375
Dense1x55,PCA_MNIST_1_var1.png,MNIST,1,var1,1,4.1943359375
Dense1x55,PCA_MNIST_1_var2.png,MNIST,1,var2,1,4.0185546875
Dense1x55,PCA_MNIST_1_var3.png,MNIST,1,var3,1,4.560546875
Dense1x55,PCA_MNIST_1_var4.png,MNIST,1,var4,1,4.0625
Dense1x55,PCA_MNIST_3_var0.png,MNIST,3,var0,3,4.5654296875
Dense1x55,PCA_MNIST_3_var1.png,MNIST,3,var1,3,5.3271484375
Dense1x55,PCA_MNIST_3_var2.png,MNIST,3,var2,3,5.9423828125
Dense1x55,PCA_MNIST_3_var3.png,MNIST,3,var3,3,5.3564453125
Dense1x55,PCA_MNIST_3_var4.png,MNIST,3,var4,3,4.3359375
Dense1x60,PCA_Exp2_0_var0.png,Exp2,0,var0,0,14.6923828125
Dense1x60,PCA_Exp2_0_var1.png,Exp2,0,var1,0,12.8857421875
Dense1x60,PCA_Exp2_0_var2.png,Exp2,0,var2,0,9.6875
Dense1x60,PCA_Exp2_0_var3.png,Exp2,0,var3,0,5.703125
Dense1x60,PCA_Exp2_0_var4.png,Exp2,0,var4,0,1.0546875
Dense1x60,PCA_Exp2_1_var0.png,Exp2,1,var0,1,6.9677734375
Dense1x60,PCA_Exp2_1_var1.png,Exp2,1,var1,1,7.8173828125
Dense1x60,PCA_Exp2_1_var2.png,Exp2,1,var2,1,3.8818359375
Dense1x60,PCA_Exp2_1_var3.png,Exp2,1,var3,3,4.1064453125
Dense1x60,PCA_Exp2_1_var4.png,Exp2,1,var4,3,7.5048828125
Dense1x60,PCA_Exp2_3_var0.png,Exp2,3,var0,3,24.6533203125
Dense1x60,PCA_Exp2_3_var1.png,Exp2,3,var1,3,22.7880859375
Dense1x60,PCA_Exp2_3_var2.png,Exp2,3,var2,3,19.5751953125
Dense1x60,PCA_Exp2_3_var3.png,Exp2,3,var3,3,16.3134765625
Dense1x60,PCA_Exp2_3_var4.png,Exp2,3,var4,3,13.9990234375
Dense1x60,PCA_MNIST_0_var0.png,MNIST,0,var0,0,5.5810546875
Dense1x60,PCA_MNIST_0_var1.png,MNIST,0,var1,0,7.1435546875
Dense1x60,PCA_MNIST_0_var2.png,MNIST,0,var2,0,6.845703125
Dense1x60,PCA_MNIST_0_var3.png,MNIST,0,var3,0,5.5859375
Dense1x60,PCA_MNIST_0_var4.png,MNIST,0,var4,0,3.9599609375
Dense1x60,PCA_MNIST_1_var0.png,MNIST,1,var0,1,3.9599609375
Dense1x60,PCA_MNIST_1_var1.png,MNIST,1,var1,1,4.1259765625
Dense1x60,PCA_MNIST_1_var2.png,MNIST,1,var2,1,3.37890625
Dense1x60,PCA_MNIST_1_var3.png,MNIST,1,var3,1,3.8525390625
Dense1x60,PCA_MNIST_1_var4.png,MNIST,1,var4,1,3.8671875
Dense1x60,PCA_MNIST_3_var0.png,MNIST,3,var0,3,4.90234375
Dense1x60,PCA_MNIST_3_var1.png,MNIST,3,var1,3,4.716796875
Dense1x60,PCA_MNIST_3_var2.png,MNIST,3,var2,3,5.126953125
Dense1x60,PCA_MNIST_3_var3.png,MNIST,3,var3,3,4.7412109375
Dense1x60,PCA_MNIST_3_var4.png,MNIST,3,var4,3,3.7353515625
Dense1x65,PCA_Exp2_0_var0.png,Exp2,0,var0,0,13.1884765625
Dense1x65,PCA_Exp2_0_var1.png,Exp2,0,var1,0,10.947265625
Dense1x65,PCA_Exp2_0_var2.png,Exp2,0,var2,0,7.36328125
Dense1x65,PCA_Exp2_0_var3.png,Exp2,0,var3,0,2.4951171875
Dense1x65,PCA_Exp2_0_var4.png,Exp2,0,var4,5,3.1591796875
Dense1x65,PCA_Exp2_1_var0.png,Exp2,1,var0,1,9.4970703125
Dense1x65,PCA_Exp2_1_var1.png,Exp2,1,var1,1,9.2724609375
Dense1x65,PCA_Exp2_1_var2.png,Exp2,1,var2,1,4.47265625
Dense1x65,PCA_Exp2_1_var3.png,Exp2,1,var3,3,3.9404296875
Dense1x65,PCA_Exp2_1_var4.png,Exp2,1,var4,3,5.4541015625
Dense1x65,PCA_Exp2_3_var0.png,Exp2,3,var0,3,25.693359375
Dense1x65,PCA_Exp2_3_var1.png,Exp2,3,var1,3,24.6435546875
Dense1x65,PCA_Exp2_3_var2.png,Exp2,3,var2,3,23.1103515625
Dense1x65,PCA_Exp2_3_var3.png,Exp2,3,var3,3,19.921875
Dense1x65,PCA_Exp2_3_var4.png,Exp2,3,var4,3,16.3720703125
Dense1x65,PCA_MNIST_0_var0.png,MNIST,0,var0,0,4.765625
Dense1x65,PCA_MNIST_0_var1.png,MNIST,0,var1,0,6.1572265625
Dense1x65,PCA_MNIST_0_var2.png,MNIST,0,var2,0,6.0888671875
Dense1x65,PCA_MNIST_0_var3.png,MNIST,0,var3,0,5.283203125
Dense1x65,PCA_MNIST_0_var4.png,MNIST,0,var4,0,3.505859375
Dense1x65,PCA_MNIST_1_var0.png,MNIST,1,var0,1,3.8232421875
Dense1x65,PCA_MNIST_1_var1.png,MNIST,1,var1,1,4.21875
Dense1x65,PCA_MNIST_1_var2.png,MNIST,1,var2,1,3.896484375
Dense1x65,PCA_MNIST_1_var3.png,MNIST,1,var3,1,3.88671875
Dense1x65,PCA_MNIST_1_var4.png,MNIST,1,var4,1,3.37890625
Dense1x65,PCA_MNIST_3_var0.png,MNIST,3,var0,3,4.2236328125
Dense1x65,PCA_MNIST_3_var1.png,MNIST,3,var1,3,4.5068359375
Dense1x65,PCA_MNIST_3_var2.png,MNIST,3,var2,3,5.185546875
Dense1x65,PCA_MNIST_3_var3.png,MNIST,3,var3,3,4.833984375
Dense1x65,PCA_MNIST_3_var4.png,MNIST,3,var4,3,3.984375
Dense1x70,PCA_Exp2_0_var0.png,Exp2,0,var0,0,13.701171875
Dense1x70,PCA_Exp2_0_var1.png,Exp2,0,var1,0,13.9599609375
Dense1x70,PCA_Exp2_0_var2.png,Exp2,0,var2,0,10.6982421875
Dense1x70,PCA_Exp2_0_var3.png,Exp2,0,var3,0,6.25
Dense1x70,PCA_Exp2_0_var4.png,Exp2,0,var4,0,0.361328125
Dense1x70,PCA_Exp2_1_var0.png,Exp2,1,var0,1,8.8037109375
Dense1x70,PCA_Exp2_1_var1.png,Exp2,1,var1,1,6.3525390625
Dense1x70,PCA_Exp2_1_var2.png,Exp2,1,var2,1,2.3193359375
Dense1x70,PCA_Exp2_1_var3.png,Exp2,1,var3,3,3.4228515625
Dense1x70,PCA_Exp2_1_var4.png,Exp2,1,var4,3,5.224609375
Dense1x70,PCA_Exp2_3_var0.png,Exp2,3,var0,3,27.7685546875
Dense1x70,PCA_Exp2_3_var1.png,Exp2,3,var1,3,26.6162109375
Dense1x70,PCA_Exp2_3_var2.png,Exp2,3,var2,3,24.4580078125
Dense1x70,PCA_Exp2_3_var3.png,Exp2,3,var3,3,21.4892578125
Dense1x70,PCA_Exp2_3_var4.png,Exp2,3,var4,3,17.71484375
Dense1x70,PCA_MNIST_0_var0.png,MNIST,0,var0,0,5.87890625
Dense1x70,PCA_MNIST_0_var1.png,MNIST,0,var1,0,7.4755859375
Dense1x70,PCA_MNIST_0_var2.png,MNIST,0,var2,0,7.08984375
Dense1x70,PCA_MNIST_0_var3.png,MNIST,0,var3,0,6.2841796875
Dense1x70,PCA_MNIST_0_var4.png,MNIST,0,var4,0,4.6728515625
Dense1x70,PCA_MNIST_1_var0.png,MNIST,1,var0,1,4.04296875
Dense1x70,PCA_MNIST_1_var1.png,MNIST,1,var1,1,4.443359375
Dense1x70,PCA_MNIST_1_var2.png,MNIST,1,var2,1,4.00390625
Dense1x70,PCA_MNIST_1_var3.png,MNIST,1,var3,1,4.1064453125
Dense1x70,PCA_MNIST_1_var4.png,MNIST,1,var4,1,3.9697265625
Dense1x70,PCA_MNIST_3_var0.png,MNIST,3,var0,3,5.1123046875
Dense1x70,PCA_MNIST_3_var1.png,MNIST,3,var1,3,4.833984375
Dense1x70,PCA_MNIST_3_var2.png,MNIST,3,var2,3,5.517578125
Dense1x70,PCA_MNIST_3_var3.png,MNIST,3,var3,3,5.7666015625
Dense1x70,PCA_MNIST_3_var4.png,MNIST,3,var4,3,5.1611328125
Dense2x20,PCA_Exp2_0_var0.png,Exp2,0,var0,0,15.390625
Dense2x20,PCA_Exp2_0_var1.png,Exp2,0,var1,0,16.8798828125
Dense2x20,PCA_Exp2_0_var2.png,Exp2,0,var2,0,15.4296875
Dense2x20,PCA_Exp2_0_var3.png,Exp2,0,var3,0,13.720703125
Dense2x20,PCA_Exp2_0_var4.png,Exp2,0,var4,0,11.767578125
Dense2x20,PCA_Exp2_1_var0.png,Exp2,1,var0,1,8.65234375
Dense2x20,PCA_Exp2_1_var1.png,Exp2,1,var1,1,7.470703125
Dense2x20,PCA_Exp2_1_var2.png,Exp2,1,var2,1,5.166015625
Dense2x20,PCA_Exp2_1_var3.png,Exp2,1,var3,1,3.623046875
Dense2x20,PCA_Exp2_1_var4.png,Exp2,1,var4,2,0.224609375
Dense2x20,PCA_Exp2_3_var0.png,Exp2,3,var0,3,19.4970703125
Dense2x20,PCA_Exp2_3_var1.png,Exp2,3,var1,3,17.412109375
Dense2x20,PCA_Exp2_3_var2.png,Exp2,3,var2,3,12.3095703125
Dense2x20,PCA_Exp2_3_var3.png,Exp2,3,var3,3,6.9287109375
Dense2x20,PCA_Exp2_3_var4.png,Exp2,3,var4,3,2.060546875
Dense2x20,PCA_MNIST_0_var0.png,MNIST,0,var0,0,5.625
Dense2x20,PCA_MNIST_0_var1.png,MNIST,0,var1,0,6.728515625
Dense2x20,PCA_MNIST_0_var2.png,MNIST,0,var2,0,6.2744140625
Dense2x20,PCA_MNIST_0_var3.png,MNIST,0,var3,0,5.458984375
Dense2x20,PCA_MNIST_0_var4.png,MNIST,0,var4,0,4.013671875
Dense2x20,PCA_MNIST_1_var0.png,MNIST,1,var0,1,3.5791015625
Dense2x20,PCA_MNIST_1_var1.png,MNIST,1,var1,1,4.267578125
Dense2x20,PCA_MNIST_1_var2.png,MNIST,1,var2,1,3.7646484375
Dense2x20,PCA_MNIST_1_var3.png,MNIST,1,var3,1,3.5546875
Dense2x20,PCA_MNIST_1_var4.png,MNIST,1,var4,1,3.0517578125
Dense2x20,PCA_MNIST_3_var0.png,MNIST,3,var0,3,4.248046875
Dense2x20,PCA_MNIST_3_var1.png,MNIST,3,var1,3,4.6044921875
Dense2x20,PCA_MNIST_3_var2.png,MNIST,3,var2,3,4.912109375
Dense2x20,PCA_MNIST_3_var3.png,MNIST,3,var3,3,4.521484375
Dense2x20,PCA_MNIST_3_var4.png,MNIST,3,var4,3,3.779296875
Dense2x25,PCA_Exp2_0_var0.png,Exp2,0,var0,0,12.5048828125
Dense2x25,PCA_Exp2_0_var1.png,Exp2,0,var1,0,11.6455078125
Dense2x25,PCA_Exp2_0_var2.png,Exp2,0,var2,0,9.384765625
Dense2x25,PCA_Exp2_0_var3.png,Exp2,0,var3,0,5.76171875
Dense2x25,PCA_Exp2_0_var4.png,Exp2,0,var4,0,1.7724609375
Dense2x25,PCA_Exp2_1_var0.png,Exp2,1,var0,1,5.2099609375
Dense2x25,PCA_Exp2_1_var1.png,Exp2,1,var1,1,4.9755859375
Dense2x25,PCA_Exp2_1_var2.png,Exp2,1,var2,2,1.3232421875
Dense2x25,PCA_Exp2_1_var3.png,Exp2,1,var3,2,2.0458984375
Dense2x25,PCA_Exp2_1_var4.png,Exp2,1,var4,2,0.0927734375
Dense2x25,PCA_Exp2_3_var0.png,Exp2,3,var0,3,24.4384765625
Dense2x25,PCA_Exp2_3_var1.png,Exp2,3,var1,3,24.8583984375
Dense2x25,PCA_Exp2_3_var2.png,Exp2,3,var2,3,24.111328125
Dense2x25,PCA_Exp2_3_var3.png,Exp2,3,var3,3,22.1875
Dense2x25,PCA_Exp2_3_var4.png,Exp2,3,var4,3,19.3115234375
Dense2x25,PCA_MNIST_0_var0.png,MNIST,0,var0,0,5.8740234375
Dense2x25,PCA_MNIST_0_var1.png,MNIST,0,var1,0,6.9873046875
Dense2x25,PCA_MNIST_0_var2.png,MNIST,0,var2,0,6.2109375
Dense2x25,PCA_MNIST_0_var3.png,MNIST,0,var3,0,5.2783203125
Dense2x25,PCA_MNIST_0_var4.png,MNIST,0,var4,0,3.9208984375
Dense2x25,PCA_MNIST_1_var0.png,MNIST,1,var0,1,3.7939453125
Dense2x25,PCA_MNIST_1_var1.png,MNIST,1,var1,1,3.9794921875
Dense2x25,PCA_MNIST_1_var2.png,MNIST,1,var2,1,3.4521484375
Dense2x25,PCA_MNIST_1_var3.png,MNIST,1,var3,1,2.9931640625
Dense2x25,PCA_MNIST_1_var4.png,MNIST,1,var4,1,2.3828125
Dense2x25,PCA_MNIST_3_var0.png,MNIST,3,var0,3,4.9609375
Dense2x25,PCA_MNIST_3_var1.png,MNIST,3,var1,3,5.46875
Dense2x25,PCA_MNIST_3_var2.png,MNIST,3,var2,3,5.556640625
Dense2x25,PCA_MNIST_3_var3.png,MNIST,3,var3,3,4.98046875
Dense2x25,PCA_MNIST_3_var4.png,MNIST,3,var4,3,4.1796875
Dense2x30,PCA_Exp2_0_var0.png,Exp2,0,var0,0,11.708984375
Dense2x30,PCA_Exp2_0_var1.png,Exp2,0,var1,0,10.76171875
Dense2x30,PCA_Exp2_0_var2.png,Exp2,0,var2,0,8.6083984375
Dense2x30,PCA_Exp2_0_var3.png,Exp2,0,var3,0,5.9423828125
Dense2x30,PCA_Exp2_0_var4.png,Exp2,0,var4,0,2.3583984375
Dense2x30,PCA_Exp2_1_var0.png,Exp2,1,var0,1,10.9423828125
Dense2x30,PCA_Exp2_1_var1.png,Exp2,1,var1,1,9.912109375
Dense2x30,PCA_Exp2_1_var2.png,Exp2,1,var2,1,5.5859375
Dense2x30,PCA_Exp2_1_var3.png,Exp2,1,var3,3,2.1044921875
Dense2x30,PCA_Exp2_1_var4.png,Exp2,1,var4,3,9.7021484375
Dense2x30,PCA_Exp2_3_var0.png,Exp2,3,var0,3,28.3935546875
Dense2x30,PCA_Exp2_3_var1.png,Exp2,3,var1,3,28.0224609375
Dense2x30,PCA_Exp2_3_var2.png,Exp2,3,var2,3,26.0107421875
Dense2x30,PCA_Exp2_3_var3.png,Exp2,3,var3,3,23.076171875
Dense2x30,PCA_Exp2_3_var4.png,Exp2,3,var4,3,19.5166015625
Dense2x30,PCA_MNIST_0_var0.png,MNIST,0,var0,0,5.48828125
Dense2x30,PCA_MNIST_0_var1.png,MNIST,0,var1,0,6.69921875
Dense2x30,PCA_MNIST_0_var2.png,MNIST,0,var2,0,6.46484375
Dense2x30,PCA_MNIST_0_var3.png,MNIST,0,var3,0,5.3662109375
Dense2x30,PCA_MNIST_0_var4.png,MNIST,0,var4,0,3.92578125
Dense2x30,PCA_MNIST_1_var0.png,MNIST,1,var0,1,3.9111328125
Dense2x30,PCA_MNIST_1_var1.png,MNIST,1,var1,1,3.9794921875
Dense2x30,PCA_MNIST_1_var2.png,MNIST,1,var2,1,3.7841796875
Dense2x30,PCA_MNIST_1_var3.png,MNIST,1,var3,1,3.6376953125
Dense2x30,PCA_MNIST_1_var4.png,MNIST,1,var4,1,3.154296875
Dense2x30,PCA_MNIST_3_var0.png,MNIST,3,var0,3,4.4970703125
Dense2x30,PCA_MNIST_3_var1.png,MNIST,3,var1,3,5.2685546875
Dense2x30,PCA_MNIST_3_var2.png,MNIST,3,var2,3,5.9326171875
Dense2x30,PCA_MNIST_3_var3.png,MNIST,3,var3,3,5.5419921875
Dense2x30,PCA_MNIST_3_var4.png,MNIST,3,var4,3,4.609375
Dense2x35,PCA_Exp2_0_var0.png,Exp2,0,var0,0,10.9423828125
Dense2x35,PCA_Exp2_0_var1.png,Exp2,0,var1,0,11.2841796875
Dense2x35,PCA_Exp2_0_var2.png,Exp2,0,var2,0,10.1220703125
Dense2x35,PCA_Exp2_0_var3.png,Exp2,0,var3,0,7.16796875
Dense2x35,PCA_Exp2_0_var4.png,Exp2,0,var4,0,3.6572265625
Dense2x35,PCA_Exp2_1_var0.png,Exp2,1,var0,1,7.6904296875
Dense2x35,PCA_Exp2_1_var1.png,Exp2,1,var1,1,5.7275390625
Dense2x35,PCA_Exp2_1_var2.png,Exp2,1,var2,2,0.1025390625
Dense2x35,PCA_Exp2_1_var3.png,Exp2,1,var3,3,1.4208984375
Dense2x35,PCA_Exp2_1_var4.png,Exp2,1,var4,3,3.2763671875
Dense2x35,PCA_Exp2_3_var0.png,Exp2,3,var0,3,21.7529296875
Dense2x35,PCA_Exp2_3_var1.png,Exp2,3,var1,3,21.279296875
Dense2x35,PCA_Exp2_3_var2.png,Exp2,3,var2,3,19.21875
Dense2x35,PCA_Exp2_3_var3.png,Exp2,3,var3,3,17.041015625
Dense2x35,PCA_Exp2_3_var4.png,Exp2,3,var4,3,14.4677734375
Dense2x35,PCA_MNIST_0_var0.png,MNIST,0,var0,0,4.6875
Dense2x35,PCA_MNIST_0_var1.png,MNIST,0,var1,0,6.181640625
Dense2x35,PCA_MNIST_0_var2.png,MNIST,0,var2,0,6.11328125
Dense2x35,PCA_MNIST_0_var3.png,MNIST,0,var3,0,5.1025390625
Dense2x35,PCA_MNIST_0_var4.png,MNIST,0,var4,0,3.7353515625
Dense2x35,PCA_MNIST_1_var0.png,MNIST,1,var0,1,3.3837890625
Dense2x35,PCA_MNIST_1_var1.png,MNIST,1,var1,1,3.1640625
Dense2x35,PCA_MNIST_1_var2.png,MNIST,1,var2,1,2.8759765625
Dense2x35,PCA_MNIST_1_var3.png,MNIST,1,var3,1,3.02734375
Dense2x35,PCA_MNIST_1_var4.png,MNIST,1,var4,1,2.8173828125
Dense2x35,PCA_MNIST_3_var0.png,MNIST,3,var0,3,3.9111328125
Dense2x35,PCA_MNIST_3_var1.png,MNIST,3,var1,3,3.5205078125
Dense2x35,PCA_MNIST_3_var2.png,MNIST,3,var2,3,4.0087890625
Dense2x35,PCA_MNIST_3_var3.png,MNIST,3,var3,3,4.0625
Dense2x35,PCA_MNIST_3_var4.png,MNIST,3,var4,3,3.73046875
Dense2x40,PCA_Exp2_0_var0.png,Exp2,0,var0,0,11.845703125
Dense2x40,PCA_Exp2_0_var1.png,Exp2,0,var1,0,11.8896484375
Dense2x40,PCA_Exp2_0_var2.png,Exp2,0,var2,0,9.0966796875
Dense2x40,PCA_Exp2_0_var3.png,Exp2,0,var3,0,5.224609375
Dense2x40,PCA_Exp2_0_var4.png,Exp2,0,var4,0,0.64453125
Dense2x40,PCA_Exp2_1_var0.png,Exp2,1,var0,1,8.3447265625
Dense2x40,PCA_Exp2_1_var1.png,Exp2,1,var1,1,6.123046875
Dense2x40,PCA_Exp2_1_var2.png,Exp2,1,var2,1,0.0634765625
Dense2x40,PCA_Exp2_1_var3.png,Exp2,1,var3,3,2.2021484375
Dense2x40,PCA_Exp2_1_var4.png,Exp2,1,var4,3,4.27734375
Dense2x40,PCA_Exp2_3_var0.png,Exp2,3,var0,3,22.8857421875
Dense2x40,PCA_Exp2_3_var1.png,Exp2,3,var1,3,23.3544921875
Dense2x40,PCA_Exp2_3_var2.png,Exp2,3,var2,3,22.705078125
Dense2x40,PCA_Exp2_3_var3.png,Exp2,3,var3,3,20.869140625
Dense2x40,PCA_Exp2_3_var4.png,Exp2,3,var4,3,18.4765625
Dense2x40,PCA_MNIST_0_var0.png,MNIST,0,var0,0,4.638671875
Dense2x40,PCA_MNIST_0_var1.png,MNIST,0,var1,0,6.0986328125
Dense2x40,PCA_MNIST_0_var2.png,MNIST,0,var2,0,6.26953125
Dense2x40,PCA_MNIST_0_var3.png,MNIST,0,var3,0,5.29296875
Dense2x40,PCA_MNIST_0_var4.png,MNIST,0,var4,0,3.8818359375
Dense2x40,PCA_MNIST_1_var0.png,MNIST,1,var0,1,3.3544921875
Dense2x40,PCA_MNIST_1_var1.png,MNIST,1,var1,1,3.7255859375
Dense2x40,PCA_MNIST_1_var2.png,MNIST,1,var2,1,3.3349609375
Dense2x40,PCA_MNIST_1_var3.png,MNIST,1,var3,1,3.22265625
Dense2x40,PCA_MNIST_1_var4.png,MNIST,1,var4,1,2.490234375
Dense2x40,PCA_MNIST_3_var0.png,MNIST,3,var0,3,3.779296875
Dense2x40,PCA_MNIST_3_var1.png,MNIST,3,var1,3,4.31640625
Dense2x40,PCA_MNIST_3_var2.png,MNIST,3,var2,3,4.970703125
Dense2x40,PCA_MNIST_3_var3.png,MNIST,3,var3,3,4.1259765625
Dense2x40,PCA_MNIST_3_var4.png,MNIST,3,var4,3,3.3984375
Dense2x45,PCA_Exp2_0_var0.png,Exp2,0,var0,0,14.3017578125
Dense2x45,PCA_Exp2_0_var1.png,Exp2,0,var1,0,14.853515625
Dense2x45,PCA_Exp2_0_var2.png,Exp2,0,var2,0,13.076171875
Dense2x45,PCA_Exp2_0_var3.png,Exp2,0,var3,0,10.2978515625
Dense2x45,PCA_Exp2_0_var4.png,Exp2,0,var4,0,6.6259765625
Dense2x45,PCA_Exp2_1_var0.png,Exp2,1,var0,1,5.546875
Dense2x45,PCA_Exp2_1_var1.png,Exp2,1,var1,1,4.775390625
Dense2x45,PCA_Exp2_1_var2.png,Exp2,1,var2,2,0.3466796875
Dense2x45,PCA_Exp2_1_var3.png,Exp2,1,var3,3,2.0556640625
Dense2x45,PCA_Exp2_1_var4.png,Exp2,1,var4,3,3.5302734375
Dense2x45,PCA_Exp2_3_var0.png,Exp2,3,var0,3,26.4892578125
Dense2x45,PCA_Exp2_3_var1.png,Exp2,3,var1,3,25.888671875
Dense2x45,PCA_Exp2_3_var2.png,Exp2,3,var2,3,23.271484375
Dense2x45,PCA_Exp2_3_var3.png,Exp2,3,var3,3,20.1171875
Dense2x45,PCA_Exp2_3_var4.png,Exp2,3,var4,3,17.03125
Dense2x45,PCA_MNIST_0_var0.png,MNIST,0,var0,0,5.166015625
Dense2x45,PCA_MNIST_0_var1.png,MNIST,0,var1,0,6.748046875
Dense2x45,PCA_MNIST_0_var2.png,MNIST,0,var2,0,6.69921875
Dense2x45,PCA_MNIST_0_var3.png,MNIST,0,var3,0,5.9765625
Dense2x45,PCA_MNIST_0_var4.png,MNIST,0,var4,0,4.4482421875
Dense2x45,PCA_MNIST_1_var0.png,MNIST,1,var0,1,2.87109375
Dense2x45,PCA_MNIST_1_var1.png,MNIST,1,var1,1,3.349609375
Dense2x45,PCA_MNIST_1_var2.png,MNIST,1,var2,1,3.3203125
Dense2x45,PCA_MNIST_1_var3.png,MNIST,1,var3,1,3.06640625
Dense2x45,PCA_MNIST_1_var4.png,MNIST,1,var4,1,2.6806640625
Dense2x45,PCA_MNIST_3_var0.png,MNIST,3,var0,3,5.107421875
Dense2x45,PCA_MNIST_3_var1.png,MNIST,3,var1,3,5.0146484375
Dense2x45,PCA_MNIST_3_var2.png,MNIST,3,var2,3,5.3076171875
Dense2x45,PCA_MNIST_3_var3.png,MNIST,3,var3,3,4.6875
Dense2x45,PCA_MNIST_3_var4.png,MNIST,3,var4,3,3.6669921875
Dense2x50,PCA_Exp2_0_var0.png,Exp2,0,var0,0,12.890625
Dense2x50,PCA_Exp2_0_var1.png,Exp2,0,var1,0,13.3251953125
Dense2x50,PCA_Exp2_0_var2.png,Exp2,0,var2,0,11.2255859375
Dense2x50,PCA_Exp2_0_var3.png,Exp2,0,var3,0,8.2373046875
Dense2x50,PCA_Exp2_0_var4.png,Exp2,0,var4,0,4.0087890625
Dense2x50,PCA_Exp2_1_var0.png,Exp2,1,var0,1,5.9521484375
Dense2x50,PCA_Exp2_1_var1.png,Exp2,1,var1,1,6.50390625
Dense2x50,PCA_Exp2_1_var2.png,Exp2,1,var2,1,3.73046875
Dense2x50,PCA_Exp2_1_var3.png,Exp2,1,var3,3,1.62109375
Dense2x50,PCA_Exp2_1_var4.png,Exp2,1,var4,3,4.970703125
Dense2x50,PCA_Exp2_3_var0.png,Exp2,3,var0,3,19.5458984375
Dense2x50,PCA_Exp2_3_var1.png,Exp2,3,var1,3,18.876953125
Dense2x50,PCA_Exp2_3_var2.png,Exp2,3,var2,3,18.0029296875
Dense2x50,PCA_Exp2_3_var3.png,Exp2,3,var3,3,17.109375
Dense2x50,PCA_Exp2_3_var4.png,Exp2,3,var4,3,16.7626953125
Dense2x50,PCA_MNIST_0_var0.png,MNIST,0,var0,0,5.302734375
Dense2x50,PCA_MNIST_0_var1.png,MNIST,0,var1,0,6.5185546875
Dense2x50,PCA_MNIST_0_var2.png,MNIST,0,var2,0,6.142578125
Dense2x50,PCA_MNIST_0_var3.png,MNIST,0,var3,0,5.458984375
Dense2x50,PCA_MNIST_0_var4.png,MNIST,0,var4,0,4.0771484375
Dense2x50,PCA_MNIST_1_var0.png,MNIST,1,var0,1,3.37890625
Dense2x50,PCA_MNIST_1_var1.png,MNIST,1,var1,1,3.173828125
Dense2x50,PCA_MNIST_1_var2.png,MNIST,1,var2,1,2.7783203125
Dense2x50,PCA_MNIST_1_var3.png,MNIST,1,var3,1,2.890625
Dense2x50,PCA_MNIST_1_var4.png,MNIST,1,var4,1,2.6611328125
Dense2x50,PCA_MNIST_3_var0.png,MNIST,3,var0,3,3.7646484375
Dense2x50,PCA_MNIST_3_var1.png,MNIST,3,var1,3,4.052734375
Dense2x50,PCA_MNIST_3_var2.png,MNIST,3,var2,3,4.326171875
Dense2x50,PCA_MNIST_3_var3.png,MNIST,3,var3,3,4.16015625
Dense2x50,PCA_MNIST_3_var4.png,MNIST,3,var4,3,3.564453125
Dense2x55,PCA_Exp2_0_var0.png,Exp2,0,var0,0,12.3193359375
Dense2x55,PCA_Exp2_0_var1.png,Exp2,0,var1,0,13.1005859375
Dense2x55,PCA_Exp2_0_var2.png,Exp2,0,var2,0,10.576171875
Dense2x55,PCA_Exp2_0_var3.png,Exp2,0,var3,0,7.138671875
Dense2x55,PCA_Exp2_0_var4.png,Exp2,0,var4,0,1.943359375
Dense2x55,PCA_Exp2_1_var0.png,Exp2,1,var0,1,7.1240234375
Dense2x55,PCA_Exp2_1_var1.png,Exp2,1,var1,1,5.888671875
Dense2x55,PCA_Exp2_1_var2.png,Exp2,1,var2,1,0.1513671875
Dense2x55,PCA_Exp2_1_var3.png,Exp2,1,var3,3,5.52734375
Dense2x55,PCA_Exp2_1_var4.png,Exp2,1,var4,3,7.2265625
Dense2x55,PCA_Exp2_3_var0.png,Exp2,3,var0,3,23.4033203125
Dense2x55,PCA_Exp2_3_var1.png,Exp2,3,var1,3,23.18359375
Dense2x55,PCA_Exp2_3_var2.png,Exp2,3,var2,3,21.9140625
Dense2x55,PCA_Exp2_3_var3.png,Exp2,3,var3,3,20.1904296875
Dense2x55,PCA_Exp2_3_var4.png,Exp2,3,var4,3,18.291015625
Dense2x55,PCA_MNIST_0_var0.png,MNIST,0,var0,0,5.21484375
Dense2x55,PCA_MNIST_0_var1.png,MNIST,0,var1,0,6.787109375
Dense2x55,PCA_MNIST_0_var2.png,MNIST,0,var2,0,6.6796875
Dense2x55,PCA_MNIST_0_var3.png,MNIST,0,var3,0,6.0986328125
Dense2x55,PCA_MNIST_0_var4.png,MNIST,0,var4,0,4.4140625
Dense2x55,PCA_MNIST_1_var0.png,MNIST,1,var0,1,3.1689453125
Dense2x55,PCA_MNIST_1_var1.png,MNIST,1,var1,1,2.7734375
Dense2x55,PCA_MNIST_1_var2.png,MNIST,1,var2,1,2.3974609375
Dense2x55,PCA_MNIST_1_var3.png,MNIST,1,var3,1,2.79296875
Dense2x55,PCA_MNIST_1_var4.png,MNIST,1,var4,1,2.626953125
Dense2x55,PCA_MNIST_3_var0.png,MNIST,3,var0,3,5.2880859375
Dense2x55,PCA_MNIST_3_var1.png,MNIST,3,var1,3,5.126953125
Dense2x55,PCA_MNIST_3_var2.png,MNIST,3,var2,3,5.458984375
Dense2x55,PCA_MNIST_3_var3.png,MNIST,3,var3,3,5.2978515625
Dense2x55,PCA_MNIST_3_var4.png,MNIST,3,var4,3,4.5654296875
Dense2x60,PCA_Exp2_0_var0.png,Exp2,0,var0,0,13.0224609375
Dense2x60,PCA_Exp2_0_var1.png,Exp2,0,var1,0,11.9482421875
Dense2x60,PCA_Exp2_0_var2.png,Exp2,0,var2,0,8.53515625
Dense2x60,PCA_Exp2_0_var3.png,Exp2,0,var3,0,3.349609375
Dense2x60,PCA_Exp2_0_var4.png,Exp2,0,var4,5,3.2275390625
Dense2x60,PCA_Exp2_1_var0.png,Exp2,1,var0,1,6.923828125
Dense2x60,PCA_Exp2_1_var1.png,Exp2,1,var1,1,5.0
Dense2x60,PCA_Exp2_1_var2.png,Exp2,1,var2,1,0.8447265625
Dense2x60,PCA_Exp2_1_var3.png,Exp2,1,var3,3,3.3642578125
Dense2x60,PCA_Exp2_1_var4.png,Exp2,1,var4,3,5.126953125
Dense2x60,PCA_Exp2_3_var0.png,Exp2,3,var0,3,25.0927734375
Dense2x60,PCA_Exp2_3_var1.png,Exp2,3,var1,3,25.1416015625
Dense2x60,PCA_Exp2_3_var2.png,Exp2,3,var2,3,23.8427734375
Dense2x60,PCA_Exp2_3_var3.png,Exp2,3,var3,3,21.1767578125
Dense2x60,PCA_Exp2_3_var4.png,Exp2,3,var4,3,18.26171875
Dense2x60,PCA_MNIST_0_var0.png,MNIST,0,var0,0,4.6044921875
Dense2x60,PCA_MNIST_0_var1.png,MNIST,0,var1,0,6.1328125
Dense2x60,PCA_MNIST_0_var2.png,MNIST,0,var2,0,5.8349609375
Dense2x60,PCA_MNIST_0_var3.png,MNIST,0,var3,0,4.9267578125
Dense2x60,PCA_MNIST_0_var4.png,MNIST,0,var4,0,3.4912109375
Dense2x60,PCA_MNIST_1_var0.png,MNIST,1,var0,1,3.5107421875
Dense2x60,PCA_MNIST_1_var1.png,MNIST,1,var1,1,3.0908203125
Dense2x60,PCA_MNIST_1_var2.png,MNIST,1,var2,1,2.5927734375
Dense2x60,PCA_MNIST_1_var3.png,MNIST,1,var3,1,2.65625
Dense2x60,PCA_MNIST_1_var4.png,MNIST,1,var4,1,2.2216796875
Dense2x60,PCA_MNIST_3_var0.png,MNIST,3,var0,3,4.6142578125
Dense2x60,PCA_MNIST_3_var1.png,MNIST,3,var1,3,4.86328125
Dense2x60,PCA_MNIST_3_var2.png,MNIST,3,var2,3,5.2197265625
Dense2x60,PCA_MNIST_3_var3.png,MNIST,3,var3,3,5.25390625
Dense2x60,PCA_MNIST_3_var4.png,MNIST,3,var4,3,4.2626953125
Dense2x65,PCA_Exp2_0_var0.png,Exp2,0,var0,0,14.3896484375
Dense2x65,PCA_Exp2_0_var1.png,Exp2,0,var1,0,15.029296875
Dense2x65,PCA_Exp2_0_var2.png,Exp2,0,var2,0,14.1796875
Dense2x65,PCA_Exp2_0_var3.png,Exp2,0,var3,0,11.201171875
Dense2x65,PCA_Exp2_0_var4.png,Exp2,0,var4,0,7.548828125
Dense2x65,PCA_Exp2_1_var0.png,Exp2,1,var0,1,2.666015625
Dense2x65,PCA_Exp2_1_var1.png,Exp2,1,var1,1,3.9404296875
Dense2x65,PCA_Exp2_1_var2.png,Exp2,1,var2,1,0.6640625
Dense2x65,PCA_Exp2_1_var3.png,Exp2,1,var3,3,4.9169921875
Dense2x65,PCA_Exp2_1_var4.png,Exp2,1,var4,3,6.7822265625
Dense2x65,PCA_Exp2_3_var0.png,Exp2,3,var0,3,24.248046875
Dense2x65,PCA_Exp2_3_var1.png,Exp2,3,var1,3,24.248046875
Dense2x65,PCA_Exp2_3_var2.png,Exp2,3,var2,3,22.9931640625
Dense2x65,PCA_Exp2_3_var3.png,Exp2,3,var3,3,20.498046875
Dense2x65,PCA_Exp2_3_var4.png,Exp2,3,var4,3,17.1923828125
Dense2x65,PCA_MNIST_0_var0.png,MNIST,0,var0,0,5.712890625
Dense2x65,PCA_MNIST_0_var1.png,MNIST,0,var1,0,7.4853515625
Dense2x65,PCA_MNIST_0_var2.png,MNIST,0,var2,0,6.8603515625
Dense2x65,PCA_MNIST_0_var3.png,MNIST,0,var3,0,6.0498046875
Dense2x65,PCA_MNIST_0_var4.png,MNIST,0,var4,0,4.873046875
Dense2x65,PCA_MNIST_1_var0.png,MNIST,1,var0,1,3.5205078125
Dense2x65,PCA_MNIST_1_var1.png,MNIST,1,var1,1,3.0908203125
Dense2x65,PCA_MNIST_1_var2.png,MNIST,1,var2,1,2.4755859375
Dense2x65,PCA_MNIST_1_var3.png,MNIST,1,var3,1,3.4521484375
Dense2x65,PCA_MNIST_1_var4.png,MNIST,1,var4,1,3.4375
Dense2x65,PCA_MNIST_3_var0.png,MNIST,3,var0,3,4.1162109375
Dense2x65,PCA_MNIST_3_var1.png,MNIST,3,var1,3,4.423828125
Dense2x65,PCA_MNIST_3_var2.png,MNIST,3,var2,3,3.90625
Dense2x65,PCA_MNIST_3_var3.png,MNIST,3,var3,3,3.76953125
Dense2x65,PCA_MNIST_3_var4.png,MNIST,3,var4,3,3.6962890625
Dense2x70,PCA_Exp2_0_var0.png,Exp2,0,var0,0,13.3154296875
Dense2x70,PCA_Exp2_0_var1.png,Exp2,0,var1,0,13.9892578125
Dense2x70,PCA_Exp2_0_var2.png,Exp2,0,var2,0,11.6796875
Dense2x70,PCA_Exp2_0_var3.png,Exp2,0,var3,0,8.681640625
Dense2x70,PCA_Exp2_0_var4.png,Exp2,0,var4,0,4.7802734375
Dense2x70,PCA_Exp2_1_var0.png,Exp2,1,var0,1,8.37890625
Dense2x70,PCA_Exp2_1_var1.png,Exp2,1,var1,1,8.7548828125
Dense2x70,PCA_Exp2_1_var2.png,Exp2,1,var2,1,6.3623046875
Dense2x70,PCA_Exp2_1_var3.png,Exp2,1,var3,1,1.4697265625
Dense2x70,PCA_Exp2_1_var4.png,Exp2,1,var4,3,5.625
Dense2x70,PCA_Exp2_3_var0.png,Exp2,3,var0,3,20.849609375
Dense2x70,PCA_Exp2_3_var1.png,Exp2,3,var1,3,20.205078125
Dense2x70,PCA_Exp2_3_var2.png,Exp2,3,var2,3,19.1845703125
Dense2x70,PCA_Exp2_3_var3.png,Exp2,3,var3,3,18.662109375
Dense2x70,PCA_Exp2_3_var4.png,Exp2,3,var4,3,17.9345703125
Dense2x70,PCA_MNIST_0_var0.png,MNIST,0,var0,0,5.576171875
Dense2x70,PCA_MNIST_0_var1.png,MNIST,0,var1,0,6.9189453125
Dense2x70,PCA_MNIST_0_var2.png,MNIST,0,var2,0,6.5087890625
Dense2x70,PCA_MNIST_0_var3.png,MNIST,0,var3,0,5.7275390625
Dense2x70,PCA_MNIST_0_var4.png,MNIST,0,var4,0,4.384765625
Dense2x70,PCA_MNIST_1_var0.png,MNIST,1,var0,1,3.1396484375
Dense2x70,PCA_MNIST_1_var1.png,MNIST,1,var1,1,3.046875
Dense2x70,PCA_MNIST_1_var2.png,MNIST,1,var2,1,2.79296875
Dense2x70,PCA_MNIST_1_var3.png,MNIST,1,var3,1,3.095703125
Dense2x70,PCA_MNIST_1_var4.png,MNIST,1,var4,1,3.0859375
Dense2x70,PCA_MNIST_3_var0.png,MNIST,3,var0,3,4.384765625
Dense2x70,PCA_MNIST_3_var1.png,MNIST,3,var1,3,3.8134765625
Dense2x70,PCA_MNIST_3_var2.png,MNIST,3,var2,3,3.7939453125
Dense2x70,PCA_MNIST_3_var3.png,MNIST,3,var3,3,3.88671875
Dense2x70,PCA_MNIST_3_var4.png,MNIST,3,var4,3,3.6328125
Dense3x15,PCA_Exp2_0_var0.png,Exp2,0,var0,0,8.9990234375
Dense3x15,PCA_Exp2_0_var1.png,Exp2,0,var1,0,9.2822265625
Dense3x15,PCA_Exp2_0_var2.png,Exp2,0,var2,0,5.9326171875
Dense3x15,PCA_Exp2_0_var3.png,Exp2,0,var3,0,0.3759765625
Dense3x15,PCA_Exp2_0_var4.png,Exp2,0,var4,5,5.0927734375
Dense3x15,PCA_Exp2_1_var0.png,Exp2,1,var0,1,0.9716796875
Dense3x15,PCA_Exp2_1_var1.png,Exp2,1,var1,1,1.2255859375
Dense3x15,PCA_Exp2_1_var2.png,Exp2,1,var2,3,0.46875
Dense3x15,PCA_Exp2_1_var3.png,Exp2,1,var3,3,4.3310546875
Dense3x15,PCA_Exp2_1_var4.png,Exp2,1,var4,3,6.9970703125
Dense3x15,PCA_Exp2_3_var0.png,Exp2,3,var0,3,18.9453125
Dense3x15,PCA_Exp2_3_var1.png,Exp2,3,var1,3,19.3212890625
Dense3x15,PCA_Exp2_3_var2.png,Exp2,3,var2,3,19.6435546875
Dense3x15,PCA_Exp2_3_var3.png,Exp2,3,var3,3,19.970703125
Dense3x15,PCA_Exp2_3_var4.png,Exp2,3,var4,3,19.9365234375
Dense3x15,PCA_MNIST_0_var0.png,MNIST,0,var0,0,5.380859375
Dense3x15,PCA_MNIST_0_var1.png,MNIST,0,var1,0,6.318359375
Dense3x15,PCA_MNIST_0_var2.png,MNIST,0,var2,0,5.4541015625
Dense3x15,PCA_MNIST_0_var3.png,MNIST,0,var3,0,4.296875
Dense3x15,PCA_MNIST_0_var4.png,MNIST,0,var4,0,2.939453125
Dense3x15,PCA_MNIST_1_var0.png,MNIST,1,var0,1,1.93359375
Dense3x15,PCA_MNIST_1_var1.png,MNIST,1,var1,1,2.2216796875
Dense3x15,PCA_MNIST_1_var2.png,MNIST,1,var2,1,1.796875
Dense3x15,PCA_MNIST_1_var3.png,MNIST,1,var3,1,1.904296875
Dense3x15,PCA_MNIST_1_var4.png,MNIST,1,var4,1,2.59765625
Dense3x15,PCA_MNIST_3_var0.png,MNIST,3,var0,3,2.705078125
Dense3x15,PCA_MNIST_3_var1.png,MNIST,3,var1,3,3.6669921875
Dense3x15,PCA_MNIST_3_var2.png,MNIST,3,var2,3,4.580078125
Dense3x15,PCA_MNIST_3_var3.png,MNIST,3,var3,3,4.1162109375
Dense3x15,PCA_MNIST_3_var4.png,MNIST,3,var4,3,3.73046875
Dense3x20,PCA_Exp2_0_var0.png,Exp2,0,var0,0,7.6904296875
Dense3x20,PCA_Exp2_0_var1.png,Exp2,0,var1,0,9.8095703125
Dense3x20,PCA_Exp2_0_var2.png,Exp2,0,var2,0,11.8115234375
Dense3x20,PCA_Exp2_0_var3.png,Exp2,0,var3,0,9.541015625
Dense3x20,PCA_Exp2_0_var4.png,Exp2,0,var4,0,6.416015625
Dense3x20,PCA_Exp2_1_var0.png,Exp2,1,var0,1,7.8515625
Dense3x20,PCA_Exp2_1_var1.png,Exp2,1,var1,1,6.806640625
Dense3x20,PCA_Exp2_1_var2.png,Exp2,1,var2,1,2.4072265625
Dense3x20,PCA_Exp2_1_var3.png,Exp2,1,var3,3,1.201171875
Dense3x20,PCA_Exp2_1_var4.png,Exp2,1,var4,3,0.654296875
Dense3x20,PCA_Exp2_3_var0.png,Exp2,3,var0,3,17.431640625
Dense3x20,PCA_Exp2_3_var1.png,Exp2,3,var1,3,17.568359375
Dense3x20,PCA_Exp2_3_var2.png,Exp2,3,var2,3,16.9677734375
Dense3x20,PCA_Exp2_3_var3.png,Exp2,3,var3,3,16.0546875
Dense3x20,PCA_Exp2_3_var4.png,Exp2,3,var4,3,14.1552734375
Dense3x20,PCA_MNIST_0_var0.png,MNIST,0,var0,0,5.2197265625
Dense3x20,PCA_MNIST_0_var1.png,MNIST,0,var1,0,6.669921875
Dense3x20,PCA_MNIST_0_var2.png,MNIST,0,var2,0,6.5673828125
Dense3x20,PCA_MNIST_0_var3.png,MNIST,0,var3,0,5.986328125
Dense3x20,PCA_MNIST_0_var4.png,MNIST,0,var4,0,4.6875
Dense3x20,PCA_MNIST_1_var0.png,MNIST,1,var0,1,3.45703125
Dense3x20,PCA_MNIST_1_var1.png,MNIST,1,var1,1,3.310546875
Dense3x20,PCA_MNIST_1_var2.png,MNIST,1,var2,1,2.4267578125
Dense3x20,PCA_MNIST_1_var3.png,MNIST,1,var3,1,3.0126953125
Dense3x20,PCA_MNIST_1_var4.png,MNIST,1,var4,1,2.880859375
Dense3x20,PCA_MNIST_3_var0.png,MNIST,3,var0,3,3.80859375
Dense3x20,PCA_MNIST_3_var1.png,MNIST,3,var1,3,3.9599609375
Dense3x20,PCA_MNIST_3_var2.png,MNIST,3,var2,3,3.8330078125
Dense3x20,PCA_MNIST_3_var3.png,MNIST,3,var3,3,3.6669921875
Dense3x20,PCA_MNIST_3_var4.png,MNIST,3,var4,3,3.5791015625
Dense3x25,PCA_Exp2_0_var0.png,Exp2,0,var0,0,13.173828125
Dense3x25,PCA_Exp2_0_var1.png,Exp2,0,var1,0,12.412109375
Dense3x25,PCA_Exp2_0_var2.png,Exp2,0,var2,0,10.0732421875
Dense3x25,PCA_Exp2_0_var3.png,Exp2,0,var3,0,7.4560546875
Dense3x25,PCA_Exp2_0_var4.png,Exp2,0,var4,0,4.78515625
Dense3x25,PCA_Exp2_1_var0.png,Exp2,1,var0,1,3.9404296875
Dense3x25,PCA_Exp2_1_var1.png,Exp2,1,var1,1,5.3564453125
Dense3x25,PCA_Exp2_1_var2.png,Exp2,1,var2,1,1.044921875
Dense3x25,PCA_Exp2_1_var3.png,Exp2,1,var3,3,2.0361328125
Dense3x25,PCA_Exp2_1_var4.png,Exp2,1,var4,3,2.685546875
Dense3x25,PCA_Exp2_3_var0.png,Exp2,3,var0,3,22.9052734375
Dense3x25,PCA_Exp2_3_var1.png,Exp2,3,var1,3,22.705078125
Dense3x25,PCA_Exp2_3_var2.png,Exp2,3,var2,3,20.3466796875
Dense3x25,PCA_Exp2_3_var3.png,Exp2,3,var3,3,16.9287109375
Dense3x25,PCA_Exp2_3_var4.png,Exp2,3,var4,3,12.3095703125
Dense3x25,PCA_MNIST_0_var0.png,MNIST,0,var0,0,4.482421875
Dense3x25,PCA_MNIST_0_var1.png,MNIST,0,var1,0,5.4736328125
Dense3x25,PCA_MNIST_0_var2.png,MNIST,0,var2,0,4.8876953125
Dense3x25,PCA_MNIST_0_var3.png,MNIST,0,var3,0,3.8134765625
Dense3x25,PCA_MNIST_0_var4.png,MNIST,0,var4,0,2.44140625
Dense3x25,PCA_MNIST_1_var0.png,MNIST,1,var0,1,2.9443359375
Dense3x25,PCA_MNIST_1_var1.png,MNIST,1,var1,1,2.841796875
Dense3x25,PCA_MNIST_1_var2.png,MNIST,1,var2,1,2.6025390625
Dense3x25,PCA_MNIST_1_var3.png,MNIST,1,var3,1,2.40234375
Dense3x25,PCA_MNIST_1_var4.png,MNIST,1,var4,1,2.5634765625
Dense3x25,PCA_MNIST_3_var0.png,MNIST,3,var0,3,4.4873046875
Dense3x25,PCA_MNIST_3_var1.png,MNIST,3,var1,3,4.98046875
Dense3x25,PCA_MNIST_3_var2.png,MNIST,3,var2,3,4.6484375
Dense3x25,PCA_MNIST_3_var3.png,MNIST,3,var3,3,3.9111328125
Dense3x25,PCA_MNIST_3_var4.png,MNIST,3,var4,3,3.2470703125
Dense3x30,PCA_Exp2_0_var0.png,Exp2,0,var0,0,8.0078125
Dense3x30,PCA_Exp2_0_var1.png,Exp2,0,var1,0,9.2041015625
Dense3x30,PCA_Exp2_0_var2.png,Exp2,0,var2,0,9.3994140625
Dense3x30,PCA_Exp2_0_var3.png,Exp2,0,var3,0,9.0966796875
Dense3x30,PCA_Exp2_0_var4.png,Exp2,0,var4,0,8.57421875
Dense3x30,PCA_Exp2_1_var0.png,Exp2,1,var0,1,4.6044921875
Dense3x30,PCA_Exp2_1_var1.png,Exp2,1,var1,1,3.37890625
Dense3x30,PCA_Exp2_1_var2.png,Exp2,1,var2,2,0.361328125
Dense3x30,PCA_Exp2_1_var3.png,Exp2,1,var3,2,1.767578125
Dense3x30,PCA_Exp2_1_var4.png,Exp2,1,var4,2,0.25390625
Dense3x30,PCA_Exp2_3_var0.png,Exp2,3,var0,3,24.345703125
Dense3x30,PCA_Exp2_3_var1.png,Exp2,3,var1,3,23.1982421875
Dense3x30,PCA_Exp2_3_var2.png,Exp2,3,var2,3,20.1513671875
Dense3x30,PCA_Exp2_3_var3.png,Exp2,3,var3,3,16.9091796875
Dense3x30,PCA_Exp2_3_var4.png,Exp2,3,var4,3,13.49609375
Dense3x30,PCA_MNIST_0_var0.png,MNIST,0,var0,0,6.07421875
Dense3x30,PCA_MNIST_0_var1.png,MNIST,0,var1,0,7.3486328125
Dense3x30,PCA_MNIST_0_var2.png,MNIST,0,var2,0,6.7138671875
Dense3x30,PCA_MNIST_0_var3.png,MNIST,0,var3,0,5.361328125
Dense3x30,PCA_MNIST_0_var4.png,MNIST,0,var4,0,4.2724609375
Dense3x30,PCA_MNIST_1_var0.png,MNIST,1,var0,1,2.880859375
Dense3x30,PCA_MNIST_1_var1.png,MNIST,1,var1,1,2.65625
Dense3x30,PCA_MNIST_1_var2.png,MNIST,1,var2,1,2.24609375
Dense3x30,PCA_MNIST_1_var3.png,MNIST,1,var3,1,2.55859375
Dense3x30,PCA_MNIST_1_var4.png,MNIST,1,var4,1,2.1044921875
Dense3x30,PCA_MNIST_3_var0.png,MNIST,3,var0,3,4.677734375
Dense3x30,PCA_MNIST_3_var1.png,MNIST,3,var1,3,4.921875
Dense3x30,PCA_MNIST_3_var2.png,MNIST,3,var2,3,5.205078125
Dense3x30,PCA_MNIST_3_var3.png,MNIST,3,var3,3,4.8828125
Dense3x30,PCA_MNIST_3_var4.png,MNIST,3,var4,3,4.6484375
Dense3x35,PCA_Exp2_0_var0.png,Exp2,0,var0,0,9.0478515625
Dense3x35,PCA_Exp2_0_var1.png,Exp2,0,var1,0,9.6435546875
Dense3x35,PCA_Exp2_0_var2.png,Exp2,0,var2,0,8.22265625
Dense3x35,PCA_Exp2_0_var3.png,Exp2,0,var3,0,4.4921875
Dense3x35,PCA_Exp2_0_var4.png,Exp2,0,var4,0,0.2734375
Dense3x35,PCA_Exp2_1_var0.png,Exp2,1,var0,1,7.1630859375
Dense3x35,PCA_Exp2_1_var1.png,Exp2,1,var1,1,6.3330078125
Dense3x35,PCA_Exp2_1_var2.png,Exp2,1,var2,1,2.001953125
Dense3x35,PCA_Exp2_1_var3.png,Exp2,1,var3,3,4.189453125
Dense3x35,PCA_Exp2_1_var4.png,Exp2,1,var4,3,8.7548828125
Dense3x35,PCA_Exp2_3_var0.png,Exp2,3,var0,3,24.8681640625
Dense3x35,PCA_Exp2_3_var1.png,Exp2,3,var1,3,25.3857421875
Dense3x35,PCA_Exp2_3_var2.png,Exp2,3,var2,3,25.3857421875
Dense3x35,PCA_Exp2_3_var3.png,Exp2,3,var3,3,24.9755859375
Dense3x35,PCA_Exp2_3_var4.png,Exp2,3,var4,3,22.763671875
Dense3x35,PCA_MNIST_0_var0.png,MNIST,0,var0,0,3.984375
Dense3x35,PCA_MNIST_0_var1.png,MNIST,0,var1,0,5.1123046875
Dense3x35,PCA_MNIST_0_var2.png,MNIST,0,var2,0,4.6923828125
Dense3x35,PCA_MNIST_0_var3.png,MNIST,0,var3,0,4.1064453125
Dense3x35,PCA_MNIST_0_var4.png,MNIST,0,var4,0,3.017578125
Dense3x35,PCA_MNIST_1_var0.png,MNIST,1,var0,1,2.978515625
Dense3x35,PCA_MNIST_1_var1.png,MNIST,1,var1,1,2.9443359375
Dense3x35,PCA_MNIST_1_var2.png,MNIST,1,var2,1,2.71484375
Dense3x35,PCA_MNIST_1_var3.png,MNIST,1,var3,1,3.046875
Dense3x35,PCA_MNIST_1_var4.png,MNIST,1,var4,1,2.8271484375
Dense3x35,PCA_MNIST_3_var0.png,MNIST,3,var0,3,4.2626953125
Dense3x35,PCA_MNIST_3_var1.png,MNIST,3,var1,3,4.0234375
Dense3x35,PCA_MNIST_3_var2.png,MNIST,3,var2,3,3.916015625
Dense3x35,PCA_MNIST_3_var3.png,MNIST,3,var3,3,3.5595703125
Dense3x35,PCA_MNIST_3_var4.png,MNIST,3,var4,3,3.28125
Dense3x45,PCA_Exp2_0_var0.png,Exp2,0,var0,0,6.8212890625
Dense3x45,PCA_Exp2_0_var1.png,Exp2,0,var1,0,7.626953125
Dense3x45,PCA_Exp2_0_var2.png,Exp2,0,var2,0,8.515625
Dense3x45,PCA_Exp2_0_var3.png,Exp2,0,var3,0,5.8154296875
Dense3x45,PCA_Exp2_0_var4.png,Exp2,0,var4,0,1.142578125
Dense3x45,PCA_Exp2_1_var0.png,Exp2,1,var0,1,6.6943359375
Dense3x45,PCA_Exp2_1_var1.png,Exp2,1,var1,1,6.5673828125
Dense3x45,PCA_Exp2_1_var2.png,Exp2,1,var2,1,2.9150390625
Dense3x45,PCA_Exp2_1_var3.png,Exp2,1,var3,3,3.5009765625
Dense3x45,PCA_Exp2_1_var4.png,Exp2,1,var4,3,7.8515625
Dense3x45,PCA_Exp2_3_var0.png,Exp2,3,var0,3,23.359375
Dense3x45,PCA_Exp2_3_var1.png,Exp2,3,var1,3,23.427734375
Dense3x45,PCA_Exp2_3_var2.png,Exp2,3,var2,3,22.3095703125
Dense3x45,PCA_Exp2_3_var3.png,Exp2,3,var3,3,20.595703125
Dense3x45,PCA_Exp2_3_var4.png,Exp2,3,var4,3,17.63671875
Dense3x45,PCA_MNIST_0_var0.png,MNIST,0,var0,0,4.0380859375
Dense3x45,PCA_MNIST_0_var1.png,MNIST,0,var1,0,5.29296875
Dense3x45,PCA_MNIST_0_var2.png,MNIST,0,var2,0,5.3759765625
Dense3x45,PCA_MNIST_0_var3.png,MNIST,0,var3,0,4.7412109375
Dense3x45,PCA_MNIST_0_var4.png,MNIST,0,var4,0,3.505859375
Dense3x45,PCA_MNIST_1_var0.png,MNIST,1,var0,1,2.8466796875
Dense3x45,PCA_MNIST_1_var1.png,MNIST,1,var1,1,2.9345703125
Dense3x45,PCA_MNIST_1_var2.png,MNIST,1,var2,1,2.7392578125
Dense3x45,PCA_MNIST_1_var3.png,MNIST,1,var3,1,2.939453125
Dense3x45,PCA_MNIST_1_var4.png,MNIST,1,var4,1,2.7978515625
Dense3x45,PCA_MNIST_3_var0.png,MNIST,3,var0,3,4.51171875
Dense3x45,PCA_MNIST_3_var1.png,MNIST,3,var1,3,5.1953125
Dense3x45,PCA_MNIST_3_var2.png,MNIST,3,var2,3,5.6982421875
Dense3x45,PCA_MNIST_3_var3.png,MNIST,3,var3,3,4.78515625
Dense3x45,PCA_MNIST_3_var4.png,MNIST,3,var4,3,3.916015625
Dense3x50,PCA_Exp2_0_var0.png,Exp2,0,var0,0,9.6435546875
Dense3x50,PCA_Exp2_0_var1.png,Exp2,0,var1,0,10.986328125
Dense3x50,PCA_Exp2_0_var2.png,Exp2,0,var2,0,10.7763671875
Dense3x50,PCA_Exp2_0_var3.png,Exp2,0,var3,0,9.5751953125
Dense3x50,PCA_Exp2_0_var4.png,Exp2,0,var4,0,8.1787109375
Dense3x50,PCA_Exp2_1_var0.png,Exp2,1,var0,1,5.13671875
Dense3x50,PCA_Exp2_1_var1.png,Exp2,1,var1,1,4.0380859375
Dense3x50,PCA_Exp2_1_var2.png,Exp2,1,var2,3,0.9619140625
Dense3x50,PCA_Exp2_1_var3.png,Exp2,1,var3,3,5.2685546875
Dense3x50,PCA_Exp2_1_var4.png,Exp2,1,var4,3,7.4365234375
Dense3x50,PCA_Exp2_3_var0.png,Exp2,3,var0,3,17.763671875
Dense3x50,PCA_Exp2_3_var1.png,Exp2,3,var1,3,18.4765625
Dense3x50,PCA_Exp2_3_var2.png,Exp2,3,var2,3,19.091796875
Dense3x50,PCA_Exp2_3_var3.png,Exp2,3,var3,3,19.990234375
Dense3x50,PCA_Exp2_3_var4.png,Exp2,3,var4,3,20.7763671875
Dense3x50,PCA_MNIST_0_var0.png,MNIST,0,var0,0,5.2294921875
Dense3x50,PCA_MNIST_0_var1.png,MNIST,0,var1,0,6.58203125
Dense3x50,PCA_MNIST_0_var2.png,MNIST,0,var2,0,5.9619140625
Dense3x50,PCA_MNIST_0_var3.png,MNIST,0,var3,0,4.8974609375
Dense3x50,PCA_MNIST_0_var4.png,MNIST,0,var4,0,4.00390625
Dense3x50,PCA_MNIST_1_var0.png,MNIST,1,var0,1,2.94921875
Dense3x50,PCA_MNIST_1_var1.png,MNIST,1,var1,1,3.0078125
Dense3x50,PCA_MNIST_1_var2.png,MNIST,1,var2,1,2.197265625
Dense3x50,PCA_MNIST_1_var3.png,MNIST,1,var3,1,2.705078125
Dense3x50,PCA_MNIST_1_var4.png,MNIST,1,var4,1,2.294921875
Dense3x50,PCA_MNIST_3_var0.png,MNIST,3,var0,3,4.58984375
Dense3x50,PCA_MNIST_3_var1.png,MNIST,3,var1,3,4.3603515625
Dense3x50,PCA_MNIST_3_var2.png,MNIST,3,var2,3,4.16015625
Dense3x50,PCA_MNIST_3_var3.png,MNIST,3,var3,3,4.1015625
Dense3x50,PCA_MNIST_3_var4.png,MNIST,3,var4,3,3.291015625
Dense3x55,PCA_Exp2_0_var0.png,Exp2,0,var0,0,13.203125
Dense3x55,PCA_Exp2_0_var1.png,Exp2,0,var1,0,12.8662109375
Dense3x55,PCA_Exp2_0_var2.png,Exp2,0,var2,0,11.0791015625
Dense3x55,PCA_Exp2_0_var3.png,Exp2,0,var3,0,8.8232421875
Dense3x55,PCA_Exp2_0_var4.png,Exp2,0,var4,0,5.3466796875
Dense3x55,PCA_Exp2_1_var0.png,Exp2,1,var0,1,3.603515625
Dense3x55,PCA_Exp2_1_var1.png,Exp2,1,var1,1,2.5
Dense3x55,PCA_Exp2_1_var2.png,Exp2,1,var2,2,0.5859375
Dense3x55,PCA_Exp2_1_var3.png,Exp2,1,var3,2,0.48828125
Dense3x55,PCA_Exp2_1_var4.png,Exp2,1,var4,3,0.1953125
Dense3x55,PCA_Exp2_3_var0.png,Exp2,3,var0,3,20.146484375
Dense3x55,PCA_Exp2_3_var1.png,Exp2,3,var1,3,19.74609375
Dense3x55,PCA_Exp2_3_var2.png,Exp2,3,var2,3,18.3056640625
Dense3x55,PCA_Exp2_3_var3.png,Exp2,3,var3,3,16.357421875
Dense3x55,PCA_Exp2_3_var4.png,Exp2,3,var4,3,14.4921875
Dense3x55,PCA_MNIST_0_var0.png,MNIST,0,var0,0,4.716796875
Dense3x55,PCA_MNIST_0_var1.png,MNIST,0,var1,0,5.9912109375
Dense3x55,PCA_MNIST_0_var2.png,MNIST,0,var2,0,5.64453125
Dense3x55,PCA_MNIST_0_var3.png,MNIST,0,var3,0,4.853515625
Dense3x55,PCA_MNIST_0_var4.png,MNIST,0,var4,0,4.0234375
Dense3x55,PCA_MNIST_1_var0.png,MNIST,1,var0,1,2.705078125
Dense3x55,PCA_MNIST_1_var1.png,MNIST,1,var1,1,2.67578125
Dense3x55,PCA_MNIST_1_var2.png,MNIST,1,var2,1,2.1044921875
Dense3x55,PCA_MNIST_1_var3.png,MNIST,1,var3,1,2.734375
Dense3x55,PCA_MNIST_1_var4.png,MNIST,1,var4,1,3.1005859375
Dense3x55,PCA_MNIST_3_var0.png,MNIST,3,var0,3,3.8037109375
Dense3x55,PCA_MNIST_3_var1.png,MNIST,3,var1,3,4.0234375
Dense3x55,PCA_MNIST_3_var2.png,MNIST,3,var2,3,4.0234375
Dense3x55,PCA_MNIST_3_var3.png,MNIST,3,var3,3,4.08203125
Dense3x55,PCA_MNIST_3_var4.png,MNIST,3,var4,3,3.544921875
Dense3x60,PCA_Exp2_0_var0.png,Exp2,0,var0,0,10.2099609375
Dense3x60,PCA_Exp2_0_var1.png,Exp2,0,var1,0,10.595703125
Dense3x60,PCA_Exp2_0_var2.png,Exp2,0,var2,0,9.6728515625
Dense3x60,PCA_Exp2_0_var3.png,Exp2,0,var3,0,8.154296875
Dense3x60,PCA_Exp2_0_var4.png,Exp2,0,var4,0,5.537109375
Dense3x60,PCA_Exp2_1_var0.png,Exp2,1,var0,1,5.56640625
Dense3x60,PCA_Exp2_1_var1.png,Exp2,1,var1,1,5.8203125
Dense3x60,PCA_Exp2_1_var2.png,Exp2,1,var2,1,5.2099609375
Dense3x60,PCA_Exp2_1_var3.png,Exp2,1,var3,1,3.49609375
Dense3x60,PCA_Exp2_1_var4.png,Exp2,1,var4,3,3.1494140625
Dense3x60,PCA_Exp2_3_var0.png,Exp2,3,var0,3,20.0927734375
Dense3x60,PCA_Exp2_3_var1.png,Exp2,3,var1,3,19.7705078125
Dense3x60,PCA_Exp2_3_var2.png,Exp2,3,var2,3,18.232421875
Dense3x60,PCA_Exp2_3_var3.png,Exp2,3,var3,3,16.46484375
Dense3x60,PCA_Exp2_3_var4.png,Exp2,3,var4,3,14.4580078125
Dense3x60,PCA_MNIST_0_var0.png,MNIST,0,var0,0,4.9072265625
Dense3x60,PCA_MNIST_0_var1.png,MNIST,0,var1,0,6.0595703125
Dense3x60,PCA_MNIST_0_var2.png,MNIST,0,var2,0,5.2880859375
Dense3x60,PCA_MNIST_0_var3.png,MNIST,0,var3,0,3.662109375
Dense3x60,PCA_MNIST_0_var4.png,MNIST,0,var4,0,3.154296875
Dense3x60,PCA_MNIST_1_var0.png,MNIST,1,var0,1,2.7490234375
Dense3x60,PCA_MNIST_1_var1.png,MNIST,1,var1,1,2.4951171875
Dense3x60,PCA_MNIST_1_var2.png,MNIST,1,var2,1,2.1044921875
Dense3x60,PCA_MNIST_1_var3.png,MNIST,1,var3,1,2.1875
Dense3x60,PCA_MNIST_1_var4.png,MNIST,1,var4,1,2.060546875
Dense3x60,PCA_MNIST_3_var0.png,MNIST,3,var0,3,3.5888671875
Dense3x60,PCA_MNIST_3_var1.png,MNIST,3,var1,3,4.1748046875
Dense3x60,PCA_MNIST_3_var2.png,MNIST,3,var2,3,4.2919921875
Dense3x60,PCA_MNIST_3_var3.png,MNIST,3,var3,3,4.3408203125
Dense3x60,PCA_MNIST_3_var4.png,MNIST,3,var4,3,3.896484375
Dense3x65,PCA_Exp2_0_var0.png,Exp2,0,var0,0,10.322265625
Dense3x65,PCA_Exp2_0_var1.png,Exp2,0,var1,0,9.482421875
Dense3x65,PCA_Exp2_0_var2.png,Exp2,0,var2,0,7.626953125
Dense3x65,PCA_Exp2_0_var3.png,Exp2,0,var3,0,5.0390625
Dense3x65,PCA_Exp2_0_var4.png,Exp2,0,var4,0,1.30859375
Dense3x65,PCA_Exp2_1_var0.png,Exp2,1,var0,1,2.01171875
Dense3x65,PCA_Exp2_1_var1.png,Exp2,1,var1,1,1.796875
Dense3x65,PCA_Exp2_1_var2.png,Exp2,1,var2,1,1.455078125
Dense3x65,PCA_Exp2_1_var3.png,Exp2,1,var3,2,0.6298828125
Dense3x65,PCA_Exp2_1_var4.png,Exp2,1,var4,3,0.87890625
Dense3x65,PCA_Exp2_3_var0.png,Exp2,3,var0,3,11.9873046875
Dense3x65,PCA_Exp2_3_var1.png,Exp2,3,var1,3,12.6025390625
Dense3x65,PCA_Exp2_3_var2.png,Exp2,3,var2,3,12.98828125
Dense3x65,PCA_Exp2_3_var3.png,Exp2,3,var3,3,13.4423828125
Dense3x65,PCA_Exp2_3_var4.png,Exp2,3,var4,3,13.8232421875
Dense3x65,PCA_MNIST_0_var0.png,MNIST,0,var0,0,3.515625
Dense3x65,PCA_MNIST_0_var1.png,MNIST,0,var1,0,4.4580078125
Dense3x65,PCA_MNIST_0_var2.png,MNIST,0,var2,0,4.6044921875
Dense3x65,PCA_MNIST_0_var3.png,MNIST,0,var3,0,4.0087890625
Dense3x65,PCA_MNIST_0_var4.png,MNIST,0,var4,0,2.8564453125
Dense3x65,PCA_MNIST_1_var0.png,MNIST,1,var0,1,1.923828125
Dense3x65,PCA_MNIST_1_var1.png,MNIST,1,var1,1,1.8359375
Dense3x65,PCA_MNIST_1_var2.png,MNIST,1,var2,1,1.7578125
Dense3x65,PCA_MNIST_1_var3.png,MNIST,1,var3,1,1.826171875
Dense3x65,PCA_MNIST_1_var4.png,MNIST,1,var4,1,2.36328125
Dense3x65,PCA_MNIST_3_var0.png,MNIST,3,var0,3,3.3935546875
Dense3x65,PCA_MNIST_3_var1.png,MNIST,3,var1,3,2.8125
Dense3x65,PCA_MNIST_3_var2.png,MNIST,3,var2,3,1.875
Dense3x65,PCA_MNIST_3_var3.png,MNIST,3,var3,3,2.578125
Dense3x65,PCA_MNIST_3_var4.png,MNIST,3,var4,3,2.67578125
Dense3x70,PCA_Exp2_0_var0.png,Exp2,0,var0,0,10.0537109375
Dense3x70,PCA_Exp2_0_var1.png,Exp2,0,var1,0,10.3173828125
Dense3x70,PCA_Exp2_0_var2.png,Exp2,0,var2,0,8.7939453125
Dense3x70,PCA_Exp2_0_var3.png,Exp2,0,var3,0,5.5859375
Dense3x70,PCA_Exp2_0_var4.png,Exp2,0,var4,5,1.279296875
Dense3x70,PCA_Exp2_1_var0.png,Exp2,1,var0,8,0.322265625
Dense3x70,PCA_Exp2_1_var1.png,Exp2,1,var1,1,1.9873046875
Dense3x70,PCA_Exp2_1_var2.png,Exp2,1,var2,3,2.7783203125
Dense3x70,PCA_Exp2_1_var3.png,Exp2,1,var3,3,5.458984375
Dense3x70,PCA_Exp2_1_var4.png,Exp2,1,var4,3,7.0361328125
Dense3x70,PCA_Exp2_3_var0.png,Exp2,3,var0,3,17.9296875
Dense3x70,PCA_Exp2_3_var1.png,Exp2,3,var1,3,17.96875
Dense3x70,PCA_Exp2_3_var2.png,Exp2,3,var2,3,17.5830078125
Dense3x70,PCA_Exp2_3_var3.png,Exp2,3,var3,3,16.943359375
Dense3x70,PCA_Exp2_3_var4.png,Exp2,3,var4,3,16.0595703125
Dense3x70,PCA_MNIST_0_var0.png,MNIST,0,var0,0,4.82421875
Dense3x70,PCA_MNIST_0_var1.png,MNIST,0,var1,0,5.546875
Dense3x70,PCA_MNIST_0_var2.png,MNIST,0,var2,0,5.361328125
Dense3x70,PCA_MNIST_0_var3.png,MNIST,0,var3,0,4.9609375
Dense3x70,PCA_MNIST_0_var4.png,MNIST,0,var4,0,3.7060546875
Dense3x70,PCA_MNIST_1_var0.png,MNIST,1,var0,1,2.3388671875
Dense3x70,PCA_MNIST_1_var1.png,MNIST,1,var1,1,1.97265625
Dense3x70,PCA_MNIST_1_var2.png,MNIST,1,var2,1,1.11328125
Dense3x70,PCA_MNIST_1_var3.png,MNIST,1,var3,1,1.884765625
Dense3x70,PCA_MNIST_1_var4.png,MNIST,1,var4,1,1.5869140625
Dense3x70,PCA_MNIST_3_var0.png,MNIST,3,var0,3,3.6669921875
Dense3x70,PCA_MNIST_3_var1.png,MNIST,3,var1,3,3.7939453125
Dense3x70,PCA_MNIST_3_var2.png,MNIST,3,var2,3,3.9306640625
Dense3x70,PCA_MNIST_3_var3.png,MNIST,3,var3,3,4.23828125
Dense3x70,PCA_MNIST_3_var4.png,MNIST,3,var4,3,4.189453125
Dense4x20,PCA_Exp2_0_var0.png,Exp2,0,var0,0,7.1923828125
Dense4x20,PCA_Exp2_0_var1.png,Exp2,0,var1,0,6.923828125
Dense4x20,PCA_Exp2_0_var2.png,Exp2,0,var2,0,5.947265625
Dense4x20,PCA_Exp2_0_var3.png,Exp2,0,var3,0,4.78515625
Dense4x20,PCA_Exp2_0_var4.png,Exp2,0,var4,0,3.49609375
Dense4x20,PCA_Exp2_1_var0.png,Exp2,1,var0,1,6.0595703125
Dense4x20,PCA_Exp2_1_var1.png,Exp2,1,var1,1,6.455078125
Dense4x20,PCA_Exp2_1_var2.png,Exp2,1,var2,1,6.1572265625
Dense4x20,PCA_Exp2_1_var3.png,Exp2,1,var3,1,4.1357421875
Dense4x20,PCA_Exp2_1_var4.png,Exp2,1,var4,1,0.966796875
Dense4x20,PCA_Exp2_3_var0.png,Exp2,3,var0,3,21.5576171875
Dense4x20,PCA_Exp2_3_var1.png,Exp2,3,var1,3,23.2275390625
Dense4x20,PCA_Exp2_3_var2.png,Exp2,3,var2,3,24.228515625
Dense4x20,PCA_Exp2_3_var3.png,Exp2,3,var3,3,25.1123046875
Dense4x20,PCA_Exp2_3_var4.png,Exp2,3,var4,3,25.0537109375
Dense4x20,PCA_MNIST_0_var0.png,MNIST,0,var0,0,5.05859375
Dense4x20,PCA_MNIST_0_var1.png,MNIST,0,var1,0,6.2353515625
Dense4x20,PCA_MNIST_0_var2.png,MNIST,0,var2,0,5.859375
Dense4x20,PCA_MNIST_0_var3.png,MNIST,0,var3,0,4.82421875
Dense4x20,PCA_MNIST_0_var4.png,MNIST,0,var4,0,3.6962890625
Dense4x20,PCA_MNIST_1_var0.png,MNIST,1,var0,1,2.734375
Dense4x20,PCA_MNIST_1_var1.png,MNIST,1,var1,1,2.8466796875
Dense4x20,PCA_MNIST_1_var2.png,MNIST,1,var2,1,2.744140625
Dense4x20,PCA_MNIST_1_var3.png,MNIST,1,var3,1,2.4951171875
Dense4x20,PCA_MNIST_1_var4.png,MNIST,1,var4,1,2.40234375
Dense4x20,PCA_MNIST_3_var0.png,MNIST,3,var0,3,3.65234375
Dense4x20,PCA_MNIST_3_var1.png,MNIST,3,var1,3,4.3408203125
Dense4x20,PCA_MNIST_3_var2.png,MNIST,3,var2,3,4.9658203125
Dense4x20,PCA_MNIST_3_var3.png,MNIST,3,var3,3,4.39453125
Dense4x20,PCA_MNIST_3_var4.png,MNIST,3,var4,3,4.111328125
Dense4x25,PCA_Exp2_0_var0.png,Exp2,0,var0,0,7.197265625
Dense4x25,PCA_Exp2_0_var1.png,Exp2,0,var1,0,8.10546875
Dense4x25,PCA_Exp2_0_var2.png,Exp2,0,var2,0,9.541015625
Dense4x25,PCA_Exp2_0_var3.png,Exp2,0,var3,0,9.2431640625
Dense4x25,PCA_Exp2_0_var4.png,Exp2,0,var4,0,8.5498046875
Dense4x25,PCA_Exp2_1_var0.png,Exp2,1,var0,1,5.95703125
Dense4x25,PCA_Exp2_1_var1.png,Exp2,1,var1,1,4.6337890625
Dense4x25,PCA_Exp2_1_var2.png,Exp2,1,var2,1,0.1123046875
Dense4x25,PCA_Exp2_1_var3.png,Exp2,1,var3,3,3.466796875
Dense4x25,PCA_Exp2_1_var4.png,Exp2,1,var4,3,5.6201171875
Dense4x25,PCA_Exp2_3_var0.png,Exp2,3,var0,3,21.318359375
Dense4x25,PCA_Exp2_3_var1.png,Exp2,3,var1,3,23.5986328125
Dense4x25,PCA_Exp2_3_var2.png,Exp2,3,var2,3,25.107421875
Dense4x25,PCA_Exp2_3_var3.png,Exp2,3,var3,3,25.5712890625
Dense4x25,PCA_Exp2_3_var4.png,Exp2,3,var4,3,25.2490234375
Dense4x25,PCA_MNIST_0_var0.png,MNIST,0,var0,0,4.6044921875
Dense4x25,PCA_MNIST_0_var1.png,MNIST,0,var1,0,5.712890625
Dense4x25,PCA_MNIST_0_var2.png,MNIST,0,var2,0,5.0537109375
Dense4x25,PCA_MNIST_0_var3.png,MNIST,0,var3,0,4.0771484375
Dense4x25,PCA_MNIST_0_var4.png,MNIST,0,var4,0,3.076171875
Dense4x25,PCA_MNIST_1_var0.png,MNIST,1,var0,1,2.470703125
Dense4x25,PCA_MNIST_1_var1.png,MNIST,1,var1,1,3.095703125
Dense4x25,PCA_MNIST_1_var2.png,MNIST,1,var2,1,3.3740234375
Dense4x25,PCA_MNIST_1_var3.png,MNIST,1,var3,1,3.203125
Dense4x25,PCA_MNIST_1_var4.png,MNIST,1,var4,1,2.607421875
Dense4x25,PCA_MNIST_3_var0.png,MNIST,3,var0,3,3.2177734375
Dense4x25,PCA_MNIST_3_var1.png,MNIST,3,var1,3,3.9892578125
Dense4x25,PCA_MNIST_3_var2.png,MNIST,3,var2,3,4.482421875
Dense4x25,PCA_MNIST_3_var3.png,MNIST,3,var3,3,5.126953125
Dense4x25,PCA_MNIST_3_var4.png,MNIST,3,var4,3,4.82421875
Dense4x30,PCA_Exp2_0_var0.png,Exp2,0,var0,0,10.810546875
Dense4x30,PCA_Exp2_0_var1.png,Exp2,0,var1,0,10.3076171875
Dense4x30,PCA_Exp2_0_var2.png,Exp2,0,var2,0,9.23828125
Dense4x30,PCA_Exp2_0_var3.png,Exp2,0,var3,0,7.353515625
Dense4x30,PCA_Exp2_0_var4.png,Exp2,0,var4,0,5.166015625
Dense4x30,PCA_Exp2_1_var0.png,Exp2,1,var0,1,7.7490234375
Dense4x30,PCA_Exp2_1_var1.png,Exp2,1,var1,1,5.986328125
Dense4x30,PCA_Exp2_1_var2.png,Exp2,1,var2,1,3.095703125
Dense4x30,PCA_Exp2_1_var3.png,Exp2,1,var3,3,1.1767578125
Dense4x30,PCA_Exp2_1_var4.png,Exp2,1,var4,3,1.7578125
Dense4x30,PCA_Exp2_3_var0.png,Exp2,3,var0,3,18.349609375
Dense4x30,PCA_Exp2_3_var1.png,Exp2,3,var1,3,18.271484375
Dense4x30,PCA_Exp2_3_var2.png,Exp2,3,var2,3,17.4755859375
Dense4x30,PCA_Exp2_3_var3.png,Exp2,3,var3,3,16.3720703125
Dense4x30,PCA_Exp2_3_var4.png,Exp2,3,var4,3,14.599609375
Dense4x30,PCA_MNIST_0_var0.png,MNIST,0,var0,0,4.140625
Dense4x30,PCA_MNIST_0_var1.png,MNIST,0,var1,0,5.3173828125
Dense4x30,PCA_MNIST_0_var2.png,MNIST,0,var2,0,5.146484375
Dense4x30,PCA_MNIST_0_var3.png,MNIST,0,var3,0,4.404296875
Dense4x30,PCA_MNIST_0_var4.png,MNIST,0,var4,0,3.37890625
Dense4x30,PCA_MNIST_1_var0.png,MNIST,1,var0,1,2.177734375
Dense4x30,PCA_MNIST_1_var1.png,MNIST,1,var1,1,2.4462890625
Dense4x30,PCA_MNIST_1_var2.png,MNIST,1,var2,1,2.607421875
Dense4x30,PCA_MNIST_1_var3.png,MNIST,1,var3,1,2.3779296875
Dense4x30,PCA_MNIST_1_var4.png,MNIST,1,var4,1,1.9970703125
Dense4x30,PCA_MNIST_3_var0.png,MNIST,3,var0,3,3.96484375
Dense4x30,PCA_MNIST_3_var1.png,MNIST,3,var1,3,4.5703125
Dense4x30,PCA_MNIST_3_var2.png,MNIST,3,var2,3,4.453125
Dense4x30,PCA_MNIST_3_var3.png,MNIST,3,var3,3,3.75
Dense4x30,PCA_MNIST_3_var4.png,MNIST,3,var4,3,3.5986328125
Dense4x35,PCA_Exp2_0_var0.png,Exp2,0,var0,0,9.7705078125
Dense4x35,PCA_Exp2_0_var1.png,Exp2,0,var1,0,9.43359375
Dense4x35,PCA_Exp2_0_var2.png,Exp2,0,var2,0,7.7490234375
Dense4x35,PCA_Exp2_0_var3.png,Exp2,0,var3,0,5.6103515625
Dense4x35,PCA_Exp2_0_var4.png,Exp2,0,var4,0,2.216796875
Dense4x35,PCA_Exp2_1_var0.png,Exp2,1,var0,1,7.3974609375
Dense4x35,PCA_Exp2_1_var1.png,Exp2,1,var1,1,7.060546875
Dense4x35,PCA_Exp2_1_var2.png,Exp2,1,var2,1,5.0634765625
Dense4x35,PCA_Exp2_1_var3.png,Exp2,1,var3,1,1.0595703125
Dense4x35,PCA_Exp2_1_var4.png,Exp2,1,var4,3,4.140625
Dense4x35,PCA_Exp2_3_var0.png,Exp2,3,var0,3,18.2861328125
Dense4x35,PCA_Exp2_3_var1.png,Exp2,3,var1,3,19.326171875
Dense4x35,PCA_Exp2_3_var2.png,Exp2,3,var2,3,18.8427734375
Dense4x35,PCA_Exp2_3_var3.png,Exp2,3,var3,3,17.900390625
Dense4x35,PCA_Exp2_3_var4.png,Exp2,3,var4,3,16.3623046875
Dense4x35,PCA_MNIST_0_var0.png,MNIST,0,var0,0,4.53125
Dense4x35,PCA_MNIST_0_var1.png,MNIST,0,var1,0,5.5810546875
Dense4x35,PCA_MNIST_0_var2.png,MNIST,0,var2,0,4.7802734375
Dense4x35,PCA_MNIST_0_var3.png,MNIST,0,var3,0,4.27734375
Dense4x35,PCA_MNIST_0_var4.png,MNIST,0,var4,0,3.4814453125
Dense4x35,PCA_MNIST_1_var0.png,MNIST,1,var0,1,1.8603515625
Dense4x35,PCA_MNIST_1_var1.png,MNIST,1,var1,1,2.138671875
Dense4x35,PCA_MNIST_1_var2.png,MNIST,1,var2,1,2.1875
Dense4x35,PCA_MNIST_1_var3.png,MNIST,1,var3,1,2.314453125
Dense4x35,PCA_MNIST_1_var4.png,MNIST,1,var4,1,1.9677734375
Dense4x35,PCA_MNIST_3_var0.png,MNIST,3,var0,3,3.6767578125
Dense4x35,PCA_MNIST_3_var1.png,MNIST,3,var1,3,3.8671875
Dense4x35,PCA_MNIST_3_var2.png,MNIST,3,var2,3,4.2919921875
Dense4x35,PCA_MNIST_3_var3.png,MNIST,3,var3,3,4.2431640625
Dense4x35,PCA_MNIST_3_var4.png,MNIST,3,var4,3,3.974609375
Dense4x40,PCA_Exp2_0_var0.png,Exp2,0,var0,0,9.6337890625
Dense4x40,PCA_Exp2_0_var1.png,Exp2,0,var1,0,9.2138671875
Dense4x40,PCA_Exp2_0_var2.png,Exp2,0,var2,0,7.1875
Dense4x40,PCA_Exp2_0_var3.png,Exp2,0,var3,0,3.8037109375
Dense4x40,PCA_Exp2_0_var4.png,Exp2,0,var4,5,0.1904296875
Dense4x40,PCA_Exp2_1_var0.png,Exp2,1,var0,1,2.6611328125
Dense4x40,PCA_Exp2_1_var1.png,Exp2,1,var1,1,2.44140625
Dense4x40,PCA_Exp2_1_var2.png,Exp2,1,var2,2,0.869140625
Dense4x40,PCA_Exp2_1_var3.png,Exp2,1,var3,3,2.0947265625
Dense4x40,PCA_Exp2_1_var4.png,Exp2,1,var4,3,4.736328125
Dense4x40,PCA_Exp2_3_var0.png,Exp2,3,var0,3,18.671875
Dense4x40,PCA_Exp2_3_var1.png,Exp2,3,var1,3,19.31640625
Dense4x40,PCA_Exp2_3_var2.png,Exp2,3,var2,3,19.8486328125
Dense4x40,PCA_Exp2_3_var3.png,Exp2,3,var3,3,19.052734375
Dense4x40,PCA_Exp2_3_var4.png,Exp2,3,var4,3,17.3046875
Dense4x40,PCA_MNIST_0_var0.png,MNIST,0,var0,0,3.0224609375
Dense4x40,PCA_MNIST_0_var1.png,MNIST,0,var1,0,3.7939453125
Dense4x40,PCA_MNIST_0_var2.png,MNIST,0,var2,0,3.701171875
Dense4x40,PCA_MNIST_0_var3.png,MNIST,0,var3,0,3.544921875
Dense4x40,PCA_MNIST_0_var4.png,MNIST,0,var4,0,2.880859375
Dense4x40,PCA_MNIST_1_var0.png,MNIST,1,var0,1,2.0703125
Dense4x40,PCA_MNIST_1_var1.png,MNIST,1,var1,1,2.1875
Dense4x40,PCA_MNIST_1_var2.png,MNIST,1,var2,1,1.81640625
Dense4x40,PCA_MNIST_1_var3.png,MNIST,1,var3,1,1.728515625
Dense4x40,PCA_MNIST_1_var4.png,MNIST,1,var4,1,1.9140625
Dense4x40,PCA_MNIST_3_var0.png,MNIST,3,var0,3,4.1796875
Dense4x40,PCA_MNIST_3_var1.png,MNIST,3,var1,3,4.453125
Dense4x40,PCA_MNIST_3_var2.png,MNIST,3,var2,3,3.90625
Dense4x40,PCA_MNIST_3_var3.png,MNIST,3,var3,3,3.02734375
Dense4x40,PCA_MNIST_3_var4.png,MNIST,3,var4,3,2.8466796875
Dense4x45,PCA_Exp2_0_var0.png,Exp2,0,var0,0,8.5888671875
Dense4x45,PCA_Exp2_0_var1.png,Exp2,0,var1,0,8.720703125
Dense4x45,PCA_Exp2_0_var2.png,Exp2,0,var2,0,7.4609375
Dense4x45,PCA_Exp2_0_var3.png,Exp2,0,var3,0,4.8583984375
Dense4x45,PCA_Exp2_0_var4.png,Exp2,0,var4,0,0.8740234375
Dense4x45,PCA_Exp2_1_var0.png,Exp2,1,var0,1,5.283203125
Dense4x45,PCA_Exp2_1_var1.png,Exp2,1,var1,1,6.2353515625
Dense4x45,PCA_Exp2_1_var2.png,Exp2,1,var2,1,5.3857421875
Dense4x45,PCA_Exp2_1_var3.png,Exp2,1,var3,1,1.6015625
Dense4x45,PCA_Exp2_1_var4.png,Exp2,1,var4,3,3.3935546875
Dense4x45,PCA_Exp2_3_var0.png,Exp2,3,var0,3,17.119140625
Dense4x45,PCA_Exp2_3_var1.png,Exp2,3,var1,3,17.5830078125
Dense4x45,PCA_Exp2_3_var2.png,Exp2,3,var2,3,18.4765625
Dense4x45,PCA_Exp2_3_var3.png,Exp2,3,var3,3,19.6044921875
Dense4x45,PCA_Exp2_3_var4.png,Exp2,3,var4,3,18.955078125
Dense4x45,PCA_MNIST_0_var0.png,MNIST,0,var0,0,4.39453125
Dense4x45,PCA_MNIST_0_var1.png,MNIST,0,var1,0,5.1953125
Dense4x45,PCA_MNIST_0_var2.png,MNIST,0,var2,0,4.599609375
Dense4x45,PCA_MNIST_0_var3.png,MNIST,0,var3,0,4.140625
Dense4x45,PCA_MNIST_0_var4.png,MNIST,0,var4,0,3.1787109375
Dense4x45,PCA_MNIST_1_var0.png,MNIST,1,var0,1,2.0947265625
Dense4x45,PCA_MNIST_1_var1.png,MNIST,1,var1,1,2.080078125
Dense4x45,PCA_MNIST_1_var2.png,MNIST,1,var2,1,1.552734375
Dense4x45,PCA_MNIST_1_var3.png,MNIST,1,var3,1,1.875
Dense4x45,PCA_MNIST_1_var4.png,MNIST,1,var4,1,2.2265625
Dense4x45,PCA_MNIST_3_var0.png,MNIST,3,var0,3,3.53515625
Dense4x45,PCA_MNIST_3_var1.png,MNIST,3,var1,3,3.0810546875
Dense4x45,PCA_MNIST_3_var2.png,MNIST,3,var2,3,3.037109375
Dense4x45,PCA_MNIST_3_var3.png,MNIST,3,var3,3,3.1201171875
Dense4x45,PCA_MNIST_3_var4.png,MNIST,3,var4,3,2.8076171875
Dense4x50,PCA_Exp2_0_var0.png,Exp2,0,var0,0,6.03515625
Dense4x50,PCA_Exp2_0_var1.png,Exp2,0,var1,0,6.640625
Dense4x50,PCA_Exp2_0_var2.png,Exp2,0,var2,0,7.4951171875
Dense4x50,PCA_Exp2_0_var3.png,Exp2,0,var3,0,8.2861328125
Dense4x50,PCA_Exp2_0_var4.png,Exp2,0,var4,0,6.6943359375
Dense4x50,PCA_Exp2_1_var0.png,Exp2,1,var0,1,5.0341796875
Dense4x50,PCA_Exp2_1_var1.png,Exp2,1,var1,1,5.5126953125
Dense4x50,PCA_Exp2_1_var2.png,Exp2,1,var2,1,5.01953125
Dense4x50,PCA_Exp2_1_var3.png,Exp2,1,var3,3,0.52734375
Dense4x50,PCA_Exp2_1_var4.png,Exp2,1,var4,3,5.498046875
Dense4x50,PCA_Exp2_3_var0.png,Exp2,3,var0,3,19.833984375
Dense4x50,PCA_Exp2_3_var1.png,Exp2,3,var1,3,20.4638671875
Dense4x50,PCA_Exp2_3_var2.png,Exp2,3,var2,3,20.5322265625
Dense4x50,PCA_Exp2_3_var3.png,Exp2,3,var3,3,19.9072265625
Dense4x50,PCA_Exp2_3_var4.png,Exp2,3,var4,3,18.6083984375
Dense4x50,PCA_MNIST_0_var0.png,MNIST,0,var0,0,3.96484375
Dense4x50,PCA_MNIST_0_var1.png,MNIST,0,var1,0,4.619140625
Dense4x50,PCA_MNIST_0_var2.png,MNIST,0,var2,0,3.955078125
Dense4x50,PCA_MNIST_0_var3.png,MNIST,0,var3,0,3.0126953125
Dense4x50,PCA_MNIST_0_var4.png,MNIST,0,var4,0,2.3291015625
Dense4x50,PCA_MNIST_1_var0.png,MNIST,1,var0,1,2.1923828125
Dense4x50,PCA_MNIST_1_var1.png,MNIST,1,var1,1,2.001953125
Dense4x50,PCA_MNIST_1_var2.png,MNIST,1,var2,1,1.875
Dense4x50,PCA_MNIST_1_var3.png,MNIST,1,var3,1,1.845703125
Dense4x50,PCA_MNIST_1_var4.png,MNIST,1,var4,1,1.7138671875
Dense4x50,PCA_MNIST_3_var0.png,MNIST,3,var0,3,2.4462890625
Dense4x50,PCA_MNIST_3_var1.png,MNIST,3,var1,3,2.87109375
Dense4x50,PCA_MNIST_3_var2.png,MNIST,3,var2,3,3.2177734375
Dense4x50,PCA_MNIST_3_var3.png,MNIST,3,var3,3,3.65234375
Dense4x50,PCA_MNIST_3_var4.png,MNIST,3,var4,3,3.65234375
Dense4x55,PCA_Exp2_0_var0.png,Exp2,0,var0,0,7.939453125
Dense4x55,PCA_Exp2_0_var1.png,Exp2,0,var1,0,8.6865234375
Dense4x55,PCA_Exp2_0_var2.png,Exp2,0,var2,0,7.451171875
Dense4x55,PCA_Exp2_0_var3.png,Exp2,0,var3,0,5.1611328125
Dense4x55,PCA_Exp2_0_var4.png,Exp2,0,var4,0,1.748046875
Dense4x55,PCA_Exp2_1_var0.png,Exp2,1,var0,1,6.0595703125
Dense4x55,PCA_Exp2_1_var1.png,Exp2,1,var1,1,5.849609375
Dense4x55,PCA_Exp2_1_var2.png,Exp2,1,var2,1,4.677734375
Dense4x55,PCA_Exp2_1_var3.png,Exp2,1,var3,1,2.509765625
Dense4x55,PCA_Exp2_1_var4.png,Exp2,1,var4,3,2.71484375
Dense4x55,PCA_Exp2_3_var0.png,Exp2,3,var0,3,18.134765625
Dense4x55,PCA_Exp2_3_var1.png,Exp2,3,var1,3,18.6962890625
Dense4x55,PCA_Exp2_3_var2.png,Exp2,3,var2,3,18.3935546875
Dense4x55,PCA_Exp2_3_var3.png,Exp2,3,var3,3,17.4365234375
Dense4x55,PCA_Exp2_3_var4.png,Exp2,3,var4,3,15.859375
Dense4x55,PCA_MNIST_0_var0.png,MNIST,0,var0,0,3.4619140625
Dense4x55,PCA_MNIST_0_var1.png,MNIST,0,var1,0,4.3798828125
Dense4x55,PCA_MNIST_0_var2.png,MNIST,0,var2,0,3.59375
Dense4x55,PCA_MNIST_0_var3.png,MNIST,0,var3,0,3.388671875
Dense4x55,PCA_MNIST_0_var4.png,MNIST,0,var4,0,2.5634765625
Dense4x55,PCA_MNIST_1_var0.png,MNIST,1,var0,1,2.0947265625
Dense4x55,PCA_MNIST_1_var1.png,MNIST,1,var1,1,2.3583984375
Dense4x55,PCA_MNIST_1_var2.png,MNIST,1,var2,1,2.12890625
Dense4x55,PCA_MNIST_1_var3.png,MNIST,1,var3,1,2.4365234375
Dense4x55,PCA_MNIST_1_var4.png,MNIST,1,var4,1,2.05078125
Dense4x55,PCA_MNIST_3_var0.png,MNIST,3,var0,3,3.02734375
Dense4x55,PCA_MNIST_3_var1.png,MNIST,3,var1,3,3.6376953125
Dense4x55,PCA_MNIST_3_var2.png,MNIST,3,var2,3,3.88671875
Dense4x55,PCA_MNIST_3_var3.png,MNIST,3,var3,3,3.30078125
Dense4x55,PCA_MNIST_3_var4.png,MNIST,3,var4,3,2.9931640625
Dense4x60,PCA_Exp2_0_var0.png,Exp2,0,var0,0,9.3701171875
Dense4x60,PCA_Exp2_0_var1.png,Exp2,0,var1,0,9.5849609375
Dense4x60,PCA_Exp2_0_var2.png,Exp2,0,var2,0,8.4912109375
Dense4x60,PCA_Exp2_0_var3.png,Exp2,0,var3,0,6.2939453125
Dense4x60,PCA_Exp2_0_var4.png,Exp2,0,var4,0,3.203125
Dense4x60,PCA_Exp2_1_var0.png,Exp2,1,var0,1,3.4033203125
Dense4x60,PCA_Exp2_1_var1.png,Exp2,1,var1,1,3.0615234375
Dense4x60,PCA_Exp2_1_var2.png,Exp2,1,var2,1,1.81640625
Dense4x60,PCA_Exp2_1_var3.png,Exp2,1,var3,3,3.037109375
Dense4x60,PCA_Exp2_1_var4.png,Exp2,1,var4,3,4.6875
Dense4x60,PCA_Exp2_3_var0.png,Exp2,3,var0,3,17.1630859375
Dense4x60,PCA_Exp2_3_var1.png,Exp2,3,var1,3,17.9736328125
Dense4x60,PCA_Exp2_3_var2.png,Exp2,3,var2,3,18.4814453125
Dense4x60,PCA_Exp2_3_var3.png,Exp2,3,var3,3,18.8916015625
Dense4x60,PCA_Exp2_3_var4.png,Exp2,3,var4,3,17.978515625
Dense4x60,PCA_MNIST_0_var0.png,MNIST,0,var0,0,3.291015625
Dense4x60,PCA_MNIST_0_var1.png,MNIST,0,var1,0,4.3408203125
Dense4x60,PCA_MNIST_0_var2.png,MNIST,0,var2,0,4.23828125
Dense4x60,PCA_MNIST_0_var3.png,MNIST,0,var3,0,3.642578125
Dense4x60,PCA_MNIST_0_var4.png,MNIST,0,var4,0,3.0126953125
Dense4x60,PCA_MNIST_1_var0.png,MNIST,1,var0,1,2.0068359375
Dense4x60,PCA_MNIST_1_var1.png,MNIST,1,var1,1,1.89453125
Dense4x60,PCA_MNIST_1_var2.png,MNIST,1,var2,1,1.357421875
Dense4x60,PCA_MNIST_1_var3.png,MNIST,1,var3,1,1.875
Dense4x60,PCA_MNIST_1_var4.png,MNIST,1,var4,1,1.8212890625
Dense4x60,PCA_MNIST_3_var0.png,MNIST,3,var0,3,3.3056640625
Dense4x60,PCA_MNIST_3_var1.png,MNIST,3,var1,3,3.5009765625
Dense4x60,PCA_MNIST_3_var2.png,MNIST,3,var2,3,3.61328125
Dense4x60,PCA_MNIST_3_var3.png,MNIST,3,var3,3,3.33984375
Dense4x60,PCA_MNIST_3_var4.png,MNIST,3,var4,3,3.3154296875
Dense4x65,PCA_Exp2_0_var0.png,Exp2,0,var0,0,8.0322265625
Dense4x65,PCA_Exp2_0_var1.png,Exp2,0,var1,0,8.75
Dense4x65,PCA_Exp2_0_var2.png,Exp2,0,var2,0,9.4580078125
Dense4x65,PCA_Exp2_0_var3.png,Exp2,0,var3,0,7.05078125
Dense4x65,PCA_Exp2_0_var4.png,Exp2,0,var4,0,1.54296875
Dense4x65,PCA_Exp2_1_var0.png,Exp2,1,var0,1,4.677734375
Dense4x65,PCA_Exp2_1_var1.png,Exp2,1,var1,1,4.365234375
Dense4x65,PCA_Exp2_1_var2.png,Exp2,1,var2,1,3.4521484375
Dense4x65,PCA_Exp2_1_var3.png,Exp2,1,var3,1,2.4560546875
Dense4x65,PCA_Exp2_1_var4.png,Exp2,1,var4,1,0.6591796875
Dense4x65,PCA_Exp2_3_var0.png,Exp2,3,var0,3,14.47265625
Dense4x65,PCA_Exp2_3_var1.png,Exp2,3,var1,3,15.1953125
Dense4x65,PCA_Exp2_3_var2.png,Exp2,3,var2,3,15.927734375
Dense4x65,PCA_Exp2_3_var3.png,Exp2,3,var3,3,15.7763671875
Dense4x65,PCA_Exp2_3_var4.png,Exp2,3,var4,3,14.5703125
Dense4x65,PCA_MNIST_0_var0.png,MNIST,0,var0,0,4.8046875
Dense4x65,PCA_MNIST_0_var1.png,MNIST,0,var1,0,5.6640625
Dense4x65,PCA_MNIST_0_var2.png,MNIST,0,var2,0,4.4970703125
Dense4x65,PCA_MNIST_0_var3.png,MNIST,0,var3,0,3.57421875
Dense4x65,PCA_MNIST_0_var4.png,MNIST,0,var4,0,3.61328125
Dense4x65,PCA_MNIST_1_var0.png,MNIST,1,var0,1,2.080078125
Dense4x65,PCA_MNIST_1_var1.png,MNIST,1,var1,1,2.099609375
Dense4x65,PCA_MNIST_1_var2.png,MNIST,1,var2,1,1.611328125
Dense4x65,PCA_MNIST_1_var3.png,MNIST,1,var3,1,2.001953125
Dense4x65,PCA_MNIST_1_var4.png,MNIST,1,var4,1,2.1484375
Dense4x65,PCA_MNIST_3_var0.png,MNIST,3,var0,3,3.14453125
Dense4x65,PCA_MNIST_3_var1.png,MNIST,3,var1,3,3.623046875
Dense4x65,PCA_MNIST_3_var2.png,MNIST,3,var2,3,3.193359375
Dense4x65,PCA_MNIST_3_var3.png,MNIST,3,var3,3,3.4619140625
Dense4x65,PCA_MNIST_3_var4.png,MNIST,3,var4,3,3.2421875
Dense4x70,PCA_Exp2_0_var0.png,Exp2,0,var0,0,10.17578125
Dense4x70,PCA_Exp2_0_var1.png,Exp2,0,var1,0,11.07421875
Dense4x70,PCA_Exp2_0_var2.png,Exp2,0,var2,0,10.8056640625
Dense4x70,PCA_Exp2_0_var3.png,Exp2,0,var3,0,9.2822265625
Dense4x70,PCA_Exp2_0_var4.png,Exp2,0,var4,0,6.42578125
Dense4x70,PCA_Exp2_1_var0.png,Exp2,1,var0,1,4.1796875
Dense4x70,PCA_Exp2_1_var1.png,Exp2,1,var1,1,3.1005859375
Dense4x70,PCA_Exp2_1_var2.png,Exp2,1,var2,3,3.125
Dense4x70,PCA_Exp2_1_var3.png,Exp2,1,var3,3,5.9423828125
Dense4x70,PCA_Exp2_1_var4.png,Exp2,1,var4,3,8.1103515625
Dense4x70,PCA_Exp2_3_var0.png,Exp2,3,var0,3,20.869140625
Dense4x70,PCA_Exp2_3_var1.png,Exp2,3,var1,3,21.162109375
Dense4x70,PCA_Exp2_3_var2.png,Exp2,3,var2,3,21.064453125
Dense4x70,PCA_Exp2_3_var3.png,Exp2,3,var3,3,20.947265625
Dense4x70,PCA_Exp2_3_var4.png,Exp2,3,var4,3,20.3564453125
Dense4x70,PCA_MNIST_0_var0.png,MNIST,0,var0,0,4.04296875
Dense4x70,PCA_MNIST_0_var1.png,MNIST,0,var1,0,5.3466796875
Dense4x70,PCA_MNIST_0_var2.png,MNIST,0,var2,0,4.609375
Dense4x70,PCA_MNIST_0_var3.png,MNIST,0,var3,0,3.4716796875
Dense4x70,PCA_MNIST_0_var4.png,MNIST,0,var4,0,3.0029296875
Dense4x70,PCA_MNIST_1_var0.png,MNIST,1,var0,1,1.8212890625
Dense4x70,PCA_MNIST_1_var1.png,MNIST,1,var1,1,1.904296875
Dense4x70,PCA_MNIST_1_var2.png,MNIST,1,var2,1,1.7333984375
Dense4x70,PCA_MNIST_1_var3.png,MNIST,1,var3,1,1.7822265625
Dense4x70,PCA_MNIST_1_var4.png,MNIST,1,var4,1,1.7236328125
Dense4x70,PCA_MNIST_3_var0.png,MNIST,3,var0,3,3.3203125
Dense4x70,PCA_MNIST_3_var1.png,MNIST,3,var1,3,3.818359375
Dense4x70,PCA_MNIST_3_var2.png,MNIST,3,var2,3,4.033203125
Dense4x70,PCA_MNIST_3_var3.png,MNIST,3,var3,3,4.0673828125
Dense4x70,PCA_MNIST_3_var4.png,MNIST,3,var4,3,3.681640625
Dense5x20,PCA_Exp2_0_var0.png,Exp2,0,var0,0,12.294921875
Dense5x20,PCA_Exp2_0_var1.png,Exp2,0,var1,0,13.076171875
Dense5x20,PCA_Exp2_0_var2.png,Exp2,0,var2,0,12.3583984375
Dense5x20,PCA_Exp2_0_var3.png,Exp2,0,var3,0,10.7080078125
Dense5x20,PCA_Exp2_0_var4.png,Exp2,0,var4,0,8.7548828125
Dense5x20,PCA_Exp2_1_var0.png,Exp2,1,var0,8,2.197265625
Dense5x20,PCA_Exp2_1_var1.png,Exp2,1,var1,8,0.60546875
Dense5x20,PCA_Exp2_1_var2.png,Exp2,1,var2,3,2.041015625
Dense5x20,PCA_Exp2_1_var3.png,Exp2,1,var3,3,4.7607421875
Dense5x20,PCA_Exp2_1_var4.png,Exp2,1,var4,3,6.3623046875
Dense5x20,PCA_Exp2_3_var0.png,Exp2,3,var0,3,15.419921875
Dense5x20,PCA_Exp2_3_var1.png,Exp2,3,var1,3,16.279296875
Dense5x20,PCA_Exp2_3_var2.png,Exp2,3,var2,3,17.2265625
Dense5x20,PCA_Exp2_3_var3.png,Exp2,3,var3,3,18.41796875
Dense5x20,PCA_Exp2_3_var4.png,Exp2,3,var4,3,19.4482421875
Dense5x20,PCA_MNIST_0_var0.png,MNIST,0,var0,0,5.2294921875
Dense5x20,PCA_MNIST_0_var1.png,MNIST,0,var1,0,6.142578125
Dense5x20,PCA_MNIST_0_var2.png,MNIST,0,var2,0,5.8056640625
Dense5x20,PCA_MNIST_0_var3.png,MNIST,0,var3,0,4.6435546875
Dense5x20,PCA_MNIST_0_var4.png,MNIST,0,var4,0,3.3447265625
Dense5x20,PCA_MNIST_1_var0.png,MNIST,1,var0,1,1.435546875
Dense5x20,PCA_MNIST_1_var1.png,MNIST,1,var1,1,1.73828125
Dense5x20,PCA_MNIST_1_var2.png,MNIST,1,var2,1,1.7236328125
Dense5x20,PCA_MNIST_1_var3.png,MNIST,1,var3,1,1.6748046875
Dense5x20,PCA_MNIST_1_var4.png,MNIST,1,var4,1,1.2060546875
Dense5x20,PCA_MNIST_3_var0.png,MNIST,3,var0,3,3.3251953125
Dense5x20,PCA_MNIST_3_var1.png,MNIST,3,var1,3,3.7255859375
Dense5x20,PCA_MNIST_3_var2.png,MNIST,3,var2,3,4.453125
Dense5x20,PCA_MNIST_3_var3.png,MNIST,3,var3,3,4.19921875
Dense5x20,PCA_MNIST_3_var4.png,MNIST,3,var4,3,3.5888671875
Dense5x25,PCA_Exp2_0_var0.png,Exp2,0,var0,0,7.6611328125
Dense5x25,PCA_Exp2_0_var1.png,Exp2,0,var1,0,8.3447265625
Dense5x25,PCA_Exp2_0_var2.png,Exp2,0,var2,0,8.232421875
Dense5x25,PCA_Exp2_0_var3.png,Exp2,0,var3,0,6.4599609375
Dense5x25,PCA_Exp2_0_var4.png,Exp2,0,var4,0,3.2177734375
Dense5x25,PCA_Exp2_1_var0.png,Exp2,1,var0,1,4.8876953125
Dense5x25,PCA_Exp2_1_var1.png,Exp2,1,var1,1,5.087890625
Dense5x25,PCA_Exp2_1_var2.png,Exp2,1,var2,1,4.1064453125
Dense5x25,PCA_Exp2_1_var3.png,Exp2,1,var3,1,3.564453125
Dense5x25,PCA_Exp2_1_var4.png,Exp2,1,var4,1,2.79296875
Dense5x25,PCA_Exp2_3_var0.png,Exp2,3,var0,3,14.70703125
Dense5x25,PCA_Exp2_3_var1.png,Exp2,3,var1,3,14.5166015625
Dense5x25,PCA_Exp2_3_var2.png,Exp2,3,var2,3,14.31640625
Dense5x25,PCA_Exp2_3_var3.png,Exp2,3,var3,3,14.228515625
Dense5x25,PCA_Exp2_3_var4.png,Exp2,3,var4,3,13.8330078125
Dense5x25,PCA_MNIST_0_var0.png,MNIST,0,var0,0,5.0634765625
Dense5x25,PCA_MNIST_0_var1.png,MNIST,0,var1,0,6.0888671875
Dense5x25,PCA_MNIST_0_var2.png,MNIST,0,var2,0,5.4833984375
Dense5x25,PCA_MNIST_0_var3.png,MNIST,0,var3,0,4.052734375
Dense5x25,PCA_MNIST_0_var4.png,MNIST,0,var4,0,3.9111328125
Dense5x25,PCA_MNIST_1_var0.png,MNIST,1,var0,1,1.6552734375
Dense5x25,PCA_MNIST_1_var1.png,MNIST,1,var1,1,2.1044921875
Dense5x25,PCA_MNIST_1_var2.png,MNIST,1,var2,1,2.0361328125
Dense5x25,PCA_MNIST_1_var3.png,MNIST,1,var3,1,2.216796875
Dense5x25,PCA_MNIST_1_var4.png,MNIST,1,var4,1,2.2119140625
Dense5x25,PCA_MNIST_3_var0.png,MNIST,3,var0,3,3.6279296875
Dense5x25,PCA_MNIST_3_var1.png,MNIST,3,var1,3,3.671875
Dense5x25,PCA_MNIST_3_var2.png,MNIST,3,var2,3,3.7841796875
Dense5x25,PCA_MNIST_3_var3.png,MNIST,3,var3,3,5.4736328125
Dense5x25,PCA_MNIST_3_var4.png,MNIST,3,var4,3,4.6142578125
Dense5x30,PCA_Exp2_0_var0.png,Exp2,0,var0,0,9.31640625
Dense5x30,PCA_Exp2_0_var1.png,Exp2,0,var1,0,9.78515625
Dense5x30,PCA_Exp2_0_var2.png,Exp2,0,var2,0,8.8427734375
Dense5x30,PCA_Exp2_0_var3.png,Exp2,0,var3,0,7.01171875
Dense5x30,PCA_Exp2_0_var4.png,Exp2,0,var4,0,4.12109375
Dense5x30,PCA_Exp2_1_var0.png,Exp2,1,var0,1,2.2607421875
Dense5x30,PCA_Exp2_1_var1.png,Exp2,1,var1,1,0.95703125
Dense5x30,PCA_Exp2_1_var2.png,Exp2,1,var2,3,2.4560546875
Dense5x30,PCA_Exp2_1_var3.png,Exp2,1,var3,3,4.033203125
Dense5x30,PCA_Exp2_1_var4.png,Exp2,1,var4,3,5.21484375
Dense5x30,PCA_Exp2_3_var0.png,Exp2,3,var0,3,12.0751953125
Dense5x30,PCA_Exp2_3_var1.png,Exp2,3,var1,3,13.0859375
Dense5x30,PCA_Exp2_3_var2.png,Exp2,3,var2,3,14.072265625
Dense5x30,PCA_Exp2_3_var3.png,Exp2,3,var3,3,15.361328125
Dense5x30,PCA_Exp2_3_var4.png,Exp2,3,var4,3,16.328125
Dense5x30,PCA_MNIST_0_var0.png,MNIST,0,var0,0,5.2001953125
Dense5x30,PCA_MNIST_0_var1.png,MNIST,0,var1,0,5.46875
Dense5x30,PCA_MNIST_0_var2.png,MNIST,0,var2,0,5.107421875
Dense5x30,PCA_MNIST_0_var3.png,MNIST,0,var3,0,4.6923828125
Dense5x30,PCA_MNIST_0_var4.png,MNIST,0,var4,0,3.8037109375
Dense5x30,PCA_MNIST_1_var0.png,MNIST,1,var0,1,1.34765625
Dense5x30,PCA_MNIST_1_var1.png,MNIST,1,var1,1,1.845703125
Dense5x30,PCA_MNIST_1_var2.png,MNIST,1,var2,1,1.81640625
Dense5x30,PCA_MNIST_1_var3.png,MNIST,1,var3,1,1.904296875
Dense5x30,PCA_MNIST_1_var4.png,MNIST,1,var4,1,1.689453125
Dense5x30,PCA_MNIST_3_var0.png,MNIST,3,var0,3,3.6865234375
Dense5x30,PCA_MNIST_3_var1.png,MNIST,3,var1,3,3.740234375
Dense5x30,PCA_MNIST_3_var2.png,MNIST,3,var2,3,3.6865234375
Dense5x30,PCA_MNIST_3_var3.png,MNIST,3,var3,3,3.3154296875
Dense5x30,PCA_MNIST_3_var4.png,MNIST,3,var4,3,3.2421875
Dense5x35,PCA_Exp2_0_var0.png,Exp2,0,var0,0,7.763671875
Dense5x35,PCA_Exp2_0_var1.png,Exp2,0,var1,0,8.76953125
Dense5x35,PCA_Exp2_0_var2.png,Exp2,0,var2,0,8.7744140625
Dense5x35,PCA_Exp2_0_var3.png,Exp2,0,var3,0,8.0615234375
Dense5x35,PCA_Exp2_0_var4.png,Exp2,0,var4,0,7.0654296875
Dense5x35,PCA_Exp2_1_var0.png,Exp2,1,var0,1,5.205078125
Dense5x35,PCA_Exp2_1_var1.png,Exp2,1,var1,1,4.3115234375
Dense5x35,PCA_Exp2_1_var2.png,Exp2,1,var2,3,0.7275390625
Dense5x35,PCA_Exp2_1_var3.png,Exp2,1,var3,3,5.4345703125
Dense5x35,PCA_Exp2_1_var4.png,Exp2,1,var4,3,8.6767578125
Dense5x35,PCA_Exp2_3_var0.png,Exp2,3,var0,3,20.3515625
Dense5x35,PCA_Exp2_3_var1.png,Exp2,3,var1,3,21.572265625
Dense5x35,PCA_Exp2_3_var2.png,Exp2,3,var2,3,22.8173828125
Dense5x35,PCA_Exp2_3_var3.png,Exp2,3,var3,3,22.236328125
Dense5x35,PCA_Exp2_3_var4.png,Exp2,3,var4,3,21.0595703125
Dense5x35,PCA_MNIST_0_var0.png,MNIST,0,var0,0,5.2880859375
Dense5x35,PCA_MNIST_0_var1.png,MNIST,0,var1,0,6.0546875
Dense5x35,PCA_MNIST_0_var2.png,MNIST,0,var2,0,4.677734375
Dense5x35,PCA_MNIST_0_var3.png,MNIST,0,var3,0,3.671875
Dense5x35,PCA_MNIST_0_var4.png,MNIST,0,var4,0,3.232421875
Dense5x35,PCA_MNIST_1_var0.png,MNIST,1,var0,1,2.0703125
Dense5x35,PCA_MNIST_1_var1.png,MNIST,1,var1,1,2.2900390625
Dense5x35,PCA_MNIST_1_var2.png,MNIST,1,var2,1,2.1337890625
Dense5x35,PCA_MNIST_1_var3.png,MNIST,1,var3,1,2.2119140625
Dense5x35,PCA_MNIST_1_var4.png,MNIST,1,var4,1,1.982421875
Dense5x35,PCA_MNIST_3_var0.png,MNIST,3,var0,3,3.7841796875
Dense5x35,PCA_MNIST_3_var1.png,MNIST,3,var1,3,4.4677734375
Dense5x35,PCA_MNIST_3_var2.png,MNIST,3,var2,3,4.82421875
Dense5x35,PCA_MNIST_3_var3.png,MNIST,3,var3,3,4.1748046875
Dense5x35,PCA_MNIST_3_var4.png,MNIST,3,var4,3,3.388671875
Dense5x40,PCA_Exp2_0_var0.png,Exp2,0,var0,0,7.3876953125
Dense5x40,PCA_Exp2_0_var1.png,Exp2,0,var1,0,6.9091796875
Dense5x40,PCA_Exp2_0_var2.png,Exp2,0,var2,0,4.31640625
Dense5x40,PCA_Exp2_0_var3.png,Exp2,0,var3,0,0.2392578125
Dense5x40,PCA_Exp2_0_var4.png,Exp2,0,var4,5,4.873046875
Dense5x40,PCA_Exp2_1_var0.png,Exp2,1,var0,2,1.77734375
Dense5x40,PCA_Exp2_1_var1.png,Exp2,1,var1,2,0.8837890625
Dense5x40,PCA_Exp2_1_var2.png,Exp2,1,var2,3,2.8662109375
Dense5x40,PCA_Exp2_1_var3.png,Exp2,1,var3,3,5.5615234375
Dense5x40,PCA_Exp2_1_var4.png,Exp2,1,var4,3,7.96875
Dense5x40,PCA_Exp2_3_var0.png,Exp2,3,var0,3,12.8369140625
Dense5x40,PCA_Exp2_3_var1.png,Exp2,3,var1,3,13.5498046875
Dense5x40,PCA_Exp2_3_var2.png,Exp2,3,var2,3,14.7900390625
Dense5x40,PCA_Exp2_3_var3.png,Exp2,3,var3,3,16.3330078125
Dense5x40,PCA_Exp2_3_var4.png,Exp2,3,var4,3,17.3876953125
Dense5x40,PCA_MNIST_0_var0.png,MNIST,0,var0,0,4.3359375
Dense5x40,PCA_MNIST_0_var1.png,MNIST,0,var1,0,4.6337890625
Dense5x40,PCA_MNIST_0_var2.png,MNIST,0,var2,0,3.8916015625
Dense5x40,PCA_MNIST_0_var3.png,MNIST,0,var3,0,3.857421875
Dense5x40,PCA_MNIST_0_var4.png,MNIST,0,var4,0,2.98828125
Dense5x40,PCA_MNIST_1_var0.png,MNIST,1,var0,1,1.357421875
Dense5x40,PCA_MNIST_1_var1.png,MNIST,1,var1,1,1.5576171875
Dense5x40,PCA_MNIST_1_var2.png,MNIST,1,var2,1,1.4404296875
Dense5x40,PCA_MNIST_1_var3.png,MNIST,1,var3,1,1.5478515625
Dense5x40,PCA_MNIST_1_var4.png,MNIST,1,var4,1,1.484375
Dense5x40,PCA_MNIST_3_var0.png,MNIST,3,var0,3,2.7294921875
Dense5x40,PCA_MNIST_3_var1.png,MNIST,3,var1,3,3.1298828125
Dense5x40,PCA_MNIST_3_var2.png,MNIST,3,var2,3,3.4423828125
Dense5x40,PCA_MNIST_3_var3.png,MNIST,3,var3,3,3.22265625
Dense5x40,PCA_MNIST_3_var4.png,MNIST,3,var4,3,2.87109375
Dense5x45,PCA_Exp2_0_var0.png,Exp2,0,var0,0,6.2646484375
Dense5x45,PCA_Exp2_0_var1.png,Exp2,0,var1,0,6.5673828125
Dense5x45,PCA_Exp2_0_var2.png,Exp2,0,var2,0,7.01171875
Dense5x45,PCA_Exp2_0_var3.png,Exp2,0,var3,0,6.1279296875
Dense5x45,PCA_Exp2_0_var4.png,Exp2,0,var4,0,2.490234375
Dense5x45,PCA_Exp2_1_var0.png,Exp2,1,var0,1,1.806640625
Dense5x45,PCA_Exp2_1_var1.png,Exp2,1,var1,1,0.908203125
Dense5x45,PCA_Exp2_1_var2.png,Exp2,1,var2,3,3.10546875
Dense5x45,PCA_Exp2_1_var3.png,Exp2,1,var3,3,5.1806640625
Dense5x45,PCA_Exp2_1_var4.png,Exp2,1,var4,3,7.1435546875
Dense5x45,PCA_Exp2_3_var0.png,Exp2,3,var0,3,18.0615234375
Dense5x45,PCA_Exp2_3_var1.png,Exp2,3,var1,3,18.8037109375
Dense5x45,PCA_Exp2_3_var2.png,Exp2,3,var2,3,19.0478515625
Dense5x45,PCA_Exp2_3_var3.png,Exp2,3,var3,3,18.8671875
Dense5x45,PCA_Exp2_3_var4.png,Exp2,3,var4,3,18.017578125
Dense5x45,PCA_MNIST_0_var0.png,MNIST,0,var0,0,3.6669921875
Dense5x45,PCA_MNIST_0_var1.png,MNIST,0,var1,0,4.267578125
Dense5x45,PCA_MNIST_0_var2.png,MNIST,0,var2,0,3.7451171875
Dense5x45,PCA_MNIST_0_var3.png,MNIST,0,var3,0,3.017578125
Dense5x45,PCA_MNIST_0_var4.png,MNIST,0,var4,0,2.28515625
Dense5x45,PCA_MNIST_1_var0.png,MNIST,1,var0,1,1.6259765625
Dense5x45,PCA_MNIST_1_var1.png,MNIST,1,var1,1,1.71875
Dense5x45,PCA_MNIST_1_var2.png,MNIST,1,var2,1,1.4013671875
Dense5x45,PCA_MNIST_1_var3.png,MNIST,1,var3,1,1.5673828125
Dense5x45,PCA_MNIST_1_var4.png,MNIST,1,var4,1,1.8359375
Dense5x45,PCA_MNIST_3_var0.png,MNIST,3,var0,3,3.7109375
Dense5x45,PCA_MNIST_3_var1.png,MNIST,3,var1,3,4.013671875
Dense5x45,PCA_MNIST_3_var2.png,MNIST,3,var2,3,3.1396484375
Dense5x45,PCA_MNIST_3_var3.png,MNIST,3,var3,3,3.3447265625
Dense5x45,PCA_MNIST_3_var4.png,MNIST,3,var4,3,2.96875
Dense5x50,PCA_Exp2_0_var0.png,Exp2,0,var0,0,7.6806640625
Dense5x50,PCA_Exp2_0_var1.png,Exp2,0,var1,0,8.1640625
Dense5x50,PCA_Exp2_0_var2.png,Exp2,0,var2,0,7.470703125
Dense5x50,PCA_Exp2_0_var3.png,Exp2,0,var3,0,4.755859375
Dense5x50,PCA_Exp2_0_var4.png,Exp2,0,var4,0,1.5185546875
Dense5x50,PCA_Exp2_1_var0.png,Exp2,1,var0,1,3.798828125
Dense5x50,PCA_Exp2_1_var1.png,Exp2,1,var1,1,3.154296875
Dense5x50,PCA_Exp2_1_var2.png,Exp2,1,var2,3,1.0205078125
Dense5x50,PCA_Exp2_1_var3.png,Exp2,1,var3,3,5.3759765625
Dense5x50,PCA_Exp2_1_var4.png,Exp2,1,var4,3,7.783203125
Dense5x50,PCA_Exp2_3_var0.png,Exp2,3,var0,3,16.6552734375
Dense5x50,PCA_Exp2_3_var1.png,Exp2,3,var1,3,17.3046875
Dense5x50,PCA_Exp2_3_var2.png,Exp2,3,var2,3,17.666015625
Dense5x50,PCA_Exp2_3_var3.png,Exp2,3,var3,3,17.5634765625
Dense5x50,PCA_Exp2_3_var4.png,Exp2,3,var4,3,16.9775390625
Dense5x50,PCA_MNIST_0_var0.png,MNIST,0,var0,0,3.9453125
Dense5x50,PCA_MNIST_0_var1.png,MNIST,0,var1,0,4.6923828125
Dense5x50,PCA_MNIST_0_var2.png,MNIST,0,var2,0,4.6630859375
Dense5x50,PCA_MNIST_0_var3.png,MNIST,0,var3,0,4.052734375
Dense5x50,PCA_MNIST_0_var4.png,MNIST,0,var4,0,2.939453125
Dense5x50,PCA_MNIST_1_var0.png,MNIST,1,var0,1,1.8310546875
Dense5x50,PCA_MNIST_1_var1.png,MNIST,1,var1,1,1.81640625
Dense5x50,PCA_MNIST_1_var2.png,MNIST,1,var2,1,1.767578125
Dense5x50,PCA_MNIST_1_var3.png,MNIST,1,var3,1,1.8701171875
Dense5x50,PCA_MNIST_1_var4.png,MNIST,1,var4,1,1.9287109375
Dense5x50,PCA_MNIST_3_var0.png,MNIST,3,var0,3,2.5146484375
Dense5x50,PCA_MNIST_3_var1.png,MNIST,3,var1,3,2.7197265625
Dense5x50,PCA_MNIST_3_var2.png,MNIST,3,var2,3,3.544921875
Dense5x50,PCA_MNIST_3_var3.png,MNIST,3,var3,3,3.486328125
Dense5x50,PCA_MNIST_3_var4.png,MNIST,3,var4,3,3.3251953125
Dense5x55,PCA_Exp2_0_var0.png,Exp2,0,var0,0,9.609375
Dense5x55,PCA_Exp2_0_var1.png,Exp2,0,var1,0,9.5751953125
Dense5x55,PCA_Exp2_0_var2.png,Exp2,0,var2,0,9.3505859375
Dense5x55,PCA_Exp2_0_var3.png,Exp2,0,var3,0,8.8525390625
Dense5x55,PCA_Exp2_0_var4.png,Exp2,0,var4,0,6.923828125
Dense5x55,PCA_Exp2_1_var0.png,Exp2,1,var0,1,2.1728515625
Dense5x55,PCA_Exp2_1_var1.png,Exp2,1,var1,1,2.1533203125
Dense5x55,PCA_Exp2_1_var2.png,Exp2,1,var2,1,2.03125
Dense5x55,PCA_Exp2_1_var3.png,Exp2,1,var3,3,1.2646484375
Dense5x55,PCA_Exp2_1_var4.png,Exp2,1,var4,3,1.8115234375
Dense5x55,PCA_Exp2_3_var0.png,Exp2,3,var0,3,11.9873046875
Dense5x55,PCA_Exp2_3_var1.png,Exp2,3,var1,3,12.2509765625
Dense5x55,PCA_Exp2_3_var2.png,Exp2,3,var2,3,12.7294921875
Dense5x55,PCA_Exp2_3_var3.png,Exp2,3,var3,3,13.5546875
Dense5x55,PCA_Exp2_3_var4.png,Exp2,3,var4,3,12.9296875
Dense5x55,PCA_MNIST_0_var0.png,MNIST,0,var0,0,4.2724609375
Dense5x55,PCA_MNIST_0_var1.png,MNIST,0,var1,0,4.55078125
Dense5x55,PCA_MNIST_0_var2.png,MNIST,0,var2,0,3.583984375
Dense5x55,PCA_MNIST_0_var3.png,MNIST,0,var3,0,2.9541015625
Dense5x55,PCA_MNIST_0_var4.png,MNIST,0,var4,0,2.2900390625
Dense5x55,PCA_MNIST_1_var0.png,MNIST,1,var0,1,1.6015625
Dense5x55,PCA_MNIST_1_var1.png,MNIST,1,var1,1,1.845703125
Dense5x55,PCA_MNIST_1_var2.png,MNIST,1,var2,1,1.689453125
Dense5x55,PCA_MNIST_1_var3.png,MNIST,1,var3,1,1.8896484375
Dense5x55,PCA_MNIST_1_var4.png,MNIST,1,var4,1,1.669921875
Dense5x55,PCA_MNIST_3_var0.png,MNIST,3,var0,3,2.666015625
Dense5x55,PCA_MNIST_3_var1.png,MNIST,3,var1,3,2.9345703125
Dense5x55,PCA_MNIST_3_var2.png,MNIST,3,var2,3,3.310546875
Dense5x55,PCA_MNIST_3_var3.png,MNIST,3,var3,3,3.4375
Dense5x55,PCA_MNIST_3_var4.png,MNIST,3,var4,3,3.2421875
Dense5x60,PCA_Exp2_0_var0.png,Exp2,0,var0,0,6.40625
Dense5x60,PCA_Exp2_0_var1.png,Exp2,0,var1,0,6.4697265625
Dense5x60,PCA_Exp2_0_var2.png,Exp2,0,var2,0,5.9326171875
Dense5x60,PCA_Exp2_0_var3.png,Exp2,0,var3,0,4.70703125
Dense5x60,PCA_Exp2_0_var4.png,Exp2,0,var4,0,2.4462890625
Dense5x60,PCA_Exp2_1_var0.png,Exp2,1,var0,1,5.5029296875
Dense5x60,PCA_Exp2_1_var1.png,Exp2,1,var1,1,5.6640625
Dense5x60,PCA_Exp2_1_var2.png,Exp2,1,var2,1,4.9951171875
Dense5x60,PCA_Exp2_1_var3.png,Exp2,1,var3,1,2.5244140625
Dense5x60,PCA_Exp2_1_var4.png,Exp2,1,var4,2,1.4013671875
Dense5x60,PCA_Exp2_3_var0.png,Exp2,3,var0,3,12.3095703125
Dense5x60,PCA_Exp2_3_var1.png,Exp2,3,var1,3,11.9873046875
Dense5x60,PCA_Exp2_3_var2.png,Exp2,3,var2,3,10.8203125
Dense5x60,PCA_Exp2_3_var3.png,Exp2,3,var3,3,9.6875
Dense5x60,PCA_Exp2_3_var4.png,Exp2,3,var4,3,8.0712890625
Dense5x60,PCA_MNIST_0_var0.png,MNIST,0,var0,0,2.83203125
Dense5x60,PCA_MNIST_0_var1.png,MNIST,0,var1,0,3.828125
Dense5x60,PCA_MNIST_0_var2.png,MNIST,0,var2,0,3.7060546875
Dense5x60,PCA_MNIST_0_var3.png,MNIST,0,var3,0,3.154296875
Dense5x60,PCA_MNIST_0_var4.png,MNIST,0,var4,0,2.5537109375
Dense5x60,PCA_MNIST_1_var0.png,MNIST,1,var0,1,1.7919921875
Dense5x60,PCA_MNIST_1_var1.png,MNIST,1,var1,1,1.8359375
Dense5x60,PCA_MNIST_1_var2.png,MNIST,1,var2,1,1.73828125
Dense5x60,PCA_MNIST_1_var3.png,MNIST,1,var3,1,1.9970703125
Dense5x60,PCA_MNIST_1_var4.png,MNIST,1,var4,1,1.77734375
Dense5x60,PCA_MNIST_3_var0.png,MNIST,3,var0,3,2.3388671875
Dense5x60,PCA_MNIST_3_var1.png,MNIST,3,var1,3,2.490234375
Dense5x60,PCA_MNIST_3_var2.png,MNIST,3,var2,3,2.802734375
Dense5x60,PCA_MNIST_3_var3.png,MNIST,3,var3,3,3.2666015625
Dense5x60,PCA_MNIST_3_var4.png,MNIST,3,var4,3,3.369140625
Dense5x65,PCA_Exp2_0_var0.png,Exp2,0,var0,0,7.0751953125
Dense5x65,PCA_Exp2_0_var1.png,Exp2,0,var1,0,7.2119140625
Dense5x65,PCA_Exp2_0_var2.png,Exp2,0,var2,0,6.6455078125
Dense5x65,PCA_Exp2_0_var3.png,Exp2,0,var3,0,3.96484375
Dense5x65,PCA_Exp2_0_var4.png,Exp2,0,var4,0,0.3076171875
Dense5x65,PCA_Exp2_1_var0.png,Exp2,1,var0,1,2.548828125
Dense5x65,PCA_Exp2_1_var1.png,Exp2,1,var1,1,3.0224609375
Dense5x65,PCA_Exp2_1_var2.png,Exp2,1,var2,1,0.4345703125
Dense5x65,PCA_Exp2_1_var3.png,Exp2,1,var3,3,0.5859375
Dense5x65,PCA_Exp2_1_var4.png,Exp2,1,var4,3,0.7763671875
Dense5x65,PCA_Exp2_3_var0.png,Exp2,3,var0,3,17.177734375
Dense5x65,PCA_Exp2_3_var1.png,Exp2,3,var1,3,16.40625
Dense5x65,PCA_Exp2_3_var2.png,Exp2,3,var2,3,14.482421875
Dense5x65,PCA_Exp2_3_var3.png,Exp2,3,var3,3,12.0947265625
Dense5x65,PCA_Exp2_3_var4.png,Exp2,3,var4,3,9.6240234375
Dense5x65,PCA_MNIST_0_var0.png,MNIST,0,var0,0,3.9501953125
Dense5x65,PCA_MNIST_0_var1.png,MNIST,0,var1,0,4.7607421875
Dense5x65,PCA_MNIST_0_var2.png,MNIST,0,var2,0,4.0380859375
Dense5x65,PCA_MNIST_0_var3.png,MNIST,0,var3,0,3.06640625
Dense5x65,PCA_MNIST_0_var4.png,MNIST,0,var4,0,2.587890625
Dense5x65,PCA_MNIST_1_var0.png,MNIST,1,var0,1,1.7626953125
Dense5x65,PCA_MNIST_1_var1.png,MNIST,1,var1,1,1.69921875
Dense5x65,PCA_MNIST_1_var2.png,MNIST,1,var2,1,1.19140625
Dense5x65,PCA_MNIST_1_var3.png,MNIST,1,var3,1,1.728515625
Dense5x65,PCA_MNIST_1_var4.png,MNIST,1,var4,1,1.71875
Dense5x65,PCA_MNIST_3_var0.png,MNIST,3,var0,3,2.705078125
Dense5x65,PCA_MNIST_3_var1.png,MNIST,3,var1,3,3.193359375
Dense5x65,PCA_MNIST_3_var2.png,MNIST,3,var2,3,2.98828125
Dense5x65,PCA_MNIST_3_var3.png,MNIST,3,var3,3,3.4716796875
Dense5x65,PCA_MNIST_3_var4.png,MNIST,3,var4,3,3.486328125
Dense5x70,PCA_Exp2_0_var0.png,Exp2,0,var0,0,6.171875
Dense5x70,PCA_Exp2_0_var1.png,Exp2,0,var1,0,6.7626953125
Dense5x70,PCA_Exp2_0_var2.png,Exp2,0,var2,0,6.54296875
Dense5x70,PCA_Exp2_0_var3.png,Exp2,0,var3,0,4.3408203125
Dense5x70,PCA_Exp2_0_var4.png,Exp2,0,var4,0,0.1513671875
Dense5x70,PCA_Exp2_1_var0.png,Exp2,1,var0,1,3.26171875
Dense5x70,PCA_Exp2_1_var1.png,Exp2,1,var1,1,3.4912109375
Dense5x70,PCA_Exp2_1_var2.png,Exp2,1,var2,3,0.732421875
Dense5x70,PCA_Exp2_1_var3.png,Exp2,1,var3,3,5.05859375
Dense5x70,PCA_Exp2_1_var4.png,Exp2,1,var4,3,7.96875
Dense5x70,PCA_Exp2_3_var0.png,Exp2,3,var0,3,15.556640625
Dense5x70,PCA_Exp2_3_var1.png,Exp2,3,var1,3,16.0107421875
Dense5x70,PCA_Exp2_3_var2.png,Exp2,3,var2,3,16.3525390625
Dense5x70,PCA_Exp2_3_var3.png,Exp2,3,var3,3,16.7724609375
Dense5x70,PCA_Exp2_3_var4.png,Exp2,3,var4,3,16.640625
Dense5x70,PCA_MNIST_0_var0.png,MNIST,0,var0,0,3.5791015625
Dense5x70,PCA_MNIST_0_var1.png,MNIST,0,var1,0,4.1064453125
Dense5x70,PCA_MNIST_0_var2.png,MNIST,0,var2,0,3.33984375
Dense5x70,PCA_MNIST_0_var3.png,MNIST,0,var3,0,2.9931640625
Dense5x70,PCA_MNIST_0_var4.png,MNIST,0,var4,0,2.578125
Dense5x70,PCA_MNIST_1_var0.png,MNIST,1,var0,1,1.875
Dense5x70,PCA_MNIST_1_var1.png,MNIST,1,var1,1,1.6943359375
Dense5x70,PCA_MNIST_1_var2.png,MNIST,1,var2,1,1.171875
Dense5x70,PCA_MNIST_1_var3.png,MNIST,1,var3,1,1.6064453125
Dense5x70,PCA_MNIST_1_var4.png,MNIST,1,var4,1,1.7236328125
Dense5x70,PCA_MNIST_3_var0.png,MNIST,3,var0,3,2.4755859375
Dense5x70,PCA_MNIST_3_var1.png,MNIST,3,var1,3,2.5537109375
Dense5x70,PCA_MNIST_3_var2.png,MNIST,3,var2,3,2.861328125
Dense5x70,PCA_MNIST_3_var3.png,MNIST,3,var3,3,3.1298828125
Dense5x70,PCA_MNIST_3_var4.png,MNIST,3,var4,3,3.0810546875
Dense6x25,PCA_Exp2_0_var0.png,Exp2,0,var0,0,5.4150390625
Dense6x25,PCA_Exp2_0_var1.png,Exp2,0,var1,0,5.9521484375
Dense6x25,PCA_Exp2_0_var2.png,Exp2,0,var2,0,6.3916015625
Dense6x25,PCA_Exp2_0_var3.png,Exp2,0,var3,0,6.708984375
Dense6x25,PCA_Exp2_0_var4.png,Exp2,0,var4,0,6.865234375
Dense6x25,PCA_Exp2_1_var0.png,Exp2,1,var0,1,2.890625
Dense6x25,PCA_Exp2_1_var1.png,Exp2,1,var1,1,1.796875
Dense6x25,PCA_Exp2_1_var2.png,Exp2,1,var2,3,1.708984375
Dense6x25,PCA_Exp2_1_var3.png,Exp2,1,var3,3,2.9443359375
Dense6x25,PCA_Exp2_1_var4.png,Exp2,1,var4,3,4.208984375
Dense6x25,PCA_Exp2_3_var0.png,Exp2,3,var0,3,13.4814453125
Dense6x25,PCA_Exp2_3_var1.png,Exp2,3,var1,3,13.37890625
Dense6x25,PCA_Exp2_3_var2.png,Exp2,3,var2,3,13.3740234375
Dense6x25,PCA_Exp2_3_var3.png,Exp2,3,var3,3,13.4228515625
Dense6x25,PCA_Exp2_3_var4.png,Exp2,3,var4,3,12.5537109375
Dense6x25,PCA_MNIST_0_var0.png,MNIST,0,var0,0,4.2138671875
Dense6x25,PCA_MNIST_0_var1.png,MNIST,0,var1,0,4.5849609375
Dense6x25,PCA_MNIST_0_var2.png,MNIST,0,var2,0,3.84765625
Dense6x25,PCA_MNIST_0_var3.png,MNIST,0,var3,0,2.978515625
Dense6x25,PCA_MNIST_0_var4.png,MNIST,0,var4,0,1.9921875
Dense6x25,PCA_MNIST_1_var0.png,MNIST,1,var0,1,1.6455078125
Dense6x25,PCA_MNIST_1_var1.png,MNIST,1,var1,1,1.640625
Dense6x25,PCA_MNIST_1_var2.png,MNIST,1,var2,1,1.66015625
Dense6x25,PCA_MNIST_1_var3.png,MNIST,1,var3,1,1.826171875
Dense6x25,PCA_MNIST_1_var4.png,MNIST,1,var4,1,2.3486328125
Dense6x25,PCA_MNIST_3_var0.png,MNIST,3,var0,3,3.9111328125
Dense6x25,PCA_MNIST_3_var1.png,MNIST,3,var1,3,3.701171875
Dense6x25,PCA_MNIST_3_var2.png,MNIST,3,var2,3,3.8037109375
Dense6x25,PCA_MNIST_3_var3.png,MNIST,3,var3,3,4.2529296875
Dense6x25,PCA_MNIST_3_var4.png,MNIST,3,var4,3,3.9794921875
Dense6x30,PCA_Exp2_0_var0.png,Exp2,0,var0,0,6.8212890625
Dense6x30,PCA_Exp2_0_var1.png,Exp2,0,var1,0,6.8701171875
Dense6x30,PCA_Exp2_0_var2.png,Exp2,0,var2,0,6.376953125
Dense6x30,PCA_Exp2_0_var3.png,Exp2,0,var3,0,5.1904296875
Dense6x30,PCA_Exp2_0_var4.png,Exp2,0,var4,0,2.5244140625
Dense6x30,PCA_Exp2_1_var0.png,Exp2,1,var0,8,1.1083984375
Dense6x30,PCA_Exp2_1_var1.png,Exp2,1,var1,3,1.787109375
Dense6x30,PCA_Exp2_1_var2.png,Exp2,1,var2,3,4.208984375
Dense6x30,PCA_Exp2_1_var3.png,Exp2,1,var3,3,5.7568359375
Dense6x30,PCA_Exp2_1_var4.png,Exp2,1,var4,3,6.982421875
Dense6x30,PCA_Exp2_3_var0.png,Exp2,3,var0,3,15.5712890625
Dense6x30,PCA_Exp2_3_var1.png,Exp2,3,var1,3,16.142578125
Dense6x30,PCA_Exp2_3_var2.png,Exp2,3,var2,3,15.5810546875
Dense6x30,PCA_Exp2_3_var3.png,Exp2,3,var3,3,14.6728515625
Dense6x30,PCA_Exp2_3_var4.png,Exp2,3,var4,3,13.18359375
Dense6x30,PCA_MNIST_0_var0.png,MNIST,0,var0,0,4.0625
Dense6x30,PCA_MNIST_0_var1.png,MNIST,0,var1,0,4.82421875
Dense6x30,PCA_MNIST_0_var2.png,MNIST,0,var2,0,4.21875
Dense6x30,PCA_MNIST_0_var3.png,MNIST,0,var3,0,3.173828125
Dense6x30,PCA_MNIST_0_var4.png,MNIST,0,var4,0,2.3388671875
Dense6x30,PCA_MNIST_1_var0.png,MNIST,1,var0,1,1.66015625
Dense6x30,PCA_MNIST_1_var1.png,MNIST,1,var1,1,1.6162109375
Dense6x30,PCA_MNIST_1_var2.png,MNIST,1,var2,1,1.3330078125
Dense6x30,PCA_MNIST_1_var3.png,MNIST,1,var3,1,1.6455078125
Dense6x30,PCA_MNIST_1_var4.png,MNIST,1,var4,1,1.3134765625
Dense6x30,PCA_MNIST_3_var0.png,MNIST,3,var0,3,2.05078125
Dense6x30,PCA_MNIST_3_var1.png,MNIST,3,var1,3,2.91015625
Dense6x30,PCA_MNIST_3_var2.png,MNIST,3,var2,3,4.091796875
Dense6x30,PCA_MNIST_3_var3.png,MNIST,3,var3,3,4.111328125
Dense6x30,PCA_MNIST_3_var4.png,MNIST,3,var4,3,4.248046875
Dense6x35,PCA_Exp2_0_var0.png,Exp2,0,var0,0,7.421875
Dense6x35,PCA_Exp2_0_var1.png,Exp2,0,var1,0,7.822265625
Dense6x35,PCA_Exp2_0_var2.png,Exp2,0,var2,0,8.1787109375
Dense6x35,PCA_Exp2_0_var3.png,Exp2,0,var3,0,7.8564453125
Dense6x35,PCA_Exp2_0_var4.png,Exp2,0,var4,0,7.0703125
Dense6x35,PCA_Exp2_1_var0.png,Exp2,1,var0,2,0.17578125
Dense6x35,PCA_Exp2_1_var1.png,Exp2,1,var1,2,2.12890625
Dense6x35,PCA_Exp2_1_var2.png,Exp2,1,var2,2,2.9052734375
Dense6x35,PCA_Exp2_1_var3.png,Exp2,1,var3,3,2.1923828125
Dense6x35,PCA_Exp2_1_var4.png,Exp2,1,var4,3,6.1328125
Dense6x35,PCA_Exp2_3_var0.png,Exp2,3,var0,3,11.09375
Dense6x35,PCA_Exp2_3_var1.png,Exp2,3,var1,3,11.81640625
Dense6x35,PCA_Exp2_3_var2.png,Exp2,3,var2,3,12.67578125
Dense6x35,PCA_Exp2_3_var3.png,Exp2,3,var3,3,13.9599609375
Dense6x35,PCA_Exp2_3_var4.png,Exp2,3,var4,3,14.9609375
Dense6x35,PCA_MNIST_0_var0.png,MNIST,0,var0,0,4.9853515625
Dense6x35,PCA_MNIST_0_var1.png,MNIST,0,var1,0,5.09765625
Dense6x35,PCA_MNIST_0_var2.png,MNIST,0,var2,0,3.8427734375
Dense6x35,PCA_MNIST_0_var3.png,MNIST,0,var3,0,3.10546875
Dense6x35,PCA_MNIST_0_var4.png,MNIST,0,var4,0,2.8515625
Dense6x35,PCA_MNIST_1_var0.png,MNIST,1,var0,1,1.650390625
Dense6x35,PCA_MNIST_1_var1.png,MNIST,1,var1,1,1.9775390625
Dense6x35,PCA_MNIST_1_var2.png,MNIST,1,var2,1,1.7724609375
Dense6x35,PCA_MNIST_1_var3.png,MNIST,1,var3,1,1.7333984375
Dense6x35,PCA_MNIST_1_var4.png,MNIST,1,var4,1,1.9873046875
Dense6x35,PCA_MNIST_3_var0.png,MNIST,3,var0,3,3.2763671875
Dense6x35,PCA_MNIST_3_var1.png,MNIST,3,var1,3,3.291015625
Dense6x35,PCA_MNIST_3_var2.png,MNIST,3,var2,3,3.73046875
Dense6x35,PCA_MNIST_3_var3.png,MNIST,3,var3,3,3.4326171875
Dense6x35,PCA_MNIST_3_var4.png,MNIST,3,var4,3,3.0810546875
Dense6x40,PCA_Exp2_0_var0.png,Exp2,0,var0,0,9.951171875
Dense6x40,PCA_Exp2_0_var1.png,Exp2,0,var1,0,9.951171875
Dense6x40,PCA_Exp2_0_var2.png,Exp2,0,var2,0,10.1318359375
Dense6x40,PCA_Exp2_0_var3.png,Exp2,0,var3,0,9.794921875
Dense6x40,PCA_Exp2_0_var4.png,Exp2,0,var4,0,8.1787109375
Dense6x40,PCA_Exp2_1_var0.png,Exp2,1,var0,1,4.0234375
Dense6x40,PCA_Exp2_1_var1.png,Exp2,1,var1,1,2.998046875
Dense6x40,PCA_Exp2_1_var2.png,Exp2,1,var2,2,2.0458984375
Dense6x40,PCA_Exp2_1_var3.png,Exp2,1,var3,2,1.640625
Dense6x40,PCA_Exp2_1_var4.png,Exp2,1,var4,2,0.05859375
Dense6x40,PCA_Exp2_3_var0.png,Exp2,3,var0,3,18.5205078125
Dense6x40,PCA_Exp2_3_var1.png,Exp2,3,var1,3,18.984375
Dense6x40,PCA_Exp2_3_var2.png,Exp2,3,var2,3,18.3056640625
Dense6x40,PCA_Exp2_3_var3.png,Exp2,3,var3,3,17.6025390625
Dense6x40,PCA_Exp2_3_var4.png,Exp2,3,var4,3,16.201171875
Dense6x40,PCA_MNIST_0_var0.png,MNIST,0,var0,0,4.7314453125
Dense6x40,PCA_MNIST_0_var1.png,MNIST,0,var1,0,5.48828125
Dense6x40,PCA_MNIST_0_var2.png,MNIST,0,var2,0,4.5947265625
Dense6x40,PCA_MNIST_0_var3.png,MNIST,0,var3,0,3.9990234375
Dense6x40,PCA_MNIST_0_var4.png,MNIST,0,var4,0,2.8759765625
Dense6x40,PCA_MNIST_1_var0.png,MNIST,1,var0,1,2.177734375
Dense6x40,PCA_MNIST_1_var1.png,MNIST,1,var1,1,1.9482421875
Dense6x40,PCA_MNIST_1_var2.png,MNIST,1,var2,1,1.4453125
Dense6x40,PCA_MNIST_1_var3.png,MNIST,1,var3,1,2.0068359375
Dense6x40,PCA_MNIST_1_var4.png,MNIST,1,var4,1,2.4609375
Dense6x40,PCA_MNIST_3_var0.png,MNIST,3,var0,3,2.67578125
Dense6x40,PCA_MNIST_3_var1.png,MNIST,3,var1,3,3.3349609375
Dense6x40,PCA_MNIST_3_var2.png,MNIST,3,var2,3,3.837890625
Dense6x40,PCA_MNIST_3_var3.png,MNIST,3,var3,3,3.3837890625
Dense6x40,PCA_MNIST_3_var4.png,MNIST,3,var4,3,3.0712890625
Dense6x45,PCA_Exp2_0_var0.png,Exp2,0,var0,0,7.607421875
Dense6x45,PCA_Exp2_0_var1.png,Exp2,0,var1,0,7.79296875
Dense6x45,PCA_Exp2_0_var2.png,Exp2,0,var2,0,7.2412109375
Dense6x45,PCA_Exp2_0_var3.png,Exp2,0,var3,0,6.1279296875
Dense6x45,PCA_Exp2_0_var4.png,Exp2,0,var4,0,4.3505859375
Dense6x45,PCA_Exp2_1_var0.png,Exp2,1,var0,8,1.4013671875
Dense6x45,PCA_Exp2_1_var1.png,Exp2,1,var1,3,0.302734375
Dense6x45,PCA_Exp2_1_var2.png,Exp2,1,var2,3,4.248046875
Dense6x45,PCA_Exp2_1_var3.png,Exp2,1,var3,3,7.138671875
Dense6x45,PCA_Exp2_1_var4.png,Exp2,1,var4,3,9.08203125
Dense6x45,PCA_Exp2_3_var0.png,Exp2,3,var0,3,18.1982421875
Dense6x45,PCA_Exp2_3_var1.png,Exp2,3,var1,3,18.5400390625
Dense6x45,PCA_Exp2_3_var2.png,Exp2,3,var2,3,18.7060546875
Dense6x45,PCA_Exp2_3_var3.png,Exp2,3,var3,3,18.37890625
Dense6x45,PCA_Exp2_3_var4.png,Exp2,3,var4,3,17.7978515625
Dense6x45,PCA_MNIST_0_var0.png,MNIST,0,var0,0,4.4091796875
Dense6x45,PCA_MNIST_0_var1.png,MNIST,0,var1,0,4.94140625
Dense6x45,PCA_MNIST_0_var2.png,MNIST,0,var2,0,3.9501953125
Dense6x45,PCA_MNIST_0_var3.png,MNIST,0,var3,0,3.388671875
Dense6x45,PCA_MNIST_0_var4.png,MNIST,0,var4,0,2.8564453125
Dense6x45,PCA_MNIST_1_var0.png,MNIST,1,var0,1,1.396484375
Dense6x45,PCA_MNIST_1_var1.png,MNIST,1,var1,1,1.3232421875
Dense6x45,PCA_MNIST_1_var2.png,MNIST,1,var2,1,1.30859375
Dense6x45,PCA_MNIST_1_var3.png,MNIST,1,var3,1,1.357421875
Dense6x45,PCA_MNIST_1_var4.png,MNIST,1,var4,1,1.0546875
Dense6x45,PCA_MNIST_3_var0.png,MNIST,3,var0,3,3.9013671875
Dense6x45,PCA_MNIST_3_var1.png,MNIST,3,var1,3,4.12109375
Dense6x45,PCA_MNIST_3_var2.png,MNIST,3,var2,3,4.375
Dense6x45,PCA_MNIST_3_var3.png,MNIST,3,var3,3,3.857421875
Dense6x45,PCA_MNIST_3_var4.png,MNIST,3,var4,3,3.53515625
Dense6x50,PCA_Exp2_0_var0.png,Exp2,0,var0,0,5.458984375
Dense6x50,PCA_Exp2_0_var1.png,Exp2,0,var1,0,6.0986328125
Dense6x50,PCA_Exp2_0_var2.png,Exp2,0,var2,0,6.5673828125
Dense6x50,PCA_Exp2_0_var3.png,Exp2,0,var3,0,6.1376953125
Dense6x50,PCA_Exp2_0_var4.png,Exp2,0,var4,0,5.4931640625
Dense6x50,PCA_Exp2_1_var0.png,Exp2,1,var0,1,5.3564453125
Dense6x50,PCA_Exp2_1_var1.png,Exp2,1,var1,1,5.6201171875
Dense6x50,PCA_Exp2_1_var2.png,Exp2,1,var2,1,4.755859375
Dense6x50,PCA_Exp2_1_var3.png,Exp2,1,var3,1,3.2861328125
Dense6x50,PCA_Exp2_1_var4.png,Exp2,1,var4,1,2.1142578125
Dense6x50,PCA_Exp2_3_var0.png,Exp2,3,var0,3,10.8203125
Dense6x50,PCA_Exp2_3_var1.png,Exp2,3,var1,3,10.341796875
Dense6x50,PCA_Exp2_3_var2.png,Exp2,3,var2,3,9.3603515625
Dense6x50,PCA_Exp2_3_var3.png,Exp2,3,var3,3,8.3056640625
Dense6x50,PCA_Exp2_3_var4.png,Exp2,3,var4,3,6.552734375
Dense6x50,PCA_MNIST_0_var0.png,MNIST,0,var0,0,3.4619140625
Dense6x50,PCA_MNIST_0_var1.png,MNIST,0,var1,0,4.08203125
Dense6x50,PCA_MNIST_0_var2.png,MNIST,0,var2,0,3.53515625
Dense6x50,PCA_MNIST_0_var3.png,MNIST,0,var3,0,2.6806640625
Dense6x50,PCA_MNIST_0_var4.png,MNIST,0,var4,0,2.28515625
Dense6x50,PCA_MNIST_1_var0.png,MNIST,1,var0,1,1.5966796875
Dense6x50,PCA_MNIST_1_var1.png,MNIST,1,var1,1,1.6455078125
Dense6x50,PCA_MNIST_1_var2.png,MNIST,1,var2,1,1.6064453125
Dense6x50,PCA_MNIST_1_var3.png,MNIST,1,var3,1,1.8994140625
Dense6x50,PCA_MNIST_1_var4.png,MNIST,1,var4,1,1.9140625
Dense6x50,PCA_MNIST_3_var0.png,MNIST,3,var0,3,2.236328125
Dense6x50,PCA_MNIST_3_var1.png,MNIST,3,var1,3,2.5634765625
Dense6x50,PCA_MNIST_3_var2.png,MNIST,3,var2,3,2.2900390625
Dense6x50,PCA_MNIST_3_var3.png,MNIST,3,var3,3,2.666015625
Dense6x50,PCA_MNIST_3_var4.png,MNIST,3,var4,3,3.056640625
Dense6x55,PCA_Exp2_0_var0.png,Exp2,0,var0,0,7.880859375
Dense6x55,PCA_Exp2_0_var1.png,Exp2,0,var1,0,8.0517578125
Dense6x55,PCA_Exp2_0_var2.png,Exp2,0,var2,0,7.71484375
Dense6x55,PCA_Exp2_0_var3.png,Exp2,0,var3,0,6.2451171875
Dense6x55,PCA_Exp2_0_var4.png,Exp2,0,var4,0,4.39453125
Dense6x55,PCA_Exp2_1_var0.png,Exp2,1,var0,1,1.2353515625
Dense6x55,PCA_Exp2_1_var1.png,Exp2,1,var1,8,0.5517578125
Dense6x55,PCA_Exp2_1_var2.png,Exp2,1,var2,3,0.21484375
Dense6x55,PCA_Exp2_1_var3.png,Exp2,1,var3,3,4.78515625
Dense6x55,PCA_Exp2_1_var4.png,Exp2,1,var4,3,7.7001953125
Dense6x55,PCA_Exp2_3_var0.png,Exp2,3,var0,3,16.064453125
Dense6x55,PCA_Exp2_3_var1.png,Exp2,3,var1,3,15.8740234375
Dense6x55,PCA_Exp2_3_var2.png,Exp2,3,var2,3,15.4443359375
Dense6x55,PCA_Exp2_3_var3.png,Exp2,3,var3,3,15.068359375
Dense6x55,PCA_Exp2_3_var4.png,Exp2,3,var4,3,14.580078125
Dense6x55,PCA_MNIST_0_var0.png,MNIST,0,var0,0,4.12109375
Dense6x55,PCA_MNIST_0_var1.png,MNIST,0,var1,0,4.4580078125
Dense6x55,PCA_MNIST_0_var2.png,MNIST,0,var2,0,3.4619140625
Dense6x55,PCA_MNIST_0_var3.png,MNIST,0,var3,0,2.40234375
Dense6x55,PCA_MNIST_0_var4.png,MNIST,0,var4,0,2.255859375
Dense6x55,PCA_MNIST_1_var0.png,MNIST,1,var0,1,1.3623046875
Dense6x55,PCA_MNIST_1_var1.png,MNIST,1,var1,1,1.5625
Dense6x55,PCA_MNIST_1_var2.png,MNIST,1,var2,1,1.4453125
Dense6x55,PCA_MNIST_1_var3.png,MNIST,1,var3,1,1.318359375
Dense6x55,PCA_MNIST_1_var4.png,MNIST,1,var4,1,0.9521484375
Dense6x55,PCA_MNIST_3_var0.png,MNIST,3,var0,3,1.89453125
Dense6x55,PCA_MNIST_3_var1.png,MNIST,3,var1,3,2.197265625
Dense6x55,PCA_MNIST_3_var2.png,MNIST,3,var2,3,2.5390625
Dense6x55,PCA_MNIST_3_var3.png,MNIST,3,var3,3,2.8955078125
Dense6x55,PCA_MNIST_3_var4.png,MNIST,3,var4,3,2.8271484375
Dense6x60,PCA_Exp2_0_var0.png,Exp2,0,var0,0,7.822265625
Dense6x60,PCA_Exp2_0_var1.png,Exp2,0,var1,0,7.51953125
Dense6x60,PCA_Exp2_0_var2.png,Exp2,0,var2,0,6.6162109375
Dense6x60,PCA_Exp2_0_var3.png,Exp2,0,var3,0,4.4580078125
Dense6x60,PCA_Exp2_0_var4.png,Exp2,0,var4,5,0.4296875
Dense6x60,PCA_Exp2_1_var0.png,Exp2,1,var0,8,0.888671875
Dense6x60,PCA_Exp2_1_var1.png,Exp2,1,var1,3,1.5576171875
Dense6x60,PCA_Exp2_1_var2.png,Exp2,1,var2,3,4.1162109375
Dense6x60,PCA_Exp2_1_var3.png,Exp2,1,var3,3,5.15625
Dense6x60,PCA_Exp2_1_var4.png,Exp2,1,var4,3,7.1435546875
Dense6x60,PCA_Exp2_3_var0.png,Exp2,3,var0,3,13.02734375
Dense6x60,PCA_Exp2_3_var1.png,Exp2,3,var1,3,13.955078125
Dense6x60,PCA_Exp2_3_var2.png,Exp2,3,var2,3,14.9169921875
Dense6x60,PCA_Exp2_3_var3.png,Exp2,3,var3,3,15.2001953125
Dense6x60,PCA_Exp2_3_var4.png,Exp2,3,var4,3,14.82421875
Dense6x60,PCA_MNIST_0_var0.png,MNIST,0,var0,0,2.998046875
Dense6x60,PCA_MNIST_0_var1.png,MNIST,0,var1,0,3.65234375
Dense6x60,PCA_MNIST_0_var2.png,MNIST,0,var2,0,2.7880859375
Dense6x60,PCA_MNIST_0_var3.png,MNIST,0,var3,0,2.5634765625
Dense6x60,PCA_MNIST_0_var4.png,MNIST,0,var4,0,2.099609375
Dense6x60,PCA_MNIST_1_var0.png,MNIST,1,var0,1,1.6845703125
Dense6x60,PCA_MNIST_1_var1.png,MNIST,1,var1,1,1.2890625
Dense6x60,PCA_MNIST_1_var2.png,MNIST,1,var2,1,1.30859375
Dense6x60,PCA_MNIST_1_var3.png,MNIST,1,var3,1,1.8408203125
Dense6x60,PCA_MNIST_1_var4.png,MNIST,1,var4,1,1.8603515625
Dense6x60,PCA_MNIST_3_var0.png,MNIST,3,var0,3,2.548828125
Dense6x60,PCA_MNIST_3_var1.png,MNIST,3,var1,3,2.4462890625
Dense6x60,PCA_MNIST_3_var2.png,MNIST,3,var2,3,2.353515625
Dense6x60,PCA_MNIST_3_var3.png,MNIST,3,var3,3,2.421875
Dense6x60,PCA_MNIST_3_var4.png,MNIST,3,var4,3,2.24609375
Dense6x65,PCA_Exp2_0_var0.png,Exp2,0,var0,0,8.2470703125
Dense6x65,PCA_Exp2_0_var1.png,Exp2,0,var1,0,8.6328125
Dense6x65,PCA_Exp2_0_var2.png,Exp2,0,var2,0,8.515625
Dense6x65,PCA_Exp2_0_var3.png,Exp2,0,var3,0,8.271484375
Dense6x65,PCA_Exp2_0_var4.png,Exp2,0,var4,0,6.9287109375
Dense6x65,PCA_Exp2_1_var0.png,Exp2,1,var0,8,1.357421875
Dense6x65,PCA_Exp2_1_var1.png,Exp2,1,var1,8,0.5712890625
Dense6x65,PCA_Exp2_1_var2.png,Exp2,1,var2,1,1.3134765625
Dense6x65,PCA_Exp2_1_var3.png,Exp2,1,var3,3,1.376953125
Dense6x65,PCA_Exp2_1_var4.png,Exp2,1,var4,3,3.5205078125
Dense6x65,PCA_Exp2_3_var0.png,Exp2,3,var0,3,15.146484375
Dense6x65,PCA_Exp2_3_var1.png,Exp2,3,var1,3,15.8056640625
Dense6x65,PCA_Exp2_3_var2.png,Exp2,3,var2,3,16.3427734375
Dense6x65,PCA_Exp2_3_var3.png,Exp2,3,var3,3,15.966796875
Dense6x65,PCA_Exp2_3_var4.png,Exp2,3,var4,3,15.4296875
Dense6x65,PCA_MNIST_0_var0.png,MNIST,0,var0,0,3.994140625
Dense6x65,PCA_MNIST_0_var1.png,MNIST,0,var1,0,4.7314453125
Dense6x65,PCA_MNIST_0_var2.png,MNIST,0,var2,0,4.248046875
Dense6x65,PCA_MNIST_0_var3.png,MNIST,0,var3,0,3.349609375
Dense6x65,PCA_MNIST_0_var4.png,MNIST,0,var4,0,2.392578125
Dense6x65,PCA_MNIST_1_var0.png,MNIST,1,var0,1,1.81640625
Dense6x65,PCA_MNIST_1_var1.png,MNIST,1,var1,1,1.4453125
Dense6x65,PCA_MNIST_1_var2.png,MNIST,1,var2,1,1.2451171875
Dense6x65,PCA_MNIST_1_var3.png,MNIST,1,var3,1,1.474609375
Dense6x65,PCA_MNIST_1_var4.png,MNIST,1,var4,1,1.7138671875
Dense6x65,PCA_MNIST_3_var0.png,MNIST,3,var0,3,2.8759765625
Dense6x65,PCA_MNIST_3_var1.png,MNIST,3,var1,3,2.7783203125
Dense6x65,PCA_MNIST_3_var2.png,MNIST,3,var2,3,2.8564453125
Dense6x65,PCA_MNIST_3_var3.png,MNIST,3,var3,3,2.8076171875
Dense6x65,PCA_MNIST_3_var4.png,MNIST,3,var4,3,2.626953125
Dense6x70,PCA_Exp2_0_var0.png,Exp2,0,var0,0,7.0068359375
Dense6x70,PCA_Exp2_0_var1.png,Exp2,0,var1,0,6.787109375
Dense6x70,PCA_Exp2_0_var2.png,Exp2,0,var2,0,5.3759765625
Dense6x70,PCA_Exp2_0_var3.png,Exp2,0,var3,0,2.3486328125
Dense6x70,PCA_Exp2_0_var4.png,Exp2,0,var4,5,2.6611328125
Dense6x70,PCA_Exp2_1_var0.png,Exp2,1,var0,1,1.7919921875
Dense6x70,PCA_Exp2_1_var1.png,Exp2,1,var1,1,0.64453125
Dense6x70,PCA_Exp2_1_var2.png,Exp2,1,var2,3,2.5048828125
Dense6x70,PCA_Exp2_1_var3.png,Exp2,1,var3,3,4.794921875
Dense6x70,PCA_Exp2_1_var4.png,Exp2,1,var4,3,6.7529296875
Dense6x70,PCA_Exp2_3_var0.png,Exp2,3,var0,3,14.6337890625
Dense6x70,PCA_Exp2_3_var1.png,Exp2,3,var1,3,14.8193359375
Dense6x70,PCA_Exp2_3_var2.png,Exp2,3,var2,3,15.0048828125
Dense6x70,PCA_Exp2_3_var3.png,Exp2,3,var3,3,15.224609375
Dense6x70,PCA_Exp2_3_var4.png,Exp2,3,var4,3,14.7412109375
Dense6x70,PCA_MNIST_0_var0.png,MNIST,0,var0,0,3.6474609375
Dense6x70,PCA_MNIST_0_var1.png,MNIST,0,var1,0,4.2724609375
Dense6x70,PCA_MNIST_0_var2.png,MNIST,0,var2,0,4.0576171875
Dense6x70,PCA_MNIST_0_var3.png,MNIST,0,var3,0,3.4375
Dense6x70,PCA_MNIST_0_var4.png,MNIST,0,var4,0,2.4462890625
Dense6x70,PCA_MNIST_1_var0.png,MNIST,1,var0,1,1.7041015625
Dense6x70,PCA_MNIST_1_var1.png,MNIST,1,var1,1,1.767578125
Dense6x70,PCA_MNIST_1_var2.png,MNIST,1,var2,1,1.455078125
Dense6x70,PCA_MNIST_1_var3.png,MNIST,1,var3,1,1.4453125
Dense6x70,PCA_MNIST_1_var4.png,MNIST,1,var4,1,1.5380859375
Dense6x70,PCA_MNIST_3_var0.png,MNIST,3,var0,3,2.470703125
Dense6x70,PCA_MNIST_3_var1.png,MNIST,3,var1,3,2.9638671875
Dense6x70,PCA_MNIST_3_var2.png,MNIST,3,var2,3,2.9736328125
Dense6x70,PCA_MNIST_3_var3.png,MNIST,3,var3,3,3.33984375
Dense6x70,PCA_MNIST_3_var4.png,MNIST,3,var4,3,2.9541015625
