name,imageIndex,label,predictedClass,pNorm,exactRobustness,epsilon
Dense1x60,8114,0,0,1,False,6.435546875
Dense1x60,4386,1,1,1,False,3.447265625
Dense1x60,6875,3,3,1,False,5.6396484375
Dense2x30,5342,0,0,1,False,6.0400390625
Dense2x30,2661,1,1,1,False,3.583984375
Dense2x30,578,3,2,1,False,1.1669921875
Dense3x20,567,0,0,1,False,1.826171875
Dense3x20,4949,1,1,1,False,3.3642578125
Dense3x20,4885,3,3,1,False,1.8310546875
Dense4x15,5087,0,0,1,False,3.1201171875
Dense4x15,3259,1,1,1,False,2.1435546875
Dense4x15,3150,3,3,1,False,3.759765625
Dense6x10,561,0,0,1,False,0.6591796875
Dense6x10,3809,1,1,1,False,1.474609375
Dense6x10,505,3,3,1,False,0.1171875
Dense2x20,7269,0,0,1,False,4.84375
Dense2x20,8488,1,1,1,False,4.78515625
Dense2x20,1204,3,8,1,False,0.6201171875
Dense4x20,8865,0,0,1,False,3.0029296875
Dense4x20,8799,1,1,1,False,2.5830078125
Dense4x20,2871,3,3,1,False,2.65625
Dense5x20,7593,0,0,1,False,3.2421875
Dense5x20,4144,1,1,1,False,2.4462890625
Dense5x20,1134,3,3,1,False,3.7353515625
Dense3x50,1623,0,0,1,False,4.755859375
Dense3x50,3601,1,1,1,False,1.4990234375
Dense3x50,2731,3,3,1,False,2.4951171875
Dense3x200,3911,0,0,1,False,2.6318359375
Dense3x200,9802,1,1,1,False,1.89453125
Dense3x200,8201,3,3,1,False,2.7490234375
Dense2x41,2209,0,0,1,False,3.1494140625
Dense2x41,3420,1,1,1,False,2.6025390625
Dense2x41,1069,3,3,1,False,3.9013671875
Dense3x38,3020,0,0,1,False,1.9677734375
Dense3x38,2245,1,1,1,False,1.46484375
Dense3x38,7995,3,3,1,False,4.9072265625
Dense2x12,2294,0,0,1,False,2.3095703125
Dense2x12,5052,1,1,1,False,2.6025390625
Dense2x12,1681,3,7,1,False,5.2587890625
Dense2x28,7139,0,0,1,False,4.384765625
Dense2x28,1834,1,1,1,False,3.935546875
Dense2x28,3769,3,3,1,False,1.2890625
Dense2x23,8098,0,0,1,False,3.9697265625
Dense2x23,1430,1,1,1,False,4.1455078125
Dense2x23,7470,3,3,1,False,5.3564453125
Dense2x22,1748,0,4,1,False,0.0732421875
Dense2x22,7191,1,1,1,False,3.0908203125
Dense2x22,8070,3,3,1,False,5.615234375
Dense3x31,7452,0,0,1,False,4.111328125
Dense3x31,4732,1,1,1,False,1.93359375
Dense3x31,7893,3,3,1,False,3.3349609375
Dense2x34,5827,0,0,1,False,2.7490234375
Dense2x34,3320,1,1,1,False,2.8662109375
Dense2x34,8975,3,3,1,False,3.916015625
Dense3x42,9405,0,0,1,False,4.31640625
Dense3x42,89,1,1,1,False,2.861328125
Dense3x42,2723,3,3,1,False,2.2802734375
Dense3x51,380,0,0,1,False,2.8076171875
Dense3x51,3625,1,1,1,False,1.93359375
Dense3x51,5542,3,3,1,False,2.48046875
Dense3x25,4631,0,0,1,False,7.7099609375
Dense3x25,6868,1,1,1,False,3.486328125
Dense3x25,5766,3,3,1,False,5.3369140625
Dense2x29,5593,0,0,1,False,1.9921875
Dense2x29,5327,1,1,1,False,4.4189453125
Dense2x29,8603,3,3,1,False,4.4677734375
Dense3x41,8865,0,0,1,False,3.857421875
Dense3x41,5453,1,1,1,False,2.431640625
Dense3x41,8290,3,3,1,False,0.7177734375
Dense3x19,1808,0,0,1,False,2.79296875
Dense3x19,2753,1,1,1,False,1.6064453125
Dense3x19,9882,3,3,1,False,1.533203125
Dense2x39,6201,0,0,1,False,5.5029296875
Dense2x39,7806,1,1,1,False,2.6806640625
Dense2x39,245,3,3,1,False,1.6796875
Dense3x47,7112,0,0,1,False,3.2666015625
Dense3x47,4853,1,1,1,False,2.666015625
Dense3x47,3449,3,3,1,False,4.3701171875
Dense2x37,2873,0,0,1,False,4.2236328125
Dense2x37,7900,1,1,1,False,0.41015625
Dense2x37,6370,3,3,1,False,1.5966796875
Dense3x33,3043,0,0,1,False,3.564453125
Dense3x33,8543,1,1,1,False,2.28515625
Dense3x33,9156,3,3,1,False,3.583984375
Dense2x18,459,0,0,1,False,3.3837890625
Dense2x18,767,1,1,1,False,3.193359375
Dense2x18,2511,3,3,1,False,1.328125
Dense3x29,5139,0,0,1,False,5.6201171875
Dense3x29,2359,1,1,1,False,2.5927734375
Dense3x29,4907,3,3,1,False,2.958984375
Dense3x43,9951,0,0,1,False,1.708984375
Dense3x43,9348,1,1,1,False,2.8271484375
Dense3x43,4613,3,3,1,False,0.99609375
Dense3x32,9897,0,0,1,False,4.4677734375
Dense3x32,4595,1,1,1,False,3.88671875
Dense3x32,5508,3,3,1,False,4.130859375
Dense3x12,7747,0,0,1,False,5.9228515625
Dense3x12,8420,1,1,1,False,2.1337890625
Dense3x12,1615,3,3,1,False,4.4677734375
Dense2x40,763,0,0,1,False,3.4619140625
Dense2x40,9025,1,1,1,False,2.08984375
Dense2x40,505,3,3,1,False,3.5302734375
Dense2x19,3219,0,0,1,False,0.4248046875
Dense2x19,3761,1,1,1,False,3.1103515625
Dense2x19,9579,3,3,1,False,5.9130859375
Dense3x36,7225,0,0,1,False,3.2080078125
Dense3x36,5014,1,1,1,False,2.34375
Dense3x36,6767,3,3,1,False,4.345703125
Dense2x32,8501,0,0,1,False,6.9287109375
Dense2x32,9657,1,1,1,False,3.056640625
Dense2x32,1617,3,3,1,False,2.353515625
Dense3x48,7782,0,0,1,False,5.107421875
Dense3x48,5550,1,1,1,False,3.1982421875
Dense3x48,6453,3,3,1,False,0.673828125
Dense1x60,3401,0,0,1,False,4.228515625
Dense1x60,7385,0,0,1,False,5.5517578125
Dense1x60,545,0,0,1,False,2.509765625
Dense1x60,7987,0,0,1,False,9.1552734375
Dense1x60,2185,0,5,1,False,1.2939453125
Dense1x60,7780,0,0,1,False,8.33984375
Dense1x60,5435,0,0,1,False,4.3359375
Dense1x60,7558,0,0,1,False,2.5048828125
Dense1x60,5974,0,0,1,False,3.857421875
Dense1x60,8528,0,0,1,False,8.73046875
Dense1x60,4186,0,0,1,False,5.322265625
Dense1x60,6461,0,0,1,False,5.576171875
Dense1x60,6131,0,0,1,False,7.8955078125
Dense1x60,9239,0,0,1,False,6.5234375
Dense1x60,1623,0,0,1,False,4.9853515625
Dense1x60,1807,0,0,1,False,3.3984375
Dense1x60,4935,0,0,1,False,3.9501953125
Dense1x60,6264,0,0,1,False,6.4794921875
Dense1x60,3895,0,0,1,False,1.9580078125
Dense1x60,1271,0,0,1,False,3.427734375
Dense1x60,9264,0,0,1,False,3.0517578125
Dense1x60,459,0,0,1,False,3.80859375
Dense1x60,9367,0,0,1,False,6.533203125
Dense1x60,5519,0,0,1,False,2.6318359375
Dense1x60,1379,0,0,1,False,2.9736328125
Dense1x60,4776,0,0,1,False,8.2177734375
Dense1x60,2333,0,0,1,False,1.7724609375
Dense1x60,4034,0,0,1,False,5.1513671875
Dense1x60,7868,0,0,1,False,6.357421875
Dense1x60,3764,0,5,1,False,0.5810546875
Dense1x60,8228,0,0,1,False,2.529296875
Dense1x60,1191,0,7,1,False,1.30859375
Dense1x60,2492,0,0,1,False,6.4892578125
Dense1x60,4085,1,1,1,False,5.048828125
Dense1x60,9549,1,1,1,False,4.0625
Dense1x60,1785,1,1,1,False,3.7255859375
Dense1x60,1484,1,1,1,False,3.9404296875
Dense1x60,7722,1,1,1,False,4.1455078125
Dense1x60,7323,1,1,1,False,4.66796875
Dense1x60,7262,1,1,1,False,2.7490234375
Dense1x60,2757,1,1,1,False,4.6044921875
Dense1x60,9540,1,1,1,False,2.2900390625
Dense1x60,7019,1,1,1,False,4.931640625
Dense1x60,6063,1,1,1,False,3.642578125
Dense1x60,5211,1,1,1,False,3.4765625
Dense1x60,2974,1,1,1,False,3.427734375
Dense1x60,7661,1,1,1,False,4.0966796875
Dense1x60,1753,1,1,1,False,4.21875
Dense1x60,4932,1,1,1,False,3.30078125
Dense1x60,1988,1,1,1,False,4.462890625
Dense1x60,4304,1,1,1,False,3.759765625
Dense1x60,7373,1,1,1,False,4.3994140625
Dense1x60,9407,1,1,1,False,4.5458984375
Dense1x60,7319,1,1,1,False,4.1650390625
Dense1x60,9612,1,1,1,False,2.3486328125
Dense1x60,7900,1,1,1,False,1.7431640625
Dense1x60,3651,1,1,1,False,5.4052734375
Dense1x60,1434,1,1,1,False,5.087890625
Dense1x60,9356,1,1,1,False,3.6669921875
Dense1x60,5044,1,1,1,False,3.9013671875
Dense1x60,7422,1,1,1,False,4.1015625
Dense1x60,754,1,1,1,False,3.7744140625
Dense1x60,3900,1,1,1,False,4.2724609375
Dense1x60,8289,1,1,1,False,3.49609375
Dense1x60,1922,1,1,1,False,3.4521484375
Dense1x60,2258,1,1,1,False,3.1591796875
Dense1x60,369,3,3,1,False,2.9248046875
Dense1x60,1490,3,3,1,False,3.505859375
Dense1x60,3381,3,3,1,False,1.8017578125
Dense1x60,4990,3,8,1,False,0.6201171875
Dense1x60,5935,3,3,1,False,0.615234375
Dense1x60,7407,3,3,1,False,4.1162109375
Dense1x60,9429,3,3,1,False,3.75
Dense1x60,3742,3,3,1,False,0.72265625
Dense1x60,6455,3,3,1,False,1.5869140625
Dense1x60,4818,3,3,1,False,4.443359375
Dense1x60,569,3,5,1,False,0.4443359375
Dense1x60,648,3,3,1,False,5.0390625
Dense1x60,9727,3,3,1,False,4.833984375
Dense1x60,699,3,3,1,False,1.640625
Dense1x60,9790,3,3,1,False,3.6279296875
Dense1x60,7292,3,3,1,False,3.7890625
Dense1x60,7326,3,3,1,False,5.4638671875
Dense1x60,3670,3,3,1,False,4.814453125
Dense1x60,3579,3,3,1,False,4.1162109375
Dense1x60,2927,3,2,1,False,1.923828125
Dense1x60,8393,3,3,1,False,3.7353515625
Dense1x60,7140,3,3,1,False,3.681640625
Dense1x60,5181,3,3,1,False,3.798828125
Dense1x60,677,3,3,1,False,5.7568359375
Dense1x60,9106,3,3,1,False,5.2978515625
Dense1x60,6045,3,9,1,False,1.435546875
Dense1x60,68,3,3,1,False,4.7265625
Dense1x60,6312,3,3,1,False,2.6416015625
Dense1x60,5215,3,3,1,False,3.5791015625
Dense1x60,9022,3,3,1,False,2.1240234375
Dense1x60,5814,3,3,1,False,4.033203125
Dense1x60,5973,3,8,1,False,1.38671875
Dense1x60,9235,3,3,1,False,2.96875
Dense2x30,2631,0,0,1,False,0.3955078125
Dense2x30,3215,0,0,1,False,5.9375
Dense2x30,3883,0,0,1,False,6.767578125
Dense2x30,8343,0,0,1,False,4.7900390625
Dense2x30,9753,0,0,1,False,4.04296875
Dense2x30,1726,0,0,1,False,4.384765625
Dense2x30,9902,0,0,1,False,3.57421875
Dense2x30,6925,0,0,1,False,4.8583984375
Dense2x30,5930,0,0,1,False,5.322265625
Dense2x30,1034,0,0,1,False,2.4658203125
Dense2x30,5554,0,0,1,False,5.6787109375
Dense2x30,6201,0,0,1,False,6.15234375
Dense2x30,5918,0,0,1,False,2.8857421875
Dense2x30,1333,0,0,1,False,6.5673828125
Dense2x30,9070,0,0,1,False,8.3203125
Dense2x30,642,0,0,1,False,3.515625
Dense2x30,7526,0,0,1,False,4.9658203125
Dense2x30,4473,0,0,1,False,4.091796875
Dense2x30,5428,0,0,1,False,7.44140625
Dense2x30,9647,0,0,1,False,5.1123046875
Dense2x30,2178,0,0,1,False,5.0244140625
Dense2x30,2944,0,0,1,False,2.51953125
Dense2x30,2703,0,0,1,False,6.2255859375
Dense2x30,246,0,0,1,False,5.859375
Dense2x30,9230,0,0,1,False,6.455078125
Dense2x30,5033,0,0,1,False,5.1953125
Dense2x30,1621,0,6,1,False,0.21484375
Dense2x30,8425,0,0,1,False,3.1787109375
Dense2x30,5165,0,0,1,False,2.568359375
Dense2x30,6841,0,0,1,False,6.7138671875
Dense2x30,7516,0,0,1,False,5.3662109375
Dense2x30,3481,0,0,1,False,5.224609375
Dense2x30,3359,0,0,1,False,5.8154296875
Dense2x30,1993,1,1,1,False,1.142578125
Dense2x30,1329,1,1,1,False,3.544921875
Dense2x30,1240,1,1,1,False,2.4853515625
Dense2x30,7053,1,1,1,False,1.708984375
Dense2x30,7783,1,1,1,False,2.8955078125
Dense2x30,6101,1,1,1,False,1.6259765625
Dense2x30,7790,1,1,1,False,2.294921875
Dense2x30,9249,1,1,1,False,2.2900390625
Dense2x30,5232,1,1,1,False,2.9443359375
Dense2x30,7899,1,8,1,False,1.7626953125
Dense2x30,6254,1,1,1,False,3.9306640625
Dense2x30,9039,1,1,1,False,3.6474609375
Dense2x30,6005,1,1,1,False,1.26953125
Dense2x30,9657,1,1,1,False,3.3447265625
Dense2x30,9774,1,1,1,False,3.8134765625
Dense2x30,276,1,1,1,False,4.5654296875
Dense2x30,4232,1,1,1,False,2.626953125
Dense2x30,2359,1,1,1,False,4.21875
Dense2x30,7811,1,1,1,False,1.396484375
Dense2x30,9622,1,1,1,False,3.3740234375
Dense2x30,6397,1,1,1,False,4.150390625
Dense2x30,5072,1,1,1,False,4.189453125
Dense2x30,6545,1,1,1,False,3.798828125
Dense2x30,2175,1,1,1,False,2.5830078125
Dense2x30,5460,1,1,1,False,3.14453125
Dense2x30,8449,1,1,1,False,4.0380859375
Dense2x30,9291,1,1,1,False,4.013671875
Dense2x30,5331,1,6,1,False,2.08984375
Dense2x30,4977,1,1,1,False,3.0712890625
Dense2x30,4318,1,1,1,False,2.2021484375
Dense2x30,9395,1,1,1,False,3.65234375
Dense2x30,818,1,1,1,False,3.9990234375
Dense2x30,6506,1,1,1,False,3.134765625
Dense2x30,8430,3,3,1,False,1.5771484375
Dense2x30,4808,3,5,1,False,0.8837890625
Dense2x30,4630,3,3,1,False,0.9619140625
Dense2x30,4026,3,3,1,False,4.0673828125
Dense2x30,6636,3,3,1,False,1.4697265625
Dense2x30,6535,3,3,1,False,2.470703125
Dense2x30,8864,3,3,1,False,4.08203125
Dense2x30,507,3,5,1,False,0.7763671875
Dense2x30,9115,3,3,1,False,4.716796875
Dense2x30,4443,3,3,1,False,1.2255859375
Dense2x30,7628,3,3,1,False,3.037109375
Dense2x30,4833,3,3,1,False,1.0888671875
Dense2x30,2300,3,3,1,False,2.6708984375
Dense2x30,8703,3,3,1,False,4.55078125
Dense2x30,5225,3,3,1,False,2.3388671875
Dense2x30,6440,3,3,1,False,4.2431640625
Dense2x30,7130,3,3,1,False,0.4052734375
Dense2x30,8603,3,3,1,False,4.2529296875
Dense2x30,5418,3,3,1,False,6.0107421875
Dense2x30,4928,3,3,1,False,2.568359375
Dense2x30,4288,3,3,1,False,4.365234375
Dense2x30,8570,3,3,1,False,6.7431640625
Dense2x30,8581,3,3,1,False,2.0556640625
Dense2x30,3290,3,3,1,False,2.6318359375
Dense2x30,3443,3,3,1,False,3.1591796875
Dense2x30,7024,3,3,1,False,5.7373046875
Dense2x30,3177,3,3,1,False,3.6376953125
Dense2x30,5472,3,3,1,False,7.5146484375
Dense2x30,7484,3,3,1,False,4.501953125
Dense2x30,5740,3,3,1,False,3.2861328125
Dense2x30,1962,3,3,1,False,3.59375
Dense2x30,1615,3,3,1,False,5.09765625
Dense2x30,9380,3,3,1,False,3.90625
Dense3x20,6760,0,0,1,False,5.0537109375
Dense3x20,3140,0,0,1,False,3.4521484375
Dense3x20,2417,0,0,1,False,2.7685546875
Dense3x20,8468,0,0,1,False,5.9228515625
Dense3x20,6633,0,0,1,False,4.0869140625
Dense3x20,4188,0,0,1,False,1.9775390625
Dense3x20,7385,0,0,1,False,5.625
Dense3x20,2765,0,0,1,False,3.5498046875
Dense3x20,3359,0,0,1,False,6.103515625
Dense3x20,7221,0,0,1,False,4.2529296875
Dense3x20,2061,0,0,1,False,4.3359375
Dense3x20,1288,0,0,1,False,2.314453125
Dense3x20,8260,0,0,1,False,3.8916015625
Dense3x20,2717,0,0,1,False,3.3642578125
Dense3x20,192,0,0,1,False,4.2138671875
Dense3x20,8595,0,0,1,False,5.8154296875
Dense3x20,713,0,0,1,False,2.294921875
Dense3x20,5695,0,0,1,False,2.2314453125
Dense3x20,9199,0,0,1,False,6.2890625
Dense3x20,7342,0,0,1,False,5.3076171875
Dense3x20,5890,0,0,1,False,1.943359375
Dense3x20,1261,0,0,1,False,5.0830078125
Dense3x20,8845,0,0,1,False,5.1025390625
Dense3x20,6288,0,0,1,False,6.0205078125
Dense3x20,6201,0,0,1,False,6.142578125
Dense3x20,3849,0,0,1,False,5.2392578125
Dense3x20,871,0,0,1,False,6.0595703125
Dense3x20,1526,0,0,1,False,3.544921875
Dense3x20,2378,0,0,1,False,0.0390625
Dense3x20,8388,0,0,1,False,3.9990234375
Dense3x20,6133,0,0,1,False,7.8076171875
Dense3x20,3804,0,0,1,False,3.1396484375
Dense3x20,6181,0,0,1,False,3.41796875
Dense3x20,9003,1,1,1,False,3.0615234375
Dense3x20,8086,1,1,1,False,3.14453125
Dense3x20,6162,1,1,1,False,3.61328125
Dense3x20,4201,1,7,1,False,0.0146484375
Dense3x20,529,1,1,1,False,3.5205078125
Dense3x20,2421,1,1,1,False,2.451171875
Dense3x20,9258,1,1,1,False,3.7548828125
Dense3x20,6751,1,1,1,False,2.44140625
Dense3x20,4010,1,1,1,False,3.154296875
Dense3x20,9699,1,1,1,False,2.6513671875
Dense3x20,6902,1,1,1,False,2.5048828125
Dense3x20,1527,1,6,1,False,2.734375
Dense3x20,5384,1,1,1,False,3.876953125
Dense3x20,5552,1,1,1,False,3.1982421875
Dense3x20,3779,1,1,1,False,2.6123046875
Dense3x20,168,1,1,1,False,3.681640625
Dense3x20,5461,1,1,1,False,2.94921875
Dense3x20,8138,1,1,1,False,2.5
Dense3x20,672,1,1,1,False,3.3056640625
Dense3x20,7738,1,1,1,False,1.3134765625
Dense3x20,5848,1,1,1,False,3.515625
Dense3x20,489,1,1,1,False,2.65625
Dense3x20,4191,1,1,1,False,2.8759765625
Dense3x20,4104,1,1,1,False,3.3544921875
Dense3x20,7053,1,1,1,False,2.3974609375
Dense3x20,3593,1,1,1,False,3.0029296875
Dense3x20,5490,1,1,1,False,3.26171875
Dense3x20,9774,1,1,1,False,3.271484375
Dense3x20,5258,1,1,1,False,2.8515625
Dense3x20,1368,1,1,1,False,1.8408203125
Dense3x20,7748,1,1,1,False,3.3447265625
Dense3x20,5156,1,1,1,False,3.3447265625
Dense3x20,7618,1,1,1,False,3.4326171875
Dense3x20,32,3,3,1,False,3.1005859375
Dense3x20,3670,3,3,1,False,3.4423828125
Dense3x20,4437,3,3,1,False,0.576171875
Dense3x20,1738,3,3,1,False,4.3701171875
Dense3x20,8154,3,3,1,False,5.0146484375
Dense3x20,8856,3,3,1,False,4.580078125
Dense3x20,2086,3,3,1,False,3.095703125
Dense3x20,231,3,3,1,False,2.744140625
Dense3x20,8293,3,3,1,False,1.455078125
Dense3x20,782,3,3,1,False,4.3896484375
Dense3x20,349,3,3,1,False,1.337890625
Dense3x20,2924,3,3,1,False,3.271484375
Dense3x20,6447,3,3,1,False,4.7412109375
Dense3x20,8167,3,3,1,False,7.080078125
Dense3x20,9511,3,3,1,False,4.033203125
Dense3x20,3326,3,3,1,False,3.212890625
Dense3x20,1588,3,3,1,False,4.7607421875
Dense3x20,8876,3,3,1,False,4.3115234375
Dense3x20,4469,3,3,1,False,2.9541015625
Dense3x20,8581,3,3,1,False,3.3984375
Dense3x20,1020,3,3,1,False,3.18359375
Dense3x20,2364,3,3,1,False,4.2919921875
Dense3x20,2222,3,3,1,False,3.134765625
Dense3x20,3975,3,3,1,False,3.8671875
Dense3x20,2624,3,3,1,False,3.203125
Dense3x20,4600,3,3,1,False,4.775390625
Dense3x20,5293,3,3,1,False,4.296875
Dense3x20,3475,3,7,1,False,0.1416015625
Dense3x20,1683,3,3,1,False,4.3505859375
Dense3x20,9548,3,3,1,False,6.11328125
Dense3x20,2745,3,3,1,False,0.986328125
Dense3x20,1134,3,3,1,False,5.830078125
Dense3x20,2031,3,3,1,False,5.8447265625
Dense4x15,1001,0,0,1,False,3.49609375
Dense4x15,9189,0,0,1,False,3.076171875
Dense4x15,6602,0,0,1,False,3.291015625
Dense4x15,1288,0,5,1,False,2.3291015625
Dense4x15,5778,0,0,1,False,2.0654296875
Dense4x15,567,0,0,1,False,1.81640625
Dense4x15,2209,0,0,1,False,2.3095703125
Dense4x15,4891,0,0,1,False,2.9052734375
Dense4x15,6344,0,0,1,False,2.8466796875
Dense4x15,8865,0,0,1,False,2.7734375
Dense4x15,8111,0,0,1,False,5.3955078125
Dense4x15,1526,0,5,1,False,0.927734375
Dense4x15,1231,0,0,1,False,4.0087890625
Dense4x15,5368,0,0,1,False,4.462890625
Dense4x15,6478,0,0,1,False,3.02734375
Dense4x15,6489,0,0,1,False,5.0048828125
Dense4x15,2190,0,0,1,False,2.7685546875
Dense4x15,2631,0,6,1,False,1.201171875
Dense4x15,9436,0,0,1,False,1.7626953125
Dense4x15,2506,0,0,1,False,4.12109375
Dense4x15,5244,0,0,1,False,2.646484375
Dense4x15,6843,0,0,1,False,3.017578125
Dense4x15,3140,0,0,1,False,2.28515625
Dense4x15,8056,0,0,1,False,5.9716796875
Dense4x15,7671,0,0,1,False,1.5234375
Dense4x15,904,0,0,1,False,2.2802734375
Dense4x15,5554,0,0,1,False,3.59375
Dense4x15,8671,0,0,1,False,6.2890625
Dense4x15,6280,0,0,1,False,4.35546875
Dense4x15,6808,0,0,1,False,3.75
Dense4x15,2703,0,0,1,False,4.169921875
Dense4x15,101,0,0,1,False,3.7744140625
Dense4x15,6510,0,0,1,False,5.263671875
Dense4x15,4589,1,1,1,False,2.373046875
Dense4x15,3019,1,1,1,False,2.1875
Dense4x15,4859,1,1,1,False,2.6220703125
Dense4x15,3669,1,1,1,False,2.314453125
Dense4x15,2444,1,1,1,False,2.1142578125
Dense4x15,5590,1,1,1,False,2.7880859375
Dense4x15,8078,1,1,1,False,2.080078125
Dense4x15,7063,1,1,1,False,2.63671875
Dense4x15,9081,1,1,1,False,2.978515625
Dense4x15,3434,1,1,1,False,2.3876953125
Dense4x15,8708,1,1,1,False,2.6171875
Dense4x15,3741,1,1,1,False,2.96875
Dense4x15,2221,1,1,1,False,1.9091796875
Dense4x15,6938,1,1,1,False,2.158203125
Dense4x15,3651,1,1,1,False,3.203125
Dense4x15,4409,1,1,1,False,2.5244140625
Dense4x15,1646,1,1,1,False,2.5634765625
Dense4x15,6976,1,1,1,False,2.548828125
Dense4x15,476,1,1,1,False,2.841796875
Dense4x15,5370,1,1,1,False,2.2998046875
Dense4x15,6224,1,1,1,False,2.6220703125
Dense4x15,345,1,1,1,False,2.900390625
Dense4x15,4516,1,1,1,False,2.3974609375
Dense4x15,6622,1,1,1,False,1.42578125
Dense4x15,8586,1,1,1,False,2.3828125
Dense4x15,735,1,1,1,False,2.548828125
Dense4x15,2261,1,1,1,False,2.626953125
Dense4x15,4977,1,1,1,False,2.587890625
Dense4x15,3990,1,1,1,False,2.87109375
Dense4x15,4595,1,1,1,False,3.45703125
Dense4x15,6063,1,1,1,False,2.099609375
Dense4x15,6829,1,1,1,False,2.9150390625
Dense4x15,9485,1,1,1,False,2.7587890625
Dense4x15,8860,3,3,1,False,4.6435546875
Dense4x15,7075,3,3,1,False,4.755859375
Dense4x15,7519,3,3,1,False,4.482421875
Dense4x15,6840,3,3,1,False,3.5205078125
Dense4x15,4808,3,5,1,False,1.181640625
Dense4x15,1607,3,9,1,False,0.2099609375
Dense4x15,4106,3,3,1,False,2.3193359375
Dense4x15,2308,3,3,1,False,0.6396484375
Dense4x15,5000,3,3,1,False,2.412109375
Dense4x15,2222,3,3,1,False,3.7548828125
Dense4x15,76,3,3,1,False,2.1337890625
Dense4x15,686,3,3,1,False,3.2177734375
Dense4x15,9125,3,3,1,False,4.609375
Dense4x15,4162,3,3,1,False,7.099609375
Dense4x15,8026,3,3,1,False,5.1513671875
Dense4x15,2785,3,3,1,False,5.0927734375
Dense4x15,1926,3,5,1,False,0.3857421875
Dense4x15,8171,3,3,1,False,4.1845703125
Dense4x15,3579,3,3,1,False,3.75
Dense4x15,4873,3,3,1,False,2.08984375
Dense4x15,1489,3,3,1,False,4.6728515625
Dense4x15,687,3,3,1,False,1.5966796875
Dense4x15,7946,3,3,1,False,1.6748046875
Dense4x15,2305,3,8,1,False,0.9716796875
Dense4x15,205,3,3,1,False,3.33984375
Dense4x15,5067,3,8,1,False,1.4404296875
Dense4x15,6213,3,3,1,False,4.248046875
Dense4x15,4613,3,3,1,False,2.177734375
Dense4x15,5215,3,3,1,False,3.57421875
Dense4x15,3131,3,3,1,False,3.232421875
Dense4x15,4435,3,7,1,False,0.2490234375
Dense4x15,8494,3,3,1,False,3.681640625
Dense4x15,1840,3,3,1,False,4.6484375
Dense6x10,2023,0,0,1,False,0.419921875
Dense6x10,3830,0,0,1,False,1.5283203125
Dense6x10,3458,0,0,1,False,1.494140625
Dense6x10,3185,0,2,1,False,0.1953125
Dense6x10,1261,0,0,1,False,2.490234375
Dense6x10,904,0,0,1,False,2.5634765625
Dense6x10,2765,0,2,1,False,0.3955078125
Dense6x10,932,0,0,1,False,2.3388671875
Dense6x10,7342,0,0,1,False,2.7685546875
Dense6x10,7505,0,2,1,False,0.1953125
Dense6x10,5109,0,0,1,False,2.9052734375
Dense6x10,9634,0,3,1,False,0.4296875
Dense6x10,7747,0,0,1,False,0.5615234375
Dense6x10,7723,0,0,1,False,1.4306640625
Dense6x10,871,0,0,1,False,1.7431640625
Dense6x10,5342,0,0,1,False,1.298828125
Dense6x10,4604,0,2,1,False,0.9716796875
Dense6x10,545,0,0,1,False,0.693359375
Dense6x10,7368,0,0,1,False,2.34375
Dense6x10,8983,0,0,1,False,1.9091796875
Dense6x10,9902,0,0,1,False,1.494140625
Dense6x10,3942,0,2,1,False,0.7666015625
Dense6x10,9377,0,2,1,False,1.3134765625
Dense6x10,5827,0,0,1,False,0.9716796875
Dense6x10,9948,0,0,1,False,1.572265625
Dense6x10,5321,0,0,1,False,4.0771484375
Dense6x10,3849,0,0,1,False,3.447265625
Dense6x10,5830,0,0,1,False,2.6318359375
Dense6x10,5554,0,0,1,False,2.94921875
Dense6x10,7440,0,0,1,False,0.95703125
Dense6x10,1768,0,0,1,False,1.9384765625
Dense6x10,5006,0,0,1,False,0.80078125
Dense6x10,6428,0,2,1,False,0.419921875
Dense6x10,6902,1,1,1,False,1.2646484375
Dense6x10,2359,1,1,1,False,2.5439453125
Dense6x10,1305,1,1,1,False,2.158203125
Dense6x10,2705,1,7,1,False,0.234375
Dense6x10,4328,1,1,1,False,1.6650390625
Dense6x10,2827,1,1,1,False,1.650390625
Dense6x10,5232,1,1,1,False,1.7919921875
Dense6x10,6799,1,1,1,False,1.3037109375
Dense6x10,4877,1,1,1,False,1.3623046875
Dense6x10,4984,1,1,1,False,2.080078125
Dense6x10,5,1,1,1,False,1.4697265625
Dense6x10,9810,1,1,1,False,1.7529296875
Dense6x10,8850,1,1,1,False,2.1923828125
Dense6x10,4025,1,1,1,False,2.0703125
Dense6x10,3777,1,1,1,False,1.044921875
Dense6x10,3669,1,1,1,False,1.787109375
Dense6x10,1773,1,1,1,False,0.380859375
Dense6x10,9120,1,1,1,False,1.5283203125
Dense6x10,1861,1,1,1,False,1.5771484375
Dense6x10,1201,1,1,1,False,2.3779296875
Dense6x10,5384,1,1,1,False,2.0556640625
Dense6x10,2746,1,1,1,False,1.7138671875
Dense6x10,4170,1,1,1,False,1.728515625
Dense6x10,777,1,1,1,False,1.2255859375
Dense6x10,2541,1,1,1,False,1.982421875
Dense6x10,5738,1,1,1,False,1.8408203125
Dense6x10,6329,1,1,1,False,1.69921875
Dense6x10,6628,1,1,1,False,1.7919921875
Dense6x10,5794,1,1,1,False,1.2548828125
Dense6x10,202,1,1,1,False,1.23046875
Dense6x10,2239,1,1,1,False,1.26953125
Dense6x10,8740,1,1,1,False,2.314453125
Dense6x10,831,1,1,1,False,1.6259765625
Dense6x10,5000,3,5,1,False,0.1416015625
Dense6x10,216,3,3,1,False,2.8955078125
Dense6x10,6501,3,5,1,False,0.3466796875
Dense6x10,1284,3,3,1,False,4.86328125
Dense6x10,5273,3,3,1,False,0.732421875
Dense6x10,4808,3,3,1,False,0.3466796875
Dense6x10,9163,3,3,1,False,1.923828125
Dense6x10,3715,3,3,1,False,0.95703125
Dense6x10,8821,3,3,1,False,3.22265625
Dense6x10,3947,3,3,1,False,4.78515625
Dense6x10,5245,3,3,1,False,2.12890625
Dense6x10,6184,3,3,1,False,0.7373046875
Dense6x10,8296,3,3,1,False,0.244140625
Dense6x10,687,3,3,1,False,1.9384765625
Dense6x10,2647,3,3,1,False,2.4365234375
Dense6x10,9707,3,3,1,False,3.798828125
Dense6x10,3515,3,3,1,False,5.80078125
Dense6x10,5878,3,3,1,False,2.79296875
Dense6x10,7509,3,3,1,False,2.236328125
Dense6x10,8120,3,5,1,False,0.83984375
Dense6x10,3620,3,3,1,False,3.251953125
Dense6x10,3795,3,3,1,False,2.021484375
Dense6x10,3217,3,3,1,False,5.439453125
Dense6x10,6290,3,5,1,False,1.2353515625
Dense6x10,2453,3,3,1,False,2.158203125
Dense6x10,90,3,3,1,False,3.837890625
Dense6x10,4688,3,3,1,False,2.2412109375
Dense6x10,991,3,3,1,False,0.146484375
Dense6x10,6382,3,3,1,False,4.619140625
Dense6x10,5283,3,5,1,False,1.2841796875
Dense6x10,8485,3,3,1,False,1.669921875
Dense6x10,8581,3,5,1,False,0.6982421875
Dense6x10,4366,3,3,1,False,2.9931640625
Dense2x20,8468,0,0,1,False,8.056640625
Dense2x20,586,0,0,1,False,2.802734375
Dense2x20,4473,0,0,1,False,3.92578125
Dense2x20,8228,0,0,1,False,4.9169921875
Dense2x20,8067,0,0,1,False,11.1572265625
Dense2x20,4672,0,0,1,False,4.5654296875
Dense2x20,8055,0,0,1,False,9.0087890625
Dense2x20,25,0,0,1,False,9.19921875
Dense2x20,896,0,0,1,False,1.875
Dense2x20,3864,0,0,1,False,3.5009765625
Dense2x20,2304,0,0,1,False,10.0390625
Dense2x20,3849,0,0,1,False,5.673828125
Dense2x20,9757,0,0,1,False,5.234375
Dense2x20,3401,0,0,1,False,3.9404296875
Dense2x20,8343,0,0,1,False,5.8056640625
Dense2x20,2593,0,0,1,False,2.109375
Dense2x20,8808,0,0,1,False,6.1865234375
Dense2x20,6602,0,0,1,False,5.8935546875
Dense2x20,4432,0,0,1,False,3.1396484375
Dense2x20,5307,0,0,1,False,6.38671875
Dense2x20,5368,0,0,1,False,7.1875
Dense2x20,192,0,0,1,False,5.2685546875
Dense2x20,5452,0,0,1,False,8.056640625
Dense2x20,3140,0,0,1,False,4.560546875
Dense2x20,8992,0,0,1,False,6.5966796875
Dense2x20,365,0,0,1,False,3.4228515625
Dense2x20,2295,0,0,1,False,3.876953125
Dense2x20,723,0,0,1,False,3.45703125
Dense2x20,3980,0,0,1,False,7.1875
Dense2x20,6250,0,0,1,False,5.380859375
Dense2x20,9724,0,0,1,False,3.7890625
Dense2x20,854,0,0,1,False,4.2626953125
Dense2x20,5280,0,0,1,False,7.7001953125
Dense2x20,3649,1,1,1,False,5.009765625
Dense2x20,1939,1,1,1,False,3.662109375
Dense2x20,9241,1,1,1,False,3.7890625
Dense2x20,419,1,1,1,False,3.671875
Dense2x20,8543,1,1,1,False,4.4140625
Dense2x20,1630,1,1,1,False,4.2333984375
Dense2x20,5915,1,1,1,False,4.404296875
Dense2x20,3582,1,1,1,False,2.626953125
Dense2x20,3386,1,1,1,False,3.2080078125
Dense2x20,1729,1,1,1,False,5.0390625
Dense2x20,4014,1,1,1,False,4.55078125
Dense2x20,7869,1,1,1,False,2.890625
Dense2x20,5732,1,1,1,False,3.59375
Dense2x20,5873,1,1,1,False,4.2041015625
Dense2x20,3259,1,1,1,False,4.6142578125
Dense2x20,4025,1,1,1,False,5.1025390625
Dense2x20,6976,1,1,1,False,3.3837890625
Dense2x20,6961,1,1,1,False,4.1748046875
Dense2x20,9295,1,1,1,False,3.22265625
Dense2x20,4719,1,1,1,False,2.7880859375
Dense2x20,8509,1,1,1,False,1.6748046875
Dense2x20,6375,1,1,1,False,5.4736328125
Dense2x20,7812,1,8,1,False,1.1474609375
Dense2x20,8005,1,1,1,False,3.4912109375
Dense2x20,4171,1,1,1,False,4.0087890625
Dense2x20,798,1,1,1,False,4.267578125
Dense2x20,5113,1,1,1,False,3.8525390625
Dense2x20,3354,1,1,1,False,5.29296875
Dense2x20,9190,1,1,1,False,3.4375
Dense2x20,8048,1,1,1,False,5.1611328125
Dense2x20,9434,1,1,1,False,5.3515625
Dense2x20,3255,1,1,1,False,3.5009765625
Dense2x20,4185,1,1,1,False,2.4951171875
Dense2x20,9614,3,3,1,False,0.2392578125
Dense2x20,5146,3,3,1,False,2.7880859375
Dense2x20,2303,3,3,1,False,4.4482421875
Dense2x20,3834,3,3,1,False,0.99609375
Dense2x20,5764,3,3,1,False,6.396484375
Dense2x20,4164,3,3,1,False,5.64453125
Dense2x20,2230,3,3,1,False,4.6875
Dense2x20,8518,3,3,1,False,7.1728515625
Dense2x20,4397,3,3,1,False,2.744140625
Dense2x20,9604,3,3,1,False,6.279296875
Dense2x20,6862,3,3,1,False,5.986328125
Dense2x20,7097,3,3,1,False,3.0078125
Dense2x20,8407,3,3,1,False,6.8603515625
Dense2x20,1114,3,8,1,False,3.056640625
Dense2x20,5382,3,3,1,False,2.67578125
Dense2x20,8156,3,3,1,False,3.095703125
Dense2x20,2587,3,3,1,False,3.798828125
Dense2x20,2953,3,5,1,False,1.11328125
Dense2x20,573,3,3,1,False,6.6162109375
Dense2x20,1479,3,3,1,False,6.8017578125
Dense2x20,9881,3,3,1,False,1.611328125
Dense2x20,7010,3,3,1,False,3.818359375
Dense2x20,9430,3,3,1,False,4.94140625
Dense2x20,6535,3,3,1,False,1.4794921875
Dense2x20,5446,3,3,1,False,2.0068359375
Dense2x20,7628,3,3,1,False,4.3603515625
Dense2x20,595,3,3,1,False,2.1240234375
Dense2x20,5585,3,3,1,False,8.5888671875
Dense2x20,6681,3,3,1,False,4.04296875
Dense2x20,1150,3,3,1,False,4.7509765625
Dense2x20,4002,3,3,1,False,0.0341796875
Dense2x20,2985,3,3,1,False,3.7060546875
Dense2x20,2431,3,3,1,False,4.951171875
Dense4x20,9818,0,0,1,False,4.052734375
Dense4x20,1995,0,0,1,False,1.3623046875
Dense4x20,5731,0,0,1,False,1.5625
Dense4x20,7817,0,0,1,False,4.5166015625
Dense4x20,6798,0,0,1,False,3.61328125
Dense4x20,6288,0,0,1,False,3.5595703125
Dense4x20,2190,0,0,1,False,2.5537109375
Dense4x20,3650,0,0,1,False,2.9296875
Dense4x20,5087,0,0,1,False,5.7177734375
Dense4x20,4457,0,0,1,False,2.98828125
Dense4x20,7342,0,0,1,False,4.6142578125
Dense4x20,9964,0,0,1,False,3.388671875
Dense4x20,9634,0,3,1,False,0.634765625
Dense4x20,3710,0,0,1,False,1.3623046875
Dense4x20,6429,0,0,1,False,5.2392578125
Dense4x20,4186,0,0,1,False,3.408203125
Dense4x20,3242,0,0,1,False,0.05859375
Dense4x20,2081,0,0,1,False,2.900390625
Dense4x20,8514,0,0,1,False,3.3251953125
Dense4x20,2824,0,0,1,False,1.2451171875
Dense4x20,6426,0,6,1,False,1.73828125
Dense4x20,525,0,0,1,False,2.9931640625
Dense4x20,9310,0,0,1,False,4.345703125
Dense4x20,8614,0,0,1,False,3.26171875
Dense4x20,5430,0,0,1,False,5.751953125
Dense4x20,6583,0,0,1,False,1.97265625
Dense4x20,8681,0,0,1,False,3.84765625
Dense4x20,8260,0,0,1,False,2.8759765625
Dense4x20,904,0,0,1,False,3.4912109375
Dense4x20,6454,0,0,1,False,4.1162109375
Dense4x20,9052,0,0,1,False,6.09375
Dense4x20,2295,0,0,1,False,2.392578125
Dense4x20,656,0,0,1,False,4.1015625
Dense4x20,8922,1,1,1,False,2.2314453125
Dense4x20,1820,1,1,1,False,2.1484375
Dense4x20,2343,1,1,1,False,1.875
Dense4x20,4589,1,1,1,False,1.4599609375
Dense4x20,8905,1,1,1,False,2.421875
Dense4x20,5588,1,1,1,False,1.85546875
Dense4x20,74,1,1,1,False,2.6123046875
Dense4x20,9978,1,1,1,False,2.03125
Dense4x20,9956,1,1,1,False,1.7333984375
Dense4x20,754,1,1,1,False,2.3486328125
Dense4x20,9799,1,1,1,False,2.1533203125
Dense4x20,154,1,1,1,False,1.6845703125
Dense4x20,5005,1,1,1,False,2.4853515625
Dense4x20,5637,1,1,1,False,2.2265625
Dense4x20,1868,1,1,1,False,0.146484375
Dense4x20,7123,1,1,1,False,2.451171875
Dense4x20,949,1,1,1,False,2.4951171875
Dense4x20,5535,1,1,1,False,2.0947265625
Dense4x20,6976,1,1,1,False,2.1240234375
Dense4x20,4153,1,1,1,False,3.134765625
Dense4x20,7424,1,1,1,False,2.138671875
Dense4x20,228,1,1,1,False,2.1044921875
Dense4x20,1054,1,1,1,False,2.1826171875
Dense4x20,948,1,1,1,False,2.0556640625
Dense4x20,8439,1,1,1,False,1.9091796875
Dense4x20,3866,1,1,1,False,2.6025390625
Dense4x20,2868,1,1,1,False,2.8076171875
Dense4x20,4930,1,1,1,False,2.0458984375
Dense4x20,3014,1,1,1,False,2.294921875
Dense4x20,5991,1,1,1,False,2.5732421875
Dense4x20,5520,1,1,1,False,2.626953125
Dense4x20,4195,1,1,1,False,2.5341796875
Dense4x20,7073,1,1,1,False,2.685546875
Dense4x20,3769,3,3,1,False,0.4052734375
Dense4x20,1605,3,3,1,False,3.1103515625
Dense4x20,6009,3,3,1,False,0.6787109375
Dense4x20,2255,3,3,1,False,1.8310546875
Dense4x20,6226,3,3,1,False,3.779296875
Dense4x20,8910,3,3,1,False,3.57421875
Dense4x20,9231,3,3,1,False,2.890625
Dense4x20,628,3,9,1,False,0.791015625
Dense4x20,7740,3,3,1,False,5.13671875
Dense4x20,6690,3,3,1,False,2.7001953125
Dense4x20,6322,3,3,1,False,3.3740234375
Dense4x20,9986,3,8,1,False,0.166015625
Dense4x20,7519,3,3,1,False,3.84765625
Dense4x20,1926,3,3,1,False,1.2451171875
Dense4x20,5158,3,3,1,False,6.220703125
Dense4x20,4393,3,3,1,False,2.98828125
Dense4x20,4106,3,3,1,False,1.5234375
Dense4x20,5418,3,3,1,False,4.6875
Dense4x20,4983,3,3,1,False,3.3642578125
Dense4x20,7936,3,3,1,False,2.9931640625
Dense4x20,7214,3,3,1,False,2.8076171875
Dense4x20,6075,3,3,1,False,2.4755859375
Dense4x20,4600,3,3,1,False,3.2275390625
Dense4x20,4758,3,3,1,False,2.7197265625
Dense4x20,7040,3,3,1,False,1.494140625
Dense4x20,4841,3,1,1,False,0.185546875
Dense4x20,4714,3,3,1,False,3.7646484375
Dense4x20,5224,3,3,1,False,1.7236328125
Dense4x20,8957,3,3,1,False,4.599609375
Dense4x20,3290,3,3,1,False,1.4599609375
Dense4x20,1607,3,3,1,False,0.5322265625
Dense4x20,8407,3,3,1,False,4.1357421875
Dense4x20,9624,3,8,1,False,1.03515625
Dense5x20,592,0,0,1,False,4.4677734375
Dense5x20,441,0,0,1,False,3.4375
Dense5x20,6129,0,0,1,False,5.380859375
Dense5x20,7385,0,0,1,False,4.0283203125
Dense5x20,4495,0,0,1,False,2.9736328125
Dense5x20,3774,0,0,1,False,2.5732421875
Dense5x20,5554,0,0,1,False,4.140625
Dense5x20,3243,0,0,1,False,0.6005859375
Dense5x20,3613,0,0,1,False,2.34375
Dense5x20,7161,0,0,1,False,2.8955078125
Dense5x20,2217,0,0,1,False,3.2568359375
Dense5x20,8307,0,0,1,False,3.095703125
Dense5x20,9244,0,0,1,False,3.6572265625
Dense5x20,620,0,0,1,False,2.568359375
Dense5x20,7367,0,0,1,False,3.0419921875
Dense5x20,3317,0,0,1,False,2.578125
Dense5x20,5929,0,0,1,False,2.978515625
Dense5x20,8795,0,0,1,False,3.1640625
Dense5x20,6546,0,0,1,False,2.685546875
Dense5x20,5993,0,0,1,False,4.5703125
Dense5x20,5519,0,0,1,False,1.9091796875
Dense5x20,1972,0,0,1,False,3.37890625
Dense5x20,6526,0,0,1,False,3.28125
Dense5x20,9457,0,0,1,False,3.49609375
Dense5x20,5244,0,0,1,False,1.62109375
Dense5x20,4241,0,0,1,False,4.2578125
Dense5x20,8528,0,0,1,False,6.1181640625
Dense5x20,9879,0,2,1,False,0.1123046875
Dense5x20,4348,0,0,1,False,1.71875
Dense5x20,6590,0,0,1,False,1.181640625
Dense5x20,4957,0,0,1,False,3.45703125
Dense5x20,8163,0,0,1,False,2.939453125
Dense5x20,5980,0,0,1,False,2.9248046875
Dense5x20,4932,1,1,1,False,1.376953125
Dense5x20,9120,1,1,1,False,1.4501953125
Dense5x20,3353,1,1,1,False,1.9091796875
Dense5x20,2693,1,1,1,False,1.611328125
Dense5x20,5370,1,1,1,False,2.0556640625
Dense5x20,5327,1,1,1,False,2.0654296875
Dense5x20,8809,1,1,1,False,1.1767578125
Dense5x20,3430,1,1,1,False,0.966796875
Dense5x20,1939,1,1,1,False,1.4453125
Dense5x20,342,1,1,1,False,2.099609375
Dense5x20,9923,1,1,1,False,1.93359375
Dense5x20,6622,1,1,1,False,1.0693359375
Dense5x20,7299,1,1,1,False,1.7138671875
Dense5x20,2757,1,1,1,False,2.1044921875
Dense5x20,2705,1,1,1,False,0.1123046875
Dense5x20,377,1,1,1,False,1.669921875
Dense5x20,6356,1,1,1,False,1.8212890625
Dense5x20,3937,1,1,1,False,1.1962890625
Dense5x20,239,1,1,1,False,1.7529296875
Dense5x20,345,1,1,1,False,1.9384765625
Dense5x20,2041,1,1,1,False,1.943359375
Dense5x20,2524,1,1,1,False,1.171875
Dense5x20,178,1,1,1,False,1.953125
Dense5x20,647,1,1,1,False,1.8359375
Dense5x20,9180,1,1,1,False,1.62109375
Dense5x20,7812,1,8,1,False,0.6298828125
Dense5x20,6720,1,1,1,False,1.62109375
Dense5x20,3605,1,1,1,False,1.044921875
Dense5x20,4212,1,3,1,False,0.546875
Dense5x20,1254,1,1,1,False,1.943359375
Dense5x20,4010,1,1,1,False,1.9140625
Dense5x20,8740,1,1,1,False,1.8994140625
Dense5x20,4602,1,1,1,False,1.943359375
Dense5x20,2914,3,3,1,False,1.23046875
Dense5x20,894,3,3,1,False,2.5146484375
Dense5x20,9115,3,3,1,False,4.5751953125
Dense5x20,4990,3,8,1,False,0.009765625
Dense5x20,216,3,3,1,False,2.685546875
Dense5x20,8939,3,3,1,False,2.3828125
Dense5x20,677,3,3,1,False,2.587890625
Dense5x20,8970,3,3,1,False,2.6123046875
Dense5x20,9011,3,3,1,False,2.4462890625
Dense5x20,5067,3,2,1,False,1.0205078125
Dense5x20,5000,3,3,1,False,1.6748046875
Dense5x20,2308,3,3,1,False,2.9443359375
Dense5x20,6985,3,3,1,False,4.7412109375
Dense5x20,1928,3,3,1,False,2.451171875
Dense5x20,7714,3,3,1,False,2.4169921875
Dense5x20,4638,3,3,1,False,3.6767578125
Dense5x20,8461,3,3,1,False,3.65234375
Dense5x20,8201,3,3,1,False,2.9150390625
Dense5x20,2533,3,3,1,False,2.59765625
Dense5x20,6481,3,3,1,False,3.6181640625
Dense5x20,9624,3,3,1,False,0.0
Dense5x20,8337,3,3,1,False,3.7109375
Dense5x20,1463,3,3,1,False,2.158203125
Dense5x20,2945,3,7,1,False,0.0634765625
Dense5x20,2229,3,3,1,False,2.1533203125
Dense5x20,3486,3,3,1,False,3.41796875
Dense5x20,1763,3,3,1,False,1.8505859375
Dense5x20,7993,3,3,1,False,4.228515625
Dense5x20,8167,3,3,1,False,4.462890625
Dense5x20,5674,3,3,1,False,2.353515625
Dense5x20,7214,3,3,1,False,2.24609375
Dense5x20,1150,3,3,1,False,2.4267578125
Dense5x20,8215,3,3,1,False,4.2822265625
Dense3x50,1768,0,0,1,False,3.4423828125
Dense3x50,1826,0,0,1,False,4.19921875
Dense3x50,6280,0,0,1,False,5.400390625
Dense3x50,5731,0,0,1,False,2.6318359375
Dense3x50,7221,0,0,1,False,4.2919921875
Dense3x50,3724,0,0,1,False,3.876953125
Dense3x50,6429,0,0,1,False,5.6005859375
Dense3x50,8629,0,0,1,False,3.59375
Dense3x50,3710,0,0,1,False,2.5341796875
Dense3x50,6959,0,0,1,False,4.74609375
Dense3x50,25,0,0,1,False,6.4453125
Dense3x50,9004,0,0,1,False,4.1015625
Dense3x50,8359,0,0,1,False,3.671875
Dense3x50,701,0,0,1,False,5.56640625
Dense3x50,545,0,0,1,False,2.4169921875
Dense3x50,7855,0,0,1,False,7.4169921875
Dense3x50,4361,0,0,1,False,3.0517578125
Dense3x50,7747,0,0,1,False,5.1220703125
Dense3x50,5109,0,0,1,False,5.2978515625
Dense3x50,7566,0,0,1,False,5.9228515625
Dense3x50,2127,0,0,1,False,4.4775390625
Dense3x50,9601,0,0,1,False,4.2822265625
Dense3x50,5008,0,0,1,False,4.4775390625
Dense3x50,3706,0,0,1,False,3.1298828125
Dense3x50,8221,0,0,1,False,5.3369140625
Dense3x50,6293,0,0,1,False,5.37109375
Dense3x50,5428,0,0,1,False,5.615234375
Dense3x50,3959,0,0,1,False,4.5166015625
Dense3x50,8999,0,0,1,False,5.3466796875
Dense3x50,6250,0,0,1,False,4.1650390625
Dense3x50,2656,0,0,1,False,2.7294921875
Dense3x50,3310,0,0,1,False,3.5595703125
Dense3x50,9105,0,0,1,False,5.7275390625
Dense3x50,9190,1,1,1,False,3.5107421875
Dense3x50,7000,1,1,1,False,2.490234375
Dense3x50,1358,1,1,1,False,2.6025390625
Dense3x50,2273,1,1,1,False,1.875
Dense3x50,8020,1,8,1,False,1.8505859375
Dense3x50,279,1,1,1,False,2.2802734375
Dense3x50,4104,1,1,1,False,3.0419921875
Dense3x50,8980,1,1,1,False,2.67578125
Dense3x50,204,1,1,1,False,2.2998046875
Dense3x50,4292,1,1,1,False,2.9833984375
Dense3x50,9096,1,1,1,False,2.9150390625
Dense3x50,7344,1,1,1,False,2.94921875
Dense3x50,7790,1,1,1,False,2.919921875
Dense3x50,7395,1,1,1,False,3.046875
Dense3x50,5013,1,1,1,False,3.076171875
Dense3x50,9725,1,1,1,False,2.9052734375
Dense3x50,5651,1,1,1,False,2.4853515625
Dense3x50,3679,1,1,1,False,2.5927734375
Dense3x50,1829,1,1,1,False,1.6650390625
Dense3x50,7138,1,1,1,False,2.685546875
Dense3x50,5786,1,1,1,False,3.017578125
Dense3x50,2705,1,1,1,False,1.97265625
Dense3x50,2164,1,1,1,False,2.6025390625
Dense3x50,2228,1,1,1,False,1.9482421875
Dense3x50,3761,1,1,1,False,1.962890625
Dense3x50,4603,1,1,1,False,2.353515625
Dense3x50,2166,1,1,1,False,2.63671875
Dense3x50,9593,1,1,1,False,3.408203125
Dense3x50,1403,1,1,1,False,1.4892578125
Dense3x50,7783,1,1,1,False,1.865234375
Dense3x50,7411,1,1,1,False,3.10546875
Dense3x50,1736,1,1,1,False,2.36328125
Dense3x50,8488,1,1,1,False,3.193359375
Dense3x50,6681,3,3,1,False,2.880859375
Dense3x50,4802,3,3,1,False,2.63671875
Dense3x50,9229,3,3,1,False,4.6044921875
Dense3x50,4925,3,3,1,False,4.1064453125
Dense3x50,3283,3,3,1,False,2.216796875
Dense3x50,5185,3,3,1,False,2.8125
Dense3x50,9363,3,3,1,False,3.3984375
Dense3x50,2109,3,7,1,False,0.6591796875
Dense3x50,5860,3,3,1,False,3.22265625
Dense3x50,3300,3,3,1,False,3.662109375
Dense3x50,9654,3,3,1,False,3.2177734375
Dense3x50,3290,3,3,1,False,4.0966796875
Dense3x50,9655,3,3,1,False,1.6845703125
Dense3x50,1962,3,3,1,False,3.4521484375
Dense3x50,1098,3,3,1,False,1.953125
Dense3x50,3045,3,3,1,False,5.4345703125
Dense3x50,5892,3,3,1,False,2.7294921875
Dense3x50,369,3,3,1,False,2.5634765625
Dense3x50,8801,3,3,1,False,4.4091796875
Dense3x50,6289,3,3,1,False,3.4423828125
Dense3x50,4164,3,3,1,False,5.0732421875
Dense3x50,5245,3,3,1,False,3.3642578125
Dense3x50,2955,3,3,1,False,5.5859375
Dense3x50,9056,3,3,1,False,3.9453125
Dense3x50,7140,3,3,1,False,3.447265625
Dense3x50,8716,3,3,1,False,4.9658203125
Dense3x50,3475,3,3,1,False,1.9482421875
Dense3x50,7104,3,3,1,False,3.8818359375
Dense3x50,1020,3,3,1,False,3.7646484375
Dense3x50,7543,3,3,1,False,4.4970703125
Dense3x50,3217,3,3,1,False,5.9423828125
Dense3x50,8087,3,3,1,False,5.2490234375
Dense3x50,4621,3,3,1,False,5.7373046875
Dense3x200,407,0,0,1,False,3.955078125
Dense3x200,6651,0,5,1,False,1.0791015625
Dense3x200,5965,0,0,1,False,4.4287109375
Dense3x200,1764,0,0,1,False,4.1259765625
Dense3x200,8808,0,0,1,False,3.5693359375
Dense3x200,8913,0,0,1,False,2.8662109375
Dense3x200,1203,0,0,1,False,4.677734375
Dense3x200,6580,0,0,1,False,2.7978515625
Dense3x200,6532,0,0,1,False,2.2314453125
Dense3x200,4043,0,0,1,False,4.2236328125
Dense3x200,6894,0,0,1,False,1.943359375
Dense3x200,6461,0,0,1,False,2.890625
Dense3x200,2649,0,0,1,False,4.8779296875
Dense3x200,2204,0,0,1,False,2.32421875
Dense3x200,5756,0,0,1,False,2.6708984375
Dense3x200,3346,0,0,1,False,3.5693359375
Dense3x200,8501,0,0,1,False,4.228515625
Dense3x200,9704,0,0,1,False,3.798828125
Dense3x200,2190,0,0,1,False,2.6708984375
Dense3x200,9239,0,0,1,False,4.8876953125
Dense3x200,7737,0,0,1,False,5.380859375
Dense3x200,8117,0,0,1,False,4.658203125
Dense3x200,904,0,0,1,False,3.837890625
Dense3x200,3322,0,0,1,False,2.197265625
Dense3x200,4631,0,0,1,False,4.7119140625
Dense3x200,2937,0,0,1,False,2.861328125
Dense3x200,4365,0,0,1,False,2.861328125
Dense3x200,9016,0,0,1,False,0.791015625
Dense3x200,3581,0,0,1,False,2.91015625
Dense3x200,6818,0,0,1,False,3.3984375
Dense3x200,5865,0,0,1,False,3.3251953125
Dense3x200,2403,0,0,1,False,4.21875
Dense3x200,5321,0,0,1,False,4.00390625
Dense3x200,4670,1,1,1,False,1.7919921875
Dense3x200,3598,1,1,1,False,2.1142578125
Dense3x200,3126,1,1,1,False,2.255859375
Dense3x200,4653,1,1,1,False,1.5087890625
Dense3x200,8729,1,1,1,False,2.2705078125
Dense3x200,929,1,1,1,False,1.4208984375
Dense3x200,6902,1,1,1,False,1.7724609375
Dense3x200,9653,1,1,1,False,1.1962890625
Dense3x200,9556,1,1,1,False,1.7626953125
Dense3x200,8396,1,1,1,False,1.66015625
Dense3x200,5232,1,1,1,False,1.6455078125
Dense3x200,5148,1,1,1,False,1.9677734375
Dense3x200,4303,1,1,1,False,1.7431640625
Dense3x200,3003,1,1,1,False,2.119140625
Dense3x200,4039,1,1,1,False,1.572265625
Dense3x200,4069,1,1,1,False,2.4560546875
Dense3x200,1305,1,1,1,False,2.0849609375
Dense3x200,4035,1,1,1,False,2.4560546875
Dense3x200,4717,1,1,1,False,1.71875
Dense3x200,7738,1,1,1,False,1.865234375
Dense3x200,288,1,1,1,False,1.767578125
Dense3x200,1484,1,1,1,False,1.796875
Dense3x200,4153,1,1,1,False,2.412109375
Dense3x200,3974,1,1,1,False,1.337890625
Dense3x200,4077,1,1,1,False,2.0068359375
Dense3x200,1350,1,1,1,False,2.0166015625
Dense3x200,4036,1,1,1,False,2.3876953125
Dense3x200,7048,1,1,1,False,2.05078125
Dense3x200,4732,1,1,1,False,1.796875
Dense3x200,8979,1,1,1,False,2.28515625
Dense3x200,5893,1,1,1,False,2.0947265625
Dense3x200,9336,1,1,1,False,2.080078125
Dense3x200,7138,1,1,1,False,1.875
Dense3x200,8206,3,3,1,False,4.8486328125
Dense3x200,5309,3,3,1,False,3.28125
Dense3x200,4164,3,3,1,False,3.80859375
Dense3x200,3082,3,3,1,False,2.724609375
Dense3x200,2594,3,3,1,False,2.4755859375
Dense3x200,8716,3,3,1,False,4.7802734375
Dense3x200,2647,3,3,1,False,2.568359375
Dense3x200,1127,3,3,1,False,2.6806640625
Dense3x200,5912,3,3,1,False,2.5439453125
Dense3x200,7311,3,3,1,False,3.4033203125
Dense3x200,2871,3,3,1,False,2.24609375
Dense3x200,8518,3,3,1,False,5.2392578125
Dense3x200,7956,3,3,1,False,4.62890625
Dense3x200,3120,3,3,1,False,4.0869140625
Dense3x200,1128,3,2,1,False,0.0341796875
Dense3x200,245,3,3,1,False,1.494140625
Dense3x200,3486,3,3,1,False,3.2080078125
Dense3x200,3177,3,3,1,False,2.91015625
Dense3x200,8411,3,3,1,False,3.1103515625
Dense3x200,1615,3,3,1,False,3.8330078125
Dense3x200,5542,3,3,1,False,3.10546875
Dense3x200,7193,3,3,1,False,2.314453125
Dense3x200,2684,3,3,1,False,1.5234375
Dense3x200,7995,3,3,1,False,4.609375
Dense3x200,7858,3,3,1,False,1.416015625
Dense3x200,9559,3,3,1,False,2.65625
Dense3x200,6940,3,3,1,False,2.6806640625
Dense3x200,9305,3,3,1,False,2.8564453125
Dense3x200,3910,3,3,1,False,4.2822265625
Dense3x200,9662,3,3,1,False,0.1123046875
Dense3x200,5674,3,3,1,False,2.9833984375
Dense3x200,6714,3,3,1,False,3.427734375
Dense3x200,8156,3,3,1,False,3.28125
Dense2x41,895,0,0,1,False,3.61328125
Dense2x41,5141,0,0,1,False,4.8583984375
Dense2x41,7225,0,0,1,False,3.7158203125
Dense2x41,3864,0,0,1,False,2.7490234375
Dense2x41,8389,0,0,1,False,4.1552734375
Dense2x41,1794,0,0,1,False,1.9873046875
Dense2x41,7072,0,0,1,False,4.55078125
Dense2x41,6191,0,0,1,False,7.4755859375
Dense2x41,1713,0,0,1,False,3.4521484375
Dense2x41,3584,0,0,1,False,6.1474609375
Dense2x41,8273,0,0,1,False,2.0849609375
Dense2x41,2061,0,0,1,False,3.7890625
Dense2x41,5830,0,0,1,False,5.6396484375
Dense2x41,1084,0,0,1,False,6.669921875
Dense2x41,6781,0,0,1,False,8.2421875
Dense2x41,6921,0,0,1,False,4.5361328125
Dense2x41,6114,0,0,1,False,8.7939453125
Dense2x41,4891,0,0,1,False,3.701171875
Dense2x41,5584,0,0,1,False,6.19140625
Dense2x41,3481,0,0,1,False,4.912109375
Dense2x41,4186,0,0,1,False,4.501953125
Dense2x41,4062,0,0,1,False,4.892578125
Dense2x41,1610,0,0,1,False,6.3330078125
Dense2x41,4281,0,0,1,False,3.80859375
Dense2x41,6489,0,0,1,False,6.30859375
Dense2x41,3512,0,0,1,False,4.1162109375
Dense2x41,6461,0,0,1,False,5.263671875
Dense2x41,8895,0,0,1,False,4.9072265625
Dense2x41,1764,0,0,1,False,5.498046875
Dense2x41,3640,0,0,1,False,1.796875
Dense2x41,4320,0,0,1,False,6.640625
Dense2x41,8514,0,0,1,False,7.0166015625
Dense2x41,6250,0,0,1,False,4.0478515625
Dense2x41,9649,1,1,1,False,3.0126953125
Dense2x41,9643,1,7,1,False,0.7177734375
Dense2x41,2676,1,1,1,False,2.0849609375
Dense2x41,8819,1,1,1,False,2.8466796875
Dense2x41,348,1,1,1,False,2.8564453125
Dense2x41,7399,1,1,1,False,3.6669921875
Dense2x41,3039,1,1,1,False,2.05078125
Dense2x41,6928,1,1,1,False,3.515625
Dense2x41,9124,1,1,1,False,3.4423828125
Dense2x41,9819,1,1,1,False,3.330078125
Dense2x41,3230,1,1,1,False,3.759765625
Dense2x41,798,1,1,1,False,2.9541015625
Dense2x41,8600,1,1,1,False,3.7548828125
Dense2x41,6891,1,1,1,False,2.9443359375
Dense2x41,267,1,1,1,False,3.4130859375
Dense2x41,4524,1,1,1,False,3.5205078125
Dense2x41,7980,1,1,1,False,3.9599609375
Dense2x41,3546,1,1,1,False,3.41796875
Dense2x41,4190,1,1,1,False,2.5537109375
Dense2x41,6913,1,1,1,False,2.6708984375
Dense2x41,889,1,1,1,False,3.10546875
Dense2x41,3858,1,1,1,False,2.5732421875
Dense2x41,5520,1,1,1,False,3.193359375
Dense2x41,3386,1,1,1,False,2.7490234375
Dense2x41,818,1,1,1,False,3.056640625
Dense2x41,1633,1,1,1,False,3.4716796875
Dense2x41,1350,1,1,1,False,3.2177734375
Dense2x41,1835,1,1,1,False,2.578125
Dense2x41,1139,1,1,1,False,3.876953125
Dense2x41,2734,1,1,1,False,2.9443359375
Dense2x41,31,1,1,1,False,2.1875
Dense2x41,4178,1,1,1,False,1.2646484375
Dense2x41,2553,1,1,1,False,3.0126953125
Dense2x41,982,3,3,1,False,0.3662109375
Dense2x41,3045,3,3,1,False,5.0732421875
Dense2x41,4833,3,2,1,False,0.46875
Dense2x41,6985,3,3,1,False,6.2646484375
Dense2x41,1531,3,3,1,False,0.9716796875
Dense2x41,883,3,3,1,False,1.0302734375
Dense2x41,6739,3,3,1,False,0.44921875
Dense2x41,3943,3,5,1,False,0.1025390625
Dense2x41,6763,3,3,1,False,5.068359375
Dense2x41,1601,3,7,1,False,0.3076171875
Dense2x41,6907,3,3,1,False,4.150390625
Dense2x41,1092,3,3,1,False,1.5234375
Dense2x41,9624,3,8,1,False,1.38671875
Dense2x41,4586,3,3,1,False,3.125
Dense2x41,3995,3,3,1,False,0.8251953125
Dense2x41,6046,3,3,1,False,0.7373046875
Dense2x41,6862,3,3,1,False,3.2958984375
Dense2x41,1681,3,7,1,False,1.9580078125
Dense2x41,2453,3,3,1,False,3.2861328125
Dense2x41,3746,3,3,1,False,3.7939453125
Dense2x41,9697,3,3,1,False,0.9521484375
Dense2x41,2767,3,3,1,False,3.9013671875
Dense2x41,8840,3,3,1,False,4.736328125
Dense2x41,7407,3,3,1,False,3.6669921875
Dense2x41,6421,3,2,1,False,0.6103515625
Dense2x41,1769,3,3,1,False,3.2373046875
Dense2x41,5046,3,3,1,False,1.4208984375
Dense2x41,1028,3,3,1,False,0.3955078125
Dense2x41,576,3,3,1,False,4.3212890625
Dense2x41,7690,3,3,1,False,2.0361328125
Dense2x41,1384,3,3,1,False,2.20703125
Dense2x41,7292,3,3,1,False,4.2138671875
Dense2x41,2623,3,3,1,False,2.7734375
Dense3x38,9220,0,0,1,False,5.927734375
Dense3x38,7168,0,0,1,False,4.482421875
Dense3x38,5756,0,0,1,False,3.5595703125
Dense3x38,5270,0,0,1,False,4.8681640625
Dense3x38,8273,0,7,1,False,0.48828125
Dense3x38,1154,0,0,1,False,4.0625
Dense3x38,7989,0,0,1,False,4.8681640625
Dense3x38,642,0,0,1,False,2.4560546875
Dense3x38,5592,0,0,1,False,5.380859375
Dense3x38,1438,0,0,1,False,2.8125
Dense3x38,3306,0,0,1,False,4.7412109375
Dense3x38,3734,0,0,1,False,2.9345703125
Dense3x38,1944,0,0,1,False,3.5009765625
Dense3x38,6127,0,0,1,False,7.8125
Dense3x38,8029,0,0,1,False,6.328125
Dense3x38,6383,0,0,1,False,4.1259765625
Dense3x38,9230,0,0,1,False,4.921875
Dense3x38,704,0,0,1,False,3.2958984375
Dense3x38,1692,0,0,1,False,2.734375
Dense3x38,9134,0,0,1,False,6.66015625
Dense3x38,2821,0,0,1,False,3.7060546875
Dense3x38,1390,0,0,1,False,5.2880859375
Dense3x38,4992,0,0,1,False,5.41015625
Dense3x38,7537,0,0,1,False,5.3955078125
Dense3x38,7337,0,0,1,False,5.322265625
Dense3x38,2155,0,0,1,False,2.7490234375
Dense3x38,2763,0,0,1,False,4.4189453125
Dense3x38,1535,0,0,1,False,4.78515625
Dense3x38,9879,0,0,1,False,0.09765625
Dense3x38,157,0,0,1,False,3.5107421875
Dense3x38,6651,0,5,1,False,0.3564453125
Dense3x38,1777,0,0,1,False,3.0859375
Dense3x38,9105,0,0,1,False,6.2109375
Dense3x38,8636,1,1,1,False,3.1201171875
Dense3x38,6232,1,1,1,False,2.880859375
Dense3x38,3457,1,1,1,False,0.8837890625
Dense3x38,2950,1,1,1,False,2.6904296875
Dense3x38,1025,1,1,1,False,2.3974609375
Dense3x38,6310,1,1,1,False,3.017578125
Dense3x38,7722,1,1,1,False,2.4609375
Dense3x38,5384,1,1,1,False,3.037109375
Dense3x38,8922,1,1,1,False,2.6953125
Dense3x38,672,1,1,1,False,2.6611328125
Dense3x38,7005,1,1,1,False,2.6708984375
Dense3x38,5203,1,1,1,False,2.1240234375
Dense3x38,6108,1,1,1,False,2.2314453125
Dense3x38,9556,1,1,1,False,1.376953125
Dense3x38,6618,1,1,1,False,1.66015625
Dense3x38,239,1,1,1,False,2.6806640625
Dense3x38,1305,1,1,1,False,2.65625
Dense3x38,695,1,1,1,False,2.294921875
Dense3x38,1528,1,1,1,False,2.1142578125
Dense3x38,2239,1,1,1,False,1.7919921875
Dense3x38,9969,1,1,1,False,2.4365234375
Dense3x38,5092,1,1,1,False,2.939453125
Dense3x38,5642,1,5,1,False,1.279296875
Dense3x38,818,1,1,1,False,2.431640625
Dense3x38,8682,1,1,1,False,2.7392578125
Dense3x38,1909,1,1,1,False,1.9921875
Dense3x38,7171,1,1,1,False,3.0517578125
Dense3x38,8261,1,1,1,False,2.353515625
Dense3x38,3452,1,1,1,False,3.046875
Dense3x38,8449,1,1,1,False,2.7197265625
Dense3x38,9356,1,1,1,False,2.6220703125
Dense3x38,682,1,1,1,False,2.6416015625
Dense3x38,9415,1,1,1,False,2.705078125
Dense3x38,9986,3,3,1,False,0.48828125
Dense3x38,4244,3,3,1,False,1.9287109375
Dense3x38,3916,3,3,1,False,2.03125
Dense3x38,2560,3,3,1,False,1.4697265625
Dense3x38,1804,3,3,1,False,5.09765625
Dense3x38,2723,3,3,1,False,2.3583984375
Dense3x38,9363,3,3,1,False,3.4228515625
Dense3x38,3131,3,3,1,False,2.1923828125
Dense3x38,9656,3,3,1,False,2.87109375
Dense3x38,8429,3,3,1,False,2.6806640625
Dense3x38,2153,3,3,1,False,2.7734375
Dense3x38,9011,3,3,1,False,2.8955078125
Dense3x38,6767,3,3,1,False,5.3466796875
Dense3x38,4288,3,3,1,False,4.16015625
Dense3x38,3469,3,3,1,False,3.5009765625
Dense3x38,2566,3,3,1,False,3.1591796875
Dense3x38,576,3,3,1,False,4.2626953125
Dense3x38,2229,3,3,1,False,3.6572265625
Dense3x38,5538,3,3,1,False,5.3369140625
Dense3x38,6862,3,3,1,False,3.291015625
Dense3x38,5882,3,3,1,False,3.3056640625
Dense3x38,8130,3,3,1,False,3.4765625
Dense3x38,9217,3,3,1,False,3.2275390625
Dense3x38,1519,3,3,1,False,2.6220703125
Dense3x38,7690,3,3,1,False,2.412109375
Dense3x38,923,3,3,1,False,6.6650390625
Dense3x38,6151,3,3,1,False,4.1064453125
Dense3x38,3528,3,3,1,False,2.705078125
Dense3x38,9727,3,3,1,False,3.8427734375
Dense3x38,8215,3,3,1,False,3.7841796875
Dense3x38,4222,3,3,1,False,4.74609375
Dense3x38,4755,3,3,1,False,1.2841796875
Dense3x38,9238,3,3,1,False,3.837890625
Dense2x12,5124,0,0,1,False,8.6083984375
Dense2x12,9964,0,0,1,False,4.1552734375
Dense2x12,3613,0,0,1,False,2.7001953125
Dense2x12,1176,0,0,1,False,2.8759765625
Dense2x12,6398,0,0,1,False,6.4501953125
Dense2x12,2479,0,0,1,False,1.4501953125
Dense2x12,6567,0,0,1,False,5.6201171875
Dense2x12,6328,0,0,1,False,6.11328125
Dense2x12,5459,0,0,1,False,10.244140625
Dense2x12,9753,0,0,1,False,5.703125
Dense2x12,9310,0,0,1,False,5.6201171875
Dense2x12,7688,0,0,1,False,6.4990234375
Dense2x12,5685,0,0,1,False,7.998046875
Dense2x12,4757,0,0,1,False,6.3037109375
Dense2x12,2593,0,0,1,False,0.8544921875
Dense2x12,4403,0,0,1,False,1.201171875
Dense2x12,6526,0,0,1,False,7.7978515625
Dense2x12,4958,0,0,1,False,6.2646484375
Dense2x12,1390,0,0,1,False,5.8251953125
Dense2x12,4542,0,0,1,False,7.3193359375
Dense2x12,1534,0,0,1,False,4.3115234375
Dense2x12,9761,0,0,1,False,2.8564453125
Dense2x12,1094,0,0,1,False,5.1025390625
Dense2x12,6383,0,0,1,False,4.9267578125
Dense2x12,7706,0,0,1,False,4.9169921875
Dense2x12,552,0,0,1,False,3.57421875
Dense2x12,4641,0,0,1,False,2.32421875
Dense2x12,424,0,0,1,False,4.7998046875
Dense2x12,2817,0,0,1,False,9.7021484375
Dense2x12,8865,0,0,1,False,6.8017578125
Dense2x12,3450,0,8,1,False,0.0146484375
Dense2x12,9552,0,0,1,False,4.7119140625
Dense2x12,5069,0,0,1,False,7.2216796875
Dense2x12,3641,1,1,1,False,3.5400390625
Dense2x12,7920,1,1,1,False,0.6982421875
Dense2x12,7665,1,1,1,False,2.87109375
Dense2x12,7899,1,8,1,False,0.3564453125
Dense2x12,8575,1,1,1,False,2.744140625
Dense2x12,8988,1,1,1,False,4.04296875
Dense2x12,7453,1,1,1,False,3.61328125
Dense2x12,4685,1,1,1,False,3.61328125
Dense2x12,2010,1,1,1,False,1.552734375
Dense2x12,3858,1,1,1,False,2.3046875
Dense2x12,5786,1,1,1,False,4.0673828125
Dense2x12,3073,1,2,1,False,1.1474609375
Dense2x12,2041,1,1,1,False,3.7158203125
Dense2x12,6044,1,1,1,False,2.2998046875
Dense2x12,2356,1,1,1,False,3.3984375
Dense2x12,9415,1,1,1,False,3.916015625
Dense2x12,8922,1,1,1,False,3.291015625
Dense2x12,5291,1,1,1,False,4.0576171875
Dense2x12,3196,1,1,1,False,1.015625
Dense2x12,6419,1,1,1,False,3.291015625
Dense2x12,3050,1,1,1,False,4.345703125
Dense2x12,5399,1,1,1,False,3.9892578125
Dense2x12,1368,1,1,1,False,1.9873046875
Dense2x12,4984,1,1,1,False,3.28125
Dense2x12,6622,1,1,1,False,1.611328125
Dense2x12,3745,1,1,1,False,2.939453125
Dense2x12,5630,1,1,1,False,2.98828125
Dense2x12,9295,1,1,1,False,2.490234375
Dense2x12,330,1,1,1,False,3.80859375
Dense2x12,3593,1,1,1,False,3.4375
Dense2x12,6948,1,1,1,False,4.189453125
Dense2x12,5416,1,1,1,False,4.2041015625
Dense2x12,7969,1,1,1,False,3.9306640625
Dense2x12,2288,3,3,1,False,3.6669921875
Dense2x12,5248,3,3,1,False,4.7265625
Dense2x12,7396,3,3,1,False,2.9345703125
Dense2x12,4621,3,3,1,False,6.7822265625
Dense2x12,3486,3,3,1,False,4.326171875
Dense2x12,5329,3,3,1,False,2.490234375
Dense2x12,9654,3,3,1,False,2.5244140625
Dense2x12,6636,3,3,1,False,0.146484375
Dense2x12,9655,3,3,1,False,1.279296875
Dense2x12,4841,3,3,1,False,4.4921875
Dense2x12,4833,3,3,1,False,0.7861328125
Dense2x12,3897,3,3,1,False,2.177734375
Dense2x12,7185,3,3,1,False,2.20703125
Dense2x12,6213,3,3,1,False,4.892578125
Dense2x12,8186,3,3,1,False,4.638671875
Dense2x12,4222,3,3,1,False,4.658203125
Dense2x12,5181,3,3,1,False,4.2724609375
Dense2x12,2723,3,3,1,False,2.5830078125
Dense2x12,2105,3,3,1,False,1.4306640625
Dense2x12,3630,3,3,1,False,3.9501953125
Dense2x12,5054,3,5,1,False,2.3583984375
Dense2x12,3715,3,3,1,False,3.7109375
Dense2x12,51,3,3,1,False,6.7041015625
Dense2x12,7968,3,3,1,False,7.216796875
Dense2x12,8842,3,3,1,False,4.6142578125
Dense2x12,6226,3,3,1,False,3.92578125
Dense2x12,4581,3,3,1,False,4.755859375
Dense2x12,2731,3,3,1,False,1.357421875
Dense2x12,9680,3,3,1,False,0.5419921875
Dense2x12,8032,3,3,1,False,6.7236328125
Dense2x12,231,3,3,1,False,3.369140625
Dense2x12,8972,3,3,1,False,6.0302734375
Dense2x12,637,3,3,1,False,4.150390625
Dense2x28,9137,0,0,1,False,6.2548828125
Dense2x28,6003,0,0,1,False,4.7607421875
Dense2x28,2593,0,0,1,False,1.640625
Dense2x28,5531,0,0,1,False,5.2734375
Dense2x28,1009,0,0,1,False,2.8173828125
Dense2x28,4447,0,0,1,False,3.701171875
Dense2x28,704,0,0,1,False,3.2080078125
Dense2x28,3371,0,0,1,False,3.466796875
Dense2x28,3660,0,0,1,False,4.2333984375
Dense2x28,1987,0,0,1,False,3.0859375
Dense2x28,2485,0,0,1,False,2.8662109375
Dense2x28,2937,0,0,1,False,3.7939453125
Dense2x28,1777,0,0,1,False,2.6904296875
Dense2x28,545,0,0,1,False,1.7919921875
Dense2x28,5398,0,0,1,False,4.013671875
Dense2x28,4857,0,0,1,False,2.59765625
Dense2x28,8212,0,0,1,False,3.427734375
Dense2x28,4614,0,0,1,False,3.955078125
Dense2x28,9488,0,0,1,False,5.64453125
Dense2x28,5051,0,0,1,False,3.5205078125
Dense2x28,742,0,0,1,False,6.591796875
Dense2x28,9930,0,0,1,False,3.6083984375
Dense2x28,5756,0,0,1,False,4.794921875
Dense2x28,592,0,0,1,False,3.9892578125
Dense2x28,4065,0,2,1,False,0.09765625
Dense2x28,1197,0,0,1,False,3.2275390625
Dense2x28,3251,0,0,1,False,0.8544921875
Dense2x28,9763,0,0,1,False,2.666015625
Dense2x28,9952,0,0,1,False,5.4541015625
Dense2x28,6567,0,0,1,False,3.935546875
Dense2x28,904,0,0,1,False,4.765625
Dense2x28,9724,0,0,1,False,2.861328125
Dense2x28,4327,0,0,1,False,0.7666015625
Dense2x28,6883,1,1,1,False,2.060546875
Dense2x28,9200,1,1,1,False,3.017578125
Dense2x28,1213,1,1,1,False,3.388671875
Dense2x28,57,1,1,1,False,2.197265625
Dense2x28,5762,1,1,1,False,2.890625
Dense2x28,5998,1,1,1,False,2.1240234375
Dense2x28,1766,1,1,1,False,3.1982421875
Dense2x28,9641,1,1,1,False,2.40234375
Dense2x28,1736,1,1,1,False,3.6181640625
Dense2x28,1338,1,1,1,False,4.0771484375
Dense2x28,7890,1,1,1,False,3.5888671875
Dense2x28,8268,1,1,1,False,2.6953125
Dense2x28,8850,1,1,1,False,3.349609375
Dense2x28,1603,1,1,1,False,4.3212890625
Dense2x28,5889,1,1,1,False,4.0087890625
Dense2x28,3669,1,1,1,False,3.447265625
Dense2x28,7563,1,1,1,False,2.9345703125
Dense2x28,409,1,1,1,False,4.2236328125
Dense2x28,7784,1,1,1,False,2.978515625
Dense2x28,3922,1,1,1,False,2.8662109375
Dense2x28,4178,1,1,1,False,1.8994140625
Dense2x28,7944,1,1,1,False,3.173828125
Dense2x28,2358,1,1,1,False,2.9638671875
Dense2x28,9049,1,1,1,False,3.056640625
Dense2x28,8118,1,1,1,False,3.49609375
Dense2x28,6438,1,1,1,False,2.8125
Dense2x28,6375,1,1,1,False,4.5703125
Dense2x28,4308,1,1,1,False,1.962890625
Dense2x28,239,1,1,1,False,4.1455078125
Dense2x28,4035,1,1,1,False,4.462890625
Dense2x28,5316,1,1,1,False,3.544921875
Dense2x28,7167,1,1,1,False,2.9345703125
Dense2x28,6604,1,1,1,False,2.666015625
Dense2x28,526,3,3,1,False,2.8955078125
Dense2x28,6857,3,3,1,False,3.57421875
Dense2x28,5904,3,3,1,False,2.1044921875
Dense2x28,4335,3,3,1,False,2.4609375
Dense2x28,9536,3,3,1,False,3.22265625
Dense2x28,8518,3,3,1,False,6.6064453125
Dense2x28,2931,3,3,1,False,2.724609375
Dense2x28,6030,3,8,1,False,0.615234375
Dense2x28,6714,3,3,1,False,6.513671875
Dense2x28,6290,3,3,1,False,3.916015625
Dense2x28,9175,3,3,1,False,4.765625
Dense2x28,7312,3,3,1,False,4.2822265625
Dense2x28,3486,3,3,1,False,2.7685546875
Dense2x28,4270,3,3,1,False,2.666015625
Dense2x28,7858,3,2,1,False,0.703125
Dense2x28,2624,3,3,1,False,3.2958984375
Dense2x28,3146,3,3,1,False,1.4404296875
Dense2x28,8060,3,3,1,False,4.4384765625
Dense2x28,9468,3,3,1,False,3.203125
Dense2x28,343,3,3,1,False,1.97265625
Dense2x28,230,3,3,1,False,3.1298828125
Dense2x28,1265,3,3,1,False,2.03125
Dense2x28,1128,3,7,1,False,0.869140625
Dense2x28,3120,3,3,1,False,5.0048828125
Dense2x28,3746,3,3,1,False,4.3212890625
Dense2x28,6009,3,3,1,False,1.787109375
Dense2x28,8780,3,3,1,False,6.0107421875
Dense2x28,6636,3,3,1,False,2.7294921875
Dense2x28,1837,3,3,1,False,0.7275390625
Dense2x28,3193,3,3,1,False,0.849609375
Dense2x28,5542,3,3,1,False,4.658203125
Dense2x28,8346,3,3,1,False,4.0625
Dense2x28,7644,3,3,1,False,1.787109375
Dense2x23,9527,0,0,1,False,4.3212890625
Dense2x23,2873,0,0,1,False,4.74609375
Dense2x23,2190,0,0,1,False,4.1455078125
Dense2x23,1712,0,0,1,False,3.5205078125
Dense2x23,5721,0,0,1,False,5.48828125
Dense2x23,69,0,0,1,False,4.560546875
Dense2x23,2449,0,0,1,False,1.4501953125
Dense2x23,2763,0,0,1,False,3.154296875
Dense2x23,5778,0,0,1,False,3.271484375
Dense2x23,1121,0,0,1,False,1.4599609375
Dense2x23,2329,0,0,1,False,1.85546875
Dense2x23,7866,0,0,1,False,8.9599609375
Dense2x23,7706,0,0,1,False,4.8046875
Dense2x23,8881,0,0,1,False,5.6201171875
Dense2x23,5443,0,0,1,False,6.669921875
Dense2x23,3883,0,0,1,False,6.796875
Dense2x23,4365,0,0,1,False,4.091796875
Dense2x23,1762,0,0,1,False,3.388671875
Dense2x23,3044,0,0,1,False,4.51171875
Dense2x23,3980,0,0,1,False,6.591796875
Dense2x23,297,0,0,1,False,4.1650390625
Dense2x23,1468,0,0,1,False,1.7138671875
Dense2x23,5270,0,0,1,False,4.6240234375
Dense2x23,8849,0,0,1,False,3.80859375
Dense2x23,2326,0,0,1,False,2.6318359375
Dense2x23,5828,0,0,1,False,2.3583984375
Dense2x23,8619,0,0,1,False,5.3466796875
Dense2x23,2023,0,0,1,False,1.982421875
Dense2x23,3077,0,0,1,False,1.484375
Dense2x23,7161,0,0,1,False,4.7265625
Dense2x23,2932,0,0,1,False,2.2998046875
Dense2x23,3536,0,0,1,False,2.431640625
Dense2x23,2479,0,0,1,False,1.5966796875
Dense2x23,1424,1,1,1,False,3.5546875
Dense2x23,2789,1,1,1,False,3.0029296875
Dense2x23,4147,1,1,1,False,2.685546875
Dense2x23,7353,1,1,1,False,3.57421875
Dense2x23,9434,1,1,1,False,4.6337890625
Dense2x23,1403,1,1,1,False,1.0546875
Dense2x23,3651,1,1,1,False,4.94140625
Dense2x23,9444,1,1,1,False,3.857421875
Dense2x23,1305,1,1,1,False,2.8662109375
Dense2x23,7000,1,1,1,False,2.578125
Dense2x23,8971,1,1,1,False,3.095703125
Dense2x23,9282,1,1,1,False,3.251953125
Dense2x23,9489,1,1,1,False,4.8876953125
Dense2x23,8268,1,1,1,False,2.0849609375
Dense2x23,7934,1,1,1,False,1.650390625
Dense2x23,1830,1,1,1,False,3.14453125
Dense2x23,506,1,1,1,False,2.40234375
Dense2x23,2705,1,1,1,False,2.0068359375
Dense2x23,3741,1,1,1,False,5.29296875
Dense2x23,8708,1,1,1,False,3.26171875
Dense2x23,4909,1,1,1,False,2.7490234375
Dense2x23,8048,1,1,1,False,4.5166015625
Dense2x23,3203,1,1,1,False,2.6611328125
Dense2x23,4597,1,1,1,False,2.8076171875
Dense2x23,357,1,1,1,False,1.89453125
Dense2x23,8113,1,1,1,False,3.837890625
Dense2x23,1528,1,1,1,False,3.3349609375
Dense2x23,1836,1,1,1,False,2.7197265625
Dense2x23,5331,1,6,1,False,1.50390625
Dense2x23,1027,1,1,1,False,4.2529296875
Dense2x23,9602,1,1,1,False,3.1298828125
Dense2x23,5316,1,1,1,False,3.4521484375
Dense2x23,6527,1,1,1,False,2.3876953125
Dense2x23,9656,3,3,1,False,2.3193359375
Dense2x23,2431,3,3,1,False,3.6083984375
Dense2x23,7435,3,3,1,False,4.9853515625
Dense2x23,505,3,3,1,False,2.2900390625
Dense2x23,1765,3,5,1,False,0.37109375
Dense2x23,2723,3,3,1,False,0.9326171875
Dense2x23,3947,3,3,1,False,5.9326171875
Dense2x23,677,3,3,1,False,3.61328125
Dense2x23,9342,3,2,1,False,0.2734375
Dense2x23,5067,3,2,1,False,1.083984375
Dense2x23,1804,3,3,1,False,5.576171875
Dense2x23,1480,3,3,1,False,5.6396484375
Dense2x23,9797,3,3,1,False,4.8828125
Dense2x23,8903,3,3,1,False,4.6630859375
Dense2x23,1028,3,3,1,False,0.712890625
Dense2x23,2303,3,3,1,False,2.4462890625
Dense2x23,402,3,3,1,False,2.646484375
Dense2x23,982,3,3,1,False,0.1220703125
Dense2x23,4885,3,3,1,False,2.5390625
Dense2x23,6722,3,3,1,False,6.3037109375
Dense2x23,7476,3,3,1,False,1.6650390625
Dense2x23,6194,3,3,1,False,2.099609375
Dense2x23,699,3,3,1,False,1.845703125
Dense2x23,9581,3,3,1,False,5.9375
Dense2x23,5146,3,3,1,False,3.1005859375
Dense2x23,3834,3,3,1,False,0.244140625
Dense2x23,8451,3,3,1,False,4.609375
Dense2x23,4526,3,3,1,False,4.2919921875
Dense2x23,500,3,3,1,False,6.97265625
Dense2x23,6103,3,3,1,False,4.892578125
Dense2x23,200,3,3,1,False,3.935546875
Dense2x23,6421,3,2,1,False,1.26953125
Dense2x23,1020,3,3,1,False,3.5009765625
Dense2x22,8228,0,0,1,False,2.63671875
Dense2x22,7933,0,0,1,False,6.4599609375
Dense2x22,9052,0,0,1,False,10.37109375
Dense2x22,5806,0,0,1,False,4.296875
Dense2x22,7566,0,0,1,False,4.6728515625
Dense2x22,3624,0,0,1,False,3.740234375
Dense2x22,5280,0,0,1,False,6.3427734375
Dense2x22,4155,0,0,1,False,5.2197265625
Dense2x22,3536,0,0,1,False,3.3935546875
Dense2x22,1610,0,0,1,False,5.791015625
Dense2x22,9352,0,0,1,False,3.1787109375
Dense2x22,1987,0,0,1,False,3.9306640625
Dense2x22,7607,0,0,1,False,5.244140625
Dense2x22,4531,0,0,1,False,2.67578125
Dense2x22,3032,0,0,1,False,7.158203125
Dense2x22,3724,0,0,1,False,4.3017578125
Dense2x22,8458,0,0,1,False,8.3544921875
Dense2x22,2593,0,0,1,False,1.0693359375
Dense2x22,7526,0,0,1,False,4.5703125
Dense2x22,8514,0,0,1,False,7.4755859375
Dense2x22,4448,0,0,1,False,5.8740234375
Dense2x22,1297,0,0,1,False,4.7998046875
Dense2x22,6428,0,0,1,False,0.7861328125
Dense2x22,581,0,0,1,False,5.029296875
Dense2x22,9687,0,0,1,False,1.826171875
Dense2x22,7225,0,0,1,False,3.9404296875
Dense2x22,4959,0,0,1,False,3.37890625
Dense2x22,9952,0,0,1,False,4.951171875
Dense2x22,6921,0,0,1,False,5.25390625
Dense2x22,1188,0,0,1,False,3.5400390625
Dense2x22,2942,0,0,1,False,5.2880859375
Dense2x22,1220,0,0,1,False,3.22265625
Dense2x22,6328,0,0,1,False,4.47265625
Dense2x22,1934,1,1,1,False,3.857421875
Dense2x22,393,1,1,1,False,3.544921875
Dense2x22,3843,1,1,1,False,3.3642578125
Dense2x22,14,1,1,1,False,4.296875
Dense2x22,2950,1,1,1,False,4.1748046875
Dense2x22,8980,1,1,1,False,2.83203125
Dense2x22,3471,1,1,1,False,3.818359375
Dense2x22,6008,1,1,1,False,3.330078125
Dense2x22,6533,1,1,1,False,4.0673828125
Dense2x22,5917,1,1,1,False,3.4814453125
Dense2x22,6729,1,1,1,False,4.12109375
Dense2x22,1397,1,1,1,False,3.7548828125
Dense2x22,4491,1,1,1,False,2.275390625
Dense2x22,107,1,1,1,False,1.6357421875
Dense2x22,6060,1,1,1,False,3.2568359375
Dense2x22,8118,1,1,1,False,3.9794921875
Dense2x22,4953,1,1,1,False,4.27734375
Dense2x22,2626,1,1,1,False,3.642578125
Dense2x22,4170,1,1,1,False,2.5830078125
Dense2x22,145,1,1,1,False,2.666015625
Dense2x22,5933,1,1,1,False,3.5693359375
Dense2x22,8586,1,1,1,False,4.228515625
Dense2x22,7717,1,1,1,False,3.5546875
Dense2x22,4951,1,1,1,False,1.8408203125
Dense2x22,9772,1,1,1,False,3.88671875
Dense2x22,1137,1,1,1,False,3.2958984375
Dense2x22,1350,1,1,1,False,3.9306640625
Dense2x22,204,1,1,1,False,3.0224609375
Dense2x22,9415,1,1,1,False,3.9111328125
Dense2x22,1707,1,1,1,False,2.7783203125
Dense2x22,2661,1,1,1,False,3.408203125
Dense2x22,8491,1,1,1,False,2.98828125
Dense2x22,3894,1,1,1,False,3.0615234375
Dense2x22,1239,3,3,1,False,1.611328125
Dense2x22,2871,3,3,1,False,2.5732421875
Dense2x22,7551,3,3,1,False,4.3701171875
Dense2x22,323,3,3,1,False,3.4130859375
Dense2x22,3010,3,3,1,False,2.3388671875
Dense2x22,1367,3,3,1,False,6.396484375
Dense2x22,2813,3,3,1,False,2.8662109375
Dense2x22,1317,3,3,1,False,1.904296875
Dense2x22,9996,3,3,1,False,5.52734375
Dense2x22,3742,3,3,1,False,1.123046875
Dense2x22,9797,3,3,1,False,4.9169921875
Dense2x22,1588,3,3,1,False,4.6337890625
Dense2x22,7620,3,3,1,False,0.7763671875
Dense2x22,7272,3,3,1,False,3.8525390625
Dense2x22,2853,3,3,1,False,1.4501953125
Dense2x22,1608,3,3,1,False,3.75
Dense2x22,6681,3,3,1,False,3.53515625
Dense2x22,2840,3,3,1,False,2.626953125
Dense2x22,6790,3,3,1,False,3.28125
Dense2x22,8485,3,3,1,False,2.978515625
Dense2x22,7730,3,3,1,False,3.8330078125
Dense2x22,1797,3,3,1,False,2.55859375
Dense2x22,637,3,3,1,False,2.6513671875
Dense2x22,5150,3,3,1,False,6.0107421875
Dense2x22,2575,3,3,1,False,5.5712890625
Dense2x22,2522,3,3,1,False,1.15234375
Dense2x22,2991,3,3,1,False,1.1083984375
Dense2x22,9762,3,3,1,False,1.9970703125
Dense2x22,4854,3,3,1,False,5.7373046875
Dense2x22,3475,3,7,1,False,0.48828125
Dense2x22,9636,3,3,1,False,2.9931640625
Dense2x22,3995,3,3,1,False,1.689453125
Dense2x22,8864,3,3,1,False,3.876953125
Dense3x31,1261,0,0,1,False,4.736328125
Dense3x31,8514,0,0,1,False,7.587890625
Dense3x31,6131,0,0,1,False,7.7099609375
Dense3x31,6892,0,0,1,False,4.12109375
Dense3x31,7190,0,0,1,False,3.53515625
Dense3x31,8023,0,0,1,False,7.841796875
Dense3x31,9016,0,5,1,False,2.2998046875
Dense3x31,7723,0,0,1,False,5.5419921875
Dense3x31,183,0,0,1,False,4.365234375
Dense3x31,2155,0,0,1,False,2.9296875
Dense3x31,8865,0,0,1,False,5.1708984375
Dense3x31,2703,0,0,1,False,5.6787109375
Dense3x31,2821,0,0,1,False,3.8720703125
Dense3x31,6097,0,0,1,False,8.1689453125
Dense3x31,9648,0,0,1,False,4.78515625
Dense3x31,7465,0,0,1,False,2.509765625
Dense3x31,5109,0,0,1,False,5.5224609375
Dense3x31,1723,0,0,1,False,5.791015625
Dense3x31,993,0,0,1,False,3.1982421875
Dense3x31,3710,0,0,1,False,0.888671875
Dense3x31,9850,0,0,1,False,3.4619140625
Dense3x31,5249,0,0,1,False,5.83984375
Dense3x31,1445,0,0,1,False,3.06640625
Dense3x31,9687,0,0,1,False,2.4560546875
Dense3x31,9405,0,0,1,False,6.25
Dense3x31,4448,0,0,1,False,5.087890625
Dense3x31,7835,0,0,1,False,8.4130859375
Dense3x31,3790,0,0,1,False,6.0205078125
Dense3x31,2087,0,0,1,False,6.7724609375
Dense3x31,8611,0,0,1,False,3.447265625
Dense3x31,2403,0,0,1,False,5.2880859375
Dense3x31,1390,0,0,1,False,4.375
Dense3x31,380,0,0,1,False,2.1337890625
Dense3x31,7183,1,1,1,False,2.16796875
Dense3x31,6751,1,1,1,False,2.8466796875
Dense3x31,7934,1,1,1,False,1.0498046875
Dense3x31,8252,1,1,1,False,2.890625
Dense3x31,7856,1,8,1,False,0.5419921875
Dense3x31,2688,1,1,1,False,2.734375
Dense3x31,3815,1,1,1,False,3.1396484375
Dense3x31,1189,1,1,1,False,1.806640625
Dense3x31,7344,1,1,1,False,2.4755859375
Dense3x31,1254,1,1,1,False,2.4853515625
Dense3x31,3809,1,1,1,False,2.1728515625
Dense3x31,3983,1,1,1,False,2.109375
Dense3x31,5953,1,1,1,False,2.4365234375
Dense3x31,7790,1,1,1,False,1.7431640625
Dense3x31,984,1,1,1,False,2.685546875
Dense3x31,9291,1,1,1,False,2.91015625
Dense3x31,7191,1,1,1,False,1.962890625
Dense3x31,8340,1,1,1,False,2.6513671875
Dense3x31,5036,1,1,1,False,2.51953125
Dense3x31,1829,1,1,1,False,1.552734375
Dense3x31,330,1,1,1,False,2.998046875
Dense3x31,826,1,1,1,False,2.9052734375
Dense3x31,3148,1,1,1,False,2.2900390625
Dense3x31,3175,1,1,1,False,2.6611328125
Dense3x31,5535,1,1,1,False,2.3388671875
Dense3x31,4869,1,1,1,False,3.30078125
Dense3x31,8164,1,1,1,False,1.9482421875
Dense3x31,3231,1,1,1,False,3.0810546875
Dense3x31,3900,1,1,1,False,2.6708984375
Dense3x31,5203,1,1,1,False,1.8505859375
Dense3x31,3433,1,1,1,False,2.4755859375
Dense3x31,7899,1,8,1,False,1.0791015625
Dense3x31,9025,1,1,1,False,0.869140625
Dense3x31,8713,3,3,1,False,4.296875
Dense3x31,5780,3,3,1,False,2.109375
Dense3x31,8290,3,3,1,False,1.9384765625
Dense3x31,1588,3,3,1,False,4.8046875
Dense3x31,6624,3,3,1,False,0.859375
Dense3x31,9202,3,3,1,False,1.533203125
Dense3x31,9283,3,3,1,False,2.705078125
Dense3x31,2955,3,3,1,False,5.8837890625
Dense3x31,6046,3,3,1,False,1.4501953125
Dense3x31,5329,3,3,1,False,2.8125
Dense3x31,7431,3,3,1,False,2.9150390625
Dense3x31,2776,3,3,1,False,2.666015625
Dense3x31,9182,3,8,1,False,0.419921875
Dense3x31,2632,3,3,1,False,4.1015625
Dense3x31,9697,3,3,1,False,2.1484375
Dense3x31,753,3,3,1,False,2.9833984375
Dense3x31,573,3,3,1,False,4.833984375
Dense3x31,7519,3,3,1,False,4.00390625
Dense3x31,3082,3,3,1,False,2.0166015625
Dense3x31,578,3,8,1,False,0.126953125
Dense3x31,5616,3,3,1,False,4.736328125
Dense3x31,1742,3,3,1,False,3.3447265625
Dense3x31,1976,3,3,1,False,3.14453125
Dense3x31,5214,3,3,1,False,3.7548828125
Dense3x31,2351,3,3,1,False,2.822265625
Dense3x31,2624,3,3,1,False,2.958984375
Dense3x31,4973,3,3,1,False,5.0537109375
Dense3x31,6009,3,3,1,False,1.6064453125
Dense3x31,4435,3,7,1,False,1.07421875
Dense3x31,2914,3,3,1,False,1.0009765625
Dense3x31,9680,3,3,1,False,2.2705078125
Dense3x31,7140,3,3,1,False,2.3388671875
Dense3x31,9479,3,3,1,False,3.9404296875
Dense2x34,7037,0,0,1,False,3.3447265625
Dense2x34,7368,0,0,1,False,6.484375
Dense2x34,9070,0,0,1,False,7.646484375
Dense2x34,5806,0,0,1,False,4.0185546875
Dense2x34,4470,0,0,1,False,4.365234375
Dense2x34,7031,0,0,1,False,2.5390625
Dense2x34,4834,0,0,1,False,3.2421875
Dense2x34,7072,0,0,1,False,3.7841796875
Dense2x34,8221,0,0,1,False,4.7900390625
Dense2x34,6968,0,0,1,False,3.8232421875
Dense2x34,4857,0,0,1,False,1.89453125
Dense2x34,3359,0,0,1,False,5.0146484375
Dense2x34,1650,0,0,1,False,3.7744140625
Dense2x34,2461,0,0,1,False,3.720703125
Dense2x34,9687,0,0,1,False,2.255859375
Dense2x34,9826,0,0,1,False,1.9873046875
Dense2x34,4675,0,0,1,False,2.8564453125
Dense2x34,6971,0,0,1,False,2.8173828125
Dense2x34,2209,0,0,1,False,3.59375
Dense2x34,6795,0,0,1,False,3.759765625
Dense2x34,4079,0,0,1,False,3.7646484375
Dense2x34,9358,0,0,1,False,3.33984375
Dense2x34,6163,0,0,1,False,6.923828125
Dense2x34,8389,0,0,1,False,2.7099609375
Dense2x34,2455,0,0,1,False,2.3193359375
Dense2x34,4432,0,0,1,False,1.9873046875
Dense2x34,7699,0,0,1,False,4.43359375
Dense2x34,311,0,0,1,False,7.2998046875
Dense2x34,6127,0,0,1,False,5.6884765625
Dense2x34,6978,0,0,1,False,4.9267578125
Dense2x34,3013,0,0,1,False,3.2958984375
Dense2x34,545,0,0,1,False,1.69921875
Dense2x34,7289,0,0,1,False,5.68359375
Dense2x34,9994,1,1,1,False,3.154296875
Dense2x34,3974,1,1,1,False,2.2509765625
Dense2x34,8776,1,1,1,False,3.2470703125
Dense2x34,6356,1,1,1,False,3.0810546875
Dense2x34,2674,1,1,1,False,2.6318359375
Dense2x34,2,1,1,1,False,2.4462890625
Dense2x34,5460,1,1,1,False,2.8369140625
Dense2x34,3648,1,1,1,False,3.876953125
Dense2x34,2880,1,1,1,False,2.939453125
Dense2x34,6622,1,1,1,False,2.36328125
Dense2x34,137,1,1,1,False,2.6611328125
Dense2x34,7353,1,1,1,False,3.2177734375
Dense2x34,9612,1,1,1,False,2.7197265625
Dense2x34,7728,1,1,1,False,2.03125
Dense2x34,2051,1,1,1,False,2.7587890625
Dense2x34,6135,1,1,1,False,2.2607421875
Dense2x34,3699,1,1,1,False,2.7880859375
Dense2x34,5208,1,1,1,False,2.890625
Dense2x34,4050,1,1,1,False,2.490234375
Dense2x34,5553,1,1,1,False,4.150390625
Dense2x34,9143,1,1,1,False,3.193359375
Dense2x34,4806,1,1,1,False,2.55859375
Dense2x34,9030,1,1,1,False,3.4228515625
Dense2x34,5915,1,1,1,False,3.2470703125
Dense2x34,1038,1,1,1,False,2.041015625
Dense2x34,7626,1,1,1,False,3.90625
Dense2x34,9282,1,1,1,False,3.06640625
Dense2x34,3152,1,1,1,False,2.6171875
Dense2x34,6661,1,1,1,False,2.3583984375
Dense2x34,342,1,1,1,False,3.4619140625
Dense2x34,3582,1,1,1,False,1.435546875
Dense2x34,3276,1,1,1,False,2.8759765625
Dense2x34,9345,1,1,1,False,3.505859375
Dense2x34,9083,3,3,1,False,6.8994140625
Dense2x34,2989,3,3,1,False,1.69921875
Dense2x34,4758,3,3,1,False,4.501953125
Dense2x34,195,3,5,1,False,0.3759765625
Dense2x34,1495,3,3,1,False,1.7626953125
Dense2x34,3448,3,3,1,False,1.259765625
Dense2x34,6950,3,3,1,False,4.3310546875
Dense2x34,8518,3,3,1,False,5.732421875
Dense2x34,2871,3,3,1,False,2.2412109375
Dense2x34,6059,3,8,1,False,1.2548828125
Dense2x34,912,3,3,1,False,5.009765625
Dense2x34,3896,3,3,1,False,3.8232421875
Dense2x34,9474,3,3,1,False,2.8955078125
Dense2x34,9175,3,3,1,False,4.697265625
Dense2x34,216,3,3,1,False,4.1259765625
Dense2x34,1239,3,3,1,False,1.884765625
Dense2x34,7620,3,3,1,False,1.2451171875
Dense2x34,9797,3,3,1,False,4.501953125
Dense2x34,2945,3,3,1,False,0.0927734375
Dense2x34,6447,3,3,1,False,3.7744140625
Dense2x34,6299,3,3,1,False,4.716796875
Dense2x34,5904,3,3,1,False,1.9287109375
Dense2x34,4586,3,3,1,False,3.4716796875
Dense2x34,6103,3,3,1,False,4.53125
Dense2x34,5000,3,3,1,False,1.97265625
Dense2x34,2906,3,3,1,False,0.21484375
Dense2x34,524,3,3,1,False,2.490234375
Dense2x34,6421,3,2,1,False,0.7275390625
Dense2x34,2069,3,3,1,False,4.1259765625
Dense2x34,9707,3,3,1,False,5.17578125
Dense2x34,6194,3,3,1,False,2.548828125
Dense2x34,7436,3,3,1,False,2.3779296875
Dense2x34,1069,3,3,1,False,3.57421875
Dense3x42,8117,0,0,1,False,3.2470703125
Dense3x42,4495,0,0,1,False,3.9013671875
Dense3x42,2571,0,0,1,False,1.455078125
Dense3x42,9527,0,0,1,False,3.8720703125
Dense3x42,9666,0,0,1,False,1.3623046875
Dense3x42,192,0,0,1,False,2.626953125
Dense3x42,2188,0,0,1,False,2.294921875
Dense3x42,701,0,0,1,False,4.1064453125
Dense3x42,3,0,0,1,False,3.5009765625
Dense3x42,5870,0,0,1,False,0.4443359375
Dense3x42,1246,0,0,1,False,1.9287109375
Dense3x42,8057,0,0,1,False,6.328125
Dense3x42,8243,0,0,1,False,0.400390625
Dense3x42,1203,0,0,1,False,4.189453125
Dense3x42,2656,0,0,1,False,2.7587890625
Dense3x42,4043,0,0,1,False,3.9404296875
Dense3x42,2326,0,0,1,False,2.294921875
Dense3x42,8382,0,0,1,False,2.041015625
Dense3x42,1261,0,0,1,False,3.5986328125
Dense3x42,545,0,0,1,False,1.796875
Dense3x42,1416,0,0,1,False,3.828125
Dense3x42,6798,0,0,1,False,5.537109375
Dense3x42,9457,0,0,1,False,3.5595703125
Dense3x42,7820,0,0,1,False,4.5166015625
Dense3x42,2988,0,0,1,False,1.7529296875
Dense3x42,8195,0,0,1,False,4.4140625
Dense3x42,1826,0,0,1,False,3.1201171875
Dense3x42,5669,0,0,1,False,5.185546875
Dense3x42,8587,0,0,1,False,3.935546875
Dense3x42,5847,0,0,1,False,3.3056640625
Dense3x42,7133,0,0,1,False,3.154296875
Dense3x42,3359,0,0,1,False,4.208984375
Dense3x42,1220,0,0,1,False,2.900390625
Dense3x42,8819,1,1,1,False,2.2021484375
Dense3x42,1773,1,1,1,False,0.419921875
Dense3x42,4409,1,1,1,False,2.4072265625
Dense3x42,9081,1,1,1,False,3.26171875
Dense3x42,6622,1,1,1,False,1.4599609375
Dense3x42,9774,1,1,1,False,2.744140625
Dense3x42,2674,1,1,1,False,2.6513671875
Dense3x42,3420,1,1,1,False,1.9677734375
Dense3x42,9602,1,1,1,False,2.6708984375
Dense3x42,3019,1,1,1,False,1.71875
Dense3x42,5991,1,1,1,False,3.2275390625
Dense3x42,4110,1,1,1,False,1.7626953125
Dense3x42,5637,1,1,1,False,2.9443359375
Dense3x42,1097,1,1,1,False,2.32421875
Dense3x42,5081,1,1,1,False,2.9736328125
Dense3x42,9593,1,1,1,False,2.978515625
Dense3x42,4032,1,1,1,False,3.1201171875
Dense3x42,6928,1,1,1,False,3.2080078125
Dense3x42,288,1,1,1,False,2.607421875
Dense3x42,2982,1,1,1,False,3.2177734375
Dense3x42,6110,1,1,1,False,3.1494140625
Dense3x42,8875,1,1,1,False,2.958984375
Dense3x42,7442,1,1,1,False,2.5146484375
Dense3x42,7247,1,1,1,False,2.08984375
Dense3x42,7453,1,1,1,False,2.1142578125
Dense3x42,8768,1,1,1,False,2.7685546875
Dense3x42,8745,1,1,1,False,2.890625
Dense3x42,5113,1,1,1,False,2.6416015625
Dense3x42,9071,1,1,1,False,1.7578125
Dense3x42,6618,1,1,1,False,1.7041015625
Dense3x42,6060,1,1,1,False,2.861328125
Dense3x42,3605,1,1,1,False,3.0029296875
Dense3x42,9556,1,1,1,False,2.1875
Dense3x42,6704,3,3,1,False,4.0771484375
Dense3x42,9283,3,3,1,False,2.2412109375
Dense3x42,4242,3,3,1,False,1.7724609375
Dense3x42,8533,3,3,1,False,2.98828125
Dense3x42,9986,3,3,1,False,1.240234375
Dense3x42,6413,3,3,1,False,4.833984375
Dense3x42,6714,3,3,1,False,4.0283203125
Dense3x42,4277,3,3,1,False,2.1875
Dense3x42,4808,3,5,1,False,1.1279296875
Dense3x42,1166,3,3,1,False,1.298828125
Dense3x42,437,3,3,1,False,5.0244140625
Dense3x42,6322,3,3,1,False,2.939453125
Dense3x42,2914,3,3,1,False,1.4453125
Dense3x42,8655,3,3,1,False,2.40234375
Dense3x42,753,3,3,1,False,3.3642578125
Dense3x42,5878,3,3,1,False,2.5830078125
Dense3x42,925,3,3,1,False,2.6904296875
Dense3x42,5740,3,3,1,False,2.96875
Dense3x42,2985,3,3,1,False,1.943359375
Dense3x42,614,3,3,1,False,0.556640625
Dense3x42,5780,3,3,1,False,1.7724609375
Dense3x42,8263,3,3,1,False,2.4072265625
Dense3x42,9750,3,3,1,False,3.8671875
Dense3x42,8070,3,3,1,False,4.3115234375
Dense3x42,3738,3,3,1,False,2.2265625
Dense3x42,982,3,3,1,False,0.2392578125
Dense3x42,3049,3,3,1,False,0.33203125
Dense3x42,1310,3,3,1,False,1.25
Dense3x42,1469,3,3,1,False,1.337890625
Dense3x42,6045,3,5,1,False,0.1171875
Dense3x42,6882,3,3,1,False,2.71484375
Dense3x42,3670,3,3,1,False,3.7744140625
Dense3x42,9217,3,3,1,False,3.154296875
Dense3x51,3401,0,0,1,False,2.75390625
Dense3x51,9167,0,0,1,False,5.712890625
Dense3x51,5255,0,0,1,False,1.1572265625
Dense3x51,9189,0,0,1,False,4.6826171875
Dense3x51,498,0,0,1,False,2.4951171875
Dense3x51,1533,0,0,1,False,2.87109375
Dense3x51,4959,0,0,1,False,2.94921875
Dense3x51,9325,0,0,1,False,3.1787109375
Dense3x51,1297,0,0,1,False,4.3212890625
Dense3x51,2713,0,0,1,False,1.4453125
Dense3x51,9648,0,0,1,False,4.1650390625
Dense3x51,8558,0,0,1,False,3.798828125
Dense3x51,1399,0,0,1,False,2.94921875
Dense3x51,7516,0,0,1,False,3.8671875
Dense3x51,7838,0,0,1,False,6.6455078125
Dense3x51,644,0,0,1,False,3.662109375
Dense3x51,4090,0,0,1,False,2.1142578125
Dense3x51,5584,0,0,1,False,5.9375
Dense3x51,704,0,0,1,False,2.67578125
Dense3x51,3087,0,0,1,False,4.3359375
Dense3x51,9601,0,0,1,False,3.7646484375
Dense3x51,9687,0,0,1,False,2.9541015625
Dense3x51,8535,0,0,1,False,7.099609375
Dense3x51,4157,0,0,1,False,6.5185546875
Dense3x51,1261,0,0,1,False,3.642578125
Dense3x51,7866,0,0,1,False,5.01953125
Dense3x51,6280,0,0,1,False,4.8828125
Dense3x51,5652,0,0,1,False,4.013671875
Dense3x51,9038,0,0,1,False,3.8232421875
Dense3x51,1712,0,0,1,False,3.271484375
Dense3x51,6753,0,0,1,False,4.0087890625
Dense3x51,8490,0,0,1,False,3.9990234375
Dense3x51,4034,0,0,1,False,3.8330078125
Dense3x51,6310,1,1,1,False,2.7099609375
Dense3x51,4597,1,1,1,False,1.85546875
Dense3x51,7063,1,1,1,False,2.7783203125
Dense3x51,4732,1,1,1,False,2.197265625
Dense3x51,9699,1,1,1,False,2.0361328125
Dense3x51,1238,1,1,1,False,3.046875
Dense3x51,2722,1,1,1,False,2.1826171875
Dense3x51,1884,1,1,1,False,2.2265625
Dense3x51,8708,1,1,1,False,2.3583984375
Dense3x51,5156,1,1,1,False,2.8125
Dense3x51,3930,1,1,1,False,2.71484375
Dense3x51,9443,1,1,1,False,2.861328125
Dense3x51,4168,1,1,1,False,1.572265625
Dense3x51,1484,1,1,1,False,2.216796875
Dense3x51,1129,1,1,1,False,2.822265625
Dense3x51,2,1,1,1,False,1.884765625
Dense3x51,777,1,1,1,False,3.076171875
Dense3x51,9180,1,1,1,False,2.7783203125
Dense3x51,5232,1,1,1,False,2.060546875
Dense3x51,2171,1,1,1,False,2.4169921875
Dense3x51,1945,1,1,1,False,2.3291015625
Dense3x51,2674,1,1,1,False,2.490234375
Dense3x51,4077,1,1,1,False,2.6220703125
Dense3x51,4909,1,1,1,False,2.021484375
Dense3x51,5132,1,1,1,False,2.197265625
Dense3x51,7091,1,1,1,False,2.3681640625
Dense3x51,7928,1,8,1,False,1.4013671875
Dense3x51,6506,1,1,1,False,2.568359375
Dense3x51,3132,1,2,1,False,0.8984375
Dense3x51,5872,1,1,1,False,2.48046875
Dense3x51,354,1,1,1,False,1.9091796875
Dense3x51,2324,1,1,1,False,2.646484375
Dense3x51,6604,1,1,1,False,2.2314453125
Dense3x51,2501,3,3,1,False,3.4228515625
Dense3x51,2551,3,3,1,False,2.01171875
Dense3x51,3701,3,3,1,False,2.3681640625
Dense3x51,6030,3,8,1,False,0.556640625
Dense3x51,5674,3,3,1,False,2.3291015625
Dense3x51,4002,3,5,1,False,1.6796875
Dense3x51,6447,3,3,1,False,1.7626953125
Dense3x51,2312,3,3,1,False,1.0400390625
Dense3x51,3965,3,3,1,False,3.2568359375
Dense3x51,9579,3,3,1,False,3.095703125
Dense3x51,6260,3,3,1,False,1.8994140625
Dense3x51,1798,3,3,1,False,1.552734375
Dense3x51,2985,3,3,1,False,1.9140625
Dense3x51,63,3,3,1,False,0.37109375
Dense3x51,8346,3,3,1,False,2.6708984375
Dense3x51,7501,3,3,1,False,2.96875
Dense3x51,3944,3,3,1,False,1.4794921875
Dense3x51,2086,3,3,1,False,1.953125
Dense3x51,1539,3,3,1,False,3.0908203125
Dense3x51,349,3,3,1,False,1.77734375
Dense3x51,3104,3,3,1,False,3.14453125
Dense3x51,6593,3,3,1,False,2.041015625
Dense3x51,4106,3,3,1,False,2.646484375
Dense3x51,3150,3,3,1,False,1.7822265625
Dense3x51,2931,3,3,1,False,1.8212890625
Dense3x51,7396,3,3,1,False,3.7353515625
Dense3x51,573,3,3,1,False,3.7060546875
Dense3x51,2799,3,3,1,False,2.5537109375
Dense3x51,9390,3,3,1,False,3.9306640625
Dense3x51,3531,3,3,1,False,1.376953125
Dense3x51,3015,3,3,1,False,2.44140625
Dense3x51,9511,3,3,1,False,2.98828125
Dense3x51,3962,3,3,1,False,1.34765625
Dense3x25,2638,0,0,1,False,6.572265625
Dense3x25,5108,0,0,1,False,4.0478515625
Dense3x25,2962,0,0,1,False,5.1025390625
Dense3x25,2067,0,0,1,False,1.5185546875
Dense3x25,3090,0,0,1,False,2.939453125
Dense3x25,5830,0,0,1,False,5.234375
Dense3x25,1288,0,0,1,False,2.6025390625
Dense3x25,1748,0,6,1,False,0.1123046875
Dense3x25,6750,0,0,1,False,6.0986328125
Dense3x25,7037,0,0,1,False,3.125
Dense3x25,2764,0,0,1,False,3.9404296875
Dense3x25,7269,0,0,1,False,4.931640625
Dense3x25,5918,0,0,1,False,2.8173828125
Dense3x25,9939,0,0,1,False,5.751953125
Dense3x25,6786,0,0,1,False,6.142578125
Dense3x25,8496,0,0,1,False,8.0517578125
Dense3x25,271,0,0,1,False,4.4970703125
Dense3x25,8085,0,0,1,False,5.9814453125
Dense3x25,5450,0,0,1,False,4.5458984375
Dense3x25,490,0,0,1,False,0.9765625
Dense3x25,620,0,0,1,False,3.1005859375
Dense3x25,1972,0,0,1,False,5.693359375
Dense3x25,5980,0,0,1,False,5.2880859375
Dense3x25,9993,0,0,1,False,3.4716796875
Dense3x25,2461,0,0,1,False,4.55078125
Dense3x25,1944,0,0,1,False,6.6162109375
Dense3x25,7835,0,0,1,False,7.6025390625
Dense3x25,721,0,0,1,False,3.486328125
Dense3x25,8558,0,0,1,False,4.8046875
Dense3x25,3322,0,0,1,False,3.623046875
Dense3x25,8849,0,0,1,False,3.9794921875
Dense3x25,2707,0,0,1,False,5.634765625
Dense3x25,1191,0,4,1,False,0.5859375
Dense3x25,1097,1,1,1,False,2.7734375
Dense3x25,5193,1,1,1,False,2.08984375
Dense3x25,3745,1,1,1,False,3.10546875
Dense3x25,9200,1,1,1,False,2.9443359375
Dense3x25,191,1,1,1,False,2.16796875
Dense3x25,9002,1,1,1,False,2.6025390625
Dense3x25,6276,1,1,1,False,2.9833984375
Dense3x25,8799,1,1,1,False,2.9150390625
Dense3x25,988,1,1,1,False,2.40234375
Dense3x25,1673,1,1,1,False,2.7978515625
Dense3x25,2164,1,1,1,False,3.056640625
Dense3x25,3124,1,1,1,False,3.0908203125
Dense3x25,5646,1,1,1,False,3.2958984375
Dense3x25,279,1,1,1,False,2.890625
Dense3x25,8219,1,1,1,False,3.0029296875
Dense3x25,2825,1,1,1,False,2.1533203125
Dense3x25,6356,1,1,1,False,3.2080078125
Dense3x25,9984,1,1,1,False,2.5244140625
Dense3x25,8088,1,1,1,False,3.818359375
Dense3x25,1861,1,1,1,False,3.5693359375
Dense3x25,107,1,1,1,False,2.0947265625
Dense3x25,9819,1,1,1,False,3.14453125
Dense3x25,5252,1,1,1,False,2.5048828125
Dense3x25,5776,1,1,1,False,2.63671875
Dense3x25,6231,1,1,1,False,2.5439453125
Dense3x25,2719,1,1,1,False,2.4755859375
Dense3x25,1986,1,1,1,False,3.603515625
Dense3x25,5399,1,1,1,False,2.998046875
Dense3x25,8449,1,1,1,False,4.072265625
Dense3x25,3231,1,1,1,False,4.16015625
Dense3x25,1657,1,1,1,False,3.046875
Dense3x25,5442,1,1,1,False,2.8662109375
Dense3x25,6141,1,1,1,False,3.53515625
Dense3x25,9804,3,3,1,False,3.173828125
Dense3x25,8070,3,3,1,False,4.912109375
Dense3x25,8598,3,3,1,False,2.83203125
Dense3x25,2347,3,3,1,False,1.796875
Dense3x25,6665,3,3,1,False,4.228515625
Dense3x25,4044,3,5,1,False,2.177734375
Dense3x25,5804,3,3,1,False,5.322265625
Dense3x25,2025,3,3,1,False,1.962890625
Dense3x25,5215,3,3,1,False,2.958984375
Dense3x25,3834,3,2,1,False,0.927734375
Dense3x25,2776,3,3,1,False,2.568359375
Dense3x25,944,3,3,1,False,0.29296875
Dense3x25,4796,3,3,1,False,2.0263671875
Dense3x25,2853,3,3,1,False,0.8349609375
Dense3x25,2921,3,3,1,False,0.7568359375
Dense3x25,1803,3,3,1,False,3.0859375
Dense3x25,1426,3,3,1,False,2.98828125
Dense3x25,1889,3,3,1,False,2.294921875
Dense3x25,7248,3,3,1,False,1.962890625
Dense3x25,686,3,3,1,False,3.4130859375
Dense3x25,5479,3,3,1,False,2.685546875
Dense3x25,4469,3,3,1,False,3.134765625
Dense3x25,6213,3,3,1,False,4.1943359375
Dense3x25,2392,3,3,1,False,4.3798828125
Dense3x25,7329,3,3,1,False,6.318359375
Dense3x25,9011,3,3,1,False,3.3203125
Dense3x25,8655,3,3,1,False,3.0810546875
Dense3x25,8864,3,3,1,False,3.9892578125
Dense3x25,3104,3,3,1,False,3.4375
Dense3x25,7932,3,3,1,False,6.9482421875
Dense3x25,2083,3,3,1,False,3.876953125
Dense3x25,2681,3,3,1,False,0.9423828125
Dense3x25,8346,3,3,1,False,4.3603515625
Dense2x29,7449,0,0,1,False,3.92578125
Dense2x29,9739,0,0,1,False,3.115234375
Dense2x29,2506,0,0,1,False,5.2587890625
Dense2x29,9621,0,0,1,False,2.8759765625
Dense2x29,9952,0,0,1,False,6.0009765625
Dense2x29,6766,0,0,1,False,6.5283203125
Dense2x29,2318,0,0,1,False,1.3232421875
Dense2x29,8325,0,6,1,False,1.123046875
Dense2x29,1892,0,0,1,False,3.720703125
Dense2x29,4923,0,0,1,False,2.59765625
Dense2x29,2763,0,0,1,False,4.39453125
Dense2x29,5603,0,0,1,False,3.80859375
Dense2x29,1794,0,0,1,False,1.8701171875
Dense2x29,3540,0,0,1,False,5.1123046875
Dense2x29,2188,0,0,1,False,3.0322265625
Dense2x29,5673,0,0,1,False,2.5439453125
Dense2x29,7049,0,6,1,False,0.3759765625
Dense2x29,6760,0,0,1,False,6.6748046875
Dense2x29,5369,0,0,1,False,6.533203125
Dense2x29,6097,0,0,1,False,8.1982421875
Dense2x29,6510,0,0,1,False,6.2060546875
Dense2x29,2178,0,0,1,False,5.5419921875
Dense2x29,4937,0,0,1,False,3.642578125
Dense2x29,8056,0,0,1,False,8.7548828125
Dense2x29,1288,0,0,1,False,2.4755859375
Dense2x29,6461,0,0,1,False,5.5029296875
Dense2x29,269,0,0,1,False,4.1259765625
Dense2x29,1692,0,0,1,False,1.6943359375
Dense2x29,2972,0,0,1,False,5.48828125
Dense2x29,5165,0,0,1,False,0.986328125
Dense2x29,5526,0,0,1,False,4.6533203125
Dense2x29,6133,0,0,1,False,8.6767578125
Dense2x29,4282,0,0,1,False,4.521484375
Dense2x29,6976,1,1,1,False,3.33984375
Dense2x29,9599,1,1,1,False,2.412109375
Dense2x29,4337,1,1,1,False,4.150390625
Dense2x29,3152,1,1,1,False,2.9150390625
Dense2x29,700,1,1,1,False,2.8564453125
Dense2x29,378,1,1,1,False,4.033203125
Dense2x29,5323,1,1,1,False,3.1494140625
Dense2x29,2912,1,1,1,False,3.0322265625
Dense2x29,7253,1,1,1,False,3.4033203125
Dense2x29,8799,1,1,1,False,3.90625
Dense2x29,9061,1,1,1,False,3.7353515625
Dense2x29,350,1,1,1,False,3.2568359375
Dense2x29,6948,1,1,1,False,3.9892578125
Dense2x29,3203,1,1,1,False,2.705078125
Dense2x29,9222,1,1,1,False,3.095703125
Dense2x29,2421,1,1,1,False,2.96875
Dense2x29,3679,1,1,1,False,3.291015625
Dense2x29,2154,1,1,1,False,4.1650390625
Dense2x29,7167,1,1,1,False,3.505859375
Dense2x29,3639,1,1,1,False,3.30078125
Dense2x29,2283,1,1,1,False,4.08203125
Dense2x29,2676,1,1,1,False,2.490234375
Dense2x29,6688,1,1,1,False,1.38671875
Dense2x29,6694,1,1,1,False,0.8447265625
Dense2x29,7527,1,1,1,False,3.7939453125
Dense2x29,4708,1,1,1,False,4.3603515625
Dense2x29,2175,1,1,1,False,2.412109375
Dense2x29,4491,1,1,1,False,2.6708984375
Dense2x29,5630,1,1,1,False,2.75390625
Dense2x29,9112,1,1,1,False,1.9384765625
Dense2x29,7023,1,1,1,False,2.6708984375
Dense2x29,9956,1,1,1,False,2.9150390625
Dense2x29,7658,1,1,1,False,4.1748046875
Dense2x29,2151,3,3,1,False,2.099609375
Dense2x29,3475,3,7,1,False,0.09765625
Dense2x29,5516,3,3,1,False,4.9072265625
Dense2x29,9332,3,3,1,False,2.34375
Dense2x29,9742,3,3,1,False,2.197265625
Dense2x29,2991,3,3,1,False,2.392578125
Dense2x29,8780,3,3,1,False,7.060546875
Dense2x29,7333,3,3,1,False,2.041015625
Dense2x29,4437,3,3,1,False,1.4208984375
Dense2x29,8271,3,3,1,False,4.47265625
Dense2x29,9474,3,3,1,False,3.115234375
Dense2x29,310,3,3,1,False,2.63671875
Dense2x29,5046,3,3,1,False,0.8349609375
Dense2x29,5358,3,3,1,False,0.78125
Dense2x29,6665,3,3,1,False,4.775390625
Dense2x29,6299,3,3,1,False,4.7998046875
Dense2x29,8162,3,3,1,False,4.609375
Dense2x29,526,3,3,1,False,3.28125
Dense2x29,8713,3,3,1,False,3.779296875
Dense2x29,5062,3,3,1,False,0.2685546875
Dense2x29,3326,3,3,1,False,2.2265625
Dense2x29,1828,3,5,1,False,0.0634765625
Dense2x29,890,3,5,1,False,0.99609375
Dense2x29,7250,3,3,1,False,5.009765625
Dense2x29,3515,3,3,1,False,7.2216796875
Dense2x29,7714,3,3,1,False,2.6806640625
Dense2x29,815,3,3,1,False,4.7021484375
Dense2x29,2587,3,3,1,False,4.0673828125
Dense2x29,8703,3,3,1,False,5.478515625
Dense2x29,2109,3,7,1,False,0.68359375
Dense2x29,1605,3,3,1,False,3.662109375
Dense2x29,648,3,3,1,False,5.56640625
Dense2x29,6840,3,3,1,False,3.0859375
Dense3x41,3903,0,0,1,False,4.912109375
Dense3x41,7168,0,0,1,False,5.17578125
Dense3x41,8681,0,0,1,False,4.873046875
Dense3x41,5870,0,0,1,False,2.67578125
Dense3x41,3191,0,0,1,False,2.7392578125
Dense3x41,9162,0,0,1,False,6.2451171875
Dense3x41,2717,0,0,1,False,4.3701171875
Dense3x41,8114,0,0,1,False,6.0498046875
Dense3x41,311,0,0,1,False,7.63671875
Dense3x41,1468,0,0,1,False,2.3095703125
Dense3x41,4604,0,0,1,False,2.529296875
Dense3x41,8858,0,0,1,False,5.13671875
Dense3x41,1898,0,0,1,False,3.8232421875
Dense3x41,6947,0,0,1,False,6.26953125
Dense3x41,4090,0,0,1,False,2.2900390625
Dense3x41,5519,0,0,1,False,2.6318359375
Dense3x41,6319,0,0,1,False,5.771484375
Dense3x41,8881,0,0,1,False,3.5791015625
Dense3x41,9647,0,0,1,False,5.8984375
Dense3x41,6131,0,0,1,False,7.890625
Dense3x41,656,0,0,1,False,2.7734375
Dense3x41,2842,0,0,1,False,5.41015625
Dense3x41,7440,0,0,1,False,3.5546875
Dense3x41,6651,0,4,1,False,0.244140625
Dense3x41,9037,0,0,1,False,4.6484375
Dense3x41,3266,0,0,1,False,2.3583984375
Dense3x41,592,0,0,1,False,5.0146484375
Dense3x41,4718,0,0,1,False,3.9306640625
Dense3x41,8929,0,0,1,False,5.546875
Dense3x41,6264,0,0,1,False,5.888671875
Dense3x41,3677,0,0,1,False,5.52734375
Dense3x41,8199,0,0,1,False,4.43359375
Dense3x41,3849,0,0,1,False,4.033203125
Dense3x41,7299,1,1,1,False,2.431640625
Dense3x41,8491,1,1,1,False,3.0419921875
Dense3x41,1728,1,1,1,False,2.5
Dense3x41,3152,1,1,1,False,2.197265625
Dense3x41,5477,1,1,1,False,2.3779296875
Dense3x41,6661,1,1,1,False,1.630859375
Dense3x41,9291,1,1,1,False,2.5146484375
Dense3x41,1004,1,1,1,False,2.0458984375
Dense3x41,9485,1,1,1,False,2.4072265625
Dense3x41,4010,1,1,1,False,2.470703125
Dense3x41,6162,1,1,1,False,2.87109375
Dense3x41,9348,1,1,1,False,2.333984375
Dense3x41,7722,1,1,1,False,2.294921875
Dense3x41,8819,1,1,1,False,1.9091796875
Dense3x41,2878,1,1,1,False,2.587890625
Dense3x41,5831,1,1,1,False,1.435546875
Dense3x41,3455,1,1,1,False,3.134765625
Dense3x41,393,1,1,1,False,2.216796875
Dense3x41,4303,1,1,1,False,2.24609375
Dense3x41,9641,1,1,1,False,2.080078125
Dense3x41,3598,1,1,1,False,1.1279296875
Dense3x41,2273,1,1,1,False,1.552734375
Dense3x41,8758,1,1,1,False,2.71484375
Dense3x41,3582,1,1,1,False,1.69921875
Dense3x41,7591,1,1,1,False,2.6708984375
Dense3x41,7353,1,1,1,False,2.705078125
Dense3x41,5025,1,1,1,False,2.412109375
Dense3x41,6310,1,1,1,False,2.705078125
Dense3x41,3606,1,1,1,False,1.5478515625
Dense3x41,5090,1,1,1,False,2.6025390625
Dense3x41,388,1,1,1,False,2.1044921875
Dense3x41,1829,1,1,1,False,1.6259765625
Dense3x41,5786,1,1,1,False,2.5048828125
Dense3x41,7055,3,3,1,False,4.013671875
Dense3x41,5935,3,3,1,False,1.650390625
Dense3x41,5766,3,3,1,False,4.9853515625
Dense3x41,3080,3,3,1,False,4.0771484375
Dense3x41,2308,3,3,1,False,3.2275390625
Dense3x41,112,3,3,1,False,2.1826171875
Dense3x41,637,3,3,1,False,2.6611328125
Dense3x41,6501,3,3,1,False,1.8603515625
Dense3x41,8801,3,3,1,False,4.3408203125
Dense3x41,7292,3,3,1,False,3.9990234375
Dense3x41,8860,3,3,1,False,3.7646484375
Dense3x41,9283,3,3,1,False,3.2177734375
Dense3x41,8701,3,3,1,False,4.53125
Dense3x41,6065,3,3,1,False,0.13671875
Dense3x41,7170,3,3,1,False,2.67578125
Dense3x41,9656,3,3,1,False,3.5107421875
Dense3x41,3283,3,3,1,False,2.1728515625
Dense3x41,7024,3,3,1,False,4.5263671875
Dense3x41,7509,3,3,1,False,4.287109375
Dense3x41,3443,3,3,1,False,3.1787109375
Dense3x41,5508,3,3,1,False,4.072265625
Dense3x41,8780,3,3,1,False,4.62890625
Dense3x41,3285,3,3,1,False,2.4658203125
Dense3x41,6370,3,3,1,False,1.552734375
Dense3x41,531,3,3,1,False,1.103515625
Dense3x41,6504,3,3,1,False,2.5341796875
Dense3x41,1367,3,3,1,False,5.029296875
Dense3x41,6882,3,3,1,False,3.2568359375
Dense3x41,3896,3,3,1,False,3.53515625
Dense3x41,6023,3,3,1,False,0.2880859375
Dense3x41,9332,3,3,1,False,3.0615234375
Dense3x41,515,3,3,1,False,0.99609375
Dense3x41,7551,3,3,1,False,2.822265625
Dense3x19,5750,0,0,1,False,7.01171875
Dense3x19,644,0,0,1,False,3.7548828125
Dense3x19,7646,0,0,1,False,4.130859375
Dense3x19,5686,0,0,1,False,5.83984375
Dense3x19,6978,0,0,1,False,3.9794921875
Dense3x19,3087,0,0,1,False,4.873046875
Dense3x19,7112,0,0,1,False,4.921875
Dense3x19,9952,0,0,1,False,6.6845703125
Dense3x19,3698,0,0,1,False,2.6171875
Dense3x19,5929,0,0,1,False,3.5986328125
Dense3x19,7838,0,0,1,False,7.783203125
Dense3x19,8567,0,0,1,False,4.091796875
Dense3x19,4091,0,0,1,False,3.9501953125
Dense3x19,4819,0,0,1,False,3.701171875
Dense3x19,4043,0,0,1,False,5.6640625
Dense3x19,9223,0,0,1,False,7.7099609375
Dense3x19,7555,0,0,1,False,5.625
Dense3x19,9310,0,0,1,False,4.6337890625
Dense3x19,8929,0,0,1,False,6.9921875
Dense3x19,7688,0,0,1,False,4.8388671875
Dense3x19,4531,0,0,1,False,2.900390625
Dense3x19,1826,0,0,1,False,4.2138671875
Dense3x19,721,0,0,1,False,2.20703125
Dense3x19,269,0,0,1,False,3.90625
Dense3x19,8414,0,0,1,False,3.232421875
Dense3x19,148,0,0,1,False,3.8671875
Dense3x19,6437,0,0,1,False,5.6396484375
Dense3x19,8576,0,0,1,False,4.62890625
Dense3x19,9930,0,0,1,False,4.8193359375
Dense3x19,2087,0,0,1,False,7.6953125
Dense3x19,661,0,0,1,False,1.9091796875
Dense3x19,4923,0,0,1,False,2.6513671875
Dense3x19,6808,0,0,1,False,3.0224609375
Dense3x19,4110,1,1,1,False,2.0849609375
Dense3x19,4687,1,1,1,False,3.369140625
Dense3x19,4603,1,1,1,False,3.8720703125
Dense3x19,4144,1,1,1,False,4.4970703125
Dense3x19,5637,1,1,1,False,2.509765625
Dense3x19,1704,1,1,1,False,3.26171875
Dense3x19,7226,1,1,1,False,2.6611328125
Dense3x19,3786,1,1,1,False,3.7353515625
Dense3x19,9878,1,1,1,False,3.8330078125
Dense3x19,9017,1,1,1,False,2.7392578125
Dense3x19,8526,1,1,1,False,3.22265625
Dense3x19,6938,1,1,1,False,3.974609375
Dense3x19,5271,1,1,1,False,3.5400390625
Dense3x19,5859,1,1,1,False,4.208984375
Dense3x19,1350,1,1,1,False,3.8037109375
Dense3x19,1715,1,1,1,False,3.388671875
Dense3x19,2416,1,1,1,False,2.9931640625
Dense3x19,1236,1,1,1,False,2.666015625
Dense3x19,3480,1,1,1,False,4.31640625
Dense3x19,3930,1,1,1,False,3.6328125
Dense3x19,889,1,1,1,False,3.896484375
Dense3x19,9912,1,1,1,False,2.5
Dense3x19,332,1,1,1,False,3.88671875
Dense3x19,7353,1,1,1,False,4.1162109375
Dense3x19,1633,1,1,1,False,3.984375
Dense3x19,4951,1,1,1,False,1.7626953125
Dense3x19,8549,1,1,1,False,4.16015625
Dense3x19,695,1,1,1,False,2.802734375
Dense3x19,480,1,1,1,False,3.076171875
Dense3x19,8233,1,1,1,False,2.841796875
Dense3x19,9715,1,1,1,False,3.2568359375
Dense3x19,8976,1,1,1,False,3.779296875
Dense3x19,7299,1,1,1,False,3.4326171875
Dense3x19,3812,3,3,1,False,4.5751953125
Dense3x19,8337,3,3,1,False,3.96484375
Dense3x19,7740,3,3,1,False,6.77734375
Dense3x19,7675,3,3,1,False,2.744140625
Dense3x19,9235,3,3,1,False,5.537109375
Dense3x19,8706,3,3,1,False,4.53125
Dense3x19,8952,3,3,1,False,0.7080078125
Dense3x19,782,3,3,1,False,4.94140625
Dense3x19,2906,3,5,1,False,1.8017578125
Dense3x19,5078,3,8,1,False,0.80078125
Dense3x19,1727,3,7,1,False,1.34765625
Dense3x19,5382,3,3,1,False,2.59765625
Dense3x19,8597,3,3,1,False,1.4453125
Dense3x19,87,3,3,1,False,0.6494140625
Dense3x19,2594,3,3,1,False,1.064453125
Dense3x19,5760,3,3,1,False,3.3447265625
Dense3x19,3824,3,3,1,False,1.8603515625
Dense3x19,3381,3,8,1,False,0.76171875
Dense3x19,3493,3,3,1,False,3.0419921875
Dense3x19,6059,3,8,1,False,0.3466796875
Dense3x19,7097,3,3,1,False,3.0712890625
Dense3x19,381,3,7,1,False,0.9033203125
Dense3x19,3407,3,3,1,False,4.1015625
Dense3x19,1384,3,3,1,False,0.2392578125
Dense3x19,2927,3,2,1,False,3.876953125
Dense3x19,3150,3,3,1,False,2.4609375
Dense3x19,3217,3,3,1,False,6.0205078125
Dense3x19,5628,3,3,1,False,3.9453125
Dense3x19,3409,3,3,1,False,2.8076171875
Dense3x19,577,3,3,1,False,2.7978515625
Dense3x19,6290,3,3,1,False,2.841796875
Dense3x19,5168,3,3,1,False,5.6494140625
Dense3x19,792,3,3,1,False,5.2197265625
Dense2x39,3895,0,0,1,False,1.8994140625
Dense2x39,3867,0,0,1,False,3.5009765625
Dense2x39,8808,0,0,1,False,4.53125
Dense2x39,3581,0,0,1,False,4.66796875
Dense2x39,895,0,0,1,False,3.4423828125
Dense2x39,9105,0,0,1,False,7.83203125
Dense2x39,821,0,0,1,False,2.5048828125
Dense2x39,3710,0,0,1,False,2.28515625
Dense2x39,7225,0,0,1,False,2.98828125
Dense2x39,9273,0,0,1,False,3.2275390625
Dense2x39,3347,0,0,1,False,3.4130859375
Dense2x39,294,0,0,1,False,2.40234375
Dense2x39,5450,0,0,1,False,4.521484375
Dense2x39,7168,0,0,1,False,4.609375
Dense2x39,997,0,0,1,False,5.68359375
Dense2x39,7216,0,6,1,False,0.244140625
Dense2x39,9542,0,0,1,False,4.8291015625
Dense2x39,9440,0,0,1,False,5.6396484375
Dense2x39,5430,0,0,1,False,6.8017578125
Dense2x39,2873,0,0,1,False,3.02734375
Dense2x39,6016,0,0,1,False,6.7138671875
Dense2x39,3458,0,0,1,False,3.3935546875
Dense2x39,8730,0,0,1,False,6.005859375
Dense2x39,2962,0,0,1,False,4.6533203125
Dense2x39,5929,0,0,1,False,4.208984375
Dense2x39,9757,0,0,1,False,4.90234375
Dense2x39,9818,0,0,1,False,4.3505859375
Dense2x39,4188,0,0,1,False,4.3359375
Dense2x39,8528,0,0,1,False,8.2373046875
Dense2x39,2660,0,0,1,False,3.154296875
Dense2x39,2329,0,0,1,False,2.275390625
Dense2x39,8621,0,0,1,False,3.7158203125
Dense2x39,2318,0,0,1,False,2.8125
Dense2x39,1867,1,1,1,False,3.4912109375
Dense2x39,2137,1,1,1,False,2.9638671875
Dense2x39,2815,1,1,1,False,3.5400390625
Dense2x39,6729,1,1,1,False,2.8076171875
Dense2x39,4931,1,1,1,False,3.876953125
Dense2x39,3532,1,1,1,False,2.6513671875
Dense2x39,6192,1,1,1,False,3.3154296875
Dense2x39,3747,1,1,1,False,2.880859375
Dense2x39,1707,1,1,1,False,2.490234375
Dense2x39,39,1,1,1,False,3.2080078125
Dense2x39,7048,1,1,1,False,2.7392578125
Dense2x39,3937,1,1,1,False,2.109375
Dense2x39,3606,1,1,1,False,1.904296875
Dense2x39,8427,1,1,1,False,2.7685546875
Dense2x39,8604,1,1,1,False,3.076171875
Dense2x39,4984,1,1,1,False,3.2177734375
Dense2x39,2356,1,1,1,False,3.115234375
Dense2x39,7567,1,1,1,False,2.1728515625
Dense2x39,1025,1,1,1,False,2.9443359375
Dense2x39,14,1,1,1,False,4.1845703125
Dense2x39,9737,1,1,1,False,2.978515625
Dense2x39,1430,1,1,1,False,3.6962890625
Dense2x39,4069,1,1,1,False,3.9794921875
Dense2x39,7638,1,1,1,False,3.7255859375
Dense2x39,3099,1,1,1,False,2.900390625
Dense2x39,3281,1,1,1,False,3.037109375
Dense2x39,3919,1,1,1,False,3.6865234375
Dense2x39,824,1,1,1,False,2.5
Dense2x39,7165,1,1,1,False,2.7587890625
Dense2x39,5759,1,1,1,False,1.34765625
Dense2x39,7173,1,1,1,False,2.7392578125
Dense2x39,9443,1,1,1,False,3.4619140625
Dense2x39,2258,1,1,1,False,2.3291015625
Dense2x39,4317,3,3,1,False,2.0947265625
Dense2x39,2914,3,8,1,False,0.37109375
Dense2x39,3177,3,3,1,False,3.5888671875
Dense2x39,3642,3,3,1,False,4.8828125
Dense2x39,1042,3,3,1,False,3.115234375
Dense2x39,5492,3,3,1,False,4.1015625
Dense2x39,8156,3,3,1,False,3.0859375
Dense2x39,3085,3,3,1,False,1.8896484375
Dense2x39,9758,3,3,1,False,1.5283203125
Dense2x39,4621,3,3,1,False,4.0576171875
Dense2x39,4925,3,3,1,False,2.275390625
Dense2x39,8271,3,3,1,False,3.6962890625
Dense2x39,3120,3,3,1,False,3.5498046875
Dense2x39,1746,3,3,1,False,2.2412109375
Dense2x39,7214,3,3,1,False,4.6630859375
Dense2x39,7841,3,3,1,False,4.7412109375
Dense2x39,2511,3,3,1,False,1.4306640625
Dense2x39,7065,3,3,1,False,3.1640625
Dense2x39,2647,3,3,1,False,2.6416015625
Dense2x39,6767,3,3,1,False,6.0986328125
Dense2x39,548,3,3,1,False,2.16796875
Dense2x39,6290,3,3,1,False,4.62890625
Dense2x39,815,3,3,1,False,3.65234375
Dense2x39,4581,3,3,1,False,3.7744140625
Dense2x39,792,3,3,1,False,4.0185546875
Dense2x39,883,3,3,1,False,1.1572265625
Dense2x39,4782,3,3,1,False,3.4912109375
Dense2x39,8910,3,3,1,False,3.9111328125
Dense2x39,5468,3,3,1,False,3.466796875
Dense2x39,9889,3,3,1,False,1.8115234375
Dense2x39,5892,3,3,1,False,3.1591796875
Dense2x39,2632,3,3,1,False,2.1484375
Dense2x39,6727,3,3,1,False,5.6640625
Dense3x47,8278,0,4,1,False,0.0
Dense3x47,5301,0,0,1,False,4.21875
Dense3x47,713,0,0,1,False,1.9482421875
Dense3x47,2485,0,0,1,False,3.22265625
Dense3x47,981,0,0,1,False,3.7060546875
Dense3x47,9791,0,0,1,False,3.37890625
Dense3x47,1203,0,0,1,False,5.849609375
Dense3x47,3982,0,0,1,False,4.5068359375
Dense3x47,6779,0,0,1,False,4.8046875
Dense3x47,4542,0,0,1,False,4.501953125
Dense3x47,3401,0,0,1,False,3.4130859375
Dense3x47,9325,0,0,1,False,3.154296875
Dense3x47,3646,0,0,1,False,1.953125
Dense3x47,7261,0,0,1,False,3.8232421875
Dense3x47,8983,0,0,1,False,3.1884765625
Dense3x47,311,0,0,1,False,7.3388671875
Dense3x47,2999,0,0,1,False,3.5107421875
Dense3x47,7133,0,0,1,False,4.150390625
Dense3x47,6643,0,0,1,False,1.396484375
Dense3x47,9297,0,0,1,False,2.4169921875
Dense3x47,2385,0,0,1,False,4.4140625
Dense3x47,5244,0,0,1,False,3.1787109375
Dense3x47,9060,0,0,1,False,8.4619140625
Dense3x47,7385,0,0,1,False,5.0
Dense3x47,1061,0,0,1,False,4.541015625
Dense3x47,5031,0,0,1,False,4.501953125
Dense3x47,4241,0,0,1,False,5.5517578125
Dense3x47,71,0,0,1,False,5.4931640625
Dense3x47,1526,0,0,1,False,3.75
Dense3x47,5828,0,0,1,False,2.3779296875
Dense3x47,9038,0,0,1,False,2.67578125
Dense3x47,7671,0,0,1,False,2.55859375
Dense3x47,5974,0,0,1,False,3.349609375
Dense3x47,2261,1,1,1,False,2.861328125
Dense3x47,6601,1,1,1,False,2.5048828125
Dense3x47,7290,1,1,1,False,2.646484375
Dense3x47,9143,1,1,1,False,2.7587890625
Dense3x47,5166,1,1,1,False,2.2900390625
Dense3x47,6720,1,1,1,False,2.939453125
Dense3x47,7725,1,1,1,False,2.3828125
Dense3x47,1867,1,1,1,False,2.4853515625
Dense3x47,735,1,1,1,False,2.4365234375
Dense3x47,9602,1,1,1,False,2.548828125
Dense3x47,4147,1,1,1,False,1.7138671875
Dense3x47,4168,1,1,1,False,2.9345703125
Dense3x47,202,1,1,1,False,2.2607421875
Dense3x47,1240,1,1,1,False,3.154296875
Dense3x47,1189,1,1,1,False,1.9775390625
Dense3x47,6848,1,1,1,False,2.12890625
Dense3x47,7790,1,1,1,False,2.978515625
Dense3x47,3593,1,1,1,False,2.9736328125
Dense3x47,1484,1,1,1,False,2.236328125
Dense3x47,9876,1,1,1,False,2.7392578125
Dense3x47,377,1,1,1,False,2.2021484375
Dense3x47,2071,1,1,1,False,1.9873046875
Dense3x47,716,1,1,1,False,1.71875
Dense3x47,7173,1,1,1,False,2.900390625
Dense3x47,6231,1,1,1,False,2.1728515625
Dense3x47,652,1,1,1,False,2.87109375
Dense3x47,1760,1,1,1,False,3.193359375
Dense3x47,8850,1,1,1,False,2.7099609375
Dense3x47,5442,1,1,1,False,2.3681640625
Dense3x47,427,1,1,1,False,2.4169921875
Dense3x47,8427,1,1,1,False,2.4853515625
Dense3x47,9984,1,1,1,False,1.73828125
Dense3x47,8367,1,1,1,False,1.884765625
Dense3x47,4352,3,3,1,False,2.9443359375
Dense3x47,2853,3,3,1,False,1.455078125
Dense3x47,7458,3,3,1,False,3.994140625
Dense3x47,3476,3,3,1,False,0.8447265625
Dense3x47,402,3,3,1,False,4.0234375
Dense3x47,4638,3,3,1,False,4.599609375
Dense3x47,8337,3,3,1,False,3.544921875
Dense3x47,2756,3,3,1,False,1.875
Dense3x47,4535,3,3,1,False,4.2919921875
Dense3x47,1731,3,3,1,False,5.009765625
Dense3x47,8429,3,3,1,False,2.8759765625
Dense3x47,1367,3,3,1,False,5.80078125
Dense3x47,2624,3,3,1,False,2.7685546875
Dense3x47,216,3,3,1,False,4.1845703125
Dense3x47,7365,3,3,1,False,2.958984375
Dense3x47,1789,3,3,1,False,1.81640625
Dense3x47,9670,3,3,1,False,1.2890625
Dense3x47,8840,3,3,1,False,4.3994140625
Dense3x47,6382,3,3,1,False,5.80078125
Dense3x47,6034,3,3,1,False,1.4453125
Dense3x47,6299,3,3,1,False,5.3857421875
Dense3x47,5158,3,3,1,False,4.404296875
Dense3x47,1069,3,3,1,False,5.673828125
Dense3x47,8050,3,3,1,False,3.5107421875
Dense3x47,614,3,3,1,False,2.1240234375
Dense3x47,7292,3,3,1,False,3.33984375
Dense3x47,4727,3,3,1,False,3.06640625
Dense3x47,44,3,3,1,False,2.4755859375
Dense3x47,5248,3,3,1,False,2.8271484375
Dense3x47,7250,3,3,1,False,4.0234375
Dense3x47,3299,3,3,1,False,3.0322265625
Dense3x47,8419,3,3,1,False,4.0234375
Dense3x47,8713,3,3,1,False,4.6337890625
Dense2x37,9167,0,0,1,False,6.1376953125
Dense2x37,2703,0,0,1,False,4.70703125
Dense2x37,8373,0,0,1,False,3.876953125
Dense2x37,6588,0,0,1,False,3.9453125
Dense2x37,8338,0,0,1,False,3.9013671875
Dense2x37,5133,0,0,1,False,5.078125
Dense2x37,9621,0,0,1,False,3.232421875
Dense2x37,3640,0,0,1,False,1.9384765625
Dense2x37,6510,0,0,1,False,5.1611328125
Dense2x37,9911,0,0,1,False,3.0126953125
Dense2x37,2087,0,0,1,False,6.796875
Dense2x37,5932,0,0,1,False,5.7080078125
Dense2x37,9358,0,0,1,False,3.6376953125
Dense2x37,6288,0,0,1,False,5.615234375
Dense2x37,8163,0,0,1,False,3.84765625
Dense2x37,7363,0,0,1,False,2.63671875
Dense2x37,4208,0,0,1,False,4.2529296875
Dense2x37,661,0,0,1,False,2.548828125
Dense2x37,4186,0,0,1,False,4.70703125
Dense2x37,3090,0,0,1,False,4.27734375
Dense2x37,7162,0,0,1,False,3.7109375
Dense2x37,4554,0,0,1,False,5.2001953125
Dense2x37,2988,0,0,1,False,2.548828125
Dense2x37,3634,0,0,1,False,1.6015625
Dense2x37,3911,0,0,1,False,3.7158203125
Dense2x37,6003,0,0,1,False,6.337890625
Dense2x37,5526,0,0,1,False,3.6083984375
Dense2x37,7410,0,0,1,False,1.689453125
Dense2x37,4457,0,0,1,False,5.56640625
Dense2x37,6971,0,0,1,False,4.0625
Dense2x37,5069,0,0,1,False,5.7568359375
Dense2x37,8614,0,0,1,False,4.00390625
Dense2x37,6711,0,0,1,False,6.1474609375
Dense2x37,202,1,1,1,False,2.5830078125
Dense2x37,6092,1,1,1,False,3.92578125
Dense2x37,9643,1,7,1,False,1.1083984375
Dense2x37,3900,1,1,1,False,2.705078125
Dense2x37,1736,1,1,1,False,3.1689453125
Dense2x37,8568,1,1,1,False,4.228515625
Dense2x37,1027,1,1,1,False,3.61328125
Dense2x37,9674,1,1,1,False,2.67578125
Dense2x37,9336,1,1,1,False,3.642578125
Dense2x37,6310,1,1,1,False,3.046875
Dense2x37,9878,1,1,1,False,2.8857421875
Dense2x37,4171,1,1,1,False,2.12890625
Dense2x37,1834,1,1,1,False,3.603515625
Dense2x37,900,1,1,1,False,1.0888671875
Dense2x37,8875,1,1,1,False,3.359375
Dense2x37,9443,1,1,1,False,3.3544921875
Dense2x37,1773,1,8,1,False,0.849609375
Dense2x37,4303,1,1,1,False,2.705078125
Dense2x37,5746,1,1,1,False,1.2255859375
Dense2x37,831,1,1,1,False,3.037109375
Dense2x37,8758,1,1,1,False,3.3740234375
Dense2x37,2015,1,1,1,False,3.7060546875
Dense2x37,7561,1,1,1,False,3.291015625
Dense2x37,8745,1,1,1,False,3.134765625
Dense2x37,2789,1,1,1,False,3.134765625
Dense2x37,3648,1,1,1,False,3.857421875
Dense2x37,4869,1,1,1,False,3.7109375
Dense2x37,5880,1,1,1,False,3.466796875
Dense2x37,2524,1,1,1,False,1.9482421875
Dense2x37,7618,1,1,1,False,3.9111328125
Dense2x37,3126,1,1,1,False,3.6279296875
Dense2x37,5399,1,1,1,False,3.076171875
Dense2x37,6182,1,1,1,False,3.3837890625
Dense2x37,369,3,3,1,False,3.1494140625
Dense2x37,7983,3,3,1,False,5.244140625
Dense2x37,7829,3,3,1,False,4.7216796875
Dense2x37,3449,3,3,1,False,5.234375
Dense2x37,6704,3,3,1,False,5.3564453125
Dense2x37,5062,3,3,1,False,3.1787109375
Dense2x37,8429,3,3,1,False,3.5400390625
Dense2x37,2109,3,7,1,False,1.240234375
Dense2x37,927,3,3,1,False,4.1259765625
Dense2x37,3409,3,3,1,False,4.00390625
Dense2x37,6389,3,3,1,False,6.58203125
Dense2x37,3944,3,3,1,False,3.583984375
Dense2x37,1746,3,3,1,False,3.9697265625
Dense2x37,747,3,3,1,False,5.3564453125
Dense2x37,3896,3,3,1,False,4.21875
Dense2x37,8293,3,3,1,False,0.947265625
Dense2x37,9872,3,3,1,False,4.580078125
Dense2x37,4727,3,3,1,False,3.10546875
Dense2x37,8494,3,3,1,False,4.453125
Dense2x37,2502,3,3,1,False,4.130859375
Dense2x37,7215,3,3,1,False,4.0380859375
Dense2x37,270,3,3,1,False,3.0078125
Dense2x37,5606,3,3,1,False,4.9853515625
Dense2x37,4276,3,3,1,False,2.626953125
Dense2x37,5330,3,3,1,False,2.841796875
Dense2x37,3531,3,3,1,False,1.9775390625
Dense2x37,4740,3,3,1,False,0.3271484375
Dense2x37,2663,3,3,1,False,6.201171875
Dense2x37,9561,3,3,1,False,4.150390625
Dense2x37,8272,3,8,1,False,0.673828125
Dense2x37,590,3,3,1,False,5.3466796875
Dense2x37,4084,3,3,1,False,2.67578125
Dense2x37,6331,3,3,1,False,4.3701171875
Dense3x33,7555,0,0,1,False,3.9599609375
Dense3x33,9440,0,0,1,False,4.599609375
Dense3x33,7221,0,0,1,False,4.6875
Dense3x33,6117,0,0,1,False,6.97265625
Dense3x33,7446,0,0,1,False,1.6748046875
Dense3x33,4776,0,0,1,False,6.9921875
Dense3x33,6201,0,0,1,False,5.869140625
Dense3x33,8868,0,0,1,False,4.072265625
Dense3x33,3044,0,0,1,False,3.80859375
Dense3x33,1399,0,0,1,False,3.4814453125
Dense3x33,9663,0,0,1,False,4.7705078125
Dense3x33,6962,0,0,1,False,3.876953125
Dense3x33,3982,0,0,1,False,5.6298828125
Dense3x33,7161,0,0,1,False,3.515625
Dense3x33,7706,0,0,1,False,5.01953125
Dense3x33,4403,0,0,1,False,3.4375
Dense3x33,3735,0,0,1,False,5.4736328125
Dense3x33,1379,0,0,1,False,4.0087890625
Dense3x33,6892,0,0,1,False,4.2626953125
Dense3x33,8057,0,0,1,False,6.8896484375
Dense3x33,2485,0,0,1,False,3.583984375
Dense3x33,2638,0,0,1,False,5.1171875
Dense3x33,6015,0,0,1,False,3.2958984375
Dense3x33,4935,0,0,1,False,4.47265625
Dense3x33,7791,0,0,1,False,6.953125
Dense3x33,1084,0,0,1,False,6.376953125
Dense3x33,4477,0,6,1,False,0.0634765625
Dense3x33,498,0,0,1,False,3.1787109375
Dense3x33,3310,0,0,1,False,4.1748046875
Dense3x33,9367,0,0,1,False,6.337890625
Dense3x33,1203,0,0,1,False,6.5234375
Dense3x33,6651,0,5,1,False,1.3916015625
Dense3x33,3989,0,0,1,False,2.8564453125
Dense3x33,5314,1,1,1,False,2.6025390625
Dense3x33,4491,1,1,1,False,1.650390625
Dense3x33,5520,1,1,1,False,2.44140625
Dense3x33,6231,1,1,1,False,1.8115234375
Dense3x33,7527,1,1,1,False,2.1435546875
Dense3x33,6623,1,1,1,False,1.7236328125
Dense3x33,5416,1,1,1,False,2.3388671875
Dense3x33,9661,1,1,1,False,2.0166015625
Dense3x33,5848,1,1,1,False,2.2314453125
Dense3x33,4764,1,1,1,False,1.513671875
Dense3x33,5506,1,1,1,False,2.7392578125
Dense3x33,228,1,1,1,False,1.89453125
Dense3x33,345,1,1,1,False,2.51953125
Dense3x33,850,1,1,1,False,2.1044921875
Dense3x33,1392,1,1,1,False,1.50390625
Dense3x33,196,1,1,1,False,2.0166015625
Dense3x33,6005,1,1,1,False,0.859375
Dense3x33,9956,1,1,1,False,1.953125
Dense3x33,2245,1,1,1,False,1.3671875
Dense3x33,2355,1,1,1,False,2.4853515625
Dense3x33,6397,1,1,1,False,2.4951171875
Dense3x33,224,1,1,1,False,1.1669921875
Dense3x33,3843,1,1,1,False,1.77734375
Dense3x33,8819,1,1,1,False,2.1435546875
Dense3x33,9602,1,1,1,False,2.1826171875
Dense3x33,2071,1,1,1,False,1.6455078125
Dense3x33,2984,1,1,1,False,1.73828125
Dense3x33,3925,1,1,1,False,2.3388671875
Dense3x33,640,1,1,1,False,1.9873046875
Dense3x33,5614,1,1,1,False,2.158203125
Dense3x33,2725,1,1,1,False,1.66015625
Dense3x33,3582,1,1,1,False,1.30859375
Dense3x33,3789,1,1,1,False,2.2705078125
Dense3x33,5766,3,3,1,False,4.248046875
Dense3x33,7501,3,3,1,False,3.5888671875
Dense3x33,8411,3,3,1,False,4.5751953125
Dense3x33,2924,3,3,1,False,2.2900390625
Dense3x33,500,3,3,1,False,4.0625
Dense3x33,1384,3,3,1,False,2.197265625
Dense3x33,6624,3,3,1,False,0.908203125
Dense3x33,6876,3,3,1,False,2.5927734375
Dense3x33,5814,3,3,1,False,1.2939453125
Dense3x33,7214,3,3,1,False,3.4130859375
Dense3x33,8379,3,3,1,False,2.421875
Dense3x33,5687,3,3,1,False,2.24609375
Dense3x33,2080,3,3,1,False,2.9248046875
Dense3x33,2072,3,3,1,False,2.744140625
Dense3x33,8483,3,3,1,False,3.2861328125
Dense3x33,5538,3,3,1,False,5.380859375
Dense3x33,6290,3,3,1,False,3.2568359375
Dense3x33,7458,3,3,1,False,4.0185546875
Dense3x33,2799,3,3,1,False,1.73828125
Dense3x33,2952,3,3,1,False,1.0693359375
Dense3x33,4109,3,3,1,False,2.24609375
Dense3x33,3120,3,3,1,False,3.5107421875
Dense3x33,2533,3,3,1,False,1.8505859375
Dense3x33,4435,3,7,1,False,1.0302734375
Dense3x33,1798,3,3,1,False,0.751953125
Dense3x33,7610,3,3,1,False,3.037109375
Dense3x33,8597,3,3,1,False,2.40234375
Dense3x33,4925,3,3,1,False,2.6416015625
Dense3x33,9655,3,3,1,False,1.3671875
Dense3x33,5245,3,3,1,False,2.666015625
Dense3x33,7185,3,3,1,False,3.9013671875
Dense3x33,3432,3,3,1,False,1.533203125
Dense3x33,9390,3,3,1,False,3.7744140625
Dense2x18,7868,0,0,1,False,4.5458984375
Dense2x18,4157,0,0,1,False,6.6015625
Dense2x18,7505,0,0,1,False,2.1337890625
Dense2x18,327,0,0,1,False,4.2333984375
Dense2x18,407,0,0,1,False,4.072265625
Dense2x18,1517,0,0,1,False,3.740234375
Dense2x18,3271,0,0,1,False,4.208984375
Dense2x18,2329,0,0,1,False,1.8310546875
Dense2x18,9687,0,0,1,False,2.373046875
Dense2x18,845,0,0,1,False,2.7392578125
Dense2x18,4370,0,0,1,False,1.884765625
Dense2x18,8657,0,0,1,False,5.60546875
Dense2x18,1047,0,0,1,False,4.384765625
Dense2x18,8172,0,0,1,False,4.2724609375
Dense2x18,4824,0,0,1,False,2.2607421875
Dense2x18,5865,0,0,1,False,5.5810546875
Dense2x18,8772,0,0,1,False,5.3515625
Dense2x18,5659,0,0,1,False,4.990234375
Dense2x18,2937,0,0,1,False,2.94921875
Dense2x18,8868,0,0,1,False,3.9208984375
Dense2x18,1273,0,0,1,False,3.740234375
Dense2x18,5695,0,0,1,False,1.97265625
Dense2x18,2506,0,0,1,False,4.4921875
Dense2x18,2295,0,0,1,False,2.4462890625
Dense2x18,1589,0,0,1,False,5.8935546875
Dense2x18,4631,0,0,1,False,6.0205078125
Dense2x18,525,0,0,1,False,3.6865234375
Dense2x18,2631,0,6,1,False,0.1513671875
Dense2x18,8501,0,0,1,False,5.4345703125
Dense2x18,7112,0,0,1,False,4.8828125
Dense2x18,2571,0,0,1,False,1.8798828125
Dense2x18,7693,0,0,1,False,5.693359375
Dense2x18,6400,0,6,1,False,0.0
Dense2x18,5092,1,1,1,False,4.1552734375
Dense2x18,8549,1,1,1,False,5.322265625
Dense2x18,4191,1,1,1,False,3.8134765625
Dense2x18,7822,1,1,1,False,1.5185546875
Dense2x18,6445,1,1,1,False,2.8759765625
Dense2x18,3480,1,1,1,False,4.9072265625
Dense2x18,3851,1,1,1,False,2.0068359375
Dense2x18,9003,1,1,1,False,3.7890625
Dense2x18,994,1,1,1,False,1.337890625
Dense2x18,4181,1,1,1,False,4.8779296875
Dense2x18,1659,1,1,1,False,3.7890625
Dense2x18,5880,1,1,1,False,4.3896484375
Dense2x18,6757,1,1,1,False,4.8681640625
Dense2x18,9848,1,1,1,False,3.818359375
Dense2x18,988,1,1,1,False,2.197265625
Dense2x18,3906,1,3,1,False,2.2802734375
Dense2x18,768,1,1,1,False,4.7509765625
Dense2x18,3586,1,1,1,False,5.13671875
Dense2x18,3858,1,1,1,False,2.8857421875
Dense2x18,6628,1,1,1,False,3.6572265625
Dense2x18,5331,1,6,1,False,1.083984375
Dense2x18,6222,1,1,1,False,4.39453125
Dense2x18,5783,1,1,1,False,4.55078125
Dense2x18,1715,1,1,1,False,3.994140625
Dense2x18,979,1,1,1,False,4.55078125
Dense2x18,5514,1,1,1,False,3.4423828125
Dense2x18,288,1,1,1,False,3.3447265625
Dense2x18,5943,1,1,1,False,2.978515625
Dense2x18,7323,1,1,1,False,4.9951171875
Dense2x18,949,1,1,1,False,3.515625
Dense2x18,1280,1,1,1,False,3.6083984375
Dense2x18,2576,1,1,1,False,2.6416015625
Dense2x18,7658,1,1,1,False,4.5458984375
Dense2x18,9308,3,3,1,False,2.4951171875
Dense2x18,6973,3,3,1,False,2.7587890625
Dense2x18,5356,3,3,1,False,2.529296875
Dense2x18,7983,3,3,1,False,3.8037109375
Dense2x18,8026,3,3,1,False,6.572265625
Dense2x18,1208,3,3,1,False,0.185546875
Dense2x18,7479,3,3,1,False,2.705078125
Dense2x18,4532,3,3,1,False,2.890625
Dense2x18,927,3,3,1,False,3.5986328125
Dense2x18,8050,3,3,1,False,2.9296875
Dense2x18,3010,3,3,1,False,1.787109375
Dense2x18,2280,3,3,1,False,2.158203125
Dense2x18,8186,3,3,1,False,4.3701171875
Dense2x18,3487,3,3,1,False,3.9453125
Dense2x18,9157,3,3,1,False,7.255859375
Dense2x18,5273,3,3,1,False,3.798828125
Dense2x18,76,3,3,1,False,1.826171875
Dense2x18,7740,3,3,1,False,8.10546875
Dense2x18,887,3,3,1,False,1.728515625
Dense2x18,4873,3,3,1,False,3.2373046875
Dense2x18,453,3,3,1,False,4.6484375
Dense2x18,3131,3,3,1,False,1.93359375
Dense2x18,6704,3,3,1,False,5.2734375
Dense2x18,3045,3,3,1,False,5.4541015625
Dense2x18,2427,3,3,1,False,3.02734375
Dense2x18,5740,3,3,1,False,2.3291015625
Dense2x18,450,3,3,1,False,1.083984375
Dense2x18,4605,3,3,1,False,1.50390625
Dense2x18,8597,3,3,1,False,2.2314453125
Dense2x18,4002,3,5,1,False,0.234375
Dense2x18,2281,3,3,1,False,2.7587890625
Dense2x18,500,3,3,1,False,7.44140625
Dense2x18,2549,3,3,1,False,3.06640625
Dense3x29,5718,0,0,1,False,4.6630859375
Dense3x29,9552,0,0,1,False,3.837890625
Dense3x29,5526,0,0,1,False,3.515625
Dense3x29,6588,0,0,1,False,3.8720703125
Dense3x29,2944,0,0,1,False,2.94921875
Dense3x29,6633,0,0,1,False,4.6142578125
Dense3x29,2328,0,0,1,False,2.9248046875
Dense3x29,7782,0,0,1,False,6.962890625
Dense3x29,1121,0,0,1,False,2.7197265625
Dense3x29,7031,0,0,1,False,3.4228515625
Dense3x29,7723,0,0,1,False,5.4443359375
Dense3x29,9897,0,0,1,False,3.6962890625
Dense3x29,5008,0,0,1,False,4.1845703125
Dense3x29,2942,0,0,1,False,4.7607421875
Dense3x29,8614,0,0,1,False,4.31640625
Dense3x29,7830,0,0,1,False,7.67578125
Dense3x29,4614,0,0,1,False,5.693359375
Dense3x29,5165,0,5,1,False,0.6640625
Dense3x29,1084,0,0,1,False,6.6748046875
Dense3x29,8634,0,0,1,False,4.541015625
Dense3x29,7168,0,0,1,False,4.560546875
Dense3x29,3242,0,0,1,False,3.7744140625
Dense3x29,5369,0,0,1,False,8.056640625
Dense3x29,3315,0,0,1,False,5.2001953125
Dense3x29,2067,0,0,1,False,2.275390625
Dense3x29,3895,0,0,1,False,3.4228515625
Dense3x29,804,0,0,1,False,2.5732421875
Dense3x29,3013,0,0,1,False,5.8935546875
Dense3x29,8382,0,0,1,False,2.79296875
Dense3x29,3481,0,0,1,False,5.05859375
Dense3x29,2687,0,0,1,False,3.4228515625
Dense3x29,525,0,0,1,False,4.47265625
Dense3x29,8868,0,0,1,False,4.873046875
Dense3x29,1030,1,1,1,False,2.470703125
Dense3x29,2885,1,1,1,False,1.9677734375
Dense3x29,3532,1,1,1,False,2.2998046875
Dense3x29,9171,1,1,1,False,3.02734375
Dense3x29,6397,1,1,1,False,2.783203125
Dense3x29,918,1,1,1,False,2.0751953125
Dense3x29,2324,1,1,1,False,2.6025390625
Dense3x29,8708,1,1,1,False,2.763671875
Dense3x29,4580,1,1,1,False,2.2021484375
Dense3x29,3843,1,1,1,False,2.373046875
Dense3x29,964,1,1,1,False,1.5771484375
Dense3x29,3974,1,1,1,False,1.9189453125
Dense3x29,7920,1,1,1,False,0.1953125
Dense3x29,5442,1,1,1,False,2.587890625
Dense3x29,4972,1,1,1,False,1.6943359375
Dense3x29,2943,1,1,1,False,3.1982421875
Dense3x29,2421,1,1,1,False,2.1826171875
Dense3x29,7353,1,1,1,False,3.154296875
Dense3x29,9846,1,1,1,False,1.875
Dense3x29,9923,1,1,1,False,2.79296875
Dense3x29,9641,1,1,1,False,1.8310546875
Dense3x29,4932,1,1,1,False,2.177734375
Dense3x29,5384,1,1,1,False,3.251953125
Dense3x29,8971,1,1,1,False,2.734375
Dense3x29,5490,1,1,1,False,2.4462890625
Dense3x29,9265,1,1,1,False,2.24609375
Dense3x29,1753,1,1,1,False,2.4169921875
Dense3x29,6407,1,1,1,False,2.65625
Dense3x29,7171,1,1,1,False,2.822265625
Dense3x29,3272,1,1,1,False,1.69921875
Dense3x29,9878,1,1,1,False,2.3046875
Dense3x29,8432,1,1,1,False,2.9638671875
Dense3x29,1358,1,1,1,False,2.7880859375
Dense3x29,4437,3,3,1,False,0.8056640625
Dense3x29,8087,3,3,1,False,4.4287109375
Dense3x29,8115,3,3,1,False,3.3056640625
Dense3x29,574,3,3,1,False,2.7294921875
Dense3x29,2153,3,5,1,False,0.05859375
Dense3x29,3527,3,3,1,False,3.18359375
Dense3x29,5904,3,3,1,False,2.2802734375
Dense3x29,590,3,3,1,False,4.8095703125
Dense3x29,9231,3,3,1,False,1.4013671875
Dense3x29,976,3,3,1,False,2.861328125
Dense3x29,18,3,3,1,False,1.9580078125
Dense3x29,1503,3,3,1,False,2.5537109375
Dense3x29,9261,3,3,1,False,4.3701171875
Dense3x29,6065,3,3,1,False,0.9423828125
Dense3x29,5028,3,3,1,False,3.7109375
Dense3x29,7006,3,3,1,False,3.486328125
Dense3x29,2008,3,3,1,False,1.5283203125
Dense3x29,5140,3,5,1,False,0.7861328125
Dense3x29,1617,3,3,1,False,1.845703125
Dense3x29,4335,3,3,1,False,1.42578125
Dense3x29,5766,3,3,1,False,4.5556640625
Dense3x29,9363,3,3,1,False,2.1484375
Dense3x29,8362,3,5,1,False,2.412109375
Dense3x29,4406,3,3,1,False,5.1025390625
Dense3x29,6184,3,3,1,False,2.6123046875
Dense3x29,8162,3,3,1,False,3.9990234375
Dense3x29,5708,3,3,1,False,4.951171875
Dense3x29,807,3,3,1,False,4.4482421875
Dense3x29,323,3,3,1,False,2.900390625
Dense3x29,8485,3,3,1,False,2.6708984375
Dense3x29,7849,3,3,1,False,0.7470703125
Dense3x29,5616,3,3,1,False,2.91015625
Dense3x29,4630,3,3,1,False,0.64453125
Dense3x43,9800,0,0,1,False,2.1630859375
Dense3x43,5428,0,0,1,False,5.0732421875
Dense3x43,592,0,0,1,False,3.7158203125
Dense3x43,5307,0,0,1,False,4.35546875
Dense3x43,3179,0,0,1,False,4.5166015625
Dense3x43,4923,0,0,1,False,2.4072265625
Dense3x43,4278,0,0,1,False,4.990234375
Dense3x43,8114,0,0,1,False,6.40625
Dense3x43,1084,0,0,1,False,5.9423828125
Dense3x43,9621,0,0,1,False,1.7578125
Dense3x43,608,0,0,1,False,2.724609375
Dense3x43,2638,0,0,1,False,5.0244140625
Dense3x43,7558,0,0,1,False,2.5732421875
Dense3x43,4462,0,0,1,False,5.1220703125
Dense3x43,4065,0,2,1,False,0.048828125
Dense3x43,3911,0,0,1,False,3.759765625
Dense3x43,5051,0,0,1,False,3.65234375
Dense3x43,3346,0,0,1,False,4.794921875
Dense3x43,5812,0,0,1,False,4.287109375
Dense3x43,896,0,0,1,False,2.40234375
Dense3x43,4082,0,0,1,False,4.384765625
Dense3x43,7933,0,0,1,False,5.126953125
Dense3x43,3849,0,0,1,False,4.3505859375
Dense3x43,7279,0,0,1,False,4.6044921875
Dense3x43,3266,0,0,1,False,2.8857421875
Dense3x43,6925,0,0,1,False,3.662109375
Dense3x43,4348,0,0,1,False,3.9501953125
Dense3x43,2531,0,0,1,False,3.7744140625
Dense3x43,3980,0,0,1,False,4.6826171875
Dense3x43,9230,0,0,1,False,5.4541015625
Dense3x43,8098,0,0,1,False,4.208984375
Dense3x43,5721,0,0,1,False,3.6474609375
Dense3x43,6979,0,0,1,False,4.3017578125
Dense3x43,994,1,1,1,False,2.79296875
Dense3x43,3019,1,1,1,False,1.826171875
Dense3x43,8995,1,1,1,False,2.412109375
Dense3x43,5651,1,1,1,False,2.4267578125
Dense3x43,2409,1,1,1,False,2.59765625
Dense3x43,39,1,1,1,False,2.998046875
Dense3x43,7896,1,1,1,False,2.9931640625
Dense3x43,3605,1,1,1,False,2.7783203125
Dense3x43,4589,1,1,1,False,1.7724609375
Dense3x43,1392,1,1,1,False,1.6015625
Dense3x43,3786,1,1,1,False,3.2666015625
Dense3x43,4516,1,1,1,False,2.83203125
Dense3x43,1760,1,1,1,False,2.96875
Dense3x43,7270,1,1,1,False,2.9736328125
Dense3x43,9810,1,1,1,False,2.34375
Dense3x43,7344,1,1,1,False,2.6171875
Dense3x43,9946,1,1,1,False,2.5634765625
Dense3x43,2902,1,1,1,False,3.2666015625
Dense3x43,4687,1,1,1,False,2.3828125
Dense3x43,9438,1,1,1,False,3.1640625
Dense3x43,3314,1,1,1,False,2.3046875
Dense3x43,9657,1,1,1,False,3.33984375
Dense3x43,5776,1,1,1,False,2.55859375
Dense3x43,1785,1,1,1,False,2.9638671875
Dense3x43,4249,1,1,1,False,2.3046875
Dense3x43,4525,1,1,1,False,2.7587890625
Dense3x43,9838,1,1,1,False,2.216796875
Dense3x43,6652,1,1,1,False,2.5439453125
Dense3x43,1707,1,1,1,False,2.12890625
Dense3x43,8526,1,1,1,False,3.06640625
Dense3x43,9200,1,1,1,False,3.5986328125
Dense3x43,6819,1,1,1,False,3.0615234375
Dense3x43,1448,1,1,1,False,2.20703125
Dense3x43,3015,3,3,1,False,2.1142578125
Dense3x43,3746,3,3,1,False,2.9833984375
Dense3x43,3487,3,3,1,False,3.271484375
Dense3x43,2731,3,3,1,False,1.1474609375
Dense3x43,6801,3,3,1,False,2.4560546875
Dense3x43,5248,3,3,1,False,2.67578125
Dense3x43,1150,3,3,1,False,2.353515625
Dense3x43,343,3,3,1,False,1.58203125
Dense3x43,7006,3,3,1,False,3.1787109375
Dense3x43,7436,3,3,1,False,1.181640625
Dense3x43,2575,3,3,1,False,3.955078125
Dense3x43,8811,3,3,1,False,3.310546875
Dense3x43,3221,3,3,1,False,4.9169921875
Dense3x43,8780,3,3,1,False,4.7802734375
Dense3x43,158,3,3,1,False,2.216796875
Dense3x43,9821,3,3,1,False,3.90625
Dense3x43,4703,3,3,1,False,3.8916015625
Dense3x43,1628,3,3,1,False,1.71875
Dense3x43,7798,3,3,1,False,3.0712890625
Dense3x43,3824,3,3,1,False,1.6650390625
Dense3x43,2985,3,3,1,False,1.85546875
Dense3x43,4366,3,3,1,False,2.5830078125
Dense3x43,4535,3,3,1,False,3.154296875
Dense3x43,8026,3,3,1,False,5.1953125
Dense3x43,5000,3,3,1,False,1.2353515625
Dense3x43,6075,3,3,1,False,2.94921875
Dense3x43,4621,3,3,1,False,5.09765625
Dense3x43,3407,3,3,1,False,2.9443359375
Dense3x43,5468,3,3,1,False,0.869140625
Dense3x43,4928,3,3,1,False,2.373046875
Dense3x43,4904,3,3,1,False,3.681640625
Dense3x43,5215,3,3,1,False,2.109375
Dense3x43,8419,3,3,1,False,2.041015625
Dense3x32,9865,0,0,1,False,3.6376953125
Dense3x32,7289,0,0,1,False,7.5732421875
Dense3x32,5443,0,0,1,False,6.6357421875
Dense3x32,9634,0,3,1,False,1.73828125
Dense3x32,4937,0,0,1,False,4.23828125
Dense3x32,6557,0,0,1,False,2.939453125
Dense3x32,2226,0,0,1,False,4.55078125
Dense3x32,4048,0,0,1,False,2.4560546875
Dense3x32,1610,0,0,1,False,5.0439453125
Dense3x32,9964,0,0,1,False,3.046875
Dense3x32,4070,0,0,1,False,5.09765625
Dense3x32,4090,0,0,1,False,1.93359375
Dense3x32,9488,0,0,1,False,4.9755859375
Dense3x32,8228,0,0,1,False,3.5009765625
Dense3x32,3210,0,0,1,False,2.666015625
Dense3x32,7330,0,0,1,False,7.2314453125
Dense3x32,1517,0,0,1,False,3.5107421875
Dense3x32,8657,0,0,1,False,5.17578125
Dense3x32,7381,0,0,1,False,3.4375
Dense3x32,3170,0,0,1,False,4.0087890625
Dense3x32,8055,0,0,1,False,6.201171875
Dense3x32,6921,0,0,1,False,4.658203125
Dense3x32,9239,0,0,1,False,6.9287109375
Dense3x32,8748,0,0,1,False,4.53125
Dense3x32,8195,0,0,1,False,6.7041015625
Dense3x32,8992,0,0,1,False,5.9033203125
Dense3x32,1796,0,0,1,False,1.9140625
Dense3x32,380,0,5,1,False,0.068359375
Dense3x32,9508,0,0,1,False,1.1767578125
Dense3x32,701,0,0,1,False,6.923828125
Dense3x32,4361,0,0,1,False,3.1884765625
Dense3x32,4672,0,0,1,False,3.3203125
Dense3x32,5592,0,0,1,False,4.658203125
Dense3x32,7748,1,1,1,False,3.41796875
Dense3x32,1766,1,1,1,False,3.330078125
Dense3x32,2878,1,1,1,False,2.6025390625
Dense3x32,4903,1,1,1,False,2.724609375
Dense3x32,2358,1,1,1,False,2.822265625
Dense3x32,1484,1,1,1,False,2.7978515625
Dense3x32,2576,1,1,1,False,1.640625
Dense3x32,8427,1,1,1,False,2.451171875
Dense3x32,1885,1,1,1,False,1.69921875
Dense3x32,5005,1,1,1,False,2.724609375
Dense3x32,2825,1,1,1,False,1.875
Dense3x32,5811,1,1,1,False,2.75390625
Dense3x32,4303,1,1,1,False,2.958984375
Dense3x32,1838,1,1,1,False,2.7392578125
Dense3x32,2676,1,1,1,False,1.6357421875
Dense3x32,994,1,1,1,False,2.099609375
Dense3x32,6969,1,1,1,False,2.6904296875
Dense3x32,767,1,1,1,False,2.451171875
Dense3x32,5520,1,1,1,False,3.681640625
Dense3x32,6601,1,1,1,False,3.2568359375
Dense3x32,6202,1,1,1,False,2.8564453125
Dense3x32,6819,1,1,1,False,3.388671875
Dense3x32,1603,1,1,1,False,2.8955078125
Dense3x32,9345,1,1,1,False,3.2470703125
Dense3x32,1011,1,1,1,False,2.94921875
Dense3x32,4074,1,1,1,False,2.5244140625
Dense3x32,3679,1,1,1,False,2.4072265625
Dense3x32,3651,1,1,1,False,3.4423828125
Dense3x32,4869,1,1,1,False,3.4912109375
Dense3x32,357,1,1,1,False,1.455078125
Dense3x32,1659,1,1,1,False,2.373046875
Dense3x32,2928,1,1,1,False,2.822265625
Dense3x32,3353,1,1,1,False,2.958984375
Dense3x32,3965,3,3,1,False,4.00390625
Dense3x32,1832,3,3,1,False,1.42578125
Dense3x32,5764,3,3,1,False,3.564453125
Dense3x32,1208,3,3,1,False,1.4208984375
Dense3x32,6045,3,8,1,False,1.513671875
Dense3x32,2799,3,3,1,False,2.119140625
Dense3x32,8162,3,3,1,False,4.814453125
Dense3x32,507,3,3,1,False,0.126953125
Dense3x32,7250,3,3,1,False,4.990234375
Dense3x32,2075,3,3,1,False,2.373046875
Dense3x32,2083,3,3,1,False,3.76953125
Dense3x32,7185,3,3,1,False,4.0185546875
Dense3x32,2663,3,3,1,False,4.5458984375
Dense3x32,1315,3,3,1,False,1.513671875
Dense3x32,9882,3,3,1,False,1.5869140625
Dense3x32,3995,3,3,1,False,1.15234375
Dense3x32,5973,3,8,1,False,1.9482421875
Dense3x32,614,3,3,1,False,1.0888671875
Dense3x32,2906,3,3,1,False,0.7373046875
Dense3x32,2303,3,3,1,False,3.2373046875
Dense3x32,7222,3,3,1,False,5.5224609375
Dense3x32,3493,3,3,1,False,3.0224609375
Dense3x32,4437,3,3,1,False,0.2587890625
Dense3x32,1384,3,3,1,False,2.1240234375
Dense3x32,9790,3,3,1,False,3.0126953125
Dense3x32,6177,3,3,1,False,3.2080078125
Dense3x32,5860,3,3,1,False,3.06640625
Dense3x32,6455,3,3,1,False,1.4501953125
Dense3x32,6704,3,3,1,False,4.74609375
Dense3x32,4996,3,3,1,False,5.0830078125
Dense3x32,8362,3,3,1,False,1.279296875
Dense3x32,8494,3,3,1,False,3.8818359375
Dense3x32,1588,3,3,1,False,4.2333984375
Dense3x12,8016,0,0,1,False,3.5302734375
Dense3x12,2761,0,0,1,False,1.40625
Dense3x12,5430,0,0,1,False,7.4853515625
Dense3x12,1001,0,0,1,False,3.41796875
Dense3x12,6672,0,0,1,False,3.45703125
Dense3x12,297,0,0,1,False,5.390625
Dense3x12,7452,0,0,1,False,3.5009765625
Dense3x12,1534,0,0,1,False,2.3779296875
Dense3x12,4614,0,0,1,False,4.7802734375
Dense3x12,1841,0,0,1,False,5.87890625
Dense3x12,4157,0,0,1,False,6.962890625
Dense3x12,3446,0,0,1,False,2.685546875
Dense3x12,5827,0,0,1,False,3.33984375
Dense3x12,6398,0,0,1,False,6.2353515625
Dense3x12,5918,0,0,1,False,2.841796875
Dense3x12,5721,0,0,1,False,5.2294921875
Dense3x12,8278,0,0,1,False,0.5224609375
Dense3x12,346,0,0,1,False,4.35546875
Dense3x12,4628,0,0,1,False,4.3115234375
Dense3x12,4062,0,0,1,False,4.7265625
Dense3x12,9948,0,0,1,False,3.5009765625
Dense3x12,2081,0,0,1,False,2.900390625
Dense3x12,6760,0,0,1,False,6.4453125
Dense3x12,2061,0,0,1,False,5.341796875
Dense3x12,2042,0,0,1,False,4.482421875
Dense3x12,5865,0,0,1,False,6.4990234375
Dense3x12,9455,0,0,1,False,4.0234375
Dense3x12,7555,0,0,1,False,4.8193359375
Dense3x12,2873,0,0,1,False,4.5556640625
Dense3x12,1762,0,0,1,False,3.1396484375
Dense3x12,8056,0,0,1,False,9.5068359375
Dense3x12,3646,0,0,1,False,1.884765625
Dense3x12,9879,0,6,1,False,0.3857421875
Dense3x12,4859,1,1,1,False,2.3828125
Dense3x12,3430,1,1,1,False,1.1474609375
Dense3x12,1785,1,1,1,False,0.7421875
Dense3x12,8538,1,1,1,False,1.9482421875
Dense3x12,9699,1,1,1,False,1.2646484375
Dense3x12,7418,1,1,1,False,2.5439453125
Dense3x12,672,1,1,1,False,3.076171875
Dense3x12,7728,1,1,1,False,1.5380859375
Dense3x12,7048,1,1,1,False,2.6220703125
Dense3x12,768,1,1,1,False,3.232421875
Dense3x12,2343,1,1,1,False,1.9091796875
Dense3x12,94,1,1,1,False,2.587890625
Dense3x12,5746,1,8,1,False,0.0537109375
Dense3x12,8549,1,1,1,False,3.18359375
Dense3x12,5889,1,1,1,False,2.548828125
Dense3x12,9005,1,1,1,False,2.1826171875
Dense3x12,5651,1,1,1,False,2.880859375
Dense3x12,5566,1,1,1,False,2.7685546875
Dense3x12,5506,1,1,1,False,3.466796875
Dense3x12,4036,1,1,1,False,3.4228515625
Dense3x12,7725,1,1,1,False,3.232421875
Dense3x12,4676,1,1,1,False,2.2802734375
Dense3x12,6694,1,1,1,False,1.62109375
Dense3x12,3196,1,1,1,False,0.7275390625
Dense3x12,9878,1,1,1,False,2.587890625
Dense3x12,4201,1,9,1,False,0.3662109375
Dense3x12,4171,1,1,1,False,1.845703125
Dense3x12,350,1,1,1,False,0.8544921875
Dense3x12,3852,1,1,1,False,1.42578125
Dense3x12,8720,1,1,1,False,2.7685546875
Dense3x12,9051,1,1,1,False,0.5419921875
Dense3x12,4903,1,1,1,False,2.3779296875
Dense3x12,2175,1,1,1,False,1.865234375
Dense3x12,9680,3,3,1,False,1.8798828125
Dense3x12,3943,3,5,1,False,1.0107421875
Dense3x12,1628,3,3,1,False,2.2900390625
Dense3x12,614,3,3,1,False,2.3486328125
Dense3x12,4335,3,3,1,False,1.728515625
Dense3x12,982,3,8,1,False,0.380859375
Dense3x12,9501,3,3,1,False,3.4130859375
Dense3x12,5904,3,3,1,False,0.703125
Dense3x12,1769,3,3,1,False,0.4541015625
Dense3x12,5815,3,3,1,False,3.876953125
Dense3x12,9707,3,3,1,False,5.380859375
Dense3x12,9758,3,5,1,False,0.458984375
Dense3x12,9662,3,3,1,False,0.5224609375
Dense3x12,4885,3,3,1,False,1.2841796875
Dense3x12,801,3,3,1,False,0.2978515625
Dense3x12,2884,3,3,1,False,1.0888671875
Dense3x12,7233,3,1,1,False,1.015625
Dense3x12,3686,3,3,1,False,1.474609375
Dense3x12,2072,3,3,1,False,0.9716796875
Dense3x12,4270,3,3,1,False,0.712890625
Dense3x12,6681,3,3,1,False,2.275390625
Dense3x12,4782,3,3,1,False,1.5576171875
Dense3x12,310,3,3,1,False,2.8271484375
Dense3x12,9468,3,3,1,False,0.17578125
Dense3x12,5382,3,3,1,False,1.5869140625
Dense3x12,3953,3,3,1,False,2.20703125
Dense3x12,5237,3,3,1,False,0.6689453125
Dense3x12,6453,3,3,1,False,1.54296875
Dense3x12,5472,3,3,1,False,6.669921875
Dense3x12,9828,3,3,1,False,1.7724609375
Dense3x12,5038,3,3,1,False,0.1171875
Dense3x12,7479,3,3,1,False,3.4228515625
Dense3x12,2305,3,8,1,False,0.0146484375
Dense2x40,3911,0,0,1,False,3.5546875
Dense2x40,5398,0,0,1,False,4.08203125
Dense2x40,4043,0,0,1,False,5.615234375
Dense2x40,7506,0,0,1,False,5.6689453125
Dense2x40,1526,0,0,1,False,6.62109375
Dense2x40,6795,0,0,1,False,5.9375
Dense2x40,9396,0,0,1,False,4.4580078125
Dense2x40,7465,0,0,1,False,3.8037109375
Dense2x40,9455,0,0,1,False,4.62890625
Dense2x40,4542,0,0,1,False,5.3466796875
Dense2x40,8535,0,0,1,False,5.8984375
Dense2x40,5828,0,0,1,False,2.568359375
Dense2x40,192,0,0,1,False,4.1796875
Dense2x40,2067,0,0,1,False,3.2373046875
Dense2x40,8199,0,0,1,False,5.5224609375
Dense2x40,6351,0,0,1,False,2.5927734375
Dense2x40,564,0,0,1,False,3.447265625
Dense2x40,972,0,0,1,False,5.3271484375
Dense2x40,1288,0,0,1,False,3.26171875
Dense2x40,4718,0,0,1,False,3.9501953125
Dense2x40,6835,0,0,1,False,3.3154296875
Dense2x40,441,0,0,1,False,5.068359375
Dense2x40,8260,0,0,1,False,3.37890625
Dense2x40,5069,0,0,1,False,7.55859375
Dense2x40,7953,0,0,1,False,6.474609375
Dense2x40,8845,0,0,1,False,6.025390625
Dense2x40,2713,0,0,1,False,1.1962890625
Dense2x40,7505,0,0,1,False,2.4267578125
Dense2x40,7062,0,0,1,False,4.9267578125
Dense2x40,2962,0,0,1,False,6.015625
Dense2x40,1034,0,0,1,False,2.4609375
Dense2x40,4527,0,0,1,False,3.3154296875
Dense2x40,8273,0,7,1,False,0.1123046875
Dense2x40,7608,1,1,1,False,3.5791015625
Dense2x40,6601,1,1,1,False,3.1005859375
Dense2x40,5014,1,1,1,False,2.79296875
Dense2x40,6192,1,1,1,False,3.466796875
Dense2x40,1646,1,1,1,False,3.466796875
Dense2x40,8360,1,1,1,False,3.9013671875
Dense2x40,1939,1,1,1,False,2.548828125
Dense2x40,6726,1,1,1,False,3.5986328125
Dense2x40,3386,1,1,1,False,2.34375
Dense2x40,6012,1,1,1,False,3.544921875
Dense2x40,7822,1,1,1,False,1.7236328125
Dense2x40,8682,1,1,1,False,3.095703125
Dense2x40,1484,1,1,1,False,3.3349609375
Dense2x40,9898,1,1,1,False,3.10546875
Dense2x40,2277,1,1,1,False,2.1337890625
Dense2x40,1633,1,1,1,False,3.2763671875
Dense2x40,840,1,1,1,False,3.28125
Dense2x40,8636,1,1,1,False,4.1455078125
Dense2x40,8980,1,1,1,False,2.5634765625
Dense2x40,3638,1,1,1,False,3.5498046875
Dense2x40,6115,1,1,1,False,2.5439453125
Dense2x40,9039,1,1,1,False,4.052734375
Dense2x40,9737,1,1,1,False,3.28125
Dense2x40,3789,1,1,1,False,3.0859375
Dense2x40,5646,1,1,1,False,3.5400390625
Dense2x40,189,1,1,1,False,2.16796875
Dense2x40,3784,1,1,1,False,3.525390625
Dense2x40,5699,1,1,1,False,3.7890625
Dense2x40,4144,1,1,1,False,4.55078125
Dense2x40,7422,1,1,1,False,3.369140625
Dense2x40,4021,1,1,1,False,3.818359375
Dense2x40,6407,1,1,1,False,3.701171875
Dense2x40,8439,1,1,1,False,2.4609375
Dense2x40,6096,3,3,1,False,3.6865234375
Dense2x40,8060,3,3,1,False,3.8232421875
Dense2x40,5973,3,8,1,False,2.3486328125
Dense2x40,8337,3,3,1,False,4.4677734375
Dense2x40,8407,3,3,1,False,6.1865234375
Dense2x40,3515,3,3,1,False,5.0341796875
Dense2x40,3943,3,5,1,False,1.3720703125
Dense2x40,8461,3,3,1,False,4.0771484375
Dense2x40,7543,3,3,1,False,5.4296875
Dense2x40,7211,3,3,1,False,2.5634765625
Dense2x40,8397,3,3,1,False,3.701171875
Dense2x40,1976,3,3,1,False,2.9150390625
Dense2x40,7055,3,3,1,False,5.1953125
Dense2x40,4983,3,3,1,False,5.341796875
Dense2x40,1069,3,3,1,False,4.2236328125
Dense2x40,4220,3,3,1,False,2.7099609375
Dense2x40,6272,3,3,1,False,4.0576171875
Dense2x40,1608,3,3,1,False,3.408203125
Dense2x40,5815,3,3,1,False,3.798828125
Dense2x40,9202,3,3,1,False,2.0361328125
Dense2x40,7215,3,3,1,False,4.912109375
Dense2x40,3110,3,5,1,False,1.181640625
Dense2x40,7983,3,3,1,False,4.2333984375
Dense2x40,3630,3,3,1,False,4.84375
Dense2x40,5555,3,3,1,False,6.1328125
Dense2x40,7740,3,3,1,False,6.6552734375
Dense2x40,200,3,3,1,False,4.1650390625
Dense2x40,2408,3,3,1,False,0.3955078125
Dense2x40,1605,3,3,1,False,3.90625
Dense2x40,9083,3,3,1,False,5.517578125
Dense2x40,1114,3,8,1,False,0.615234375
Dense2x40,7248,3,3,1,False,1.806640625
Dense2x40,8655,3,3,1,False,3.3349609375
Dense2x19,9189,0,0,1,False,4.482421875
Dense2x19,7289,0,0,1,False,5.986328125
Dense2x19,3077,0,0,1,False,0.91796875
Dense2x19,1777,0,0,1,False,2.8369140625
Dense2x19,2641,0,0,1,False,4.3408203125
Dense2x19,4048,0,0,1,False,2.0556640625
Dense2x19,327,0,0,1,False,4.8291015625
Dense2x19,9220,0,0,1,False,6.1767578125
Dense2x19,9095,0,0,1,False,7.275390625
Dense2x19,6701,0,0,1,False,4.9560546875
Dense2x19,1411,0,0,1,False,1.9921875
Dense2x19,6808,0,0,1,False,3.2861328125
Dense2x19,8808,0,0,1,False,4.7314453125
Dense2x19,8114,0,0,1,False,7.4853515625
Dense2x19,6532,0,0,1,False,1.953125
Dense2x19,5243,0,0,1,False,3.330078125
Dense2x19,8731,0,0,1,False,4.6630859375
Dense2x19,8991,0,0,1,False,3.798828125
Dense2x19,5952,0,0,1,False,5.888671875
Dense2x19,3450,0,0,1,False,0.2490234375
Dense2x19,5435,0,0,1,False,3.916015625
Dense2x19,7791,0,0,1,False,7.275390625
Dense2x19,4739,0,0,1,False,3.701171875
Dense2x19,3347,0,0,1,False,1.943359375
Dense2x19,4650,0,0,1,False,4.74609375
Dense2x19,3803,0,0,1,False,4.306640625
Dense2x19,9527,0,0,1,False,5.0634765625
Dense2x19,6978,0,0,1,False,3.2373046875
Dense2x19,6719,0,0,1,False,6.2841796875
Dense2x19,6526,0,0,1,False,5.986328125
Dense2x19,4043,0,0,1,False,5.537109375
Dense2x19,9809,0,0,1,False,2.5244140625
Dense2x19,8056,0,0,1,False,8.0615234375
Dense2x19,4057,1,1,1,False,5.5419921875
Dense2x19,1238,1,1,1,False,5.087890625
Dense2x19,9301,1,1,1,False,3.505859375
Dense2x19,9124,1,1,1,False,4.6875
Dense2x19,9844,1,1,1,False,3.7841796875
Dense2x19,8988,1,1,1,False,4.453125
Dense2x19,6224,1,1,1,False,4.697265625
Dense2x19,3779,1,1,1,False,4.31640625
Dense2x19,9969,1,1,1,False,3.9208984375
Dense2x19,8344,1,1,1,False,4.208984375
Dense2x19,1707,1,1,1,False,3.203125
Dense2x19,4588,1,1,1,False,4.9267578125
Dense2x19,7253,1,1,1,False,3.037109375
Dense2x19,5323,1,1,1,False,3.1982421875
Dense2x19,777,1,1,1,False,4.4287109375
Dense2x19,330,1,1,1,False,4.86328125
Dense2x19,8538,1,1,1,False,4.7265625
Dense2x19,4917,1,1,1,False,3.4619140625
Dense2x19,1030,1,1,1,False,4.0966796875
Dense2x19,9819,1,1,1,False,4.6875
Dense2x19,9760,1,1,1,False,3.0078125
Dense2x19,6202,1,1,1,False,4.375
Dense2x19,1885,1,1,1,False,2.94921875
Dense2x19,994,1,1,1,False,2.7392578125
Dense2x19,4104,1,1,1,False,4.8681640625
Dense2x19,7806,1,1,1,False,3.8427734375
Dense2x19,5689,1,1,1,False,4.8193359375
Dense2x19,6712,1,1,1,False,5.09765625
Dense2x19,377,1,1,1,False,4.23828125
Dense2x19,9324,1,1,1,False,4.111328125
Dense2x19,9435,1,1,1,False,4.1650390625
Dense2x19,5052,1,1,1,False,3.271484375
Dense2x19,9593,1,1,1,False,4.7412109375
Dense2x19,4270,3,3,1,False,1.796875
Dense2x19,9022,3,3,1,False,0.888671875
Dense2x19,8263,3,3,1,False,1.5185546875
Dense2x19,8451,3,3,1,False,4.7412109375
Dense2x19,9804,3,3,1,False,2.880859375
Dense2x19,1098,3,3,1,False,2.412109375
Dense2x19,87,3,3,1,False,1.396484375
Dense2x19,7981,3,3,1,False,6.748046875
Dense2x19,2623,3,3,1,False,2.7392578125
Dense2x19,9479,3,3,1,False,2.2607421875
Dense2x19,8130,3,3,1,False,4.00390625
Dense2x19,6875,3,3,1,False,4.8681640625
Dense2x19,7250,3,3,1,False,5.0634765625
Dense2x19,309,3,3,1,False,3.59375
Dense2x19,8856,3,3,1,False,3.984375
Dense2x19,958,3,3,1,False,0.6982421875
Dense2x19,6030,3,3,1,False,1.58203125
Dense2x19,3146,3,3,1,False,1.2841796875
Dense2x19,8419,3,3,1,False,3.2421875
Dense2x19,6569,3,3,1,False,1.3623046875
Dense2x19,6213,3,3,1,False,4.12109375
Dense2x19,5703,3,3,1,False,4.306640625
Dense2x19,1513,3,3,1,False,2.4462890625
Dense2x19,5625,3,3,1,False,4.326171875
Dense2x19,6413,3,3,1,False,6.8505859375
Dense2x19,3083,3,3,1,False,5.78125
Dense2x19,1797,3,3,1,False,1.7041015625
Dense2x19,2075,3,3,1,False,2.9638671875
Dense2x19,8271,3,3,1,False,4.0673828125
Dense2x19,3217,3,3,1,False,6.416015625
Dense2x19,1204,3,7,1,False,0.5517578125
Dense2x19,7656,3,3,1,False,2.3388671875
Dense2x19,200,3,3,1,False,3.9111328125
Dense3x36,3481,0,0,1,False,4.326171875
Dense3x36,8057,0,0,1,False,6.19140625
Dense3x36,7810,0,0,1,False,7.5830078125
Dense3x36,597,0,0,1,False,1.2060546875
Dense3x36,608,0,0,1,False,2.470703125
Dense3x36,5320,0,0,1,False,3.41796875
Dense3x36,4146,0,0,1,False,2.1728515625
Dense3x36,28,0,0,1,False,4.5458984375
Dense3x36,9405,0,0,1,False,5.0732421875
Dense3x36,6786,0,0,1,False,5.3076171875
Dense3x36,7866,0,0,1,False,5.15625
Dense3x36,6117,0,0,1,False,5.2978515625
Dense3x36,7385,0,0,1,False,4.8828125
Dense3x36,2531,0,0,1,False,3.5595703125
Dense3x36,2873,0,0,1,False,3.388671875
Dense3x36,5806,0,0,1,False,3.57421875
Dense3x36,8748,0,0,1,False,4.4580078125
Dense3x36,6015,0,0,1,False,2.158203125
Dense3x36,3317,0,0,1,False,2.5634765625
Dense3x36,5513,0,0,1,False,4.1748046875
Dense3x36,8342,0,0,1,False,3.8232421875
Dense3x36,7780,0,0,1,False,6.8212890625
Dense3x36,1558,0,0,1,False,2.8125
Dense3x36,2717,0,0,1,False,4.0966796875
Dense3x36,8818,0,0,1,False,4.140625
Dense3x36,611,0,0,1,False,4.5703125
Dense3x36,3540,0,0,1,False,3.84765625
Dense3x36,9137,0,0,1,False,6.328125
Dense3x36,4604,0,0,1,False,4.4189453125
Dense3x36,3734,0,0,1,False,2.94921875
Dense3x36,6808,0,0,1,False,3.8916015625
Dense3x36,1176,0,0,1,False,2.6953125
Dense3x36,2385,0,0,1,False,3.349609375
Dense3x36,9570,1,1,1,False,2.8369140625
Dense3x36,1483,1,1,1,False,1.728515625
Dense3x36,9795,1,1,1,False,1.064453125
Dense3x36,5331,1,6,1,False,0.908203125
Dense3x36,1691,1,1,1,False,1.30859375
Dense3x36,9180,1,1,1,False,2.4951171875
Dense3x36,3097,1,1,1,False,2.1044921875
Dense3x36,4201,1,7,1,False,0.4833984375
Dense3x36,3175,1,1,1,False,2.63671875
Dense3x36,768,1,1,1,False,2.7490234375
Dense3x36,314,1,1,1,False,2.8515625
Dense3x36,2266,1,6,1,False,0.9375
Dense3x36,3214,1,1,1,False,1.6943359375
Dense3x36,790,1,1,1,False,2.2900390625
Dense3x36,6044,1,1,1,False,1.71875
Dense3x36,831,1,1,1,False,2.5439453125
Dense3x36,8449,1,1,1,False,2.578125
Dense3x36,4195,1,1,1,False,2.744140625
Dense3x36,7424,1,1,1,False,2.001953125
Dense3x36,6891,1,1,1,False,2.55859375
Dense3x36,3900,1,1,1,False,2.666015625
Dense3x36,5738,1,1,1,False,2.373046875
Dense3x36,8045,1,1,1,False,2.666015625
Dense3x36,7091,1,1,1,False,2.744140625
Dense3x36,4021,1,1,1,False,2.685546875
Dense3x36,8352,1,1,1,False,2.1728515625
Dense3x36,7527,1,1,1,False,2.333984375
Dense3x36,5081,1,1,1,False,2.7099609375
Dense3x36,9760,1,1,1,False,2.099609375
Dense3x36,7399,1,1,1,False,2.63671875
Dense3x36,6356,1,1,1,False,2.7880859375
Dense3x36,7447,1,1,1,False,2.0068359375
Dense3x36,393,1,1,1,False,2.4267578125
Dense3x36,9227,3,3,1,False,2.314453125
Dense3x36,1109,3,3,1,False,3.8525390625
Dense3x36,6681,3,3,1,False,2.060546875
Dense3x36,9604,3,3,1,False,2.8759765625
Dense3x36,1828,3,5,1,False,0.185546875
Dense3x36,9157,3,3,1,False,4.2529296875
Dense3x36,6160,3,8,1,False,0.8837890625
Dense3x36,3953,3,3,1,False,2.158203125
Dense3x36,819,3,3,1,False,3.7451171875
Dense3x36,2453,3,3,1,False,1.9970703125
Dense3x36,8014,3,3,1,False,1.9287109375
Dense3x36,6204,3,3,1,False,2.1826171875
Dense3x36,4758,3,3,1,False,2.7490234375
Dense3x36,2629,3,3,1,False,0.8203125
Dense3x36,8716,3,3,1,False,2.275390625
Dense3x36,574,3,3,1,False,1.9287109375
Dense3x36,4925,3,3,1,False,2.87109375
Dense3x36,7350,3,3,1,False,2.783203125
Dense3x36,9177,3,3,1,False,4.0966796875
Dense3x36,9965,3,3,1,False,2.8076171875
Dense3x36,7010,3,3,1,False,3.2568359375
Dense3x36,3010,3,3,1,False,1.9189453125
Dense3x36,6030,3,8,1,False,1.2158203125
Dense3x36,1479,3,3,1,False,3.3349609375
Dense3x36,4836,3,3,1,False,1.259765625
Dense3x36,9881,3,3,1,False,0.3955078125
Dense3x36,1166,3,5,1,False,0.33203125
Dense3x36,4044,3,3,1,False,1.123046875
Dense3x36,5150,3,3,1,False,4.775390625
Dense3x36,1953,3,3,1,False,2.1875
Dense3x36,30,3,3,1,False,2.67578125
Dense3x36,3475,3,3,1,False,0.8056640625
Dense3x36,381,3,7,1,False,0.673828125
Dense2x32,3710,0,0,1,False,2.119140625
Dense2x32,6259,0,0,1,False,4.921875
Dense2x32,3680,0,0,1,False,6.2939453125
Dense2x32,7084,0,0,1,False,2.724609375
Dense2x32,3959,0,0,1,False,5.3466796875
Dense2x32,4937,0,0,1,False,4.82421875
Dense2x32,2932,0,0,1,False,2.4853515625
Dense2x32,9436,0,0,1,False,2.9150390625
Dense2x32,7817,0,0,1,False,7.3388671875
Dense2x32,5251,0,0,1,False,3.974609375
Dense2x32,8808,0,0,1,False,5.4150390625
Dense2x32,2641,0,0,1,False,5.4931640625
Dense2x32,567,0,0,1,False,2.4267578125
Dense2x32,3322,0,0,1,False,3.2275390625
Dense2x32,8335,0,0,1,False,3.740234375
Dense2x32,1712,0,0,1,False,3.2470703125
Dense2x32,9552,0,0,1,False,4.560546875
Dense2x32,312,0,0,1,False,5.419921875
Dense2x32,7263,0,0,1,False,3.9697265625
Dense2x32,1297,0,0,1,False,5.166015625
Dense2x32,704,0,0,1,False,3.212890625
Dense2x32,5051,0,0,1,False,5.3515625
Dense2x32,5369,0,0,1,False,7.3974609375
Dense2x32,2649,0,0,1,False,8.955078125
Dense2x32,997,0,0,1,False,6.2548828125
Dense2x32,1231,0,0,1,False,4.228515625
Dense2x32,7810,0,0,1,False,7.67578125
Dense2x32,1273,0,0,1,False,2.578125
Dense2x32,8614,0,0,1,False,4.3603515625
Dense2x32,5899,0,0,1,False,3.7744140625
Dense2x32,8858,0,0,1,False,6.4208984375
Dense2x32,4923,0,0,1,False,4.4873046875
Dense2x32,750,0,0,1,False,3.486328125
Dense2x32,385,1,1,1,False,3.134765625
Dense2x32,4069,1,1,1,False,3.4228515625
Dense2x32,2175,1,1,1,False,2.431640625
Dense2x32,9345,1,1,1,False,3.33984375
Dense2x32,663,1,1,1,False,3.8818359375
Dense2x32,9155,1,1,1,False,3.046875
Dense2x32,9705,1,1,1,False,3.1494140625
Dense2x32,8568,1,1,1,False,4.2138671875
Dense2x32,1318,1,1,1,False,2.734375
Dense2x32,7900,1,8,1,False,0.41015625
Dense2x32,7171,1,1,1,False,3.2080078125
Dense2x32,4951,1,1,1,False,1.591796875
Dense2x32,8633,1,1,1,False,3.544921875
Dense2x32,735,1,1,1,False,3.3544921875
Dense2x32,9641,1,1,1,False,2.34375
Dense2x32,8682,1,1,1,False,3.2666015625
Dense2x32,9602,1,1,1,False,2.822265625
Dense2x32,3386,1,1,1,False,2.3974609375
Dense2x32,4927,1,1,1,False,3.41796875
Dense2x32,3900,1,1,1,False,3.0322265625
Dense2x32,1884,1,1,1,False,3.28125
Dense2x32,6819,1,1,1,False,3.701171875
Dense2x32,9140,1,1,1,False,3.9892578125
Dense2x32,3765,1,1,1,False,4.052734375
Dense2x32,4602,1,1,1,False,2.9052734375
Dense2x32,9549,1,1,1,False,2.9638671875
Dense2x32,8261,1,1,1,False,2.919921875
Dense2x32,9489,1,1,1,False,3.896484375
Dense2x32,5746,1,1,1,False,1.3623046875
Dense2x32,3175,1,1,1,False,3.1689453125
Dense2x32,9520,1,1,1,False,2.8955078125
Dense2x32,7920,1,8,1,False,0.0244140625
Dense2x32,1434,1,1,1,False,3.9453125
Dense2x32,6103,3,3,1,False,5.87890625
Dense2x32,7435,3,3,1,False,4.3115234375
Dense2x32,9882,3,3,1,False,0.5126953125
Dense2x32,2623,3,3,1,False,2.9248046875
Dense2x32,4106,3,3,1,False,2.431640625
Dense2x32,595,3,3,1,False,2.0458984375
Dense2x32,8489,3,3,1,False,2.705078125
Dense2x32,8115,3,3,1,False,3.3837890625
Dense2x32,2684,3,3,1,False,1.8896484375
Dense2x32,4688,3,3,1,False,4.755859375
Dense2x32,5248,3,3,1,False,4.19921875
Dense2x32,7841,3,3,1,False,5.478515625
Dense2x32,9579,3,3,1,False,4.6533203125
Dense2x32,4270,3,3,1,False,2.2705078125
Dense2x32,2853,3,3,1,False,0.810546875
Dense2x32,9308,3,3,1,False,2.2998046875
Dense2x32,9342,3,3,1,False,0.732421875
Dense2x32,849,3,3,1,False,4.208984375
Dense2x32,648,3,3,1,False,5.4345703125
Dense2x32,2840,3,3,1,False,2.0703125
Dense2x32,2392,3,3,1,False,4.8828125
Dense2x32,6873,3,3,1,False,4.1748046875
Dense2x32,6542,3,3,1,False,1.337890625
Dense2x32,2945,3,9,1,False,0.78125
Dense2x32,5038,3,3,1,False,0.380859375
Dense2x32,8975,3,3,1,False,4.8486328125
Dense2x32,747,3,3,1,False,4.794921875
Dense2x32,9431,3,3,1,False,3.330078125
Dense2x32,2032,3,3,1,False,3.5400390625
Dense2x32,7170,3,3,1,False,4.0478515625
Dense2x32,5585,3,3,1,False,6.1279296875
Dense2x32,5734,3,7,1,False,2.5244140625
Dense2x32,7407,3,3,1,False,4.8779296875
Dense3x48,2403,0,0,1,False,4.21875
Dense3x48,3805,0,0,1,False,2.91015625
Dense3x48,5806,0,0,1,False,4.0673828125
Dense3x48,7933,0,0,1,False,5.41015625
Dense3x48,4091,0,0,1,False,3.173828125
Dense3x48,4281,0,0,1,False,3.076171875
Dense3x48,5443,0,0,1,False,3.9306640625
Dense3x48,3481,0,0,1,False,4.1845703125
Dense3x48,9724,0,0,1,False,2.87109375
Dense3x48,5243,0,0,1,False,2.9736328125
Dense3x48,4329,0,0,1,False,3.037109375
Dense3x48,3016,0,0,1,False,5.5712890625
Dense3x48,5483,0,0,1,False,2.4951171875
Dense3x48,4477,0,6,1,False,0.625
Dense3x48,6532,0,5,1,False,0.1025390625
Dense3x48,7381,0,0,1,False,3.7109375
Dense3x48,7446,0,0,1,False,3.1201171875
Dense3x48,9425,0,0,1,False,2.802734375
Dense3x48,1565,0,0,1,False,2.8369140625
Dense3x48,5942,0,0,1,False,6.4794921875
Dense3x48,7537,0,0,1,False,4.1796875
Dense3x48,1203,0,0,1,False,5.4345703125
Dense3x48,7625,0,0,1,False,4.1845703125
Dense3x48,6970,0,0,1,False,4.3212890625
Dense3x48,441,0,0,1,False,3.3740234375
Dense3x48,7231,0,0,1,False,2.9736328125
Dense3x48,981,0,0,1,False,3.310546875
Dense3x48,2531,0,0,1,False,3.837890625
Dense3x48,7506,0,0,1,False,4.6484375
Dense3x48,2641,0,0,1,False,3.623046875
Dense3x48,9930,0,0,1,False,2.63671875
Dense3x48,7727,0,0,1,False,5.2880859375
Dense3x48,4447,0,0,1,False,4.1455078125
Dense3x48,8340,1,1,1,False,2.65625
Dense3x48,1934,1,1,1,False,2.822265625
Dense3x48,4595,1,1,1,False,3.3154296875
Dense3x48,9594,1,1,1,False,1.376953125
Dense3x48,9661,1,1,1,False,2.0166015625
Dense3x48,3784,1,1,1,False,3.0517578125
Dense3x48,2704,1,1,1,False,1.953125
Dense3x48,5499,1,1,1,False,1.962890625
Dense3x48,4212,1,1,1,False,1.2353515625
Dense3x48,7262,1,1,1,False,2.24609375
Dense3x48,6162,1,1,1,False,2.8369140625
Dense3x48,2324,1,1,1,False,2.5390625
Dense3x48,2359,1,1,1,False,2.607421875
Dense3x48,9039,1,1,1,False,2.6953125
Dense3x48,7299,1,1,1,False,2.7587890625
Dense3x48,350,1,1,1,False,2.275390625
Dense3x48,5893,1,1,1,False,2.3974609375
Dense3x48,6928,1,1,1,False,2.7978515625
Dense3x48,8745,1,1,1,False,2.6416015625
Dense3x48,4853,1,1,1,False,2.5439453125
Dense3x48,5044,1,1,1,False,2.71484375
Dense3x48,8600,1,1,1,False,2.9296875
Dense3x48,8088,1,1,1,False,2.5439453125
Dense3x48,1483,1,1,1,False,2.373046875
Dense3x48,7600,1,1,1,False,2.6904296875
Dense3x48,5520,1,1,1,False,2.861328125
Dense3x48,749,1,1,1,False,2.03125
Dense3x48,4005,1,1,1,False,2.3681640625
Dense3x48,1397,1,1,1,False,2.75390625
Dense3x48,5848,1,1,1,False,2.6171875
Dense3x48,8367,1,1,1,False,2.021484375
Dense3x48,7468,1,1,1,False,2.7685546875
Dense3x48,8118,1,1,1,False,2.880859375
Dense3x48,4393,3,3,1,False,3.125
Dense3x48,7771,3,3,1,False,4.27734375
Dense3x48,505,3,3,1,False,2.1533203125
Dense3x48,9235,3,3,1,False,3.7548828125
Dense3x48,8655,3,3,1,False,2.060546875
Dense3x48,7326,3,3,1,False,4.423828125
Dense3x48,1066,3,3,1,False,1.923828125
Dense3x48,7103,3,3,1,False,2.8076171875
Dense3x48,9063,3,3,1,False,3.0859375
Dense3x48,5273,3,3,1,False,2.783203125
Dense3x48,7233,3,3,1,False,1.3134765625
Dense3x48,7692,3,3,1,False,0.6982421875
Dense3x48,6381,3,3,1,False,2.7880859375
Dense3x48,3493,3,3,1,False,2.2119140625
Dense3x48,578,3,8,1,False,0.15625
Dense3x48,3221,3,3,1,False,4.052734375
Dense3x48,9491,3,3,1,False,2.44140625
Dense3x48,1384,3,3,1,False,1.083984375
Dense3x48,1539,3,3,1,False,2.08984375
Dense3x48,3943,3,5,1,False,0.771484375
Dense3x48,9727,3,3,1,False,2.2412109375
Dense3x48,4740,3,5,1,False,0.4443359375
Dense3x48,8201,3,3,1,False,3.1689453125
Dense3x48,5841,3,3,1,False,0.4931640625
Dense3x48,2756,3,3,1,False,1.8701171875
Dense3x48,7215,3,3,1,False,1.7041015625
Dense3x48,2555,3,3,1,False,3.9111328125
Dense3x48,4494,3,3,1,False,1.26953125
Dense3x48,1600,3,3,1,False,0.419921875
Dense3x48,9670,3,3,1,False,1.6357421875
Dense3x48,648,3,3,1,False,3.8134765625
Dense3x48,1204,3,3,1,False,0.6591796875
Dense3x48,1205,3,3,1,False,2.919921875
Dense1x60,9223,0,0,1,False,7.275390625
Dense1x60,3,0,0,1,False,5.4296875
Dense1x60,4404,0,0,1,False,3.90625
Dense1x60,6129,0,0,1,False,6.123046875
Dense1x60,4531,0,0,1,False,2.4609375
Dense1x60,7161,0,0,1,False,4.0087890625
Dense1x60,9179,0,0,1,False,6.07421875
Dense1x60,4392,0,0,1,False,4.931640625
Dense1x60,3322,0,0,1,False,1.6650390625
Dense1x60,4819,0,0,1,False,2.20703125
Dense1x60,3013,0,0,1,False,4.5703125
Dense1x60,8611,0,0,1,False,4.8583984375
Dense1x60,6428,0,0,1,False,1.337890625
Dense1x60,5463,0,0,1,False,7.255859375
Dense1x60,1870,0,0,1,False,3.0126953125
Dense1x60,9455,0,0,1,False,4.21875
Dense1x60,7139,0,0,1,False,5.0341796875
Dense1x60,5290,0,0,1,False,3.9990234375
Dense1x60,993,0,0,1,False,3.5546875
Dense1x60,2188,0,0,1,False,2.7490234375
Dense1x60,7452,0,0,1,False,3.6181640625
Dense1x60,6250,0,0,1,False,4.0478515625
Dense1x60,7889,0,0,1,False,7.1923828125
Dense1x60,6621,0,0,1,False,1.220703125
Dense1x60,3479,0,0,1,False,2.8759765625
Dense1x60,9060,0,0,1,False,10.3564453125
Dense1x60,8558,0,0,1,False,4.7900390625
Dense1x60,620,0,0,1,False,3.1982421875
Dense1x60,5051,0,0,1,False,2.4072265625
Dense1x60,2328,0,0,1,False,1.6357421875
Dense1x60,4720,0,0,1,False,4.9267578125
Dense1x60,1535,0,0,1,False,4.3408203125
Dense1x60,5893,1,1,1,False,3.876953125
Dense1x60,4303,1,1,1,False,3.2373046875
Dense1x60,7527,1,1,1,False,3.30078125
Dense1x60,5327,1,1,1,False,4.140625
Dense1x60,529,1,1,1,False,5.1708984375
Dense1x60,476,1,1,1,False,4.9072265625
Dense1x60,1994,1,1,1,False,4.619140625
Dense1x60,9923,1,1,1,False,4.1259765625
Dense1x60,2965,1,1,1,False,3.857421875
Dense1x60,4984,1,1,1,False,4.033203125
Dense1x60,7053,1,1,1,False,2.3681640625
Dense1x60,8809,1,1,1,False,3.1640625
Dense1x60,6604,1,1,1,False,3.41796875
Dense1x60,8239,1,1,1,False,3.3984375
Dense1x60,8159,1,1,1,False,3.4765625
Dense1x60,3259,1,1,1,False,3.92578125
Dense1x60,2928,1,1,1,False,3.662109375
Dense1x60,9120,1,1,1,False,4.091796875
Dense1x60,9005,1,1,1,False,4.0673828125
Dense1x60,695,1,1,1,False,3.65234375
Dense1x60,3281,1,1,1,False,4.4287109375
Dense1x60,5722,1,1,1,False,4.052734375
Dense1x60,2753,1,1,1,False,2.2216796875
Dense1x60,7738,1,1,1,False,2.685546875
Dense1x60,8396,1,1,1,False,2.8271484375
Dense1x60,7468,1,1,1,False,3.57421875
Dense1x60,1791,1,1,1,False,4.443359375
Dense1x60,3320,1,1,1,False,3.6279296875
Dense1x60,7176,1,1,1,False,3.53515625
Dense1x60,5128,1,1,1,False,3.4716796875
Dense1x60,5318,1,1,1,False,4.150390625
Dense1x60,652,1,1,1,False,5.37109375
Dense1x60,8684,3,3,1,False,2.294921875
Dense1x60,5766,3,3,1,False,5.224609375
Dense1x60,3795,3,3,1,False,2.109375
Dense1x60,6432,3,3,1,False,0.9033203125
Dense1x60,5019,3,3,1,False,4.0380859375
Dense1x60,1769,3,3,1,False,2.724609375
Dense1x60,8970,3,3,1,False,6.552734375
Dense1x60,8296,3,3,1,False,0.7177734375
Dense1x60,2575,3,3,1,False,5.4736328125
Dense1x60,3300,3,3,1,False,2.421875
Dense1x60,9905,3,7,1,False,1.0595703125
Dense1x60,2229,3,3,1,False,1.97265625
Dense1x60,2441,3,3,1,False,1.8017578125
Dense1x60,51,3,3,1,False,5.517578125
Dense1x60,5684,0,0,1,False,5.76171875
Dense1x60,9677,0,0,1,False,1.09375
Dense1x60,1972,0,0,1,False,4.23828125
Dense1x60,148,0,0,1,False,3.7939453125
Dense1x60,192,0,0,1,False,3.6572265625
Dense1x60,1808,0,0,1,False,3.3935546875
Dense1x60,380,0,0,1,False,2.197265625
Dense1x60,9310,0,0,1,False,3.22265625
Dense1x60,9167,0,0,1,False,6.5087890625
Dense1x60,7617,0,0,1,False,4.8095703125
Dense1x60,4604,0,0,1,False,6.4453125
Dense1x60,1047,0,0,1,False,4.111328125
Dense1x60,4554,0,0,1,False,6.9091796875
Dense1x60,4739,0,0,1,False,4.04296875
Dense1x60,4329,0,0,1,False,3.59375
Dense1x60,6786,0,0,1,False,6.8310546875
Dense1x60,3242,0,0,1,False,4.74609375
Dense1x60,9739,0,0,1,False,3.2421875
Dense1x60,7216,0,0,1,False,0.283203125
Dense1x60,804,0,0,1,False,3.916015625
Dense1x60,4062,0,0,1,False,5.3125
Dense1x60,5147,0,0,1,False,3.7890625
Dense1x60,1195,0,0,1,False,4.53125
Dense1x60,7830,0,0,1,False,8.5888671875
Dense1x60,8414,0,0,1,False,4.4140625
Dense1x60,4150,0,0,1,False,6.6162109375
Dense1x60,9704,0,0,1,False,4.74609375
Dense1x60,2627,0,0,1,False,4.140625
Dense1x60,3412,0,0,1,False,1.1474609375
Dense1x60,4361,0,0,1,False,2.978515625
Dense1x60,3265,0,0,1,False,5.322265625
Dense1x60,365,0,0,1,False,2.67578125
Dense1x60,4462,0,0,1,False,6.09375
Dense1x60,997,0,0,1,False,5.7470703125
Dense1x60,5870,0,0,1,False,2.021484375
Dense1x60,9542,0,0,1,False,4.43359375
Dense1x60,5443,0,0,1,False,5.9619140625
Dense1x60,9865,0,0,1,False,2.587890625
Dense1x60,6319,0,0,1,False,6.337890625
Dense1x60,6429,0,0,1,False,5.1513671875
Dense1x60,7354,0,0,1,False,4.1650390625
Dense1x60,7049,0,0,1,False,0.888671875
Dense1x60,2295,0,0,1,False,3.4228515625
Dense1x60,2714,0,0,1,False,4.74609375
Dense1x60,7646,0,0,1,False,4.9462890625
Dense1x60,2096,0,0,1,False,5.1953125
Dense1x60,4631,0,0,1,False,7.9443359375
Dense1x60,6072,0,0,1,False,6.1376953125
Dense1x60,4804,0,0,1,False,9.31640625
Dense1x60,2972,0,0,1,False,3.857421875
Dense1x60,821,0,0,1,False,2.6318359375
Dense1x60,8152,0,0,1,False,6.181640625
Dense1x60,1034,0,0,1,False,2.568359375
Dense1x60,9527,0,0,1,False,6.572265625
Dense1x60,6651,0,5,1,False,1.572265625
Dense1x60,5008,0,0,1,False,3.1005859375
Dense1x60,9611,0,0,1,False,4.00390625
Dense1x60,3989,0,0,1,False,3.2763671875
Dense1x60,1148,0,0,1,False,4.6435546875
Dense1x60,1610,0,0,1,False,4.765625
Dense1x60,7601,0,0,1,False,5.09765625
Dense1x60,2506,0,0,1,False,7.2509765625
Dense1x60,6588,0,0,1,False,4.2529296875
Dense1x60,2106,0,0,1,False,6.328125
Dense1x60,6757,1,1,1,False,4.853515625
Dense1x60,5535,1,1,1,False,3.9306640625
Dense1x60,9978,1,1,1,False,3.96484375
Dense1x60,3747,1,1,1,False,3.740234375
Dense1x60,2719,1,1,1,False,2.3779296875
Dense1x60,4039,1,1,1,False,3.7548828125
Dense1x60,385,1,1,1,False,4.1552734375
Dense1x60,6902,1,1,1,False,3.984375
Dense1x60,7934,1,1,1,False,1.71875
Dense1x60,4574,1,1,1,False,3.6962890625
Dense1x60,5406,1,1,1,False,2.1923828125
Dense1x60,7790,1,1,1,False,3.3740234375
Dense1x60,8100,1,1,1,False,4.296875
Dense1x60,6005,1,1,1,False,1.3330078125
Dense1x60,1897,1,1,1,False,4.7412109375
Dense1x60,3253,1,1,1,False,3.4619140625
Dense1x60,4409,1,1,1,False,2.8955078125
Dense1x60,107,1,1,1,False,2.48046875
Dense1x60,7784,1,1,1,False,2.7978515625
Dense1x60,3699,1,1,1,False,4.3896484375
Dense1x60,3353,1,1,1,False,4.35546875
Dense1x60,7165,1,1,1,False,3.8330078125
Dense1x60,7591,1,1,1,False,3.5107421875
Dense1x60,1040,1,1,1,False,3.4326171875
Dense1x60,615,1,1,1,False,3.2080078125
Dense1x60,1211,1,1,1,False,3.3642578125
Dense1x60,7091,1,1,1,False,3.4912109375
Dense1x60,8914,1,1,1,False,3.623046875
Dense1x60,3454,1,1,1,False,5.2392578125
Dense1x60,6733,1,1,1,False,4.462890625
Dense1x60,7618,1,1,1,False,5.234375
Dense1x60,3641,1,1,1,False,4.541015625
Dense1x60,1136,1,1,1,False,3.203125
Dense1x60,8305,1,1,1,False,4.27734375
Dense1x60,1397,1,1,1,False,4.4873046875
Dense1x60,4972,1,1,1,False,3.271484375
Dense1x60,977,1,1,1,False,4.1748046875
Dense1x60,6913,1,1,1,False,4.08203125
Dense1x60,3464,1,1,1,False,3.7548828125
Dense1x60,6310,1,1,1,False,3.857421875
Dense1x60,9653,1,1,1,False,1.162109375
Dense1x60,190,1,1,1,False,3.33984375
Dense1x60,640,1,1,1,False,4.7314453125
Dense1x60,5314,1,1,1,False,4.1943359375
Dense1x60,9395,1,1,1,False,4.365234375
Dense1x60,6502,1,1,1,False,3.6767578125
Dense1x60,6012,1,1,1,False,4.12109375
Dense1x60,7453,1,1,1,False,2.9150390625
Dense1x60,6618,1,1,1,False,1.9287109375
Dense1x60,1129,1,1,1,False,4.013671875
Dense1x60,5442,1,1,1,False,3.359375
Dense1x60,735,1,1,1,False,4.462890625
Dense1x60,5831,1,1,1,False,3.1787109375
Dense1x60,2984,1,1,1,False,3.837890625
Dense1x60,4931,1,1,1,False,5.166015625
Dense1x60,3196,1,1,1,False,1.7138671875
Dense1x60,7299,1,1,1,False,4.08203125
Dense1x60,7223,1,1,1,False,3.02734375
Dense1x60,4685,1,1,1,False,4.091796875
Dense1x60,3386,1,1,1,False,3.056640625
Dense1x60,9689,1,1,1,False,3.876953125
Dense1x60,2421,1,1,1,False,4.0380859375
Dense1x60,3673,1,1,1,False,4.1796875
Dense1x60,4564,1,1,1,False,4.5458984375
Dense1x60,3642,3,3,1,False,6.0888671875
Dense1x60,5760,3,3,1,False,3.544921875
Dense1x60,1479,3,3,1,False,5.7470703125
Dense1x60,2813,3,3,1,False,2.939453125
Dense1x60,7233,3,3,1,False,0.5029296875
Dense1x60,9925,3,2,1,False,0.7421875
Dense1x60,5248,3,3,1,False,4.677734375
Dense1x60,216,3,3,1,False,4.0234375
Dense1x60,1661,3,3,1,False,5.01953125
Dense1x60,7993,3,3,1,False,3.6328125
Dense1x60,5764,3,3,1,False,4.296875
Dense1x60,2684,3,7,1,False,0.44921875
Dense1x60,6575,3,5,1,False,0.3271484375
Dense1x60,524,3,3,1,False,2.3828125
Dense1x60,173,3,3,1,False,2.6171875
Dense1x60,4306,3,7,1,False,2.3388671875
Dense1x60,1798,3,3,1,False,1.5234375
Dense1x60,2501,3,3,1,False,4.8583984375
Dense1x60,8981,3,3,1,False,3.2373046875
Dense1x60,8570,3,3,1,False,6.767578125
Dense1x60,7065,3,3,1,False,4.19921875
Dense1x60,2583,3,3,1,False,3.3154296875
Dense1x60,2069,3,3,1,False,4.8193359375
Dense1x60,5359,3,3,1,False,1.630859375
Dense1x60,5882,3,3,1,False,4.0478515625
Dense1x60,2690,3,3,1,False,2.109375
Dense1x60,4018,3,3,1,False,0.0390625
Dense1x60,2785,3,3,1,False,4.12109375
Dense1x60,9365,3,3,1,False,4.892578125
Dense1x60,5780,3,3,1,False,1.8310546875
Dense1x60,142,3,3,1,False,1.5771484375
Dense1x60,1442,3,3,1,False,3.3642578125
Dense1x60,3739,3,3,1,False,1.787109375
Dense1x60,7431,3,3,1,False,4.013671875
Dense1x60,7644,3,3,1,False,2.0654296875
Dense1x60,5904,3,3,1,False,3.2861328125
Dense1x60,6481,3,3,1,False,3.3544921875
Dense1x60,8263,3,3,1,False,0.0390625
Dense1x60,9460,3,3,1,False,6.728515625
Dense1x60,8070,3,3,1,False,5.6982421875
Dense1x60,8854,3,3,1,False,4.7412109375
Dense1x60,3363,3,3,1,False,3.3740234375
Dense1x60,3432,3,3,1,False,0.8056640625
Dense1x60,3407,3,3,1,False,3.4326171875
Dense1x60,8494,3,3,1,False,4.4140625
Dense1x60,449,3,5,1,False,0.5517578125
Dense1x60,1889,3,3,1,False,1.3671875
Dense1x60,3953,3,3,1,False,2.6416015625
Dense1x60,2408,3,7,1,False,0.068359375
Dense1x60,9308,3,3,1,False,2.32421875
Dense1x60,5606,3,3,1,False,4.345703125
Dense1x60,9996,3,3,1,False,5.3662109375
Dense1x60,8154,3,3,1,False,3.876953125
Dense1x60,686,3,3,1,False,5.3515625
Dense1x60,3486,3,3,1,False,3.14453125
Dense1x60,4002,3,3,1,False,0.1171875
Dense1x60,9125,3,3,1,False,6.0595703125
Dense1x60,5346,3,3,1,False,3.5205078125
Dense1x60,8120,3,3,1,False,3.61328125
Dense1x60,3769,3,3,1,False,0.068359375
Dense1x60,3740,3,3,1,False,4.4140625
Dense1x60,8397,3,3,1,False,2.8759765625
Dense1x60,6873,3,3,1,False,4.66796875
Dense1x60,7119,3,3,1,False,3.88671875
Dense1x60,2594,3,3,1,False,0.9423828125
Dense1x60,3975,3,3,1,False,4.5947265625
Dense1x60,2989,3,3,1,False,1.2841796875
Dense2x30,498,0,0,1,False,3.28125
Dense2x30,5505,0,0,1,False,4.7216796875
Dense2x30,854,0,0,1,False,3.2275390625
Dense2x30,608,0,0,1,False,2.24609375
Dense2x30,8851,0,0,1,False,5.7421875
Dense2x30,6937,0,0,1,False,4.5263671875
Dense2x30,4604,0,0,1,False,7.5927734375
Dense2x30,3706,0,0,1,False,3.1396484375
Dense2x30,1757,0,0,1,False,4.2919921875
Dense2x30,5301,0,0,1,False,4.21875
Dense2x30,5109,0,0,1,False,5.2099609375
Dense2x30,5567,0,0,1,False,4.7021484375
Dense2x30,1590,0,0,1,False,3.154296875
Dense2x30,4542,0,0,1,False,5.2490234375
Dense2x30,6259,0,0,1,False,5.46875
Dense2x30,7161,0,0,1,False,4.3359375
Dense2x30,2764,0,0,1,False,2.8857421875
Dense2x30,9648,0,0,1,False,5.6298828125
Dense2x30,9367,0,0,1,False,6.5966796875
Dense2x30,5838,0,0,1,False,4.84375
Dense2x30,4146,0,0,1,False,2.2265625
Dense2x30,5450,0,0,1,False,5.3515625
Dense2x30,3790,0,0,1,False,6.40625
Dense2x30,2821,0,0,1,False,4.3408203125
Dense2x30,2817,0,0,1,False,6.6943359375
Dense2x30,3698,0,0,1,False,2.3046875
Dense2x30,5320,0,0,1,False,5.78125
Dense2x30,7953,0,0,1,False,6.2451171875
Dense2x30,7261,0,0,1,False,4.4921875
Dense2x30,2777,0,0,1,False,2.8271484375
Dense2x30,5695,0,0,1,False,2.44140625
Dense2x30,2295,0,0,1,False,2.236328125
Dense2x30,7671,0,0,1,False,3.564453125
Dense2x30,6211,0,0,1,False,7.1044921875
Dense2x30,3940,0,0,1,False,6.0302734375
Dense2x30,581,0,0,1,False,6.1474609375
Dense2x30,9528,0,0,1,False,8.115234375
Dense2x30,9527,0,0,1,False,6.6162109375
Dense2x30,3052,0,0,1,False,5.4052734375
Dense2x30,3087,0,0,1,False,5.8740234375
Dense2x30,9179,0,0,1,False,5.849609375
Dense2x30,7943,0,0,1,False,7.705078125
Dense2x30,1972,0,0,1,False,5.419921875
Dense2x30,443,0,0,1,False,1.6015625
Dense2x30,1898,0,0,1,False,3.0419921875
Dense2x30,3140,0,0,1,False,3.818359375
Dense2x30,5519,0,0,1,False,3.02734375
Dense2x30,6470,0,0,1,False,6.0498046875
Dense2x30,597,0,0,1,False,3.837890625
Dense2x30,3695,0,0,1,False,6.142578125
Dense2x30,1297,0,0,1,False,4.9560546875
Dense2x30,4957,0,0,1,False,5.1904296875
Dense2x30,3458,0,0,1,False,3.92578125
Dense2x30,5259,0,0,1,False,4.4482421875
Dense2x30,7269,0,0,1,False,4.78515625
Dense2x30,9498,0,0,1,False,6.1279296875
Dense2x30,821,0,0,1,False,1.93359375
Dense2x30,5659,0,0,1,False,5.673828125
Dense2x30,424,0,0,1,False,1.8408203125
Dense2x30,4343,0,0,1,False,3.6962890625
Dense2x30,7835,0,0,1,False,7.4755859375
Dense2x30,8414,0,0,1,False,3.5107421875
Dense2x30,7133,0,0,1,False,5.234375
Dense2x30,8752,0,0,1,False,6.1962890625
Dense2x30,5531,0,0,1,False,5.5078125
Dense2x30,6287,0,0,1,False,7.4169921875
Dense2x30,126,0,0,1,False,2.2802734375
Dense2x30,1535,0,0,1,False,4.9267578125
Dense2x30,1411,0,0,1,False,3.0908203125
Dense2x30,1004,1,1,1,False,1.9873046875
Dense2x30,7581,1,1,1,False,3.876953125
Dense2x30,9143,1,1,1,False,4.35546875
Dense2x30,3464,1,1,1,False,2.548828125
Dense2x30,7217,1,1,1,False,2.978515625
Dense2x30,2421,1,1,1,False,3.564453125
Dense2x30,8118,1,1,1,False,3.681640625
Dense2x30,8088,1,1,1,False,3.5107421875
Dense2x30,5186,1,1,1,False,3.76953125
Dense2x30,1213,1,1,1,False,3.984375
Dense2x30,9682,1,1,1,False,4.3359375
Dense2x30,4170,1,1,1,False,2.65625
Dense2x30,8586,1,1,1,False,4.560546875
Dense2x30,5514,1,1,1,False,3.3447265625
Dense2x30,3276,1,1,1,False,3.4619140625
Dense2x30,5984,1,1,1,False,3.2275390625
Dense2x30,4595,1,1,1,False,4.794921875
Dense2x30,4759,1,1,1,False,2.4169921875
Dense2x30,1448,1,1,1,False,3.3349609375
Dense2x30,4014,1,1,1,False,3.9892578125
Dense2x30,2277,1,1,1,False,2.4658203125
Dense2x30,7856,1,1,1,False,0.0
Dense2x30,74,1,1,1,False,3.193359375
Dense2x30,4655,1,1,1,False,1.7919921875
Dense2x30,6948,1,1,1,False,4.0625
Dense2x30,3452,1,1,1,False,4.296875
Dense2x30,4147,1,1,1,False,2.8369140625
Dense2x30,1766,1,1,1,False,3.427734375
Dense2x30,8439,1,1,1,False,2.8564453125
Dense2x30,3211,1,1,1,False,3.3447265625
Dense2x30,2357,1,1,1,False,3.8330078125
Dense2x30,8233,1,1,1,False,3.330078125
Dense2x30,9155,1,1,1,False,3.7646484375
Dense2x30,6012,1,1,1,False,3.564453125
Dense2x30,2034,1,1,1,False,3.5302734375
Dense2x30,3175,1,1,1,False,3.2861328125
Dense2x30,5156,1,1,1,False,3.8427734375
Dense2x30,5350,1,1,1,False,3.4326171875
Dense2x30,6644,1,1,1,False,2.40234375
Dense2x30,9570,1,1,1,False,3.8671875
Dense2x30,4533,1,1,1,False,3.5009765625
Dense2x30,7900,1,8,1,False,0.0048828125
Dense2x30,7748,1,1,1,False,4.2236328125
Dense2x30,2245,1,1,1,False,2.294921875
Dense2x30,9061,1,1,1,False,3.642578125
Dense2x30,3264,1,1,1,False,3.80859375
Dense2x30,455,1,1,1,False,4.2529296875
Dense2x30,7954,1,1,1,False,2.236328125
Dense2x30,1037,1,1,1,False,4.287109375
Dense2x30,695,1,1,1,False,3.447265625
Dense2x30,5499,1,1,1,False,3.3154296875
Dense2x30,4847,1,1,1,False,2.1728515625
Dense2x30,4588,1,1,1,False,4.12109375
Dense2x30,9301,1,1,1,False,3.37890625
Dense2x30,5090,1,1,1,False,3.8671875
Dense2x30,1318,1,1,1,False,3.6376953125
Dense2x30,4646,1,1,1,False,2.7001953125
Dense2x30,2827,1,1,1,False,2.5830078125
Dense2x30,5318,1,1,1,False,4.130859375
Dense2x30,168,1,1,1,False,4.00390625
Dense2x30,1785,1,1,1,False,2.490234375
Dense2x30,1630,1,1,1,False,3.6865234375
Dense2x30,135,1,1,1,False,4.5556640625
Dense2x30,8729,1,1,1,False,3.671875
Dense2x30,4917,1,1,1,False,3.056640625
Dense2x30,4006,1,1,1,False,3.7646484375
Dense2x30,2010,1,1,1,False,1.7138671875
Dense2x30,5092,1,1,1,False,3.798828125
Dense2x30,4109,3,3,1,False,2.4462890625
Dense2x30,815,3,3,1,False,3.974609375
Dense2x30,2853,3,3,1,False,0.0732421875
Dense2x30,1265,3,3,1,False,2.1484375
Dense2x30,3146,3,3,1,False,1.3134765625
Dense2x30,1612,3,3,1,False,5.068359375
Dense2x30,3456,3,3,1,False,0.13671875
Dense2x30,7326,3,3,1,False,5.0048828125
Dense2x30,6681,3,3,1,False,2.8173828125
Dense2x30,5293,3,3,1,False,4.677734375
Dense2x30,5492,3,3,1,False,4.296875
Dense2x30,5814,3,3,1,False,2.91015625
Dense2x30,6790,3,3,1,False,3.6669921875
Dense2x30,6213,3,3,1,False,3.7548828125
Dense2x30,9365,3,3,1,False,4.7021484375
Dense2x30,3486,3,3,1,False,3.984375
Dense2x30,7350,3,3,1,False,3.0322265625
Dense2x30,8777,3,3,1,False,5.5859375
Dense2x30,3432,3,3,1,False,1.2646484375
Dense2x30,1661,3,3,1,False,4.21875
Dense2x30,3409,3,3,1,False,2.5341796875
Dense2x30,8451,3,3,1,False,4.072265625
Dense2x30,7674,3,3,1,False,3.10546875
Dense2x30,9797,3,3,1,False,4.0576171875
Dense2x30,4907,3,3,1,False,2.4169921875
Dense2x30,9460,3,3,1,False,5.56640625
Dense2x30,4586,3,3,1,False,3.80859375
Dense2x30,4306,3,7,1,False,2.63671875
Dense2x30,7398,3,3,1,False,3.251953125
Dense2x30,6194,3,3,1,False,3.7744140625
Dense2x30,6739,3,2,1,False,0.234375
Dense2x30,5283,3,3,1,False,0.87890625
Dense2x30,5625,3,3,1,False,4.1357421875
Dense2x30,8624,3,3,1,False,3.1005859375
Dense2x30,3326,3,3,1,False,2.666015625
Dense2x30,5224,3,3,1,False,3.9013671875
Dense2x30,3531,3,3,1,False,1.7041015625
Dense2x30,573,3,3,1,False,4.4873046875
Dense2x30,2955,3,3,1,False,7.24609375
Dense2x30,2075,3,3,1,False,1.8994140625
Dense2x30,3916,3,3,1,False,1.9775390625
Dense2x30,8277,3,5,1,False,0.4052734375
Dense2x30,808,3,3,1,False,3.310546875
Dense2x30,2408,3,8,1,False,0.263671875
Dense2x30,792,3,3,1,False,4.365234375
Dense2x30,8308,3,3,1,False,0.9521484375
Dense2x30,7610,3,3,1,False,3.095703125
Dense2x30,2424,3,3,1,False,2.9150390625
Dense2x30,957,3,3,1,False,3.056640625
Dense2x30,8924,3,3,1,False,3.642578125
Dense2x30,7140,3,3,1,False,3.291015625
Dense2x30,2288,3,3,1,False,3.2421875
Dense2x30,7476,3,3,1,False,2.2314453125
Dense2x30,5606,3,3,1,False,4.3408203125
Dense2x30,4494,3,3,1,False,1.9580078125
Dense2x30,9828,3,3,1,False,0.947265625
Dense2x30,6096,3,3,1,False,3.06640625
Dense2x30,3083,3,3,1,False,5.9228515625
Dense2x30,3476,3,3,1,False,1.09375
Dense2x30,6882,3,3,1,False,3.7451171875
Dense2x30,2072,3,3,1,False,3.173828125
Dense2x30,453,3,3,1,False,2.3291015625
Dense2x30,9860,3,3,1,False,2.55859375
Dense2x30,5623,3,0,1,False,0.087890625
Dense2x30,4492,3,3,1,False,2.880859375
Dense2x30,9655,3,3,1,False,0.5322265625
Dense2x30,1683,3,3,1,False,4.5458984375
Dense2x30,8435,3,3,1,False,2.880859375
Dense3x20,8351,0,0,1,False,3.3203125
Dense3x20,4891,0,0,1,False,3.6865234375
Dense3x20,1807,0,0,1,False,4.7998046875
Dense3x20,7989,0,0,1,False,5.654296875
Dense3x20,2592,0,0,1,False,5.6884765625
Dense3x20,4079,0,0,1,False,3.916015625
Dense3x20,8055,0,0,1,False,5.7470703125
Dense3x20,3959,0,0,1,False,5.37109375
Dense3x20,2932,0,0,1,False,2.7685546875
Dense3x20,8127,0,0,1,False,5.7373046875
Dense3x20,5659,0,0,1,False,6.337890625
Dense3x20,804,0,0,1,False,2.5244140625
Dense3x20,8681,0,0,1,False,4.6435546875
Dense3x20,9052,0,0,1,False,8.8671875
Dense3x20,8342,0,0,1,False,4.794921875
Dense3x20,2127,0,0,1,False,4.7900390625
Dense3x20,5452,0,0,1,False,7.8369140625
Dense3x20,597,0,0,1,False,2.75390625
Dense3x20,5718,0,0,1,False,0.4345703125
Dense3x20,4282,0,0,1,False,3.1689453125
Dense3x20,7410,0,0,1,False,2.0458984375
Dense3x20,8558,0,0,1,False,4.70703125
Dense3x20,7688,0,0,1,False,4.9609375
Dense3x20,5685,0,0,1,False,6.142578125
Dense3x20,5737,0,0,1,False,2.4658203125
Dense3x20,3895,0,0,1,False,2.353515625
Dense3x20,8382,0,0,1,False,3.6328125
Dense3x20,704,0,0,1,False,3.720703125
Dense3x20,3818,0,6,1,False,0.99609375
Dense3x20,1777,0,0,1,False,2.333984375
Dense3x20,5669,0,0,1,False,6.8115234375
Dense3x20,3830,0,0,1,False,5.322265625
Dense3x20,2660,0,0,1,False,2.734375
Dense3x20,3243,0,0,1,False,2.080078125
Dense3x20,8587,0,0,1,False,4.4482421875
Dense3x20,7449,0,0,1,False,3.3837890625
Dense3x20,7933,0,0,1,False,5.673828125
Dense3x20,6567,0,0,1,False,3.759765625
Dense3x20,7607,0,0,1,False,4.5068359375
Dense3x20,6383,0,0,1,False,4.23828125
Dense3x20,3634,0,0,1,False,2.3681640625
Dense3x20,9801,0,0,1,False,4.7265625
Dense3x20,1726,0,0,1,False,4.3896484375
Dense3x20,183,0,0,1,False,5.1123046875
Dense3x20,312,0,0,1,False,3.3740234375
Dense3x20,8634,0,0,1,False,4.0625
Dense3x20,7702,0,0,1,False,4.3017578125
Dense3x20,3540,0,0,1,False,2.12890625
Dense3x20,3790,0,0,1,False,4.5703125
Dense3x20,4150,0,0,1,False,6.8701171875
Dense3x20,3646,0,0,1,False,1.357421875
Dense3x20,6597,0,7,1,False,1.767578125
Dense3x20,5290,0,0,1,False,4.404296875
Dense3x20,5243,0,0,1,False,3.3740234375
Dense3x20,1944,0,0,1,False,5.6884765625
Dense3x20,101,0,0,1,False,4.7509765625
Dense3x20,3325,0,0,1,False,5.7958984375
Dense3x20,4065,0,9,1,False,0.0341796875
Dense3x20,6590,0,0,1,False,1.2841796875
Dense3x20,884,0,0,1,False,2.8125
Dense3x20,5828,0,0,1,False,2.705078125
Dense3x20,7289,0,0,1,False,7.6025390625
Dense3x20,7820,0,0,1,False,4.6533203125
Dense3x20,5529,0,0,1,False,4.7607421875
Dense3x20,294,0,0,1,False,3.2666015625
Dense3x20,1001,0,0,1,False,3.7548828125
Dense3x20,3883,0,0,1,False,6.38671875
Dense3x20,7084,0,0,1,False,2.412109375
Dense3x20,2748,0,0,1,False,2.2216796875
Dense3x20,3699,1,1,1,False,2.587890625
Dense3x20,7934,1,1,1,False,1.77734375
Dense3x20,7217,1,1,1,False,2.4951171875
Dense3x20,137,1,1,1,False,3.173828125
Dense3x20,8229,1,1,1,False,2.5
Dense3x20,5323,1,1,1,False,2.3291015625
Dense3x20,350,1,1,1,False,2.041015625
Dense3x20,8905,1,1,1,False,2.79296875
Dense3x20,6141,1,1,1,False,3.90625
Dense3x20,1844,1,1,1,False,2.8759765625
Dense3x20,2221,1,1,1,False,2.5634765625
Dense3x20,4674,1,1,1,False,2.1923828125
Dense3x20,4917,1,1,1,False,2.48046875
Dense3x20,2984,1,1,1,False,2.4658203125
Dense3x20,9025,1,1,1,False,1.2158203125
Dense3x20,1030,1,1,1,False,3.2470703125
Dense3x20,3457,1,1,1,False,1.796875
Dense3x20,3272,1,1,1,False,2.7099609375
Dense3x20,1254,1,1,1,False,2.71484375
Dense3x20,754,1,1,1,False,2.939453125
Dense3x20,9061,1,1,1,False,3.046875
Dense3x20,8244,1,1,1,False,2.5830078125
Dense3x20,1691,1,1,1,False,2.79296875
Dense3x20,2788,1,1,1,False,2.3095703125
Dense3x20,5732,1,1,1,False,3.1591796875
Dense3x20,7290,1,1,1,False,3.5791015625
Dense3x20,9096,1,1,1,False,3.9697265625
Dense3x20,988,1,1,1,False,2.34375
Dense3x20,3230,1,1,1,False,3.505859375
Dense3x20,2018,1,1,1,False,2.216796875
Dense3x20,5524,1,1,1,False,3.232421875
Dense3x20,8344,1,1,1,False,2.7685546875
Dense3x20,7340,1,1,1,False,3.6376953125
Dense3x20,9002,1,1,1,False,3.3935546875
Dense3x20,2136,1,1,1,False,2.5732421875
Dense3x20,8776,1,1,1,False,2.763671875
Dense3x20,2816,1,1,1,False,2.4462890625
Dense3x20,5689,1,1,1,False,3.53515625
Dense3x20,7969,1,1,1,False,3.1396484375
Dense3x20,7303,1,1,1,False,3.4423828125
Dense3x20,4168,1,1,1,False,3.8427734375
Dense3x20,4190,1,1,1,False,2.646484375
Dense3x20,5933,1,1,1,False,3.2666015625
Dense3x20,8604,1,1,1,False,3.0859375
Dense3x20,826,1,1,1,False,3.33984375
Dense3x20,2524,1,1,1,False,2.041015625
Dense3x20,6202,1,1,1,False,3.056640625
Dense3x20,2434,1,1,1,False,1.6845703125
Dense3x20,302,1,1,1,False,3.7060546875
Dense3x20,7784,1,1,1,False,3.0712890625
Dense3x20,7561,1,1,1,False,2.96875
Dense3x20,6901,1,1,1,False,3.10546875
Dense3x20,4195,1,1,1,False,2.8076171875
Dense3x20,7600,1,1,1,False,2.8173828125
Dense3x20,5614,1,1,1,False,3.0126953125
Dense3x20,7468,1,1,1,False,3.6669921875
Dense3x20,7418,1,1,1,False,2.587890625
Dense3x20,1338,1,1,1,False,3.0224609375
Dense3x20,5499,1,1,1,False,2.646484375
Dense3x20,640,1,1,1,False,2.685546875
Dense3x20,2182,1,2,1,False,1.8017578125
Dense3x20,2612,1,1,1,False,3.4228515625
Dense3x20,7319,1,1,1,False,3.544921875
Dense3x20,3276,1,1,1,False,3.2177734375
Dense3x20,2825,1,1,1,False,1.2451171875
Dense3x20,949,1,1,1,False,2.9833984375
Dense3x20,1791,1,1,1,False,3.30078125
Dense3x20,9049,1,1,1,False,2.9541015625
Dense3x20,4977,1,1,1,False,3.0615234375
Dense3x20,8970,3,3,1,False,5.64453125
Dense3x20,9670,3,3,1,False,1.6015625
Dense3x20,8916,3,3,1,False,4.951171875
Dense3x20,8924,3,3,1,False,3.88671875
Dense3x20,6862,3,3,1,False,4.2236328125
Dense3x20,7501,3,3,1,False,4.3115234375
Dense3x20,8080,3,3,1,False,4.404296875
Dense3x20,3248,3,3,1,False,3.564453125
Dense3x20,8598,3,3,1,False,3.5595703125
Dense3x20,5446,3,3,1,False,2.8466796875
Dense3x20,811,3,3,1,False,3.4130859375
Dense3x20,9365,3,3,1,False,3.5888671875
Dense3x20,3449,3,3,1,False,3.4521484375
Dense3x20,1383,3,3,1,False,2.6220703125
Dense3x20,7119,3,3,1,False,3.408203125
Dense3x20,3407,3,3,1,False,3.8623046875
Dense3x20,7849,3,3,1,False,1.2109375
Dense3x20,2072,3,3,1,False,3.30078125
Dense3x20,6061,3,3,1,False,2.59765625
Dense3x20,173,3,3,1,False,2.5390625
Dense3x20,8014,3,3,1,False,4.0234375
Dense3x20,8206,3,3,1,False,7.197265625
Dense3x20,1489,3,3,1,False,5.2783203125
Dense3x20,6059,3,8,1,False,1.7626953125
Dense3x20,657,3,3,1,False,4.7314453125
Dense3x20,9656,3,3,1,False,3.154296875
Dense3x20,2623,3,3,1,False,3.57421875
Dense3x20,8186,3,3,1,False,6.3916015625
Dense3x20,4397,3,3,1,False,2.509765625
Dense3x20,7117,3,3,1,False,2.96875
Dense3x20,3217,3,3,1,False,4.755859375
Dense3x20,4244,3,3,1,False,2.5439453125
Dense3x20,3094,3,3,1,False,2.6171875
Dense3x20,7829,3,3,1,False,2.32421875
Dense3x20,727,3,3,1,False,2.3095703125
Dense3x20,93,3,3,1,False,4.78515625
Dense3x20,6289,3,3,1,False,4.189453125
Dense3x20,5850,3,3,1,False,5.849609375
Dense3x20,6389,3,3,1,False,4.2431640625
Dense3x20,4306,3,7,1,False,1.4697265625
Dense3x20,9083,3,3,1,False,5.52734375
Dense3x20,1763,3,3,1,False,2.0361328125
Dense3x20,5638,3,3,1,False,2.9345703125
Dense3x20,5815,3,3,1,False,4.0625
Dense3x20,7690,3,3,1,False,2.8515625
Dense3x20,7214,3,3,1,False,4.2578125
Dense3x20,6767,3,3,1,False,6.357421875
Dense3x20,1519,3,3,1,False,3.7744140625
Dense3x20,6704,3,3,1,False,5.4443359375
Dense3x20,1172,3,3,1,False,3.2568359375
Dense3x20,9655,3,3,1,False,0.390625
Dense3x20,1617,3,3,1,False,2.3193359375
Dense3x20,5878,3,3,1,False,3.9013671875
Dense3x20,6465,3,3,1,False,2.841796875
Dense3x20,9742,3,3,1,False,3.0224609375
Dense3x20,408,3,3,1,False,3.349609375
Dense3x20,5538,3,3,1,False,6.0693359375
Dense3x20,9175,3,3,1,False,3.4130859375
Dense3x20,5309,3,3,1,False,4.755859375
Dense3x20,4406,3,3,1,False,3.9599609375
Dense3x20,9063,3,3,1,False,2.2998046875
Dense3x20,402,3,3,1,False,3.8916015625
Dense3x20,8703,3,3,1,False,4.1357421875
Dense3x20,5336,3,3,1,False,4.5947265625
Dense3x20,142,3,3,1,False,1.9921875
Dense3x20,7282,3,3,1,False,2.646484375
Dense3x20,1066,3,3,1,False,3.1591796875
Dense3x20,1513,3,3,1,False,2.3291015625
Dense4x15,6117,0,0,1,False,3.4326171875
Dense4x15,5435,0,0,1,False,3.4228515625
Dense4x15,8587,0,0,1,False,4.0771484375
Dense4x15,4628,0,0,1,False,2.9345703125
Dense4x15,9439,0,0,1,False,3.369140625
Dense4x15,4641,0,0,1,False,3.291015625
Dense4x15,1084,0,0,1,False,4.86328125
Dense4x15,7838,0,0,1,False,2.685546875
Dense4x15,7791,0,0,1,False,4.912109375
Dense4x15,3251,0,7,1,False,0.48828125
Dense4x15,4166,0,0,1,False,1.767578125
Dense4x15,5165,0,5,1,False,0.7958984375
Dense4x15,9358,0,0,1,False,3.7353515625
Dense4x15,365,0,0,1,False,1.6015625
Dense4x15,5531,0,0,1,False,4.6728515625
Dense4x15,5673,0,0,1,False,0.7080078125
Dense4x15,7052,0,0,1,False,3.0517578125
Dense4x15,4392,0,0,1,False,2.548828125
Dense4x15,3346,0,0,1,False,3.0078125
Dense4x15,3634,0,0,1,False,0.5810546875
Dense4x15,6526,0,0,1,False,3.759765625
Dense4x15,1195,0,0,1,False,3.1787109375
Dense4x15,6287,0,0,1,False,3.3837890625
Dense4x15,3266,0,0,1,False,1.1767578125
Dense4x15,5942,0,0,1,False,3.623046875
Dense4x15,6979,0,0,1,False,4.0673828125
Dense4x15,5415,0,0,1,False,3.8427734375
Dense4x15,9791,0,0,1,False,2.666015625
Dense4x15,9704,0,0,1,False,2.0849609375
Dense4x15,3016,0,0,1,False,2.7392578125
Dense4x15,192,0,0,1,False,3.6865234375
Dense4x15,5443,0,0,1,False,4.39453125
Dense4x15,9677,0,0,1,False,1.376953125
Dense4x15,7727,0,0,1,False,4.35546875
Dense4x15,3371,0,0,1,False,3.6181640625
Dense4x15,2894,0,0,1,False,2.119140625
Dense4x15,9440,0,0,1,False,3.466796875
Dense4x15,3368,0,0,1,False,3.1591796875
Dense4x15,4241,0,0,1,False,4.1796875
Dense4x15,9528,0,0,1,False,5.0341796875
Dense4x15,1700,0,0,1,False,1.3427734375
Dense4x15,9809,0,0,1,False,2.8271484375
Dense4x15,9983,0,0,1,False,5.888671875
Dense4x15,6968,0,0,1,False,4.755859375
Dense4x15,4043,0,0,1,False,3.7255859375
Dense4x15,2060,0,0,1,False,3.4521484375
Dense4x15,8818,0,0,1,False,4.0283203125
Dense4x15,4804,0,0,1,False,4.1650390625
Dense4x15,7782,0,0,1,False,4.345703125
Dense4x15,4834,0,0,1,False,2.4462890625
Dense4x15,5932,0,0,1,False,5.986328125
Dense4x15,6971,0,0,1,False,3.564453125
Dense4x15,2417,0,0,1,False,1.6552734375
Dense4x15,6342,0,0,1,False,4.39453125
Dense4x15,9455,0,0,1,False,2.1435546875
Dense4x15,4448,0,0,1,False,3.4619140625
Dense4x15,3903,0,0,1,False,4.66796875
Dense4x15,3695,0,0,1,False,3.3154296875
Dense4x15,5470,0,0,1,False,4.8828125
Dense4x15,7989,0,0,1,False,3.1103515625
Dense4x15,215,0,0,1,False,0.2978515625
Dense4x15,2492,0,0,1,False,3.3544921875
Dense4x15,9948,0,0,1,False,2.1728515625
Dense4x15,8849,0,0,1,False,0.9765625
Dense4x15,4642,0,0,1,False,2.548828125
Dense4x15,3735,0,0,1,False,4.736328125
Dense4x15,5305,0,0,1,False,4.6826171875
Dense4x15,8338,0,0,1,False,4.86328125
Dense4x15,3512,0,0,1,False,2.9248046875
Dense4x15,5737,0,0,1,False,1.7138671875
Dense4x15,682,1,1,1,False,2.1728515625
Dense4x15,3779,1,1,1,False,2.3095703125
Dense4x15,9356,1,1,1,False,2.3828125
Dense4x15,4179,1,1,1,False,2.607421875
Dense4x15,3733,1,1,1,False,2.3828125
Dense4x15,4951,1,1,1,False,1.34765625
Dense4x15,8324,1,1,1,False,1.533203125
Dense4x15,3649,1,1,1,False,2.880859375
Dense4x15,647,1,1,1,False,2.6513671875
Dense4x15,8004,1,1,1,False,1.3916015625
Dense4x15,994,1,1,1,False,0.8056640625
Dense4x15,9612,1,1,1,False,2.0068359375
Dense4x15,7087,1,1,1,False,1.7333984375
Dense4x15,3386,1,1,1,False,1.884765625
Dense4x15,7869,1,1,1,False,1.9580078125
Dense4x15,1753,1,1,1,False,2.51953125
Dense4x15,7626,1,1,1,False,2.79296875
Dense4x15,342,1,1,1,False,2.7734375
Dense4x15,239,1,1,1,False,2.5048828125
Dense4x15,204,1,1,1,False,1.826171875
Dense4x15,2277,1,1,1,False,1.3427734375
Dense4x15,3421,1,1,1,False,1.875
Dense4x15,3586,1,1,1,False,3.896484375
Dense4x15,9622,1,1,1,False,3.41796875
Dense4x15,1030,1,1,1,False,2.724609375
Dense4x15,5072,1,1,1,False,2.451171875
Dense4x15,2705,1,1,1,False,1.572265625
Dense4x15,2725,1,1,1,False,2.1533203125
Dense4x15,2688,1,1,1,False,2.9052734375
Dense4x15,5254,1,1,1,False,1.7431640625
Dense4x15,7806,1,1,1,False,2.8759765625
Dense4x15,5524,1,1,1,False,2.83203125
Dense4x15,1934,1,1,1,False,2.8662109375
Dense4x15,4292,1,1,1,False,3.017578125
Dense4x15,3231,1,1,1,False,2.7880859375
Dense4x15,9838,1,1,1,False,1.953125
Dense4x15,8745,1,1,1,False,2.7978515625
Dense4x15,314,1,1,1,False,2.65625
Dense4x15,5666,1,1,1,False,2.7685546875
Dense4x15,3765,1,1,1,False,2.7099609375
Dense4x15,1785,1,1,1,False,0.9130859375
Dense4x15,8020,1,8,1,False,1.494140625
Dense4x15,5148,1,1,1,False,2.3486328125
Dense4x15,2786,1,1,1,False,1.8359375
Dense4x15,8113,1,1,1,False,2.5048828125
Dense4x15,4039,1,1,1,False,2.5341796875
Dense4x15,2276,1,1,1,False,1.8115234375
Dense4x15,1430,1,1,1,False,2.548828125
Dense4x15,1766,1,1,1,False,2.3828125
Dense4x15,9795,1,1,1,False,1.93359375
Dense4x15,9096,1,1,1,False,2.9345703125
Dense4x15,1403,1,1,1,False,1.0205078125
Dense4x15,8306,1,1,1,False,2.4072265625
Dense4x15,5,1,1,1,False,2.3779296875
Dense4x15,6729,1,1,1,False,3.0859375
Dense4x15,5093,1,1,1,False,2.28515625
Dense4x15,6419,1,1,1,False,2.34375
Dense4x15,4643,1,1,1,False,1.8408203125
Dense4x15,5316,1,1,1,False,3.33984375
Dense4x15,6278,1,1,1,False,2.7783203125
Dense4x15,1360,1,1,1,False,2.24609375
Dense4x15,7344,1,1,1,False,2.333984375
Dense4x15,2590,1,1,1,False,2.8955078125
Dense4x15,7442,1,1,1,False,2.65625
Dense4x15,8090,1,1,1,False,2.7685546875
Dense4x15,2661,1,1,1,False,2.275390625
Dense4x15,2355,1,1,1,False,2.8125
Dense4x15,7468,1,1,1,False,1.34765625
Dense4x15,7211,3,3,1,False,3.9501953125
Dense4x15,6957,3,3,1,False,3.8037109375
Dense4x15,7993,3,3,1,False,6.9091796875
Dense4x15,991,3,3,1,False,5.1416015625
Dense4x15,3448,3,1,1,False,0.41015625
Dense4x15,7476,3,3,1,False,0.9716796875
Dense4x15,2853,3,3,1,False,1.2939453125
Dense4x15,1608,3,3,1,False,4.296875
Dense4x15,7024,3,3,1,False,4.0234375
Dense4x15,4552,3,3,1,False,1.6162109375
Dense4x15,6011,3,3,1,False,2.099609375
Dense4x15,8785,3,3,1,False,3.2275390625
Dense4x15,8277,3,3,1,False,0.2783203125
Dense4x15,1503,3,3,1,False,2.8759765625
Dense4x15,2989,3,3,1,False,1.337890625
Dense4x15,957,3,3,1,False,4.091796875
Dense4x15,4277,3,3,1,False,2.421875
Dense4x15,614,3,3,1,False,0.908203125
Dense4x15,1983,3,3,1,False,1.6064453125
Dense4x15,5019,3,3,1,False,2.7783203125
Dense4x15,683,3,3,1,False,1.58203125
Dense4x15,8489,3,3,1,False,2.7490234375
Dense4x15,6085,3,3,1,False,1.6552734375
Dense4x15,5328,3,3,1,False,5.0048828125
Dense4x15,1519,3,3,1,False,4.423828125
Dense4x15,4528,3,3,1,False,2.4853515625
Dense4x15,6226,3,3,1,False,6.3623046875
Dense4x15,5185,3,3,1,False,1.962890625
Dense4x15,1204,3,7,1,False,0.2294921875
Dense4x15,5245,3,3,1,False,2.59765625
Dense4x15,4393,3,3,1,False,5.0244140625
Dense4x15,4925,3,3,1,False,3.232421875
Dense4x15,2281,3,3,1,False,2.94921875
Dense4x15,6255,3,3,1,False,1.7626953125
Dense4x15,2502,3,3,1,False,3.310546875
Dense4x15,323,3,3,1,False,2.578125
Dense4x15,1127,3,3,1,False,1.2158203125
Dense4x15,2583,3,3,1,False,2.5830078125
Dense4x15,9115,3,3,1,False,4.501953125
Dense4x15,8607,3,3,1,False,0.3955078125
Dense4x15,5796,3,3,1,False,3.6669921875
Dense4x15,1472,3,3,1,False,1.2353515625
Dense4x15,2347,3,3,1,False,0.419921875
Dense4x15,8518,3,3,1,False,6.4697265625
Dense4x15,8660,3,3,1,False,4.560546875
Dense4x15,9536,3,3,1,False,0.302734375
Dense4x15,3746,3,3,1,False,2.3291015625
Dense4x15,8206,3,3,1,False,6.8701171875
Dense4x15,5635,3,3,1,False,3.232421875
Dense4x15,6194,3,3,1,False,4.1796875
Dense4x15,9217,3,3,1,False,2.6416015625
Dense4x15,1923,3,3,1,False,3.76953125
Dense4x15,7932,3,3,1,False,6.4111328125
Dense4x15,9175,3,3,1,False,4.1015625
Dense4x15,5850,3,3,1,False,6.044921875
Dense4x15,6285,3,3,1,False,5.29296875
Dense4x15,3825,3,3,1,False,3.5107421875
Dense4x15,4635,3,3,1,False,0.9912109375
Dense4x15,5472,3,3,1,False,8.6767578125
Dense4x15,9156,3,3,1,False,3.623046875
Dense4x15,2871,3,3,1,False,3.154296875
Dense4x15,6184,3,3,1,False,2.5
Dense4x15,976,3,3,1,False,1.376953125
Dense4x15,5766,3,3,1,False,4.8681640625
Dense4x15,677,3,3,1,False,3.7548828125
Dense4x15,628,3,9,1,False,2.2216796875
Dense4x15,3261,3,9,1,False,0.087890625
Dense4x15,4109,3,3,1,False,1.7236328125
Dense6x10,9162,0,0,1,False,0.64453125
Dense6x10,5659,0,0,1,False,1.669921875
Dense6x10,3584,0,0,1,False,3.427734375
Dense6x10,895,0,0,1,False,2.0751953125
Dense6x10,4675,0,0,1,False,1.66015625
Dense6x10,8077,0,0,1,False,2.099609375
Dense6x10,8307,0,0,1,False,1.845703125
Dense6x10,5483,0,0,1,False,1.0693359375
Dense6x10,9167,0,0,1,False,2.32421875
Dense6x10,9498,0,0,1,False,3.8720703125
Dense6x10,5584,0,0,1,False,4.169921875
Dense6x10,2527,0,2,1,False,0.2001953125
Dense6x10,9753,0,0,1,False,1.6455078125
Dense6x10,9052,0,0,1,False,1.8701171875
Dense6x10,9724,0,2,1,False,0.2734375
Dense6x10,7221,0,0,1,False,1.5283203125
Dense6x10,1748,0,2,1,False,1.2158203125
Dense6x10,1739,0,0,1,False,1.3671875
Dense6x10,5513,0,0,1,False,1.9384765625
Dense6x10,9358,0,0,1,False,0.3955078125
Dense6x10,7175,0,0,1,False,2.294921875
Dense6x10,7782,0,0,1,False,1.6259765625
Dense6x10,2656,0,0,1,False,2.3291015625
Dense6x10,7139,0,0,1,False,1.93359375
Dense6x10,6921,0,0,1,False,1.4599609375
Dense6x10,611,0,2,1,False,0.60546875
Dense6x10,4641,0,0,1,False,0.4833984375
Dense6x10,3980,0,0,1,False,2.626953125
Dense6x10,8137,0,0,1,False,1.5087890625
Dense6x10,5838,0,2,1,False,0.1318359375
Dense6x10,7889,0,0,1,False,3.203125
Dense6x10,8513,0,2,1,False,1.1083984375
Dense6x10,4999,0,0,1,False,5.2587890625
Dense6x10,8172,0,0,1,False,1.4306640625
Dense6x10,7072,0,0,1,False,0.46875
Dense6x10,9244,0,0,1,False,2.138671875
Dense6x10,3417,0,0,1,False,1.5576171875
Dense6x10,6097,0,0,1,False,2.5390625
Dense6x10,8868,0,0,1,False,0.29296875
Dense6x10,7465,0,0,1,False,0.6201171875
Dense6x10,7791,0,0,1,False,1.5185546875
Dense6x10,4079,0,0,1,False,0.8935546875
Dense6x10,3077,0,0,1,False,0.41015625
Dense6x10,5415,0,0,1,False,2.265625
Dense6x10,6959,0,0,1,False,1.474609375
Dense6x10,8730,0,0,1,False,2.6904296875
Dense6x10,5259,0,0,1,False,1.240234375
Dense6x10,4880,0,0,1,False,0.8154296875
Dense6x10,5069,0,0,1,False,2.5732421875
Dense6x10,4080,0,0,1,False,1.2060546875
Dense6x10,7317,0,0,1,False,1.767578125
Dense6x10,9396,0,2,1,False,1.0302734375
Dense6x10,981,0,0,1,False,0.634765625
Dense6x10,9962,0,0,1,False,1.123046875
Dense6x10,136,0,0,1,False,1.4794921875
Dense6x10,3768,0,0,1,False,1.85546875
Dense6x10,2328,0,0,1,False,1.9775390625
Dense6x10,3989,0,8,1,False,0.7373046875
Dense6x10,8325,0,4,1,False,0.1123046875
Dense6x10,9016,0,0,1,False,1.4306640625
Dense6x10,4672,0,0,1,False,1.0205078125
Dense6x10,7084,0,0,1,False,0.76171875
Dense6x10,8845,0,0,1,False,1.5625
Dense6x10,6437,0,0,1,False,2.6416015625
Dense6x10,1638,0,0,1,False,1.7724609375
Dense6x10,8342,0,0,1,False,1.25
Dense6x10,490,0,2,1,False,0.732421875
Dense6x10,9930,0,0,1,False,0.810546875
Dense6x10,5430,0,0,1,False,0.732421875
Dense6x10,3,0,0,1,False,1.875
Dense6x10,4869,1,1,1,False,1.630859375
Dense6x10,4039,1,1,1,False,1.2451171875
Dense6x10,1097,1,1,1,False,1.689453125
Dense6x10,4602,1,1,1,False,2.4169921875
Dense6x10,1900,1,1,1,False,0.810546875
Dense6x10,826,1,1,1,False,1.34765625
Dense6x10,9520,1,1,1,False,0.7568359375
Dense6x10,4606,1,1,1,False,1.6015625
Dense6x10,1527,1,6,1,False,0.4052734375
Dense6x10,6883,1,1,1,False,1.0693359375
Dense6x10,3937,1,1,1,False,0.771484375
Dense6x10,5431,1,1,1,False,1.728515625
Dense6x10,6108,1,1,1,False,1.5087890625
Dense6x10,8892,1,1,1,False,1.3232421875
Dense6x10,1729,1,1,1,False,2.6123046875
Dense6x10,7665,1,1,1,False,1.6015625
Dense6x10,3244,1,1,1,False,1.7626953125
Dense6x10,5859,1,1,1,False,2.08984375
Dense6x10,9435,1,1,1,False,1.3916015625
Dense6x10,4764,1,1,1,False,1.3037109375
Dense6x10,3230,1,1,1,False,1.9287109375
Dense6x10,4589,1,1,1,False,1.5283203125
Dense6x10,7422,1,1,1,False,2.861328125
Dense6x10,9291,1,1,1,False,1.845703125
Dense6x10,4538,1,1,1,False,1.103515625
Dense6x10,4318,1,1,1,False,1.2548828125
Dense6x10,6622,1,1,1,False,0.576171875
Dense6x10,6278,1,1,1,False,2.2705078125
Dense6x10,3050,1,1,1,False,2.3095703125
Dense6x10,6482,1,1,1,False,2.40234375
Dense6x10,2315,1,1,1,False,1.7236328125
Dense6x10,7270,1,1,1,False,2.0166015625
Dense6x10,4450,1,1,1,False,1.787109375
Dense6x10,8289,1,1,1,False,1.8408203125
Dense6x10,1691,1,1,1,False,0.7421875
Dense6x10,7183,1,1,1,False,1.0302734375
Dense6x10,5839,1,1,1,False,1.4208984375
Dense6x10,3651,1,1,1,False,1.4404296875
Dense6x10,2302,1,1,1,False,0.400390625
Dense6x10,7811,1,7,1,False,0.703125
Dense6x10,7944,1,1,1,False,1.3818359375
Dense6x10,9249,1,1,1,False,1.259765625
Dense6x10,4014,1,1,1,False,1.572265625
Dense6x10,6430,1,1,1,False,1.9287109375
Dense6x10,2316,1,1,1,False,1.62109375
Dense6x10,40,1,1,1,False,1.474609375
Dense6x10,2228,1,1,1,False,1.1572265625
Dense6x10,1430,1,1,1,False,2.177734375
Dense6x10,2867,1,1,1,False,1.298828125
Dense6x10,8708,1,1,1,False,1.5478515625
Dense6x10,5614,1,1,1,False,1.6259765625
Dense6x10,7442,1,1,1,False,1.8798828125
Dense6x10,2258,1,1,1,False,2.294921875
Dense6x10,416,1,1,1,False,2.099609375
Dense6x10,74,1,1,1,False,1.5576171875
Dense6x10,9994,1,1,1,False,2.6318359375
Dense6x10,31,1,1,1,False,1.4404296875
Dense6x10,8367,1,1,1,False,1.9189453125
Dense6x10,6320,1,1,1,False,1.9580078125
Dense6x10,1939,1,1,1,False,1.533203125
Dense6x10,5203,1,1,1,False,0.95703125
Dense6x10,203,1,1,1,False,1.5234375
Dense6x10,3648,1,1,1,False,2.1337890625
Dense6x10,6182,1,1,1,False,1.1669921875
Dense6x10,5553,1,1,1,False,1.7724609375
Dense6x10,1630,1,1,1,False,2.36328125
Dense6x10,4858,1,1,1,False,1.181640625
Dense6x10,8469,1,7,1,False,0.6689453125
Dense6x10,6575,3,3,1,False,0.7861328125
Dense6x10,8254,3,3,1,False,6.11328125
Dense6x10,2045,3,3,1,False,5.234375
Dense6x10,9965,3,3,1,False,2.9541015625
Dense6x10,3261,3,3,1,False,1.6455078125
Dense6x10,4541,3,3,1,False,2.275390625
Dense6x10,32,3,3,1,False,2.9052734375
Dense6x10,2906,3,3,1,False,1.748046875
Dense6x10,6481,3,3,1,False,1.748046875
Dense6x10,614,3,3,1,False,1.5673828125
Dense6x10,3146,3,3,1,False,0.107421875
Dense6x10,3129,3,5,1,False,0.3857421875
Dense6x10,7804,3,5,1,False,0.361328125
Dense6x10,6046,3,3,1,False,0.869140625
Dense6x10,9305,3,3,1,False,2.71484375
Dense6x10,1591,3,3,1,False,1.71875
Dense6x10,5538,3,3,1,False,3.6083984375
Dense6x10,3120,3,5,1,False,1.708984375
Dense6x10,2405,3,3,1,False,2.4853515625
Dense6x10,1442,3,3,1,False,1.8212890625
Dense6x10,1779,3,3,1,False,1.708984375
Dense6x10,2300,3,5,1,False,0.7470703125
Dense6x10,2978,3,3,1,False,2.490234375
Dense6x10,6379,3,3,1,False,2.421875
Dense6x10,9996,3,3,1,False,3.4912109375
Dense6x10,782,3,3,1,False,1.337890625
Dense6x10,4990,3,4,1,False,0.3076171875
Dense6x10,8551,3,3,1,False,1.669921875
Dense6x10,5225,3,5,1,False,0.869140625
Dense6x10,3015,3,3,1,False,2.001953125
Dense6x10,7350,3,5,1,False,0.37109375
Dense6x10,3944,3,3,1,False,3.5888671875
Dense6x10,5516,3,3,1,False,4.3896484375
Dense6x10,5824,3,7,1,False,0.1025390625
Dense6x10,8939,3,3,1,False,1.71875
Dense6x10,1472,3,3,1,False,1.572265625
Dense6x10,923,3,3,1,False,5.6982421875
Dense6x10,1480,3,3,1,False,3.662109375
Dense6x10,4528,3,3,1,False,2.8466796875
Dense6x10,6371,3,3,1,False,0.72265625
Dense6x10,6096,3,3,1,False,3.5009765625
Dense6x10,8701,3,3,1,False,2.7587890625
Dense6x10,2364,3,3,1,False,3.720703125
Dense6x10,1317,3,3,1,False,1.2158203125
Dense6x10,7396,3,3,1,False,1.5625
Dense6x10,9655,3,7,1,False,0.3369140625
Dense6x10,142,3,5,1,False,0.517578125
Dense6x10,8713,3,3,1,False,3.41796875
Dense6x10,1983,3,5,1,False,0.0537109375
Dense6x10,1479,3,3,1,False,4.111328125
Dense6x10,9614,3,3,1,False,2.96875
Dense6x10,1128,3,7,1,False,0.9912109375
Dense6x10,6139,3,5,1,False,0.3076171875
Dense6x10,7130,3,7,1,False,1.2451171875
Dense6x10,30,3,3,1,False,3.7353515625
Dense6x10,2663,3,3,1,False,4.1259765625
Dense6x10,2348,3,3,1,False,1.3232421875
Dense6x10,9479,3,5,1,False,0.615234375
Dense6x10,7119,3,3,1,False,3.4326171875
Dense6x10,683,3,3,1,False,2.34375
Dense6x10,2025,3,3,1,False,0.5517578125
Dense6x10,9942,3,3,1,False,4.892578125
Dense6x10,5356,3,3,1,False,0.3564453125
Dense6x10,6517,3,8,1,False,0.8251953125
Dense6x10,5078,3,2,1,False,0.4345703125
Dense6x10,4904,3,3,1,False,3.955078125
Dense6x10,3943,3,5,1,False,0.3173828125
Dense6x10,18,3,8,1,False,0.2001953125
Dense2x20,5584,0,0,1,False,8.037109375
Dense2x20,9377,0,0,1,False,6.5185546875
Dense2x20,9666,0,0,1,False,2.03125
Dense2x20,4282,0,0,1,False,5.9326171875
Dense2x20,3790,0,0,1,False,6.796875
Dense2x20,3911,0,0,1,False,5.9912109375
Dense2x20,2764,0,0,1,False,4.3994140625
Dense2x20,5087,0,0,1,False,7.587890625
Dense2x20,4327,0,0,1,False,1.5576171875
Dense2x20,4515,0,0,1,False,6.494140625
Dense2x20,8194,0,0,1,False,4.31640625
Dense2x20,7354,0,0,1,False,4.697265625
Dense2x20,9897,0,0,1,False,4.1796875
Dense2x20,7363,0,0,1,False,3.06640625
Dense2x20,9414,0,0,1,False,8.0419921875
Dense2x20,2713,0,0,1,False,0.8251953125
Dense2x20,9993,0,0,1,False,4.8388671875
Dense2x20,7049,0,0,1,False,0.25390625
Dense2x20,5756,0,0,1,False,5.439453125
Dense2x20,6241,0,0,1,False,6.416015625
Dense2x20,6309,0,0,1,False,7.3779296875
Dense2x20,7989,0,0,1,False,9.462890625
Dense2x20,3450,0,0,1,False,1.103515625
Dense2x20,126,0,0,1,False,1.3037109375
Dense2x20,1220,0,0,1,False,4.482421875
Dense2x20,1457,0,0,1,False,8.3447265625
Dense2x20,5031,0,0,1,False,6.1767578125
Dense2x20,4554,0,0,1,False,5.8984375
Dense2x20,4804,0,0,1,False,8.291015625
Dense2x20,8929,0,0,1,False,8.73046875
Dense2x20,2761,0,0,1,False,3.49609375
Dense2x20,597,0,0,1,False,2.8955078125
Dense2x20,6428,0,0,1,False,1.484375
Dense2x20,7838,0,0,1,False,12.568359375
Dense2x20,2188,0,0,1,False,4.43359375
Dense2x20,6129,0,0,1,False,7.40234375
Dense2x20,1777,0,0,1,False,3.69140625
Dense2x20,1590,0,0,1,False,4.599609375
Dense2x20,3044,0,0,1,False,4.2529296875
Dense2x20,8243,0,0,1,False,2.9248046875
Dense2x20,2794,0,0,1,False,2.65625
Dense2x20,5443,0,0,1,False,8.2568359375
Dense2x20,3446,0,0,1,False,3.291015625
Dense2x20,1534,0,0,1,False,4.2919921875
Dense2x20,6191,0,0,1,False,9.609375
Dense2x20,3581,0,0,1,False,5.5322265625
Dense2x20,5603,0,0,1,False,4.716796875
Dense2x20,9221,0,0,1,False,6.97265625
Dense2x20,5529,0,0,1,False,5.5517578125
Dense2x20,5695,0,0,1,False,2.9248046875
Dense2x20,1713,0,0,1,False,4.1064453125
Dense2x20,6201,0,0,1,False,7.0849609375
Dense2x20,2096,0,0,1,False,6.0595703125
Dense2x20,271,0,0,1,False,4.3798828125
Dense2x20,545,0,0,1,False,2.8271484375
Dense2x20,5567,0,0,1,False,5.4052734375
Dense2x20,3640,0,0,1,False,2.177734375
Dense2x20,7190,0,0,1,False,3.671875
Dense2x20,8859,0,0,1,False,6.591796875
Dense2x20,1565,0,0,1,False,5.41015625
Dense2x20,2748,0,0,1,False,2.9638671875
Dense2x20,6843,0,0,1,False,5.1953125
Dense2x20,6287,0,0,1,False,8.3642578125
Dense2x20,804,0,0,1,False,3.5986328125
Dense2x20,5684,0,0,1,False,7.6171875
Dense2x20,1807,0,0,1,False,3.857421875
Dense2x20,4043,0,0,1,False,7.0556640625
Dense2x20,2779,0,0,1,False,3.1689453125
Dense2x20,1411,0,0,1,False,2.79296875
Dense2x20,350,1,1,1,False,2.96875
Dense2x20,4013,1,1,1,False,3.046875
Dense2x20,5590,1,1,1,False,5.3369140625
Dense2x20,1338,1,1,1,False,4.677734375
Dense2x20,7447,1,1,1,False,2.314453125
Dense2x20,1657,1,1,1,False,4.0869140625
Dense2x20,8367,1,1,1,False,2.7099609375
Dense2x20,4147,1,1,1,False,3.0078125
Dense2x20,3419,1,1,1,False,4.1650390625
Dense2x20,4717,1,1,1,False,3.7744140625
Dense2x20,7453,1,1,1,False,2.802734375
Dense2x20,2355,1,1,1,False,5.0390625
Dense2x20,9645,1,1,1,False,1.787109375
Dense2x20,2221,1,1,1,False,2.7294921875
Dense2x20,6622,1,1,1,False,2.3779296875
Dense2x20,4032,1,1,1,False,4.560546875
Dense2x20,3974,1,1,1,False,3.0908203125
Dense2x20,1707,1,1,1,False,3.2666015625
Dense2x20,3276,1,1,1,False,4.1943359375
Dense2x20,696,1,1,1,False,3.1005859375
Dense2x20,9796,1,1,1,False,3.0078125
Dense2x20,9274,1,1,1,False,4.00390625
Dense2x20,4507,1,1,1,False,2.48046875
Dense2x20,8305,1,1,1,False,3.9599609375
Dense2x20,6733,1,1,1,False,3.3740234375
Dense2x20,1368,1,1,1,False,2.5927734375
Dense2x20,504,1,1,1,False,3.0419921875
Dense2x20,2027,1,1,1,False,2.9052734375
Dense2x20,5651,1,1,1,False,4.677734375
Dense2x20,6310,1,1,1,False,4.326171875
Dense2x20,2974,1,1,1,False,4.0283203125
Dense2x20,5370,1,1,1,False,4.873046875
Dense2x20,8914,1,1,1,False,3.57421875
Dense2x20,818,1,1,1,False,4.1943359375
Dense2x20,3605,1,1,1,False,4.1845703125
Dense2x20,9509,1,1,1,False,2.373046875
Dense2x20,6254,1,1,1,False,4.169921875
Dense2x20,7890,1,1,1,False,3.544921875
Dense2x20,3851,1,1,1,False,2.1826171875
Dense2x20,2409,1,1,1,False,3.4619140625
Dense2x20,1836,1,1,1,False,3.095703125
Dense2x20,3562,1,1,1,False,3.6767578125
Dense2x20,5933,1,1,1,False,4.4482421875
Dense2x20,5848,1,1,1,False,4.0576171875
Dense2x20,2705,1,1,1,False,1.9287109375
Dense2x20,5746,1,1,1,False,0.9521484375
Dense2x20,840,1,1,1,False,3.9794921875
Dense2x20,9378,1,1,1,False,5.3564453125
Dense2x20,427,1,1,1,False,4.23828125
Dense2x20,9233,1,1,1,False,3.7890625
Dense2x20,2661,1,1,1,False,4.27734375
Dense2x20,46,1,1,1,False,2.36328125
Dense2x20,5943,1,1,1,False,3.30078125
Dense2x20,6397,1,1,1,False,4.6923828125
Dense2x20,5604,1,1,1,False,4.1357421875
Dense2x20,8892,1,1,1,False,2.7001953125
Dense2x20,4201,1,7,1,False,0.15625
Dense2x20,7253,1,1,1,False,3.447265625
Dense2x20,1909,1,1,1,False,2.1728515625
Dense2x20,1835,1,1,1,False,3.7255859375
Dense2x20,276,1,1,1,False,5.15625
Dense2x20,96,1,1,1,False,2.6123046875
Dense2x20,8390,1,1,1,False,3.701171875
Dense2x20,8575,1,1,1,False,2.705078125
Dense2x20,9388,1,1,1,False,4.267578125
Dense2x20,330,1,1,1,False,4.6142578125
Dense2x20,7323,1,1,1,False,4.853515625
Dense2x20,9643,1,7,1,False,1.40625
Dense2x20,8439,1,1,1,False,2.802734375
Dense2x20,4687,1,1,1,False,3.8525390625
Dense2x20,2427,3,3,1,False,4.423828125
Dense2x20,349,3,3,1,False,1.6259765625
Dense2x20,2305,3,8,1,False,0.48828125
Dense2x20,8489,3,3,1,False,3.125
Dense2x20,8435,3,3,1,False,3.525390625
Dense2x20,1463,3,3,1,False,1.89453125
Dense2x20,2522,3,3,1,False,3.1689453125
Dense2x20,8162,3,3,1,False,6.396484375
Dense2x20,1067,3,3,1,False,4.1845703125
Dense2x20,8032,3,3,1,False,9.1845703125
Dense2x20,9342,3,3,1,False,3.1884765625
Dense2x20,3977,3,3,1,False,3.0810546875
Dense2x20,205,3,3,1,False,4.4970703125
Dense2x20,9063,3,3,1,False,3.0859375
Dense2x20,9889,3,3,1,False,2.2021484375
Dense2x20,2109,3,7,1,False,1.2744140625
Dense2x20,9332,3,3,1,False,2.5537109375
Dense2x20,2072,3,3,1,False,3.6767578125
Dense2x20,5555,3,3,1,False,8.8134765625
Dense2x20,8451,3,3,1,False,4.951171875
Dense2x20,7470,3,3,1,False,7.9150390625
Dense2x20,4492,3,3,1,False,5.1416015625
Dense2x20,1769,3,3,1,False,3.2080078125
Dense2x20,3686,3,3,1,False,1.4208984375
Dense2x20,3630,3,3,1,False,5.8935546875
Dense2x20,7829,3,3,1,False,3.8818359375
Dense2x20,8854,3,3,1,False,6.8359375
Dense2x20,5158,3,3,1,False,8.2080078125
Dense2x20,1797,3,3,1,False,3.349609375
Dense2x20,8603,3,3,1,False,4.6484375
Dense2x20,8821,3,3,1,False,5.56640625
Dense2x20,6204,3,3,1,False,5.8935546875
Dense2x20,7214,3,3,1,False,6.4501953125
Dense2x20,7458,3,3,1,False,6.328125
Dense2x20,309,3,3,1,False,4.2333984375
Dense2x20,9501,3,3,1,False,3.9208984375
Dense2x20,4996,3,3,1,False,6.6650390625
Dense2x20,5935,3,3,1,False,1.6162109375
Dense2x20,9468,3,3,1,False,2.6220703125
Dense2x20,8939,3,3,1,False,4.013671875
Dense2x20,1742,3,3,1,False,4.35546875
Dense2x20,310,3,3,1,False,3.59375
Dense2x20,216,3,3,1,False,5.4150390625
Dense2x20,3261,3,3,1,False,1.8115234375
Dense2x20,8766,3,3,1,False,5.5126953125
Dense2x20,6646,3,3,1,False,4.423828125
Dense2x20,3715,3,3,1,False,3.4716796875
Dense2x20,1731,3,3,1,False,5.361328125
Dense2x20,3812,3,3,1,False,5.8349609375
Dense2x20,8263,3,3,1,False,3.1005859375
Dense2x20,628,3,9,1,False,0.64453125
Dense2x20,4004,3,3,1,False,4.70703125
Dense2x20,923,3,3,1,False,8.3984375
Dense2x20,8461,3,3,1,False,3.9697265625
Dense2x20,734,3,3,1,False,1.708984375
Dense2x20,2348,3,3,1,False,3.75
Dense2x20,3944,3,3,1,False,5.0732421875
Dense2x20,1519,3,3,1,False,5.3564453125
Dense2x20,4940,3,3,1,False,5.771484375
Dense2x20,2807,3,3,1,False,3.212890625
Dense2x20,6379,3,3,1,False,3.4423828125
Dense2x20,5625,3,3,1,False,6.494140625
Dense2x20,2011,3,3,1,False,3.0908203125
Dense2x20,6857,3,3,1,False,5.9716796875
Dense2x20,3670,3,3,1,False,4.6728515625
Dense2x20,3975,3,3,1,False,5.888671875
Dense2x20,5168,3,3,1,False,6.4990234375
Dense2x20,5185,3,3,1,False,2.0166015625
Dense4x20,2592,0,0,1,False,4.033203125
Dense4x20,2649,0,0,1,False,4.599609375
Dense4x20,3481,0,0,1,False,3.0224609375
Dense4x20,6968,0,0,1,False,4.3310546875
Dense4x20,8881,0,0,1,False,2.5927734375
Dense4x20,2236,0,0,1,False,2.2607421875
Dense4x20,6672,0,0,1,False,1.767578125
Dense4x20,4880,0,8,1,False,3.18359375
Dense4x20,9951,0,0,1,False,1.650390625
Dense4x20,5918,0,8,1,False,0.8935546875
Dense4x20,6750,0,0,1,False,2.8662109375
Dense4x20,9688,0,0,1,False,3.3154296875
Dense4x20,3310,0,0,1,False,2.6953125
Dense4x20,7737,0,0,1,False,5.9716796875
Dense4x20,7702,0,0,1,False,2.36328125
Dense4x20,1590,0,0,1,False,2.939453125
Dense4x20,6925,0,0,1,False,2.3681640625
Dense4x20,5932,0,0,1,False,4.4189453125
Dense4x20,1197,0,0,1,False,2.4462890625
Dense4x20,1841,0,0,1,False,3.271484375
Dense4x20,2067,0,0,1,False,0.869140625
Dense4x20,2384,0,0,1,False,1.9140625
Dense4x20,4824,0,0,1,False,2.1875
Dense4x20,3315,0,0,1,False,3.1201171875
Dense4x20,8137,0,0,1,False,4.1845703125
Dense4x20,9585,0,0,1,False,1.7236328125
Dense4x20,9611,0,0,1,False,4.2626953125
Dense4x20,8278,0,0,1,False,1.1767578125
Dense4x20,1777,0,0,1,False,2.412109375
Dense4x20,1972,0,0,1,False,4.111328125
Dense4x20,6428,0,2,1,False,0.3076171875
Dense4x20,9459,0,0,1,False,4.5703125
Dense4x20,620,0,0,1,False,2.5537109375
Dense4x20,6444,0,0,1,False,2.5146484375
Dense4x20,5519,0,0,1,False,2.1484375
Dense4x20,1723,0,0,1,False,4.296875
Dense4x20,7031,0,0,1,False,1.142578125
Dense4x20,717,0,6,1,False,0.8837890625
Dense4x20,8567,0,0,1,False,2.9833984375
Dense4x20,2999,0,0,1,False,1.8994140625
Dense4x20,6099,0,0,1,False,6.298828125
Dense4x20,3624,0,0,1,False,5.732421875
Dense4x20,2385,0,0,1,False,2.724609375
Dense4x20,2455,0,0,1,False,1.8359375
Dense4x20,3,0,0,1,False,3.28125
Dense4x20,845,0,0,1,False,3.251953125
Dense4x20,5695,0,0,1,False,2.8173828125
Dense4x20,148,0,0,1,False,2.63671875
Dense4x20,8085,0,0,1,False,5.1123046875
Dense4x20,7086,0,0,1,False,3.1201171875
Dense4x20,7203,0,0,1,False,3.90625
Dense4x20,9753,0,0,1,False,3.7255859375
Dense4x20,9647,0,0,1,False,5.0048828125
Dense4x20,2209,0,0,1,False,1.6796875
Dense4x20,3574,0,7,1,False,0.9765625
Dense4x20,271,0,0,1,False,2.3388671875
Dense4x20,1570,0,0,1,False,1.2255859375
Dense4x20,7062,0,0,1,False,3.7158203125
Dense4x20,3140,0,0,1,False,2.841796875
Dense4x20,5108,0,0,1,False,3.505859375
Dense4x20,4631,0,0,1,False,4.0234375
Dense4x20,4642,0,0,1,False,1.650390625
Dense4x20,6241,0,0,1,False,2.4267578125
Dense4x20,7873,0,0,1,False,5.986328125
Dense4x20,6892,0,0,1,False,2.0556640625
Dense4x20,4927,1,1,1,False,2.353515625
Dense4x20,5036,1,1,1,False,2.783203125
Dense4x20,9155,1,1,1,False,2.8515625
Dense4x20,9090,1,1,1,False,2.8271484375
Dense4x20,2283,1,1,1,False,2.7001953125
Dense4x20,5646,1,1,1,False,2.55859375
Dense4x20,1861,1,1,1,False,2.353515625
Dense4x20,7567,1,1,1,False,1.728515625
Dense4x20,1657,1,1,1,False,2.373046875
Dense4x20,9705,1,1,1,False,2.4560546875
Dense4x20,8526,1,1,1,False,2.8466796875
Dense4x20,4057,1,1,1,False,2.7685546875
Dense4x20,7053,1,1,1,False,1.8603515625
Dense4x20,5524,1,1,1,False,2.6708984375
Dense4x20,7934,1,1,1,False,0.8154296875
Dense4x20,7563,1,1,1,False,2.2705078125
Dense4x20,6356,1,1,1,False,2.6416015625
Dense4x20,7990,1,8,1,False,0.05859375
Dense4x20,4869,1,1,1,False,3.3056640625
Dense4x20,4653,1,1,1,False,1.8408203125
Dense4x20,2235,1,1,1,False,1.376953125
Dense4x20,783,1,1,1,False,2.216796875
Dense4x20,1988,1,1,1,False,2.0703125
Dense4x20,8776,1,1,1,False,2.3779296875
Dense4x20,5978,1,1,1,False,1.904296875
Dense4x20,9395,1,1,1,False,2.2802734375
Dense4x20,5384,1,1,1,False,3.14453125
Dense4x20,7591,1,1,1,False,2.2314453125
Dense4x20,6141,1,1,1,False,2.7392578125
Dense4x20,239,1,1,1,False,2.44140625
Dense4x20,818,1,1,1,False,2.8662109375
Dense4x20,7738,1,1,1,False,2.197265625
Dense4x20,3601,1,1,1,False,1.5234375
Dense4x20,506,1,1,1,False,1.5380859375
Dense4x20,8367,1,1,1,False,1.826171875
Dense4x20,3143,1,1,1,False,2.099609375
Dense4x20,7340,1,1,1,False,2.5537109375
Dense4x20,652,1,1,1,False,2.5732421875
Dense4x20,2356,1,1,1,False,2.3828125
Dense4x20,196,1,1,1,False,2.6416015625
Dense4x20,9774,1,1,1,False,2.0361328125
Dense4x20,619,1,8,1,False,0.263671875
Dense4x20,3851,1,1,1,False,1.1279296875
Dense4x20,9241,1,1,1,False,2.2119140625
Dense4x20,8636,1,1,1,False,3.1494140625
Dense4x20,7303,1,1,1,False,2.7734375
Dense4x20,7418,1,1,1,False,2.0751953125
Dense4x20,826,1,1,1,False,2.939453125
Dense4x20,3434,1,1,1,False,1.9970703125
Dense4x20,4754,1,1,1,False,2.841796875
Dense4x20,7323,1,1,1,False,2.94921875
Dense4x20,3452,1,1,1,False,2.2119140625
Dense4x20,9810,1,1,1,False,2.3095703125
Dense4x20,6308,1,1,1,False,2.2021484375
Dense4x20,9845,1,1,1,False,1.796875
Dense4x20,9984,1,1,1,False,2.2802734375
Dense4x20,6320,1,1,1,False,2.4267578125
Dense4x20,9051,1,1,1,False,1.005859375
Dense4x20,6680,1,1,1,False,1.884765625
Dense4x20,7969,1,1,1,False,2.607421875
Dense4x20,9401,1,1,1,False,2.6220703125
Dense4x20,7399,1,1,1,False,2.3974609375
Dense4x20,8633,1,1,1,False,2.3779296875
Dense4x20,3974,1,1,1,False,1.6015625
Dense4x20,2358,1,1,1,False,2.3291015625
Dense4x20,6604,1,1,1,False,2.314453125
Dense4x20,9622,1,1,1,False,2.2216796875
Dense4x20,6379,3,3,1,False,2.6806640625
Dense4x20,8354,3,3,1,False,4.0625
Dense4x20,5408,3,3,1,False,4.0283203125
Dense4x20,8140,3,3,1,False,4.990234375
Dense4x20,2511,3,3,1,False,1.7919921875
Dense4x20,2230,3,3,1,False,2.7685546875
Dense4x20,8840,3,3,1,False,3.056640625
Dense4x20,657,3,3,1,False,3.5986328125
Dense4x20,6551,3,3,1,False,1.787109375
Dense4x20,1354,3,3,1,False,1.6796875
Dense4x20,5330,3,3,1,False,3.037109375
Dense4x20,8753,3,3,1,False,3.779296875
Dense4x20,4630,3,3,1,False,0.859375
Dense4x20,7529,3,3,1,False,4.248046875
Dense4x20,9881,3,3,1,False,1.85546875
Dense4x20,6665,3,3,1,False,2.8076171875
Dense4x20,8952,3,3,1,False,0.21484375
Dense4x20,8201,3,3,1,False,2.9736328125
Dense4x20,4288,3,3,1,False,3.388671875
Dense4x20,747,3,3,1,False,2.6953125
Dense4x20,577,3,3,1,False,1.7724609375
Dense4x20,500,3,3,1,False,4.1259765625
Dense4x20,4782,3,3,1,False,1.083984375
Dense4x20,7771,3,3,1,False,2.83203125
Dense4x20,9872,3,3,1,False,4.86328125
Dense4x20,9365,3,3,1,False,2.1435546875
Dense4x20,927,3,3,1,False,2.8857421875
Dense4x20,944,3,3,1,False,0.390625
Dense4x20,1489,3,3,1,False,4.462890625
Dense4x20,5687,3,3,1,False,0.5078125
Dense4x20,7119,3,3,1,False,3.525390625
Dense4x20,4996,3,3,1,False,4.013671875
Dense4x20,782,3,3,1,False,3.4765625
Dense4x20,2431,3,3,1,False,3.3056640625
Dense4x20,1020,3,3,1,False,2.412109375
Dense4x20,5860,3,3,1,False,3.9794921875
Dense4x20,2288,3,3,1,False,2.1728515625
Dense4x20,1779,3,3,1,False,1.1328125
Dense4x20,807,3,3,1,False,2.9150390625
Dense4x20,7800,3,2,1,False,4.7265625
Dense4x20,93,3,3,1,False,3.02734375
Dense4x20,727,3,3,1,False,1.2841796875
Dense4x20,7620,3,3,1,False,1.767578125
Dense4x20,2921,3,2,1,False,0.2490234375
Dense4x20,3943,3,5,1,False,0.439453125
Dense4x20,6371,3,3,1,False,3.2958984375
Dense4x20,3686,3,1,1,False,0.2294921875
Dense4x20,1239,3,3,1,False,2.646484375
Dense4x20,6930,3,3,1,False,2.392578125
Dense4x20,3469,3,3,1,False,1.7431640625
Dense4x20,9727,3,3,1,False,3.994140625
Dense4x20,7026,3,3,1,False,5.1318359375
Dense4x20,4311,3,3,1,False,2.0361328125
Dense4x20,2151,3,3,1,False,1.9091796875
Dense4x20,1962,3,3,1,False,4.3017578125
Dense4x20,9758,3,3,1,False,1.7578125
Dense4x20,5973,3,8,1,False,2.6025390625
Dense4x20,2681,3,1,1,False,0.4833984375
Dense4x20,3094,3,3,1,False,1.9970703125
Dense4x20,2767,3,3,1,False,2.1630859375
Dense4x20,2086,3,3,1,False,1.9189453125
Dense4x20,2441,3,3,1,False,1.6552734375
Dense4x20,3787,3,3,1,False,0.6298828125
Dense4x20,3456,3,3,1,False,1.71875
Dense4x20,6494,3,3,1,False,2.4365234375
Dense4x20,8561,3,3,1,False,4.19921875
Dense4x20,9828,3,3,1,False,2.8466796875
Dense4x20,3528,3,3,1,False,2.3779296875
Dense5x20,5483,0,0,1,False,2.4072265625
Dense5x20,2764,0,0,1,False,2.431640625
Dense5x20,3446,0,0,1,False,2.5244140625
Dense5x20,2811,0,0,1,False,3.291015625
Dense5x20,3140,0,0,1,False,2.8515625
Dense5x20,4804,0,0,1,False,3.9697265625
Dense5x20,546,0,0,1,False,4.1162109375
Dense5x20,3077,0,0,1,False,1.7431640625
Dense5x20,7190,0,0,1,False,2.265625
Dense5x20,6383,0,0,1,False,2.67578125
Dense5x20,6211,0,0,1,False,4.1162109375
Dense5x20,4880,0,8,1,False,1.5185546875
Dense5x20,2571,0,0,1,False,1.2841796875
Dense5x20,3439,0,0,1,False,2.24609375
Dense5x20,7452,0,0,1,False,2.2900390625
Dense5x20,1288,0,0,1,False,1.7578125
Dense5x20,8098,0,0,1,False,3.0810546875
Dense5x20,1995,0,0,1,False,3.2568359375
Dense5x20,4091,0,0,1,False,2.0166015625
Dense5x20,8865,0,0,1,False,3.5107421875
Dense5x20,7558,0,0,1,False,1.8310546875
Dense5x20,608,0,0,1,False,2.9296875
Dense5x20,7049,0,0,1,False,0.41015625
Dense5x20,8212,0,0,1,False,2.7685546875
Dense5x20,1094,0,0,1,False,2.6171875
Dense5x20,1892,0,0,1,False,5.25390625
Dense5x20,9352,0,0,1,False,3.3544921875
Dense5x20,4470,0,0,1,False,3.28125
Dense5x20,2067,0,0,1,False,1.9140625
Dense5x20,8514,0,0,1,False,4.3701171875
Dense5x20,9367,0,0,1,False,4.7509765625
Dense5x20,6133,0,0,1,False,6.1181640625
Dense5x20,1191,0,0,1,False,0.41015625
Dense5x20,1061,0,0,1,False,4.1064453125
Dense5x20,8558,0,0,1,False,3.5009765625
Dense5x20,2042,0,0,1,False,3.7158203125
Dense5x20,2527,0,0,1,False,3.3056640625
Dense5x20,9358,0,0,1,False,3.2421875
Dense5x20,2821,0,0,1,False,2.7294921875
Dense5x20,2761,0,0,1,False,1.953125
Dense5x20,8548,0,0,1,False,4.86328125
Dense5x20,5450,0,0,1,False,2.2900390625
Dense5x20,71,0,0,1,False,4.8095703125
Dense5x20,5290,0,0,1,False,2.861328125
Dense5x20,9714,0,0,1,False,2.8759765625
Dense5x20,7671,0,0,1,False,1.962890625
Dense5x20,8283,0,0,1,False,2.7880859375
Dense5x20,6588,0,0,1,False,2.5537109375
Dense5x20,845,0,0,1,False,2.5244140625
Dense5x20,3170,0,0,1,False,4.091796875
Dense5x20,6786,0,0,1,False,4.248046875
Dense5x20,7820,0,0,1,False,3.681640625
Dense5x20,1558,0,0,1,False,1.2744140625
Dense5x20,7446,0,0,1,False,1.54296875
Dense5x20,7617,0,0,1,False,4.3603515625
Dense5x20,2638,0,0,1,False,4.39453125
Dense5x20,5369,0,0,1,False,5.4931640625
Dense5x20,4150,0,0,1,False,5.0634765625
Dense5x20,69,0,0,1,False,3.134765625
Dense5x20,2899,0,0,1,False,3.310546875
Dense5x20,8808,0,0,1,False,2.5341796875
Dense5x20,3803,0,0,1,False,4.31640625
Dense5x20,4155,0,0,1,False,4.8095703125
Dense5x20,271,0,0,1,False,3.30078125
Dense5x20,6818,0,0,1,False,2.578125
Dense5x20,5430,0,0,1,False,5.6005859375
Dense5x20,3185,0,0,1,False,1.748046875
Dense5x20,4079,0,0,1,False,3.6376953125
Dense5x20,1830,1,1,1,False,1.689453125
Dense5x20,4171,1,1,1,False,1.2744140625
Dense5x20,7638,1,1,1,False,2.0068359375
Dense5x20,8443,1,1,1,False,1.5380859375
Dense5x20,537,1,1,1,False,1.69921875
Dense5x20,9674,1,1,1,False,1.7822265625
Dense5x20,6913,1,1,1,False,1.8994140625
Dense5x20,2599,1,1,1,False,1.7333984375
Dense5x20,1329,1,1,1,False,2.0166015625
Dense5x20,6726,1,1,1,False,1.4892578125
Dense5x20,4328,1,1,1,False,2.2314453125
Dense5x20,5093,1,1,1,False,1.142578125
Dense5x20,3457,1,8,1,False,0.0439453125
Dense5x20,3532,1,1,1,False,1.9775390625
Dense5x20,5090,1,1,1,False,1.5576171875
Dense5x20,2421,1,1,1,False,1.748046875
Dense5x20,1994,1,1,1,False,1.982421875
Dense5x20,8113,1,1,1,False,1.8115234375
Dense5x20,1403,1,8,1,False,0.556640625
Dense5x20,3255,1,1,1,False,1.689453125
Dense5x20,8427,1,1,1,False,1.3818359375
Dense5x20,8559,1,1,1,False,1.650390625
Dense5x20,8819,1,1,1,False,1.1767578125
Dense5x20,6239,1,1,1,False,1.5966796875
Dense5x20,4691,1,1,1,False,0.8837890625
Dense5x20,4588,1,1,1,False,2.2021484375
Dense5x20,7725,1,1,1,False,2.0654296875
Dense5x20,8905,1,1,1,False,1.4111328125
Dense5x20,2997,1,1,1,False,1.5771484375
Dense5x20,3097,1,1,1,False,1.19140625
Dense5x20,357,1,1,1,False,1.0205078125
Dense5x20,7802,1,1,1,False,1.0791015625
Dense5x20,2788,1,1,1,False,1.2255859375
Dense5x20,3648,1,1,1,False,2.197265625
Dense5x20,5550,1,1,1,False,2.3876953125
Dense5x20,9946,1,1,1,False,1.6748046875
Dense5x20,9641,1,1,1,False,1.2060546875
Dense5x20,3673,1,1,1,False,1.3427734375
Dense5x20,6533,1,1,1,False,1.923828125
Dense5x20,5873,1,1,1,False,1.962890625
Dense5x20,8231,1,1,1,False,0.6884765625
Dense5x20,145,1,1,1,False,1.4794921875
Dense5x20,9348,1,1,1,False,2.021484375
Dense5x20,4653,1,1,1,False,1.220703125
Dense5x20,4273,1,1,1,False,1.240234375
Dense5x20,2,1,1,1,False,1.4111328125
Dense5x20,4872,1,1,1,False,1.4697265625
Dense5x20,5453,1,1,1,False,1.6015625
Dense5x20,57,1,1,1,False,1.2744140625
Dense5x20,4909,1,1,1,False,1.3134765625
Dense5x20,826,1,1,1,False,2.0263671875
Dense5x20,9444,1,1,1,False,1.826171875
Dense5x20,8650,1,1,1,False,1.630859375
Dense5x20,2283,1,1,1,False,1.85546875
Dense5x20,4331,1,1,1,False,1.6064453125
Dense5x20,1019,1,1,1,False,1.4794921875
Dense5x20,6901,1,1,1,False,1.8701171875
Dense5x20,3421,1,1,1,False,1.396484375
Dense5x20,2013,1,1,1,False,1.42578125
Dense5x20,2576,1,1,1,False,1.0986328125
Dense5x20,9489,1,1,1,False,2.1630859375
Dense5x20,3606,1,1,1,False,1.142578125
Dense5x20,4708,1,1,1,False,2.1484375
Dense5x20,2902,1,1,1,False,1.5283203125
Dense5x20,8493,1,1,1,False,0.361328125
Dense5x20,7847,1,8,1,False,0.3759765625
Dense5x20,9090,1,1,1,False,2.2998046875
Dense5x20,94,1,1,1,False,1.826171875
Dense5x20,2171,1,1,1,False,1.5576171875
Dense5x20,369,3,3,1,False,2.0654296875
Dense5x20,9156,3,3,1,False,3.1298828125
Dense5x20,3739,3,3,1,False,1.552734375
Dense5x20,7849,3,3,1,False,1.15234375
Dense5x20,3766,3,3,1,False,3.291015625
Dense5x20,7097,3,3,1,False,2.880859375
Dense5x20,9238,3,3,1,False,2.6123046875
Dense5x20,2109,3,9,1,False,0.234375
Dense5x20,3150,3,3,1,False,2.861328125
Dense5x20,2072,3,3,1,False,3.22265625
Dense5x20,6177,3,3,1,False,4.4873046875
Dense5x20,9106,3,3,1,False,4.5556640625
Dense5x20,4334,3,3,1,False,2.6513671875
Dense5x20,4703,3,3,1,False,4.2236328125
Dense5x20,5019,3,3,1,False,2.6611328125
Dense5x20,2731,3,3,1,False,0.5615234375
Dense5x20,4841,3,3,1,False,0.6298828125
Dense5x20,449,3,3,1,False,2.6171875
Dense5x20,7821,3,2,1,False,1.5283203125
Dense5x20,5248,3,3,1,False,3.6865234375
Dense5x20,1797,3,3,1,False,1.85546875
Dense5x20,8483,3,3,1,False,3.18359375
Dense5x20,5215,3,3,1,False,3.1982421875
Dense5x20,7628,3,3,1,False,3.2763671875
Dense5x20,7590,3,3,1,False,3.8623046875
Dense5x20,6957,3,3,1,False,4.3359375
Dense5x20,2884,3,3,1,False,1.9677734375
Dense5x20,8867,3,3,1,False,2.8857421875
Dense5x20,4885,3,3,1,False,2.5537109375
Dense5x20,2723,3,3,1,False,2.2412109375
Dense5x20,3493,3,3,1,False,3.96484375
Dense5x20,1383,3,3,1,False,1.6162109375
Dense5x20,7252,3,3,1,False,2.744140625
Dense5x20,3456,3,3,1,False,1.796875
Dense5x20,4940,3,3,1,False,4.0966796875
Dense5x20,2174,3,3,1,False,0.3076171875
Dense5x20,6255,3,3,1,False,2.8125
Dense5x20,4541,3,3,1,False,2.626953125
Dense5x20,8706,3,3,1,False,3.984375
Dense5x20,5492,3,3,1,False,3.837890625
Dense5x20,7829,3,3,1,False,2.28515625
Dense5x20,9614,3,5,1,False,0.048828125
Dense5x20,8014,3,3,1,False,3.0517578125
Dense5x20,4528,3,3,1,False,2.5
Dense5x20,1962,3,3,1,False,4.4482421875
Dense5x20,8924,3,3,1,False,2.529296875
Dense5x20,5585,3,3,1,False,5.322265625
Dense5x20,747,3,3,1,False,3.10546875
Dense5x20,3080,3,3,1,False,3.3544921875
Dense5x20,8271,3,3,1,False,4.1650390625
Dense5x20,524,3,3,1,False,3.10546875
Dense5x20,3326,3,3,1,False,1.923828125
Dense5x20,5479,3,3,1,False,2.724609375
Dense5x20,3390,3,3,1,False,2.998046875
Dense5x20,4162,3,3,1,False,4.2919921875
Dense5x20,9474,3,3,1,False,2.265625
Dense5x20,6794,3,3,1,False,2.9931640625
Dense5x20,7282,3,3,1,False,1.7529296875
Dense5x20,76,3,3,1,False,2.626953125
Dense5x20,8713,3,3,1,False,3.466796875
Dense5x20,9558,3,3,1,False,2.9052734375
Dense5x20,3947,3,3,1,False,4.8193359375
Dense5x20,2629,3,3,1,False,1.5283203125
Dense5x20,5708,3,3,1,False,5.009765625
Dense5x20,5878,3,3,1,False,3.0810546875
Dense5x20,2776,3,3,1,False,3.1396484375
Dense5x20,683,3,3,1,False,2.1533203125
Dense3x50,3764,0,0,1,False,0.0927734375
Dense3x50,71,0,0,1,False,5.7470703125
Dense3x50,9236,0,0,1,False,6.3525390625
Dense3x50,9223,0,0,1,False,6.708984375
Dense3x50,5652,0,0,1,False,4.3701171875
Dense3x50,2178,0,0,1,False,4.98046875
Dense3x50,7190,0,0,1,False,3.359375
Dense3x50,7989,0,0,1,False,5.5029296875
Dense3x50,4470,0,0,1,False,4.2236328125
Dense3x50,9879,0,0,1,False,0.732421875
Dense3x50,5818,0,0,1,False,3.6669921875
Dense3x50,3479,0,0,1,False,3.642578125
Dense3x50,6970,0,0,1,False,4.4189453125
Dense3x50,9647,0,0,1,False,5.6298828125
Dense3x50,4604,0,0,1,False,6.26953125
Dense3x50,4891,0,0,1,False,3.5888671875
Dense3x50,1191,0,0,1,False,2.021484375
Dense3x50,8021,0,0,1,False,5.5712890625
Dense3x50,581,0,0,1,False,3.9111328125
Dense3x50,2376,0,0,1,False,6.1376953125
Dense3x50,1454,0,0,1,False,2.705078125
Dense3x50,704,0,0,1,False,3.056640625
Dense3x50,592,0,0,1,False,4.62890625
Dense3x50,6719,0,0,1,False,5.8984375
Dense3x50,7381,0,0,1,False,4.4921875
Dense3x50,8535,0,0,1,False,5.9716796875
Dense3x50,4166,0,0,1,False,3.2958984375
Dense3x50,904,0,0,1,False,3.9697265625
Dense3x50,1195,0,0,1,False,4.111328125
Dense3x50,8913,0,0,1,False,4.0185546875
Dense3x50,5147,0,0,1,False,4.4189453125
Dense3x50,642,0,0,1,False,3.2568359375
Dense3x50,5280,0,0,1,False,5.625
Dense3x50,7263,0,0,1,False,3.2373046875
Dense3x50,7727,0,0,1,False,5.224609375
Dense3x50,4462,0,0,1,False,4.7900390625
Dense3x50,459,0,0,1,False,3.6865234375
Dense3x50,3090,0,0,1,False,3.271484375
Dense3x50,8388,0,0,1,False,3.6962890625
Dense3x50,7723,0,0,1,False,5.3271484375
Dense3x50,9352,0,0,1,False,4.0673828125
Dense3x50,294,0,0,1,False,2.5146484375
Dense3x50,6129,0,0,1,False,7.3876953125
Dense3x50,1246,0,0,1,False,2.1337890625
Dense3x50,7385,0,0,1,False,5.185546875
Dense3x50,6583,0,0,1,False,3.1005859375
Dense3x50,7072,0,0,1,False,4.1259765625
Dense3x50,7526,0,0,1,False,4.8193359375
Dense3x50,9377,0,0,1,False,3.896484375
Dense3x50,7688,0,0,1,False,3.88671875
Dense3x50,6795,0,0,1,False,5.400390625
Dense3x50,8179,0,0,1,False,5.29296875
Dense3x50,9220,0,0,1,False,5.8251953125
Dense3x50,6428,0,0,1,False,1.89453125
Dense3x50,9666,0,0,1,False,2.2216796875
Dense3x50,7943,0,0,1,False,4.4189453125
Dense3x50,7706,0,0,1,False,4.3505859375
Dense3x50,327,0,0,1,False,4.9560546875
Dense3x50,4617,0,0,1,False,3.8671875
Dense3x50,3804,0,0,1,False,2.802734375
Dense3x50,101,0,0,1,False,3.57421875
Dense3x50,1995,0,0,1,False,3.662109375
Dense3x50,5613,0,0,1,False,1.34765625
Dense3x50,6580,0,0,1,False,3.9208984375
Dense3x50,723,0,0,1,False,2.392578125
Dense3x50,441,0,0,1,False,3.53515625
Dense3x50,7354,0,0,1,False,3.30078125
Dense3x50,8501,0,0,1,False,5.9130859375
Dense3x50,6201,0,0,1,False,5.4296875
Dense3x50,4507,1,1,1,False,2.4267578125
Dense3x50,2051,1,1,1,False,2.7783203125
Dense3x50,2175,1,1,1,False,2.0947265625
Dense3x50,3919,1,1,1,False,2.8955078125
Dense3x50,9241,1,1,1,False,3.4814453125
Dense3x50,1350,1,1,1,False,2.7392578125
Dense3x50,8988,1,1,1,False,3.3056640625
Dense3x50,5036,1,1,1,False,3.232421875
Dense3x50,6783,1,1,1,False,1.2890625
Dense3x50,3471,1,1,1,False,3.330078125
Dense3x50,5331,1,6,1,False,1.81640625
Dense3x50,5211,1,1,1,False,2.3095703125
Dense3x50,7916,1,1,1,False,2.5732421875
Dense3x50,1834,1,1,1,False,3.115234375
Dense3x50,1945,1,1,1,False,3.2861328125
Dense3x50,350,1,1,1,False,2.412109375
Dense3x50,4386,1,1,1,False,2.5439453125
Dense3x50,9249,1,1,1,False,3.0859375
Dense3x50,3673,1,1,1,False,2.3779296875
Dense3x50,929,1,1,1,False,2.197265625
Dense3x50,5208,1,1,1,False,3.2470703125
Dense3x50,1766,1,1,1,False,3.056640625
Dense3x50,3606,1,1,1,False,1.796875
Dense3x50,6928,1,1,1,False,3.4912109375
Dense3x50,1760,1,1,1,False,2.8369140625
Dense3x50,9124,1,1,1,False,3.37890625
Dense3x50,3649,1,1,1,False,3.1396484375
Dense3x50,7969,1,1,1,False,3.251953125
Dense3x50,7340,1,1,1,False,3.1396484375
Dense3x50,6472,1,1,1,False,2.4853515625
Dense3x50,672,1,1,1,False,3.0126953125
Dense3x50,5148,1,1,1,False,3.0322265625
Dense3x50,6680,1,1,1,False,2.3388671875
Dense3x50,1791,1,1,1,False,3.0029296875
Dense3x50,6540,1,1,1,False,1.7822265625
Dense3x50,3259,1,1,1,False,2.822265625
Dense3x50,6438,1,1,1,False,2.568359375
Dense3x50,9090,1,1,1,False,2.8271484375
Dense3x50,9438,1,1,1,False,3.3544921875
Dense3x50,1236,1,1,1,False,1.9873046875
Dense3x50,5370,1,1,1,False,3.3056640625
Dense3x50,9799,1,1,1,False,3.14453125
Dense3x50,4006,1,1,1,False,2.59765625
Dense3x50,5783,1,1,1,False,3.3251953125
Dense3x50,6913,1,1,1,False,2.802734375
Dense3x50,5762,1,1,1,False,3.0224609375
Dense3x50,8740,1,1,1,False,3.3935546875
Dense3x50,2335,1,1,1,False,2.958984375
Dense3x50,7928,1,1,1,False,1.4892578125
Dense3x50,783,1,1,1,False,2.509765625
Dense3x50,9810,1,1,1,False,2.71484375
Dense3x50,979,1,1,1,False,3.0712890625
Dense3x50,5520,1,1,1,False,2.87109375
Dense3x50,8540,1,1,1,False,3.1103515625
Dense3x50,1885,1,1,1,False,2.12890625
Dense3x50,1040,1,1,1,False,2.431640625
Dense3x50,2827,1,1,1,False,1.62109375
Dense3x50,107,1,1,1,False,1.884765625
Dense3x50,8659,1,1,1,False,3.359375
Dense3x50,900,1,1,1,False,0.6787109375
Dense3x50,9602,1,1,1,False,2.9931640625
Dense3x50,745,1,1,1,False,2.8173828125
Dense3x50,2519,1,1,1,False,1.9384765625
Dense3x50,669,3,3,1,False,3.3544921875
Dense3x50,3995,3,3,1,False,0.6005859375
Dense3x50,807,3,3,1,False,4.7412109375
Dense3x50,3363,3,3,1,False,2.7392578125
Dense3x50,2785,3,3,1,False,4.267578125
Dense3x50,9283,3,3,1,False,2.5634765625
Dense3x50,3432,3,3,1,False,2.1533203125
Dense3x50,1109,3,3,1,False,4.82421875
Dense3x50,1239,3,3,1,False,1.9970703125
Dense3x50,7026,3,3,1,False,4.541015625
Dense3x50,4586,3,3,1,False,2.98828125
Dense3x50,1889,3,3,1,False,2.28515625
Dense3x50,4443,3,3,1,False,1.9140625
Dense3x50,3469,3,3,1,False,4.3798828125
Dense3x50,8483,3,3,1,False,4.8486328125
Dense3x50,9662,3,3,1,False,1.328125
Dense3x50,5479,3,3,1,False,3.4716796875
Dense3x50,1742,3,3,1,False,3.84765625
Dense3x50,1166,3,3,1,False,1.85546875
Dense3x50,4688,3,3,1,False,4.267578125
Dense3x50,5212,3,3,1,False,3.76953125
Dense3x50,2139,3,3,1,False,4.12109375
Dense3x50,4605,3,3,1,False,2.4365234375
Dense3x50,6184,3,3,1,False,3.8134765625
Dense3x50,200,3,3,1,False,4.9951171875
Dense3x50,8777,3,3,1,False,5.3173828125
Dense3x50,8419,3,3,1,False,3.798828125
Dense3x50,8939,3,3,1,False,3.8818359375
Dense3x50,5935,3,3,1,False,1.58203125
Dense3x50,7750,3,3,1,False,5.5810546875
Dense3x50,8254,3,3,1,False,4.2822265625
Dense3x50,3248,3,3,1,False,3.0078125
Dense3x50,1265,3,3,1,False,3.2373046875
Dense3x50,5078,3,3,1,False,1.0009765625
Dense3x50,8970,3,3,1,False,4.0380859375
Dense3x50,1690,3,3,1,False,2.8271484375
Dense3x50,9115,3,3,1,False,5.966796875
Dense3x50,5028,3,3,1,False,3.583984375
Dense3x50,4990,3,8,1,False,0.1611328125
Dense3x50,8856,3,3,1,False,3.5595703125
Dense3x50,2069,3,3,1,False,4.755859375
Dense3x50,2560,3,2,1,False,0.3271484375
Dense3x50,1591,3,3,1,False,3.8623046875
Dense3x50,9680,3,3,1,False,2.8662109375
Dense3x50,6985,3,3,1,False,5.9814453125
Dense3x50,6873,3,3,1,False,4.2431640625
Dense3x50,3326,3,3,1,False,2.4267578125
Dense3x50,9275,3,3,1,False,4.0234375
Dense3x50,528,3,3,1,False,1.3623046875
Dense3x50,2348,3,3,1,False,1.9384765625
Dense3x50,4276,3,3,1,False,2.3583984375
Dense3x50,9409,3,3,1,False,4.9853515625
Dense3x50,3484,3,3,1,False,3.935546875
Dense3x50,6085,3,3,1,False,4.19921875
Dense3x50,1731,3,3,1,False,4.951171875
Dense3x50,3083,3,3,1,False,5.9619140625
Dense3x50,7644,3,3,1,False,3.2568359375
Dense3x50,5283,3,3,1,False,3.8037109375
Dense3x50,2551,3,3,1,False,3.2177734375
Dense3x50,5468,3,3,1,False,2.7978515625
Dense3x50,3138,3,3,1,False,1.62109375
Dense3x50,7396,3,3,1,False,4.6875
Dense3x50,9106,3,3,1,False,6.435546875
Dense3x50,8362,3,3,1,False,0.078125
Dense3x50,4335,3,3,1,False,2.03125
Dense3x50,9305,3,3,1,False,4.1943359375
Dense3x50,7207,3,3,1,False,5.0244140625
Dense3x200,6526,0,0,1,False,3.408203125
Dense3x200,3191,0,0,1,False,2.01171875
Dense3x200,8845,0,0,1,False,3.5498046875
Dense3x200,5483,0,0,1,False,2.9345703125
Dense3x200,2127,0,0,1,False,2.861328125
Dense3x200,1411,0,0,1,False,1.7822265625
Dense3x200,5828,0,0,1,False,2.0361328125
Dense3x200,8868,0,0,1,False,3.427734375
Dense3x200,1504,0,0,1,False,2.7978515625
Dense3x200,7846,0,0,1,False,5.48828125
Dense3x200,9297,0,0,1,False,2.626953125
Dense3x200,1757,0,0,1,False,2.529296875
Dense3x200,5452,0,0,1,False,4.7998046875
Dense3x200,9897,0,0,1,False,2.470703125
Dense3x200,1261,0,0,1,False,3.046875
Dense3x200,8251,0,0,1,False,3.7646484375
Dense3x200,4080,0,0,1,False,2.685546875
Dense3x200,7162,0,0,1,False,2.44140625
Dense3x200,7202,0,0,1,False,3.515625
Dense3x200,3,0,0,1,False,2.578125
Dense3x200,1621,0,0,1,False,1.73828125
Dense3x200,9902,0,0,1,False,3.1298828125
Dense3x200,8228,0,0,1,False,2.7685546875
Dense3x200,441,0,0,1,False,2.98828125
Dense3x200,6947,0,0,1,False,4.82421875
Dense3x200,365,0,0,1,False,2.0458984375
Dense3x200,620,0,0,1,False,2.6513671875
Dense3x200,5459,0,0,1,False,4.3212890625
Dense3x200,4862,0,0,1,False,3.955078125
Dense3x200,3020,0,0,1,False,2.51953125
Dense3x200,2619,0,0,1,False,2.71484375
Dense3x200,5584,0,0,1,False,5.048828125
Dense3x200,3215,0,0,1,False,3.3203125
Dense3x200,2329,0,2,1,False,1.953125
Dense3x200,854,0,0,1,False,3.4375
Dense3x200,1468,0,0,1,False,1.7333984375
Dense3x200,5513,0,0,1,False,4.140625
Dense3x200,8067,0,0,1,False,5.576171875
Dense3x200,4999,0,0,1,False,5.9765625
Dense3x200,4062,0,0,1,False,2.7978515625
Dense3x200,896,0,0,1,False,1.5869140625
Dense3x200,704,0,0,1,False,2.353515625
Dense3x200,9070,0,0,1,False,4.9755859375
Dense3x200,1445,0,0,1,False,3.681640625
Dense3x200,1589,0,0,1,False,3.935546875
Dense3x200,586,0,0,1,False,2.763671875
Dense3x200,4788,0,0,1,False,1.85546875
Dense3x200,1404,0,0,1,False,2.0947265625
Dense3x200,1408,0,0,1,False,3.662109375
Dense3x200,8657,0,0,1,False,4.16015625
Dense3x200,2042,0,0,1,False,3.7255859375
Dense3x200,7617,0,0,1,False,3.994140625
Dense3x200,2067,0,0,1,False,2.509765625
Dense3x200,9236,0,0,1,False,4.8095703125
Dense3x200,7505,0,0,1,False,0.927734375
Dense3x200,5463,0,0,1,False,3.779296875
Dense3x200,7255,0,0,1,False,3.53515625
Dense3x200,8595,0,0,1,False,4.599609375
Dense3x200,7898,0,0,1,False,4.365234375
Dense3x200,1379,0,0,1,False,4.482421875
Dense3x200,312,0,0,1,False,3.486328125
Dense3x200,69,0,0,1,False,3.056640625
Dense3x200,9826,0,0,1,False,2.2509765625
Dense3x200,294,0,0,1,False,2.509765625
Dense3x200,1246,0,0,1,False,2.5390625
Dense3x200,2226,0,0,1,False,3.0712890625
Dense3x200,5806,0,0,1,False,3.369140625
Dense3x200,6040,0,0,1,False,3.046875
Dense3x200,3439,0,0,1,False,2.9345703125
Dense3x200,8172,0,0,1,False,3.984375
Dense3x200,3641,1,1,1,False,1.962890625
Dense3x200,2706,1,1,1,False,1.806640625
Dense3x200,8768,1,1,1,False,2.1240234375
Dense3x200,57,1,1,1,False,1.4208984375
Dense3x200,14,1,1,1,False,2.548828125
Dense3x200,8636,1,1,1,False,2.3486328125
Dense3x200,2015,1,1,1,False,2.2607421875
Dense3x200,3815,1,1,1,False,2.099609375
Dense3x200,504,1,1,1,False,1.38671875
Dense3x200,5,1,1,1,False,1.7431640625
Dense3x200,1434,1,1,1,False,2.0751953125
Dense3x200,2705,1,1,1,False,2.28515625
Dense3x200,6008,1,1,1,False,2.041015625
Dense3x200,9345,1,1,1,False,1.943359375
Dense3x200,9649,1,1,1,False,2.2509765625
Dense3x200,695,1,1,1,False,1.474609375
Dense3x200,7784,1,1,1,False,1.77734375
Dense3x200,9112,1,1,1,False,2.2119140625
Dense3x200,1403,1,1,1,False,1.11328125
Dense3x200,4953,1,1,1,False,2.2216796875
Dense3x200,6751,1,1,1,False,2.1044921875
Dense3x200,6101,1,1,1,False,1.3525390625
Dense3x200,1691,1,1,1,False,2.0166015625
Dense3x200,2017,1,1,1,False,1.9482421875
Dense3x200,2356,1,1,1,False,2.3291015625
Dense3x200,4595,1,1,1,False,2.40234375
Dense3x200,9295,1,1,1,False,1.4697265625
Dense3x200,5460,1,1,1,False,1.50390625
Dense3x200,2444,1,1,1,False,1.826171875
Dense3x200,4304,1,1,1,False,1.7138671875
Dense3x200,2164,1,1,1,False,1.7333984375
Dense3x200,1213,1,1,1,False,1.85546875
Dense3x200,3438,1,1,1,False,1.7333984375
Dense3x200,7005,1,1,1,False,1.6796875
Dense3x200,3679,1,1,1,False,1.591796875
Dense3x200,1715,1,1,1,False,2.0263671875
Dense3x200,6060,1,1,1,False,2.4658203125
Dense3x200,9120,1,1,1,False,2.05078125
Dense3x200,6192,1,1,1,False,1.9873046875
Dense3x200,2655,1,1,1,False,1.7626953125
Dense3x200,9641,1,1,1,False,1.71875
Dense3x200,9978,1,1,1,False,2.12890625
Dense3x200,8469,1,1,1,False,2.3974609375
Dense3x200,8439,1,1,1,False,1.4501953125
Dense3x200,1040,1,1,1,False,1.6845703125
Dense3x200,4563,1,1,1,False,1.3330078125
Dense3x200,994,1,1,1,False,2.1533203125
Dense3x200,6628,1,1,1,False,1.318359375
Dense3x200,7507,1,1,1,False,1.9384765625
Dense3x200,357,1,1,1,False,1.2158203125
Dense3x200,824,1,1,1,False,1.66015625
Dense3x200,2343,1,1,1,False,1.3232421875
Dense3x200,4179,1,1,1,False,2.1630859375
Dense3x200,1603,1,1,1,False,2.5
Dense3x200,2816,1,1,1,False,1.6796875
Dense3x200,7748,1,1,1,False,2.05078125
Dense3x200,8708,1,1,1,False,2.099609375
Dense3x200,8724,1,1,1,False,1.7236328125
Dense3x200,6338,1,1,1,False,1.4599609375
Dense3x200,3593,1,1,1,False,2.294921875
Dense3x200,5203,1,1,1,False,1.181640625
Dense3x200,9301,1,1,1,False,1.62109375
Dense3x200,2137,1,1,1,False,1.7333984375
Dense3x200,6733,1,1,1,False,2.6953125
Dense3x200,1515,1,1,1,False,2.0556640625
Dense3x200,4201,1,1,1,False,0.72265625
Dense3x200,2688,1,1,1,False,2.373046875
Dense3x200,330,1,1,1,False,2.109375
Dense3x200,1295,1,1,1,False,1.6259765625
Dense3x200,3669,1,1,1,False,1.884765625
Dense3x200,8254,3,3,1,False,3.623046875
Dense3x200,9106,3,3,1,False,4.53125
Dense3x200,1298,3,3,1,False,1.8408203125
Dense3x200,9479,3,3,1,False,3.59375
Dense3x200,6790,3,3,1,False,2.9150390625
Dense3x200,1727,3,3,1,False,2.2802734375
Dense3x200,2075,3,3,1,False,2.333984375
Dense3x200,925,3,3,1,False,3.1884765625
Dense3x200,8485,3,3,1,False,2.4853515625
Dense3x200,9840,3,3,1,False,1.982421875
Dense3x200,1742,3,3,1,False,2.94921875
Dense3x200,8570,3,3,1,False,4.013671875
Dense3x200,4657,3,3,1,False,1.474609375
Dense3x200,573,3,3,1,False,3.583984375
Dense3x200,2853,3,3,1,False,1.8017578125
Dense3x200,1092,3,3,1,False,1.71875
Dense3x200,6184,3,3,1,False,3.6669921875
Dense3x200,4494,3,3,1,False,1.943359375
Dense3x200,7968,3,3,1,False,5.126953125
Dense3x200,1114,3,3,1,False,1.3232421875
Dense3x200,8393,3,3,1,False,2.880859375
Dense3x200,3456,3,3,1,False,2.333984375
Dense3x200,4785,3,3,1,False,1.5478515625
Dense3x200,4244,3,3,1,False,2.0947265625
Dense3x200,3049,3,3,1,False,2.509765625
Dense3x200,1020,3,3,1,False,2.3828125
Dense3x200,1600,3,3,1,False,1.044921875
Dense3x200,7117,3,3,1,False,3.3251953125
Dense3x200,3549,3,2,1,False,0.654296875
Dense3x200,1661,3,3,1,False,2.9248046875
Dense3x200,2011,3,3,1,False,1.8994140625
Dense3x200,1628,3,3,1,False,2.1484375
Dense3x200,2952,3,5,1,False,0.6982421875
Dense3x200,5074,3,3,1,False,2.9833984375
Dense3x200,887,3,3,1,False,2.5439453125
Dense3x200,7130,3,3,1,False,2.041015625
Dense3x200,381,3,7,1,False,0.8837890625
Dense3x200,8346,3,3,1,False,3.45703125
Dense3x200,3078,3,3,1,False,1.1181640625
Dense3x200,4004,3,3,1,False,2.7392578125
Dense3x200,3740,3,3,1,False,3.6572265625
Dense3x200,231,3,3,1,False,2.3095703125
Dense3x200,3248,3,3,1,False,2.5390625
Dense3x200,8050,3,3,1,False,4.2236328125
Dense3x200,9370,3,3,1,False,3.33984375
Dense3x200,9797,3,3,1,False,3.1494140625
Dense3x200,8429,3,3,1,False,3.06640625
Dense3x200,1889,3,3,1,False,2.2802734375
Dense3x200,9965,3,3,1,False,3.1005859375
Dense3x200,4097,3,3,1,False,3.8427734375
Dense3x200,6255,3,3,1,False,3.2763671875
Dense3x200,9758,3,3,1,False,2.529296875
Dense3x200,7875,3,3,1,False,3.037109375
Dense3x200,3943,3,3,1,False,0.8544921875
Dense3x200,4647,3,3,1,False,2.548828125
Dense3x200,7479,3,3,1,False,2.4267578125
Dense3x200,4703,3,3,1,False,3.4326171875
Dense3x200,734,3,3,1,False,2.1728515625
Dense3x200,5492,3,3,1,False,3.662109375
Dense3x200,9670,3,3,1,False,2.55859375
Dense3x200,6664,3,3,1,False,1.8115234375
Dense3x200,4755,3,3,1,False,1.2060546875
Dense3x200,4990,3,2,1,False,0.95703125
Dense3x200,3487,3,3,1,False,3.837890625
Dense3x200,6876,3,3,1,False,3.232421875
Dense3x200,8801,3,3,1,False,3.994140625
Dense3x200,1586,3,3,1,False,2.119140625
Dense3x200,8703,3,3,1,False,3.7109375
Dense2x41,8587,0,0,1,False,4.4921875
Dense2x41,8260,0,0,1,False,4.3603515625
Dense2x41,5865,0,0,1,False,5.546875
Dense2x41,4150,0,0,1,False,6.6650390625
Dense2x41,1197,0,0,1,False,3.388671875
Dense2x41,7898,0,0,1,False,7.7978515625
Dense2x41,4641,0,0,1,False,4.1845703125
Dense2x41,8388,0,0,1,False,4.1943359375
Dense2x41,1271,0,0,1,False,3.8525390625
Dense2x41,7506,0,0,1,False,5.7568359375
Dense2x41,2127,0,0,1,False,5.0048828125
Dense2x41,1898,0,0,1,False,3.4912109375
Dense2x41,4048,0,0,1,False,2.34375
Dense2x41,2479,0,0,1,False,1.8505859375
Dense2x41,4079,0,0,1,False,4.2724609375
Dense2x41,246,0,0,1,False,6.07421875
Dense2x41,1692,0,0,1,False,3.1787109375
Dense2x41,1775,0,0,1,False,2.6611328125
Dense2x41,6927,0,0,1,False,4.6142578125
Dense2x41,9542,0,0,1,False,5.1904296875
Dense2x41,4370,0,0,1,False,2.0458984375
Dense2x41,1001,0,0,1,False,3.359375
Dense2x41,2687,0,0,1,False,3.9794921875
Dense2x41,2631,0,0,1,False,1.5771484375
Dense2x41,3940,0,0,1,False,4.951171875
Dense2x41,365,0,0,1,False,2.4609375
Dense2x41,7175,0,0,1,False,4.384765625
Dense2x41,8458,0,0,1,False,7.4560546875
Dense2x41,1768,0,0,1,False,3.1494140625
Dense2x41,8595,0,0,1,False,6.4990234375
Dense2x41,5974,0,0,1,False,3.80859375
Dense2x41,327,0,0,1,False,5.09765625
Dense2x41,1650,0,0,1,False,4.6044921875
Dense2x41,8448,0,0,1,False,5.986328125
Dense2x41,4208,0,0,1,False,3.7353515625
Dense2x41,2733,0,0,1,False,4.4189453125
Dense2x41,9396,0,0,1,False,5.2099609375
Dense2x41,6286,0,0,1,False,6.455078125
Dense2x41,5513,0,0,1,False,5.0634765625
Dense2x41,3185,0,0,1,False,1.6552734375
Dense2x41,9137,0,0,1,False,7.021484375
Dense2x41,4457,0,0,1,False,5.3125
Dense2x41,6633,0,0,1,False,4.2138671875
Dense2x41,750,0,0,1,False,2.94921875
Dense2x41,6602,0,0,1,False,4.4970703125
Dense2x41,4531,0,0,1,False,2.7099609375
Dense2x41,6835,0,0,1,False,4.990234375
Dense2x41,5290,0,0,1,False,4.7265625
Dense2x41,713,0,0,1,False,2.333984375
Dense2x41,3020,0,0,1,False,2.1240234375
Dense2x41,9167,0,0,1,False,6.787109375
Dense2x41,4473,0,0,1,False,3.53515625
Dense2x41,6383,0,0,1,False,3.73046875
Dense2x41,3650,0,0,1,False,3.798828125
Dense2x41,7168,0,0,1,False,5.673828125
Dense2x41,9004,0,0,1,False,4.208984375
Dense2x41,7536,0,0,1,False,4.453125
Dense2x41,8858,0,0,1,False,6.337890625
Dense2x41,8951,0,0,1,False,5.390625
Dense2x41,5249,0,0,1,False,5.126953125
Dense2x41,8414,0,0,1,False,5.1708984375
Dense2x41,5659,0,0,1,False,5.283203125
Dense2x41,7221,0,0,1,False,3.9990234375
Dense2x41,8614,0,0,1,False,3.7890625
Dense2x41,546,0,0,1,False,4.8583984375
Dense2x41,4462,0,0,1,False,5.712890625
Dense2x41,4614,0,0,1,False,6.318359375
Dense2x41,2954,0,0,1,False,3.2470703125
Dense2x41,7839,1,1,1,False,0.99609375
Dense2x41,3143,1,1,1,False,2.890625
Dense2x41,7665,1,1,1,False,3.056640625
Dense2x41,5896,1,1,1,False,2.841796875
Dense2x41,7424,1,1,1,False,2.9150390625
Dense2x41,1448,1,1,1,False,3.0615234375
Dense2x41,7600,1,1,1,False,3.544921875
Dense2x41,2965,1,1,1,False,2.9296875
Dense2x41,537,1,1,1,False,3.203125
Dense2x41,2182,1,2,1,False,2.7685546875
Dense2x41,1368,1,1,1,False,1.6015625
Dense2x41,4035,1,1,1,False,3.45703125
Dense2x41,1019,1,1,1,False,3.2421875
Dense2x41,3606,1,1,1,False,1.8310546875
Dense2x41,7556,1,1,1,False,3.388671875
Dense2x41,9336,1,1,1,False,3.0810546875
Dense2x41,7226,1,1,1,False,2.5048828125
Dense2x41,6472,1,1,1,False,3.0615234375
Dense2x41,342,1,1,1,False,3.10546875
Dense2x41,3438,1,1,1,False,3.1005859375
Dense2x41,5514,1,1,1,False,2.7685546875
Dense2x41,8439,1,1,1,False,2.63671875
Dense2x41,196,1,1,1,False,3.02734375
Dense2x41,9599,1,1,1,False,2.4365234375
Dense2x41,7183,1,1,1,False,2.3681640625
Dense2x41,1075,1,1,1,False,2.265625
Dense2x41,1189,1,1,1,False,2.080078125
Dense2x41,239,1,1,1,False,3.154296875
Dense2x41,2786,1,1,1,False,1.943359375
Dense2x41,8252,1,1,1,False,2.91015625
Dense2x41,5460,1,1,1,False,2.4658203125
Dense2x41,3211,1,1,1,False,3.2470703125
Dense2x41,2725,1,1,1,False,2.9541015625
Dense2x41,6661,1,1,1,False,1.9873046875
Dense2x41,2164,1,1,1,False,2.9833984375
Dense2x41,5759,1,1,1,False,1.923828125
Dense2x41,3777,1,1,1,False,1.982421875
Dense2x41,9795,1,1,1,False,2.2021484375
Dense2x41,2421,1,1,1,False,2.67578125
Dense2x41,7223,1,1,1,False,2.8125
Dense2x41,8650,1,1,1,False,3.0712890625
Dense2x41,9388,1,1,1,False,2.5927734375
Dense2x41,5461,1,1,1,False,3.6767578125
Dense2x41,4104,1,1,1,False,3.5400390625
Dense2x41,7969,1,1,1,False,4.00390625
Dense2x41,6634,1,1,1,False,3.0517578125
Dense2x41,7626,1,1,1,False,3.5546875
Dense2x41,9039,1,1,1,False,3.271484375
Dense2x41,2912,1,1,1,False,2.607421875
Dense2x41,8068,1,1,1,False,3.037109375
Dense2x41,8078,1,1,1,False,2.9443359375
Dense2x41,2356,1,1,1,False,2.7001953125
Dense2x41,9715,1,1,1,False,3.1689453125
Dense2x41,8720,1,1,1,False,3.4423828125
Dense2x41,5661,1,1,1,False,3.6181640625
Dense2x41,8187,1,1,1,False,2.8125
Dense2x41,7717,1,1,1,False,2.7978515625
Dense2x41,5052,1,1,1,False,2.744140625
Dense2x41,2590,1,1,1,False,3.2177734375
Dense2x41,9233,1,1,1,False,3.1494140625
Dense2x41,4507,1,1,1,False,2.568359375
Dense2x41,9876,1,1,1,False,3.8427734375
Dense2x41,2324,1,1,1,False,2.7197265625
Dense2x41,1527,1,6,1,False,0.4345703125
Dense2x41,8367,1,1,1,False,2.6025390625
Dense2x41,8058,1,1,1,False,3.125
Dense2x41,4105,1,1,1,False,3.388671875
Dense2x41,29,1,1,1,False,2.294921875
Dense2x41,7591,1,1,1,False,3.5595703125
Dense2x41,7470,3,3,1,False,4.501953125
Dense2x41,8957,3,3,1,False,4.365234375
Dense2x41,7551,3,3,1,False,3.359375
Dense2x41,231,3,3,1,False,2.490234375
Dense2x41,7875,3,3,1,False,4.0234375
Dense2x41,5150,3,3,1,False,6.15234375
Dense2x41,8430,3,3,1,False,1.6650390625
Dense2x41,8354,3,3,1,False,2.8662109375
Dense2x41,727,3,3,1,False,3.2666015625
Dense2x41,4973,3,3,1,False,5.46875
Dense2x41,4537,3,3,1,False,4.0576171875
Dense2x41,2348,3,3,1,False,2.8515625
Dense2x41,6331,3,3,1,False,3.310546875
Dense2x41,8429,3,3,1,False,3.06640625
Dense2x41,6950,3,3,1,False,4.3115234375
Dense2x41,5780,3,3,1,False,2.822265625
Dense2x41,5740,3,3,1,False,3.30078125
Dense2x41,5628,3,3,1,False,2.2607421875
Dense2x41,9056,3,3,1,False,3.203125
Dense2x41,4802,3,3,1,False,1.8505859375
Dense2x41,7956,3,3,1,False,4.7412109375
Dense2x41,1298,3,3,1,False,2.431640625
Dense2x41,782,3,3,1,False,3.955078125
Dense2x41,7222,3,3,1,False,5.7666015625
Dense2x41,9797,3,3,1,False,4.70703125
Dense2x41,9582,3,3,1,False,4.365234375
Dense2x41,9986,3,3,1,False,1.162109375
Dense2x41,5468,3,3,1,False,3.5400390625
Dense2x41,1315,3,3,1,False,0.7958984375
Dense2x41,6174,3,3,1,False,0.1025390625
Dense2x41,4740,3,3,1,False,0.6640625
Dense2x41,8272,3,5,1,False,0.0
Dense2x41,8215,3,3,1,False,4.8486328125
Dense2x41,894,3,3,1,False,2.5830078125
Dense2x41,7620,3,3,1,False,1.123046875
Dense2x41,1798,3,3,1,False,2.08984375
Dense2x41,4535,3,3,1,False,5.0341796875
Dense2x41,3085,3,3,1,False,2.4755859375
Dense2x41,1600,3,3,1,False,1.6259765625
Dense2x41,6563,3,3,1,False,1.337890625
Dense2x41,8156,3,3,1,False,2.48046875
Dense2x41,90,3,3,1,False,3.3935546875
Dense2x41,6727,3,3,1,False,5.947265625
Dense2x41,9431,3,3,1,False,3.2958984375
Dense2x41,5850,3,3,1,False,4.1455078125
Dense2x41,8140,3,3,1,False,5.1171875
Dense2x41,4635,3,5,1,False,0.185546875
Dense2x41,245,3,3,1,False,0.9423828125
Dense2x41,453,3,3,1,False,1.9189453125
Dense2x41,2441,3,3,1,False,2.5537109375
Dense2x41,5703,3,3,1,False,3.701171875
Dense2x41,6023,3,3,1,False,0.3662109375
Dense2x41,6982,3,3,1,False,3.80859375
Dense2x41,3015,3,3,1,False,3.271484375
Dense2x41,4162,3,3,1,False,5.4443359375
Dense2x41,8842,3,3,1,False,2.568359375
Dense2x41,7193,3,3,1,False,4.2529296875
Dense2x41,2502,3,3,1,False,4.5703125
Dense2x41,865,3,3,1,False,2.4462890625
Dense2x41,3515,3,3,1,False,6.6455078125
Dense2x41,7932,3,3,1,False,3.466796875
Dense2x41,8570,3,3,1,False,4.5068359375
Dense2x41,7995,3,3,1,False,4.6337890625
Dense2x41,4688,3,3,1,False,2.5830078125
Dense2x41,9429,3,3,1,False,4.3310546875
Dense2x41,8370,3,3,1,False,3.4814453125
Dense2x41,7936,3,3,1,False,4.3896484375
Dense3x38,6131,0,0,1,False,7.7294921875
Dense3x38,7699,0,0,1,False,4.580078125
Dense3x38,3540,0,0,1,False,4.1943359375
Dense3x38,9687,0,0,1,False,2.705078125
Dense3x38,8021,0,0,1,False,5.6591796875
Dense3x38,545,0,0,1,False,2.509765625
Dense3x38,5613,0,0,1,False,2.8369140625
Dense3x38,661,0,0,1,False,2.40234375
Dense3x38,5255,0,0,1,False,2.2412109375
Dense3x38,3251,0,0,1,False,1.5185546875
Dense3x38,9993,0,0,1,False,3.447265625
Dense3x38,10,0,0,1,False,3.80859375
Dense3x38,2592,0,0,1,False,5.78125
Dense3x38,854,0,0,1,False,3.4716796875
Dense3x38,6979,0,0,1,False,5.7080078125
Dense3x38,9038,0,0,1,False,3.974609375
Dense3x38,7882,0,0,1,False,6.3525390625
Dense3x38,6478,0,0,1,False,5.3662109375
Dense3x38,4776,0,0,1,False,5.2099609375
Dense3x38,6016,0,0,1,False,6.142578125
Dense3x38,9663,0,0,1,False,5.1953125
Dense3x38,7161,0,0,1,False,3.740234375
Dense3x38,9396,0,0,1,False,3.9111328125
Dense3x38,7693,0,0,1,False,4.677734375
Dense3x38,9677,0,0,1,False,1.6064453125
Dense3x38,71,0,0,1,False,5.7275390625
Dense3x38,6351,0,0,1,False,2.2900390625
Dense3x38,6398,0,0,1,False,4.765625
Dense3x38,3347,0,0,1,False,3.6279296875
Dense3x38,3371,0,0,1,False,3.9453125
Dense3x38,8195,0,0,1,False,5.361328125
Dense3x38,3867,0,0,1,False,3.310546875
Dense3x38,4819,0,0,1,False,2.6220703125
Dense3x38,490,0,0,1,False,2.744140625
Dense3x38,3325,0,0,1,False,5.966796875
Dense3x38,2328,0,0,1,False,2.4658203125
Dense3x38,4090,0,0,1,False,2.75390625
Dense3x38,6099,0,0,1,False,6.396484375
Dense3x38,7342,0,0,1,False,6.7626953125
Dense3x38,296,0,0,1,False,6.2451171875
Dense3x38,8929,0,0,1,False,6.0107421875
Dense3x38,9297,0,0,1,False,3.4033203125
Dense3x38,5818,0,0,1,False,4.31640625
Dense3x38,3864,0,0,1,False,3.61328125
Dense3x38,2023,0,0,1,False,1.9677734375
Dense3x38,55,0,0,1,False,3.6328125
Dense3x38,9552,0,0,1,False,4.5947265625
Dense3x38,5337,0,0,1,False,5.947265625
Dense3x38,4361,0,0,1,False,3.4521484375
Dense3x38,269,0,0,1,False,2.919921875
Dense3x38,5685,0,0,1,False,5.4345703125
Dense3x38,8458,0,0,1,False,5.7568359375
Dense3x38,8514,0,0,1,False,5.3662109375
Dense3x38,7558,0,0,1,False,3.28125
Dense3x38,1379,0,0,1,False,4.755859375
Dense3x38,3087,0,0,1,False,4.9072265625
Dense3x38,5353,0,0,1,False,5.5029296875
Dense3x38,3445,0,0,1,False,4.8974609375
Dense3x38,592,0,0,1,False,4.8681640625
Dense3x38,1841,0,0,1,False,4.7412109375
Dense3x38,8548,0,0,1,False,6.0888671875
Dense3x38,9800,0,0,1,False,2.3583984375
Dense3x38,7354,0,0,1,False,4.0283203125
Dense3x38,3077,0,0,1,False,1.6064453125
Dense3x38,8978,0,0,1,False,5.859375
Dense3x38,7031,0,0,1,False,3.427734375
Dense3x38,7934,1,1,1,False,1.728515625
Dense3x38,5499,1,1,1,False,1.787109375
Dense3x38,1338,1,1,1,False,2.5341796875
Dense3x38,9570,1,1,1,False,2.9052734375
Dense3x38,920,1,1,1,False,1.8701171875
Dense3x38,8659,1,1,1,False,3.1298828125
Dense3x38,9518,1,1,1,False,2.8076171875
Dense3x38,7253,1,1,1,False,2.5537109375
Dense3x38,2355,1,1,1,False,2.8369140625
Dense3x38,725,1,1,1,False,2.4951171875
Dense3x38,9591,1,1,1,False,2.4267578125
Dense3x38,1861,1,1,1,False,3.046875
Dense3x38,9121,1,1,1,False,2.32421875
Dense3x38,3761,1,1,1,False,1.8701171875
Dense3x38,1844,1,1,1,False,2.265625
Dense3x38,3148,1,1,1,False,2.2705078125
Dense3x38,5689,1,1,1,False,2.9833984375
Dense3x38,9258,1,1,1,False,2.626953125
Dense3x38,5323,1,1,1,False,1.93359375
Dense3x38,6720,1,1,1,False,2.9150390625
Dense3x38,9233,1,1,1,False,2.7880859375
Dense3x38,3354,1,1,1,False,3.0126953125
Dense3x38,8586,1,1,1,False,3.0712890625
Dense3x38,7063,1,1,1,False,2.9052734375
Dense3x38,6694,1,1,1,False,1.083984375
Dense3x38,4858,1,1,1,False,2.2119140625
Dense3x38,2283,1,1,1,False,2.83203125
Dense3x38,8113,1,1,1,False,2.9931640625
Dense3x38,9388,1,1,1,False,2.353515625
Dense3x38,5361,1,1,1,False,3.06640625
Dense3x38,2421,1,1,1,False,1.962890625
Dense3x38,2357,1,1,1,False,2.8662109375
Dense3x38,9653,1,7,1,False,0.390625
Dense3x38,5630,1,1,1,False,1.767578125
Dense3x38,37,1,1,1,False,3.1103515625
Dense3x38,7686,1,1,1,False,2.83203125
Dense3x38,1430,1,1,1,False,3.0908203125
Dense3x38,3320,1,1,1,False,2.373046875
Dense3x38,5524,1,1,1,False,2.6416015625
Dense3x38,4872,1,1,1,False,2.20703125
Dense3x38,2504,1,1,1,False,1.884765625
Dense3x38,2316,1,1,1,False,2.96875
Dense3x38,5614,1,1,1,False,2.8173828125
Dense3x38,489,1,1,1,False,2.3486328125
Dense3x38,39,1,1,1,False,2.529296875
Dense3x38,1820,1,1,1,False,2.96875
Dense3x38,6673,1,1,1,False,2.001953125
Dense3x38,3639,1,1,1,False,2.236328125
Dense3x38,9313,1,1,1,False,1.9921875
Dense3x38,4853,1,1,1,False,2.666015625
Dense3x38,6819,1,1,1,False,2.900390625
Dense3x38,9155,1,1,1,False,2.275390625
Dense3x38,9051,1,1,1,False,1.3330078125
Dense3x38,9368,1,1,1,False,2.9345703125
Dense3x38,2757,1,1,1,False,2.919921875
Dense3x38,2599,1,1,1,False,2.2705078125
Dense3x38,6527,1,1,1,False,2.1484375
Dense3x38,4984,1,1,1,False,2.79296875
Dense3x38,6192,1,1,1,False,2.685546875
Dense3x38,1038,1,1,1,False,2.158203125
Dense3x38,5013,1,1,1,False,2.412109375
Dense3x38,8809,1,1,1,False,2.0751953125
Dense3x38,8099,1,1,1,False,2.978515625
Dense3x38,2815,1,1,1,False,2.8564453125
Dense3x38,4153,1,1,1,False,3.30078125
Dense3x38,2261,1,1,1,False,2.8173828125
Dense3x38,6540,1,1,1,False,1.8115234375
Dense3x38,7422,1,1,1,False,2.5146484375
Dense3x38,9978,1,1,1,False,1.8896484375
Dense3x38,5128,1,1,1,False,2.744140625
Dense3x38,7250,3,3,1,False,3.837890625
Dense3x38,5418,3,3,1,False,5.33203125
Dense3x38,3834,3,3,1,False,1.572265625
Dense3x38,173,3,3,1,False,1.962890625
Dense3x38,6370,3,3,1,False,2.03125
Dense3x38,8856,3,3,1,False,3.7158203125
Dense3x38,3082,3,3,1,False,2.7197265625
Dense3x38,142,3,3,1,False,2.59765625
Dense3x38,5638,3,3,1,False,2.5927734375
Dense3x38,9175,3,3,1,False,4.716796875
Dense3x38,3739,3,3,1,False,1.4306640625
Dense3x38,5623,3,0,1,False,1.1181640625
Dense3x38,8867,3,3,1,False,3.9306640625
Dense3x38,1681,3,7,1,False,3.0517578125
Dense3x38,3129,3,3,1,False,1.6845703125
Dense3x38,8154,3,3,1,False,3.6181640625
Dense3x38,657,3,3,1,False,3.4619140625
Dense3x38,894,3,3,1,False,2.63671875
Dense3x38,7131,3,3,1,False,4.55078125
Dense3x38,7674,3,3,1,False,2.8955078125
Dense3x38,782,3,3,1,False,4.091796875
Dense3x38,811,3,3,1,False,4.013671875
Dense3x38,8485,3,3,1,False,3.896484375
Dense3x38,577,3,3,1,False,2.998046875
Dense3x38,1798,3,3,1,False,1.9091796875
Dense3x38,2952,3,3,1,False,0.380859375
Dense3x38,1763,3,3,1,False,1.201171875
Dense3x38,5814,3,3,1,False,2.7001953125
Dense3x38,5606,3,3,1,False,3.84765625
Dense3x38,925,3,3,1,False,3.2080078125
Dense3x38,3104,3,3,1,False,2.939453125
Dense3x38,9905,3,7,1,False,0.390625
Dense3x38,6857,3,3,1,False,3.7158203125
Dense3x38,2623,3,3,1,False,2.5634765625
Dense3x38,2408,3,9,1,False,0.80078125
Dense3x38,9559,3,3,1,False,3.1689453125
Dense3x38,2785,3,3,1,False,3.4716796875
Dense3x38,9445,3,3,1,False,5.1025390625
Dense3x38,2086,3,3,1,False,2.4853515625
Dense3x38,4638,3,3,1,False,3.30078125
Dense3x38,1062,3,7,1,False,0.2294921875
Dense3x38,5140,3,0,1,False,0.302734375
Dense3x38,1490,3,3,1,False,2.578125
Dense3x38,5925,3,3,1,False,2.67578125
Dense3x38,4352,3,3,1,False,3.1298828125
Dense3x38,8370,3,3,1,False,4.39453125
Dense3x38,1109,3,3,1,False,3.896484375
Dense3x38,6790,3,3,1,False,3.2958984375
Dense3x38,1738,3,3,1,False,3.564453125
Dense3x38,231,3,3,1,False,2.1923828125
Dense3x38,8483,3,3,1,False,4.150390625
Dense3x38,8916,3,3,1,False,4.296875
Dense3x38,3897,3,3,1,False,2.4609375
Dense3x38,7763,3,3,1,False,5.1123046875
Dense3x38,8624,3,3,1,False,1.708984375
Dense3x38,5935,3,3,1,False,1.6162109375
Dense3x38,7675,3,3,1,False,2.080078125
Dense3x38,4552,3,3,1,False,2.6806640625
Dense3x38,2031,3,3,1,False,5.13671875
Dense3x38,578,3,2,1,False,0.5126953125
Dense3x38,4234,3,3,1,False,5.2099609375
Dense3x38,2587,3,3,1,False,2.6953125
Dense3x38,4128,3,3,1,False,0.8154296875
Dense3x38,7858,3,2,1,False,0.9765625
Dense3x38,7841,3,3,1,False,4.1552734375
Dense3x38,957,3,3,1,False,2.6806640625
Dense3x38,7055,3,3,1,False,4.16015625
Dense3x38,1611,3,3,1,False,1.30859375
Dense3x38,944,3,3,1,False,0.830078125
Dense3x38,8451,3,3,1,False,3.3544921875
Dense2x12,6437,0,0,1,False,5.8837890625
Dense2x12,3087,0,0,1,False,7.314453125
Dense2x12,4739,0,0,1,False,4.70703125
Dense2x12,3818,0,2,1,False,0.0
Dense2x12,5669,0,0,1,False,9.0673828125
Dense2x12,8490,0,0,1,False,7.7587890625
Dense2x12,5993,0,0,1,False,6.8896484375
Dense2x12,7820,0,0,1,False,9.3603515625
Dense2x12,9687,0,0,1,False,1.982421875
Dense2x12,490,0,0,1,False,4.150390625
Dense2x12,1445,0,0,1,False,5.625
Dense2x12,6426,0,0,1,False,0.625
Dense2x12,3191,0,0,1,False,3.73046875
Dense2x12,4353,0,0,1,False,4.4580078125
Dense2x12,3479,0,0,1,False,2.275390625
Dense2x12,7810,0,0,1,False,10.7275390625
Dense2x12,3624,0,0,1,False,5.5908203125
Dense2x12,6877,0,0,1,False,5.2197265625
Dense2x12,7112,0,0,1,False,6.7626953125
Dense2x12,2747,0,0,1,False,10.9375
Dense2x12,2378,0,0,1,False,1.552734375
Dense2x12,5109,0,0,1,False,5.7861328125
Dense2x12,6532,0,0,1,False,0.7421875
Dense2x12,3698,0,0,1,False,3.5986328125
Dense2x12,2236,0,0,1,False,4.052734375
Dense2x12,3077,0,0,1,False,2.2607421875
Dense2x12,7913,0,0,1,False,8.955078125
Dense2x12,485,0,0,1,False,3.5107421875
Dense2x12,821,0,0,1,False,3.828125
Dense2x12,3325,0,0,1,False,8.37890625
Dense2x12,2096,0,0,1,False,6.23046875
Dense2x12,8634,0,0,1,False,5.13671875
Dense2x12,7727,0,0,1,False,8.154296875
Dense2x12,305,0,0,1,False,3.291015625
Dense2x12,8752,0,0,1,False,5.7373046875
Dense2x12,1826,0,0,1,False,3.623046875
Dense2x12,3634,0,0,1,False,3.5595703125
Dense2x12,9930,0,0,1,False,4.306640625
Dense2x12,1535,0,0,1,False,6.62109375
Dense2x12,4091,0,0,1,False,4.8681640625
Dense2x12,7601,0,0,1,False,6.19140625
Dense2x12,7782,0,0,1,False,10.5078125
Dense2x12,8731,0,0,1,False,6.5673828125
Dense2x12,5251,0,0,1,False,4.43359375
Dense2x12,6510,0,0,1,False,7.431640625
Dense2x12,6752,0,0,1,False,8.1982421875
Dense2x12,3417,0,0,1,False,3.9794921875
Dense2x12,5249,0,0,1,False,5.13671875
Dense2x12,327,0,0,1,False,6.5869140625
Dense2x12,4672,0,0,1,False,4.7119140625
Dense2x12,9677,0,0,1,False,1.1669921875
Dense2x12,296,0,0,1,False,7.6904296875
Dense2x12,6319,0,0,1,False,7.4169921875
Dense2x12,6470,0,0,1,False,4.482421875
Dense2x12,1411,0,0,1,False,1.1669921875
Dense2x12,5435,0,0,1,False,6.0302734375
Dense2x12,5108,0,0,1,False,3.45703125
Dense2x12,6286,0,0,1,False,6.3916015625
Dense2x12,4935,0,0,1,False,5.0
Dense2x12,5031,0,0,1,False,5.46875
Dense2x12,7703,0,0,1,False,6.474609375
Dense2x12,1273,0,0,1,False,4.7265625
Dense2x12,9611,0,0,1,False,6.2353515625
Dense2x12,2217,0,0,1,False,4.2822265625
Dense2x12,183,0,0,1,False,6.1279296875
Dense2x12,6633,0,0,1,False,5.517578125
Dense2x12,8199,0,0,1,False,5.8642578125
Dense2x12,7832,1,1,1,False,3.9306640625
Dense2x12,4171,1,1,1,False,1.6552734375
Dense2x12,9407,1,1,1,False,4.2919921875
Dense2x12,3471,1,1,1,False,3.6669921875
Dense2x12,2015,1,1,1,False,4.04296875
Dense2x12,5738,1,1,1,False,3.6328125
Dense2x12,3420,1,1,1,False,2.3046875
Dense2x12,7063,1,1,1,False,3.6279296875
Dense2x12,4603,1,1,1,False,3.427734375
Dense2x12,7527,1,1,1,False,3.2958984375
Dense2x12,5316,1,1,1,False,4.4287109375
Dense2x12,4719,1,1,1,False,2.65625
Dense2x12,1760,1,1,1,False,3.9306640625
Dense2x12,7167,1,1,1,False,3.798828125
Dense2x12,523,1,1,1,False,0.947265625
Dense2x12,8545,1,1,1,False,2.9150390625
Dense2x12,7014,1,1,1,False,4.0185546875
Dense2x12,9984,1,1,1,False,2.802734375
Dense2x12,5442,1,1,1,False,3.7548828125
Dense2x12,4877,1,1,1,False,3.056640625
Dense2x12,5431,1,1,1,False,2.6953125
Dense2x12,8658,1,1,1,False,4.2724609375
Dense2x12,5477,1,1,1,False,2.9638671875
Dense2x12,1214,1,1,1,False,2.8466796875
Dense2x12,3433,1,1,1,False,3.9501953125
Dense2x12,276,1,1,1,False,4.5068359375
Dense2x12,7344,1,1,1,False,3.2666015625
Dense2x12,3211,1,1,1,False,3.583984375
Dense2x12,7480,1,1,1,False,4.4677734375
Dense2x12,9969,1,1,1,False,2.978515625
Dense2x12,818,1,1,1,False,3.5205078125
Dense2x12,3039,1,1,1,False,2.392578125
Dense2x12,9003,1,1,1,False,3.1396484375
Dense2x12,2529,1,1,1,False,4.0283203125
Dense2x12,8905,1,1,1,False,2.48046875
Dense2x12,7686,1,1,1,False,3.8818359375
Dense2x12,4409,1,1,1,False,3.5302734375
Dense2x12,7442,1,1,1,False,3.115234375
Dense2x12,4010,1,1,1,False,3.7841796875
Dense2x12,2034,1,1,1,False,3.5009765625
Dense2x12,3026,1,1,1,False,2.0361328125
Dense2x12,39,1,1,1,False,3.6962890625
Dense2x12,1753,1,1,1,False,3.6962890625
Dense2x12,1302,1,1,1,False,3.80859375
Dense2x12,9641,1,1,1,False,2.9931640625
Dense2x12,314,1,1,1,False,4.23828125
Dense2x12,777,1,1,1,False,3.3154296875
Dense2x12,5156,1,1,1,False,4.0185546875
Dense2x12,4147,1,1,1,False,2.509765625
Dense2x12,7567,1,1,1,False,2.744140625
Dense2x12,6162,1,1,1,False,4.5654296875
Dense2x12,9556,1,2,1,False,0.0537109375
Dense2x12,2175,1,1,1,False,2.3583984375
Dense2x12,8509,1,1,1,False,1.4013671875
Dense2x12,798,1,1,1,False,3.095703125
Dense2x12,178,1,1,1,False,4.0771484375
Dense2x12,1139,1,1,1,False,4.3212890625
Dense2x12,4036,1,1,1,False,4.833984375
Dense2x12,5646,1,1,1,False,4.0185546875
Dense2x12,7738,1,1,1,False,1.826171875
Dense2x12,8758,1,1,1,False,3.720703125
Dense2x12,354,1,1,1,False,2.5634765625
Dense2x12,2166,1,1,1,False,2.9638671875
Dense2x12,5679,1,1,1,False,3.388671875
Dense2x12,4524,1,1,1,False,4.2236328125
Dense2x12,6938,1,1,1,False,3.642578125
Dense2x12,3651,1,1,1,False,4.3408203125
Dense2x12,377,1,1,1,False,3.349609375
Dense2x12,652,1,1,1,False,4.287109375
Dense2x12,6714,3,3,1,False,4.365234375
Dense2x12,4925,3,3,1,False,1.4990234375
Dense2x12,5245,3,3,1,False,3.9208984375
Dense2x12,9430,3,3,1,False,5.791015625
Dense2x12,677,3,3,1,False,4.5361328125
Dense2x12,2032,3,3,1,False,5.0341796875
Dense2x12,3910,3,3,1,False,6.5576171875
Dense2x12,2716,3,3,1,False,6.4599609375
Dense2x12,9227,3,3,1,False,4.04296875
Dense2x12,2767,3,3,1,False,4.7265625
Dense2x12,9235,3,3,1,False,4.6484375
Dense2x12,6331,3,3,1,False,4.6875
Dense2x12,2952,3,3,1,False,0.5126953125
Dense2x12,4996,3,3,1,False,6.220703125
Dense2x12,3443,3,3,1,False,2.4169921875
Dense2x12,7248,3,3,1,False,3.837890625
Dense2x12,6517,3,0,1,False,0.1171875
Dense2x12,795,3,3,1,False,2.2705078125
Dense2x12,1098,3,3,1,False,2.2265625
Dense2x12,4586,3,3,1,False,2.7734375
Dense2x12,7006,3,3,1,False,5.15625
Dense2x12,6184,3,3,1,False,2.9931640625
Dense2x12,6481,3,3,1,False,2.8564453125
Dense2x12,9100,3,3,1,False,7.822265625
Dense2x12,270,3,3,1,False,2.5048828125
Dense2x12,7131,3,3,1,False,3.5302734375
Dense2x12,2807,3,3,1,False,4.443359375
Dense2x12,4907,3,3,1,False,2.5146484375
Dense2x12,1628,3,3,1,False,3.2373046875
Dense2x12,4755,3,3,1,False,0.6201171875
Dense2x12,9409,3,3,1,False,4.1748046875
Dense2x12,8171,3,3,1,False,2.5146484375
Dense2x12,9707,3,3,1,False,7.7197265625
Dense2x12,5780,3,3,1,False,1.4404296875
Dense2x12,7312,3,3,1,False,3.984375
Dense2x12,1513,3,3,1,False,2.763671875
Dense2x12,6455,3,3,1,False,1.484375
Dense2x12,595,3,3,1,False,0.4443359375
Dense2x12,1789,3,3,1,False,2.7490234375
Dense2x12,2770,3,3,1,False,1.66015625
Dense2x12,9007,3,8,1,False,2.48046875
Dense2x12,9177,3,3,1,False,6.6845703125
Dense2x12,44,3,3,1,False,2.9736328125
Dense2x12,6075,3,3,1,False,3.92578125
Dense2x12,5935,3,3,1,False,1.3916015625
Dense2x12,9762,3,3,1,False,1.982421875
Dense2x12,213,3,3,1,False,0.4248046875
Dense2x12,8014,3,3,1,False,3.96484375
Dense2x12,9636,3,3,1,False,4.8388671875
Dense2x12,5555,3,3,1,False,6.904296875
Dense2x12,382,3,3,1,False,2.4755859375
Dense2x12,9261,3,3,1,False,4.7998046875
Dense2x12,4492,3,3,1,False,3.7744140625
Dense2x12,6957,3,3,1,False,4.8095703125
Dense2x12,2914,3,3,1,False,0.537109375
Dense2x12,6504,3,3,1,False,2.998046875
Dense2x12,6873,3,3,1,False,5.6884765625
Dense2x12,3995,3,3,1,False,1.3037109375
Dense2x12,3487,3,3,1,False,5.107421875
Dense2x12,1503,3,3,1,False,2.978515625
Dense2x12,7798,3,3,1,False,4.287109375
Dense2x12,8483,3,3,1,False,5.205078125
Dense2x12,2502,3,3,1,False,5.5615234375
Dense2x12,4106,3,3,1,False,2.978515625
Dense2x12,8856,3,3,1,False,4.599609375
Dense2x12,1278,3,3,1,False,7.0703125
Dense2x12,933,3,3,1,False,4.8583984375
Dense2x12,6023,3,5,1,False,0.6982421875
Dense2x28,8172,0,0,1,False,5.3857421875
Dense2x28,1959,0,0,1,False,3.173828125
Dense2x28,6921,0,0,1,False,3.90625
Dense2x28,3265,0,0,1,False,4.443359375
Dense2x28,2455,0,0,1,False,2.98828125
Dense2x28,5686,0,0,1,False,6.0546875
Dense2x28,8634,0,0,1,False,4.4873046875
Dense2x28,7607,0,0,1,False,4.4580078125
Dense2x28,5673,0,0,1,False,2.1240234375
Dense2x28,9060,0,0,1,False,9.0478515625
Dense2x28,3359,0,0,1,False,5.8349609375
Dense2x28,9352,0,0,1,False,3.701171875
Dense2x28,9459,0,0,1,False,5.537109375
Dense2x28,9939,0,0,1,False,4.98046875
Dense2x28,6643,0,5,1,False,0.5908203125
Dense2x28,380,0,0,1,False,0.3173828125
Dense2x28,3895,0,0,1,False,1.9580078125
Dense2x28,6129,0,0,1,False,5.625
Dense2x28,871,0,0,1,False,6.0986328125
Dense2x28,3830,0,0,1,False,5.4345703125
Dense2x28,4675,0,0,1,False,4.013671875
Dense2x28,5428,0,0,1,False,6.220703125
Dense2x28,7381,0,0,1,False,3.916015625
Dense2x28,8307,0,0,1,False,4.58984375
Dense2x28,6473,0,0,1,False,3.8134765625
Dense2x28,2384,0,0,1,False,3.515625
Dense2x28,8535,0,0,1,False,5.3369140625
Dense2x28,2954,0,0,1,False,2.080078125
Dense2x28,2568,0,0,1,False,1.3623046875
Dense2x28,9948,0,0,1,False,1.6357421875
Dense2x28,1504,0,0,1,False,3.4716796875
Dense2x28,9405,0,0,1,False,3.876953125
Dense2x28,9962,0,0,1,False,1.81640625
Dense2x28,6428,0,0,1,False,0.595703125
Dense2x28,7987,0,0,1,False,7.1923828125
Dense2x28,3,0,0,1,False,5.4833984375
Dense2x28,311,0,0,1,False,5.537109375
Dense2x28,5337,0,0,1,False,5.9375
Dense2x28,9273,0,0,1,False,3.5302734375
Dense2x28,1794,0,0,1,False,2.0361328125
Dense2x28,6259,0,0,1,False,4.833984375
Dense2x28,346,0,0,1,False,4.0380859375
Dense2x28,7855,0,0,1,False,5.6005859375
Dense2x28,9714,0,0,1,False,4.0087890625
Dense2x28,126,0,0,1,False,1.11328125
Dense2x28,4080,0,0,1,False,3.134765625
Dense2x28,5828,0,0,1,False,2.7001953125
Dense2x28,2185,0,5,1,False,0.7861328125
Dense2x28,5450,0,0,1,False,2.94921875
Dense2x28,3634,0,0,1,False,2.32421875
Dense2x28,6181,0,0,1,False,3.8427734375
Dense2x28,8859,0,0,1,False,4.4775390625
Dense2x28,3210,0,0,1,False,3.125
Dense2x28,9647,0,0,1,False,5.693359375
Dense2x28,2717,0,0,1,False,4.111328125
Dense2x28,9167,0,0,1,False,5.91796875
Dense2x28,821,0,0,1,False,2.353515625
Dense2x28,327,0,0,1,False,4.2431640625
Dense2x28,4023,0,0,1,False,4.609375
Dense2x28,2627,0,0,1,False,3.173828125
Dense2x28,6280,0,0,1,False,5.1025390625
Dense2x28,1944,0,0,1,False,5.3955078125
Dense2x28,5320,0,0,1,False,4.150390625
Dense2x28,5980,0,0,1,False,3.3935546875
Dense2x28,6015,0,0,1,False,2.1875
Dense2x28,4370,0,0,1,False,2.060546875
Dense2x28,2473,1,1,1,False,1.4013671875
Dense2x28,137,1,1,1,False,3.4765625
Dense2x28,5281,1,1,1,False,3.4912109375
Dense2x28,6729,1,1,1,False,3.30078125
Dense2x28,9661,1,1,1,False,3.0517578125
Dense2x28,3983,1,1,1,False,2.1337890625
Dense2x28,9802,1,1,1,False,3.26171875
Dense2x28,4216,1,1,1,False,2.705078125
Dense2x28,725,1,1,1,False,3.0712890625
Dense2x28,3815,1,1,1,False,3.88671875
Dense2x28,1201,1,1,1,False,4.033203125
Dense2x28,4574,1,1,1,False,3.759765625
Dense2x28,3894,1,1,1,False,2.3388671875
Dense2x28,3452,1,1,1,False,3.2421875
Dense2x28,3259,1,1,1,False,3.5400390625
Dense2x28,2343,1,1,1,False,2.65625
Dense2x28,6601,1,1,1,False,3.0712890625
Dense2x28,9836,1,1,1,False,3.232421875
Dense2x28,826,1,1,1,False,4.21875
Dense2x28,1011,1,1,1,False,4.21875
Dense2x28,416,1,1,1,False,4.1552734375
Dense2x28,7344,1,1,1,False,2.7978515625
Dense2x28,3546,1,1,1,False,3.9990234375
Dense2x28,2228,1,1,1,False,2.28515625
Dense2x28,9464,1,1,1,False,3.232421875
Dense2x28,4685,1,1,1,False,3.896484375
Dense2x28,9002,1,1,1,False,2.9541015625
Dense2x28,9301,1,1,1,False,2.96875
Dense2x28,6472,1,1,1,False,2.4951171875
Dense2x28,6115,1,1,1,False,2.421875
Dense2x28,5893,1,1,1,False,3.564453125
Dense2x28,4168,1,1,1,False,4.0576171875
Dense2x28,8724,1,1,1,False,2.8466796875
Dense2x28,2356,1,1,1,False,3.779296875
Dense2x28,7325,1,1,1,False,3.0419921875
Dense2x28,8439,1,1,1,False,2.314453125
Dense2x28,2753,1,1,1,False,1.8701171875
Dense2x28,2324,1,1,1,False,3.583984375
Dense2x28,6141,1,1,1,False,3.818359375
Dense2x28,4450,1,1,1,False,3.76953125
Dense2x28,7005,1,1,1,False,2.96875
Dense2x28,7226,1,1,1,False,2.3388671875
Dense2x28,6712,1,1,1,False,3.4228515625
Dense2x28,5113,1,1,1,False,3.134765625
Dense2x28,696,1,1,1,False,3.1640625
Dense2x28,5399,1,1,1,False,3.2177734375
Dense2x28,8873,1,1,1,False,3.37890625
Dense2x28,5406,1,1,1,False,1.9775390625
Dense2x28,5506,1,1,1,False,4.8388671875
Dense2x28,2357,1,1,1,False,3.076171875
Dense2x28,9549,1,1,1,False,2.8759765625
Dense2x28,8491,1,1,1,False,4.228515625
Dense2x28,5553,1,1,1,False,5.0537109375
Dense2x28,4909,1,1,1,False,2.6171875
Dense2x28,37,1,1,1,False,4.23828125
Dense2x28,994,1,1,1,False,1.8505859375
Dense2x28,4764,1,1,1,False,2.3583984375
Dense2x28,6506,1,1,1,False,2.8759765625
Dense2x28,6224,1,1,1,False,3.2666015625
Dense2x28,4144,1,1,1,False,4.9658203125
Dense2x28,8493,1,1,1,False,1.943359375
Dense2x28,8166,1,1,1,False,2.7978515625
Dense2x28,2674,1,1,1,False,3.7939453125
Dense2x28,5203,1,1,1,False,2.5634765625
Dense2x28,9994,1,1,1,False,3.203125
Dense2x28,3026,1,1,1,False,2.5927734375
Dense2x28,6374,1,1,1,False,4.12109375
Dense2x28,8570,3,3,1,False,5.2294921875
Dense2x28,1928,3,3,1,False,1.9677734375
Dense2x28,8801,3,3,1,False,3.818359375
Dense2x28,2280,3,3,1,False,1.5869140625
Dense2x28,2032,3,3,1,False,2.9443359375
Dense2x28,2992,3,3,1,False,1.11328125
Dense2x28,6226,3,3,1,False,3.2275390625
Dense2x28,3630,3,3,1,False,3.4619140625
Dense2x28,8972,3,3,1,False,4.8681640625
Dense2x28,3834,3,3,1,False,0.5859375
Dense2x28,2813,3,3,1,False,2.2509765625
Dense2x28,1765,3,5,1,False,0.234375
Dense2x28,2555,3,3,1,False,5.0341796875
Dense2x28,6379,3,3,1,False,3.7060546875
Dense2x28,1601,3,3,1,False,1.8310546875
Dense2x28,3015,3,3,1,False,2.6953125
Dense2x28,3300,3,3,1,False,2.6025390625
Dense2x28,9750,3,3,1,False,3.994140625
Dense2x28,3943,3,5,1,False,0.41015625
Dense2x28,6551,3,3,1,False,2.4658203125
Dense2x28,9670,3,3,1,False,2.5
Dense2x28,6745,3,3,1,False,3.7451171875
Dense2x28,505,3,3,1,False,3.310546875
Dense2x28,976,3,3,1,False,1.884765625
Dense2x28,1442,3,3,1,False,3.173828125
Dense2x28,1742,3,3,1,False,3.4521484375
Dense2x28,6204,3,3,1,False,3.603515625
Dense2x28,6116,3,3,1,False,3.5302734375
Dense2x28,7639,3,3,1,False,1.2255859375
Dense2x28,8050,3,3,1,False,3.798828125
Dense2x28,5454,3,3,1,False,4.560546875
Dense2x28,7529,3,3,1,False,2.9931640625
Dense2x28,6213,3,3,1,False,3.0810546875
Dense2x28,8494,3,3,1,False,3.623046875
Dense2x28,3074,3,3,1,False,3.3203125
Dense2x28,7981,3,3,1,False,6.58203125
Dense2x28,9231,3,3,1,False,2.05078125
Dense2x28,7479,3,3,1,False,3.291015625
Dense2x28,6299,3,3,1,False,4.423828125
Dense2x28,3138,3,3,1,False,1.5771484375
Dense2x28,1490,3,3,1,False,3.095703125
Dense2x28,8660,3,3,1,False,3.9794921875
Dense2x28,7326,3,3,1,False,5.498046875
Dense2x28,8860,3,3,1,False,3.2080078125
Dense2x28,1611,3,3,1,False,0.5029296875
Dense2x28,3910,3,3,1,False,3.7939453125
Dense2x28,4990,3,8,1,False,0.322265625
Dense2x28,515,3,3,1,False,0.7373046875
Dense2x28,7131,3,3,1,False,5.21484375
Dense2x28,6065,3,8,1,False,1.201171875
Dense2x28,1798,3,3,1,False,1.2890625
Dense2x28,2431,3,3,1,False,5.05859375
Dense2x28,3916,3,3,1,False,2.3193359375
Dense2x28,4087,3,3,1,False,2.6220703125
Dense2x28,4940,3,3,1,False,2.6708984375
Dense2x28,5283,3,3,1,False,1.19140625
Dense2x28,5734,3,7,1,False,3.3251953125
Dense2x28,9914,3,3,1,False,3.310546875
Dense2x28,958,3,3,1,False,1.4208984375
Dense2x28,1727,3,3,1,False,2.1533203125
Dense2x28,5606,3,3,1,False,3.7158203125
Dense2x28,8970,3,3,1,False,5.52734375
Dense2x28,2347,3,3,1,False,2.529296875
Dense2x28,4120,3,3,1,False,1.552734375
Dense2x28,507,3,5,1,False,1.6845703125
Dense2x28,8674,3,3,1,False,3.447265625
Dense2x28,2031,3,3,1,False,5.7373046875
Dense2x28,9860,3,3,1,False,1.630859375
Dense2x28,4220,3,3,1,False,1.640625
Dense2x23,9519,0,0,1,False,6.3720703125
Dense2x23,4891,0,0,1,False,3.681640625
Dense2x23,7072,0,0,1,False,4.833984375
Dense2x23,9964,0,0,1,False,3.84765625
Dense2x23,1775,0,0,1,False,2.431640625
Dense2x23,3251,0,0,1,False,1.6748046875
Dense2x23,3243,0,0,1,False,2.4365234375
Dense2x23,8243,0,0,1,False,3.4521484375
Dense2x23,4776,0,0,1,False,4.990234375
Dense2x23,2531,0,0,1,False,4.423828125
Dense2x23,485,0,0,1,False,3.0078125
Dense2x23,2485,0,0,1,False,3.701171875
Dense2x23,305,0,0,1,False,1.4794921875
Dense2x23,2403,0,0,1,False,4.814453125
Dense2x23,8748,0,0,1,False,6.0205078125
Dense2x23,2209,0,0,1,False,2.8564453125
Dense2x23,6970,0,0,1,False,5.4443359375
Dense2x23,4370,0,0,1,False,2.333984375
Dense2x23,3818,0,6,1,False,1.3330078125
Dense2x23,8335,0,0,1,False,4.0771484375
Dense2x23,1223,0,0,1,False,3.02734375
Dense2x23,7889,0,0,1,False,9.00390625
Dense2x23,365,0,0,1,False,3.291015625
Dense2x23,3210,0,0,1,False,3.5888671875
Dense2x23,4819,0,0,1,False,3.1640625
Dense2x23,7112,0,0,1,False,5.400390625
Dense2x23,1220,0,0,1,False,2.763671875
Dense2x23,7967,0,0,1,False,8.2470703125
Dense2x23,5932,0,0,1,False,6.8115234375
Dense2x23,7516,0,0,1,False,5.9716796875
Dense2x23,6818,0,0,1,False,5.185546875
Dense2x23,440,0,0,1,False,9.8779296875
Dense2x23,8228,0,0,1,False,3.154296875
Dense2x23,2492,0,0,1,False,7.412109375
Dense2x23,1261,0,0,1,False,5.6005859375
Dense2x23,4672,0,0,1,False,4.5068359375
Dense2x23,5133,0,0,1,False,6.708984375
Dense2x23,490,0,0,1,False,1.669921875
Dense2x23,656,0,0,1,False,4.7509765625
Dense2x23,9221,0,0,1,False,6.19140625
Dense2x23,5865,0,0,1,False,5.7470703125
Dense2x23,8991,0,0,1,False,3.876953125
Dense2x23,7882,0,0,1,False,7.51953125
Dense2x23,6937,0,0,1,False,5.3564453125
Dense2x23,5519,0,0,1,False,3.96484375
Dense2x23,9281,0,0,1,False,3.7646484375
Dense2x23,9352,0,0,1,False,3.388671875
Dense2x23,2944,0,0,1,False,3.1396484375
Dense2x23,1892,0,0,1,False,4.5947265625
Dense2x23,9239,0,0,1,False,5.791015625
Dense2x23,2592,0,0,1,False,5.7861328125
Dense2x23,9236,0,0,1,False,5.5126953125
Dense2x23,4824,0,0,1,False,3.896484375
Dense2x23,7747,0,0,1,False,7.48046875
Dense2x23,3242,0,0,1,False,3.7548828125
Dense2x23,9189,0,0,1,False,5.3125
Dense2x23,2461,0,0,1,False,4.98046875
Dense2x23,4957,0,0,1,False,3.49609375
Dense2x23,608,0,0,1,False,3.1884765625
Dense2x23,2527,0,0,1,False,3.28125
Dense2x23,3805,0,0,1,False,4.3798828125
Dense2x23,3445,0,0,1,False,5.8349609375
Dense2x23,7688,0,0,1,False,4.7216796875
Dense2x23,7617,0,0,1,False,4.7509765625
Dense2x23,6779,0,0,1,False,6.6162109375
Dense2x23,701,0,0,1,False,5.9716796875
Dense2x23,7536,0,0,1,False,5.302734375
Dense2x23,3450,0,8,1,False,0.0244140625
Dense2x23,8305,1,1,1,False,2.71484375
Dense2x23,1555,1,1,1,False,3.1982421875
Dense2x23,809,1,1,1,False,2.7392578125
Dense2x23,5013,1,1,1,False,3.26171875
Dense2x23,4138,1,1,1,False,3.4619140625
Dense2x23,7091,1,1,1,False,3.115234375
Dense2x23,7319,1,1,1,False,3.96484375
Dense2x23,2137,1,1,1,False,3.359375
Dense2x23,716,1,1,1,False,3.0859375
Dense2x23,5514,1,1,1,False,3.7744140625
Dense2x23,7468,1,1,1,False,3.02734375
Dense2x23,963,1,1,1,False,2.3876953125
Dense2x23,5323,1,1,1,False,2.4267578125
Dense2x23,8545,1,1,1,False,3.5693359375
Dense2x23,7722,1,1,1,False,3.6181640625
Dense2x23,6976,1,1,1,False,2.6708984375
Dense2x23,4930,1,1,1,False,3.203125
Dense2x23,6883,1,1,1,False,2.578125
Dense2x23,5361,1,1,1,False,3.1640625
Dense2x23,6758,1,1,1,False,2.841796875
Dense2x23,9200,1,1,1,False,3.125
Dense2x23,6224,1,1,1,False,3.7646484375
Dense2x23,5431,1,1,1,False,2.958984375
Dense2x23,4691,1,1,1,False,3.447265625
Dense2x23,3638,1,1,1,False,3.8330078125
Dense2x23,8086,1,1,1,False,3.9208984375
Dense2x23,7717,1,1,1,False,4.1552734375
Dense2x23,1037,1,1,1,False,3.9990234375
Dense2x23,6044,1,1,1,False,3.1787109375
Dense2x23,8873,1,1,1,False,3.408203125
Dense2x23,4729,1,1,1,False,3.6083984375
Dense2x23,5848,1,1,1,False,3.4521484375
Dense2x23,9844,1,1,1,False,2.8857421875
Dense2x23,5271,1,1,1,False,3.662109375
Dense2x23,7232,1,1,1,False,2.578125
Dense2x23,5991,1,1,1,False,4.3994140625
Dense2x23,8526,1,1,1,False,4.0625
Dense2x23,5052,1,1,1,False,2.3779296875
Dense2x23,6329,1,1,1,False,3.3203125
Dense2x23,4872,1,1,1,False,2.8173828125
Dense2x23,5203,1,1,1,False,2.9345703125
Dense2x23,7567,1,1,1,False,2.5390625
Dense2x23,9002,1,1,1,False,2.8564453125
Dense2x23,5490,1,1,1,False,3.603515625
Dense2x23,7344,1,1,1,False,3.7744140625
Dense2x23,6159,1,1,1,False,4.4873046875
Dense2x23,8459,1,1,1,False,3.134765625
Dense2x23,4050,1,1,1,False,2.7734375
Dense2x23,3779,1,1,1,False,3.6865234375
Dense2x23,5642,1,5,1,False,0.7470703125
Dense2x23,9241,1,1,1,False,2.6806640625
Dense2x23,6472,1,1,1,False,2.421875
Dense2x23,9570,1,1,1,False,3.466796875
Dense2x23,489,1,1,1,False,3.046875
Dense2x23,8045,1,1,1,False,2.919921875
Dense2x23,9725,1,1,1,False,2.8369140625
Dense2x23,3983,1,1,1,False,2.2021484375
Dense2x23,8004,1,1,1,False,1.3818359375
Dense2x23,29,1,1,1,False,2.8173828125
Dense2x23,6092,1,1,1,False,4.6044921875
Dense2x23,4168,1,1,1,False,4.1259765625
Dense2x23,9923,1,1,1,False,3.1396484375
Dense2x23,8244,1,1,1,False,1.7578125
Dense2x23,3843,1,1,1,False,2.8466796875
Dense2x23,5943,1,1,1,False,3.1396484375
Dense2x23,3464,1,1,1,False,3.4130859375
Dense2x23,1083,1,1,1,False,3.4033203125
Dense2x23,4873,3,3,1,False,4.638671875
Dense2x23,9697,3,3,1,False,0.5859375
Dense2x23,5516,3,3,1,False,5.6201171875
Dense2x23,335,3,3,1,False,1.640625
Dense2x23,8946,3,3,1,False,5.029296875
Dense2x23,9655,3,3,1,False,0.419921875
Dense2x23,173,3,3,1,False,2.0263671875
Dense2x23,1205,3,3,1,False,4.892578125
Dense2x23,9501,3,3,1,False,4.7314453125
Dense2x23,7215,3,3,1,False,5.0146484375
Dense2x23,7905,3,2,1,False,1.73828125
Dense2x23,2427,3,3,1,False,2.8515625
Dense2x23,2776,3,3,1,False,3.6279296875
Dense2x23,7312,3,3,1,False,3.984375
Dense2x23,2045,3,3,1,False,4.5166015625
Dense2x23,2534,3,3,1,False,0.2685546875
Dense2x23,5215,3,3,1,False,2.48046875
Dense2x23,2731,3,3,1,False,1.5625
Dense2x23,8263,3,3,1,False,1.8212890625
Dense2x23,847,3,3,1,False,3.9013671875
Dense2x23,5358,3,3,1,False,1.5283203125
Dense2x23,4802,3,3,1,False,2.3876953125
Dense2x23,683,3,3,1,False,2.3095703125
Dense2x23,3045,3,3,1,False,5.146484375
Dense2x23,5446,3,3,1,False,2.1435546875
Dense2x23,6569,3,3,1,False,0.7470703125
Dense2x23,3300,3,3,1,False,0.9814453125
Dense2x23,6542,3,3,1,False,0.78125
Dense2x23,2069,3,3,1,False,4.248046875
Dense2x23,753,3,3,1,False,4.7119140625
Dense2x23,747,3,3,1,False,4.716796875
Dense2x23,6440,3,3,1,False,3.9111328125
Dense2x23,5538,3,3,1,False,6.5966796875
Dense2x23,5237,3,3,1,False,0.4736328125
Dense2x23,4120,3,3,1,False,2.3486328125
Dense2x23,6624,3,3,1,False,0.6640625
Dense2x23,4727,3,3,1,False,3.8330078125
Dense2x23,883,3,3,1,False,1.630859375
Dense2x23,8080,3,3,1,False,5.3173828125
Dense2x23,9261,3,3,1,False,4.6484375
Dense2x23,7401,3,3,1,False,5.05859375
Dense2x23,5214,3,3,1,False,4.31640625
Dense2x23,7932,3,3,1,False,5.166015625
Dense2x23,9758,3,3,1,False,1.0498046875
Dense2x23,450,3,3,1,False,1.9091796875
Dense2x23,2549,3,3,1,False,3.974609375
Dense2x23,7804,3,3,1,False,3.73046875
Dense2x23,6160,3,8,1,False,0.0439453125
Dense2x23,4097,3,3,1,False,6.015625
Dense2x23,5955,3,8,1,False,1.8505859375
Dense2x23,3083,3,3,1,False,4.9462890625
Dense2x23,569,3,5,1,False,0.9765625
Dense2x23,9177,3,3,1,False,4.7216796875
Dense2x23,8328,3,3,1,False,5.3271484375
Dense2x23,5638,3,3,1,False,2.197265625
Dense2x23,9100,3,3,1,False,5.33203125
Dense2x23,6213,3,3,1,False,3.2861328125
Dense2x23,5472,3,3,1,False,8.3251953125
Dense2x23,6570,3,3,1,False,1.8017578125
Dense2x23,5309,3,3,1,False,3.3349609375
Dense2x23,2424,3,3,1,False,2.6708984375
Dense2x23,1889,3,3,1,False,1.4697265625
Dense2x23,6551,3,3,1,False,2.7294921875
Dense2x23,4469,3,3,1,False,3.4912109375
Dense2x23,3769,3,3,1,False,0.9521484375
Dense2x23,4818,3,3,1,False,4.0380859375
Dense2x22,608,0,0,1,False,3.193359375
Dense2x22,9800,0,0,1,False,2.763671875
Dense2x22,5613,0,0,1,False,1.26953125
Dense2x22,5827,0,0,1,False,2.802734375
Dense2x22,7216,0,6,1,False,0.0732421875
Dense2x22,8199,0,0,1,False,3.7060546875
Dense2x22,8765,0,0,1,False,6.07421875
Dense2x22,1918,0,0,1,False,2.8076171875
Dense2x22,997,0,0,1,False,5.419921875
Dense2x22,5241,0,0,1,False,4.2333984375
Dense2x22,9763,0,0,1,False,1.7138671875
Dense2x22,6978,0,0,1,False,5.4638671875
Dense2x22,5415,0,0,1,False,4.86328125
Dense2x22,9948,0,0,1,False,1.220703125
Dense2x22,9414,0,0,1,False,7.0654296875
Dense2x22,7987,0,0,1,False,8.57421875
Dense2x22,5124,0,0,1,False,5.966796875
Dense2x22,3310,0,0,1,False,4.384765625
Dense2x22,5918,0,0,1,False,3.1689453125
Dense2x22,8163,0,0,1,False,3.7548828125
Dense2x22,6719,0,0,1,False,5.3369140625
Dense2x22,1454,0,0,1,False,1.4501953125
Dense2x22,5526,0,0,1,False,3.720703125
Dense2x22,5321,0,0,1,False,6.181640625
Dense2x22,8595,0,0,1,False,7.3876953125
Dense2x22,7491,0,0,1,False,1.1474609375
Dense2x22,6927,0,0,1,False,5.0537109375
Dense2x22,2155,0,0,1,False,2.6171875
Dense2x22,8137,0,0,1,False,5.1513671875
Dense2x22,490,0,0,1,False,1.1328125
Dense2x22,3359,0,0,1,False,6.4111328125
Dense2x22,6798,0,0,1,False,6.81640625
Dense2x22,2747,0,0,1,False,9.12109375
Dense2x22,9095,0,0,1,False,7.6611328125
Dense2x22,6444,0,0,1,False,3.2666015625
Dense2x22,4080,0,0,1,False,2.96875
Dense2x22,6894,0,0,1,False,2.861328125
Dense2x22,8127,0,0,1,False,6.03515625
Dense2x22,3413,0,0,1,False,4.4482421875
Dense2x22,2329,0,0,1,False,0.2978515625
Dense2x22,6250,0,0,1,False,4.6630859375
Dense2x22,7202,0,0,1,False,3.8427734375
Dense2x22,5990,0,0,1,False,6.865234375
Dense2x22,8490,0,0,1,False,5.3271484375
Dense2x22,9060,0,0,1,False,10.1318359375
Dense2x22,3266,0,0,1,False,4.169921875
Dense2x22,3317,0,0,1,False,2.6904296875
Dense2x22,5652,0,0,1,False,5.1953125
Dense2x22,6201,0,0,1,False,6.5478515625
Dense2x22,7830,0,0,1,False,7.4755859375
Dense2x22,8359,0,0,1,False,3.4423828125
Dense2x22,1533,0,0,1,False,3.427734375
Dense2x22,5695,0,0,1,False,1.9384765625
Dense2x22,3358,0,0,1,False,1.318359375
Dense2x22,5079,0,0,1,False,2.98828125
Dense2x22,8763,0,0,1,False,5.9619140625
Dense2x22,3271,0,0,1,False,5.126953125
Dense2x22,4365,0,0,1,False,4.19921875
Dense2x22,6003,0,0,1,False,5.6494140625
Dense2x22,7646,0,0,1,False,5.126953125
Dense2x22,9801,0,0,1,False,3.203125
Dense2x22,2209,0,0,1,False,3.134765625
Dense2x22,2761,0,0,1,False,2.626953125
Dense2x22,6211,0,0,1,False,7.8125
Dense2x22,9297,0,0,1,False,1.89453125
Dense2x22,5155,0,0,1,False,1.9091796875
Dense2x22,824,1,1,1,False,3.232421875
Dense2x22,3231,1,1,1,False,4.3798828125
Dense2x22,4932,1,1,1,False,3.271484375
Dense2x22,2302,1,1,1,False,2.4853515625
Dense2x22,8976,1,1,1,False,4.208984375
Dense2x22,3761,1,1,1,False,2.40234375
Dense2x22,831,1,1,1,False,3.4814453125
Dense2x22,2612,1,1,1,False,4.345703125
Dense2x22,3124,1,1,1,False,2.8466796875
Dense2x22,8100,1,1,1,False,3.466796875
Dense2x22,3227,1,1,1,False,2.529296875
Dense2x22,2409,1,1,1,False,3.53515625
Dense2x22,5093,1,1,1,False,2.28515625
Dense2x22,5811,1,1,1,False,3.6767578125
Dense2x22,8344,1,1,1,False,3.4375
Dense2x22,7395,1,1,1,False,3.369140625
Dense2x22,5227,1,1,1,False,3.837890625
Dense2x22,4085,1,1,1,False,4.4091796875
Dense2x22,4606,1,1,1,False,2.7978515625
Dense2x22,9291,1,1,1,False,3.9404296875
Dense2x22,4304,1,1,1,False,3.5205078125
Dense2x22,5552,1,1,1,False,4.267578125
Dense2x22,2688,1,1,1,False,3.7109375
Dense2x22,9950,1,1,1,False,3.5888671875
Dense2x22,7665,1,1,1,False,3.7939453125
Dense2x22,473,1,1,1,False,2.3388671875
Dense2x22,663,1,1,1,False,4.1796875
Dense2x22,5128,1,1,1,False,3.798828125
Dense2x22,8022,1,1,1,False,2.1044921875
Dense2x22,9520,1,1,1,False,3.4423828125
Dense2x22,40,1,1,1,False,2.8125
Dense2x22,4759,1,1,1,False,2.0849609375
Dense2x22,272,1,1,1,False,3.7451171875
Dense2x22,9802,1,1,1,False,4.111328125
Dense2x22,8682,1,1,1,False,3.701171875
Dense2x22,835,1,1,1,False,3.1640625
Dense2x22,1939,1,1,1,False,2.7783203125
Dense2x22,9836,1,1,1,False,3.6767578125
Dense2x22,7618,1,1,1,False,4.1845703125
Dense2x22,5594,1,1,1,False,1.357421875
Dense2x22,1280,1,1,1,False,3.349609375
Dense2x22,7944,1,1,1,False,3.9404296875
Dense2x22,409,1,1,1,False,3.359375
Dense2x22,2136,1,1,1,False,3.5986328125
Dense2x22,6073,1,1,1,False,2.6708984375
Dense2x22,3983,1,1,1,False,2.6806640625
Dense2x22,2705,1,1,1,False,1.259765625
Dense2x22,1403,1,1,1,False,0.498046875
Dense2x22,4977,1,1,1,False,2.998046875
Dense2x22,5902,1,1,1,False,3.6328125
Dense2x22,489,1,1,1,False,3.330078125
Dense2x22,7856,1,8,1,False,0.263671875
Dense2x22,9039,1,1,1,False,3.5498046875
Dense2x22,6733,1,1,1,False,3.5888671875
Dense2x22,9017,1,1,1,False,1.73828125
Dense2x22,7176,1,1,1,False,3.4912109375
Dense2x22,4580,1,1,1,False,3.5107421875
Dense2x22,348,1,1,1,False,3.5693359375
Dense2x22,9994,1,1,1,False,4.326171875
Dense2x22,9388,1,1,1,False,2.998046875
Dense2x22,5614,1,1,1,False,3.2373046875
Dense2x22,7600,1,1,1,False,3.662109375
Dense2x22,4105,1,1,1,False,3.6083984375
Dense2x22,1876,1,1,1,False,4.1162109375
Dense2x22,977,1,1,1,False,4.3603515625
Dense2x22,894,3,3,1,False,3.3544921875
Dense2x22,5504,3,3,1,False,4.189453125
Dense2x22,7590,3,3,1,False,5.3369140625
Dense2x22,8407,3,3,1,False,2.9931640625
Dense2x22,7821,3,2,1,False,5.517578125
Dense2x22,8598,3,3,1,False,3.2470703125
Dense2x22,8867,3,3,1,False,4.423828125
Dense2x22,1127,3,3,1,False,2.783203125
Dense2x22,9182,3,9,1,False,0.2978515625
Dense2x22,4841,3,3,1,False,0.8203125
Dense2x22,7983,3,3,1,False,4.482421875
Dense2x22,548,3,3,1,False,2.1337890625
Dense2x22,2109,3,7,1,False,1.58203125
Dense2x22,3515,3,3,1,False,6.8798828125
Dense2x22,6204,3,3,1,False,3.5107421875
Dense2x22,595,3,3,1,False,1.93359375
Dense2x22,2284,3,3,1,False,2.8955078125
Dense2x22,8946,3,3,1,False,4.3896484375
Dense2x22,6863,3,3,1,False,3.779296875
Dense2x22,9275,3,3,1,False,4.35546875
Dense2x22,5074,3,3,1,False,1.1474609375
Dense2x22,4311,3,3,1,False,2.0654296875
Dense2x22,8263,3,3,1,False,2.5830078125
Dense2x22,8130,3,3,1,False,3.0859375
Dense2x22,6767,3,3,1,False,6.6162109375
Dense2x22,9380,3,3,1,False,3.88671875
Dense2x22,8655,3,3,1,False,3.3056640625
Dense2x22,8684,3,3,1,False,3.26171875
Dense2x22,3975,3,3,1,False,4.8828125
Dense2x22,991,3,3,1,False,5.927734375
Dense2x22,5892,3,3,1,False,2.7880859375
Dense2x22,1291,3,3,1,False,1.6015625
Dense2x22,1926,3,5,1,False,0.146484375
Dense2x22,3469,3,3,1,False,4.033203125
Dense2x22,1513,3,3,1,False,2.7783203125
Dense2x22,5212,3,3,1,False,4.638671875
Dense2x22,6950,3,3,1,False,3.76953125
Dense2x22,3049,3,3,1,False,1.416015625
Dense2x22,8854,3,3,1,False,4.443359375
Dense2x22,9561,3,3,1,False,3.7841796875
Dense2x22,9670,3,3,1,False,2.83203125
Dense2x22,8162,3,3,1,False,4.21875
Dense2x22,2931,3,3,1,False,2.783203125
Dense2x22,6184,3,3,1,False,4.169921875
Dense2x22,8603,3,3,1,False,3.37890625
Dense2x22,231,3,3,1,False,2.1630859375
Dense2x22,1628,3,3,1,False,2.9736328125
Dense2x22,9390,3,3,1,False,5.2587890625
Dense2x22,343,3,3,1,False,3.2666015625
Dense2x22,5062,3,3,1,False,2.5048828125
Dense2x22,9231,3,3,1,False,2.7392578125
Dense2x22,8186,3,3,1,False,5.166015625
Dense2x22,7130,3,8,1,False,0.01953125
Dense2x22,3962,3,4,1,False,0.166015625
Dense2x22,1803,3,3,1,False,2.9541015625
Dense2x22,6151,3,3,1,False,3.955078125
Dense2x22,9680,3,3,1,False,2.28515625
Dense2x22,4782,3,3,1,False,2.9443359375
Dense2x22,7252,3,3,1,False,3.2861328125
Dense2x22,8206,3,3,1,False,6.69921875
Dense2x22,734,3,3,1,False,1.9921875
Dense2x22,7170,3,3,1,False,2.7197265625
Dense2x22,6636,3,3,1,False,2.63671875
Dense2x22,5492,3,3,1,False,4.6533203125
Dense2x22,9430,3,3,1,False,3.876953125
Dense2x22,6857,3,3,1,False,3.232421875
Dense2x22,3766,3,3,1,False,1.62109375
Dense2x22,7501,3,3,1,False,4.248046875
Dense3x31,2236,0,0,1,False,3.154296875
Dense3x31,2329,0,2,1,False,0.2685546875
Dense3x31,3698,0,0,1,False,2.275390625
Dense3x31,5519,0,0,1,False,2.7587890625
Dense3x31,2370,0,0,1,False,3.662109375
Dense3x31,4188,0,0,1,False,3.7646484375
Dense3x31,8921,0,0,1,False,4.2333984375
Dense3x31,2527,0,0,1,False,4.677734375
Dense3x31,8195,0,0,1,False,6.1376953125
Dense3x31,194,0,0,1,False,1.865234375
Dense3x31,9080,0,0,1,False,7.080078125
Dense3x31,9753,0,0,1,False,4.189453125
Dense3x31,6921,0,0,1,False,4.8779296875
Dense3x31,2641,0,0,1,False,5.8056640625
Dense3x31,7381,0,0,1,False,3.76953125
Dense3x31,346,0,0,1,False,3.017578125
Dense3x31,311,0,0,1,False,8.154296875
Dense3x31,3032,0,0,1,False,5.99609375
Dense3x31,6835,0,0,1,False,6.5478515625
Dense3x31,6437,0,0,1,False,5.1220703125
Dense3x31,2492,0,0,1,False,6.07421875
Dense3x31,3481,0,0,1,False,4.7021484375
Dense3x31,3818,0,0,1,False,0.1953125
Dense3x31,5890,0,0,1,False,2.7490234375
Dense3x31,6979,0,0,1,False,5.3759765625
Dense3x31,2384,0,0,1,False,2.9443359375
Dense3x31,1288,0,0,1,False,2.2119140625
Dense3x31,3090,0,0,1,False,2.5634765625
Dense3x31,4343,0,0,1,False,2.8564453125
Dense3x31,6201,0,0,1,False,5.6494140625
Dense3x31,6489,0,0,1,False,6.1669921875
Dense3x31,4043,0,0,1,False,4.716796875
Dense3x31,4776,0,0,1,False,7.91015625
Dense3x31,2999,0,0,1,False,3.8525390625
Dense3x31,9137,0,0,1,False,7.724609375
Dense3x31,3496,0,0,1,False,2.7197265625
Dense3x31,5415,0,0,1,False,4.1552734375
Dense3x31,4542,0,0,1,False,4.9658203125
Dense3x31,7703,0,0,1,False,3.955078125
Dense3x31,3044,0,0,1,False,2.96875
Dense3x31,2506,0,0,1,False,6.416015625
Dense3x31,3052,0,0,1,False,4.6728515625
Dense3x31,620,0,0,1,False,2.28515625
Dense3x31,6526,0,0,1,False,6.0986328125
Dense3x31,2619,0,0,1,False,3.525390625
Dense3x31,8382,0,0,1,False,3.3203125
Dense3x31,8595,0,0,1,False,6.34765625
Dense3x31,6557,0,0,1,False,1.97265625
Dense3x31,294,0,0,1,False,2.2705078125
Dense3x31,3584,0,0,1,False,6.1328125
Dense3x31,7727,0,0,1,False,5.9765625
Dense3x31,750,0,0,1,False,2.6171875
Dense3x31,5470,0,0,1,False,6.767578125
Dense3x31,2294,0,0,1,False,2.63671875
Dense3x31,5043,0,0,1,False,7.041015625
Dense3x31,3613,0,0,1,False,2.3583984375
Dense3x31,7526,0,0,1,False,4.2529296875
Dense3x31,1246,0,0,1,False,1.8017578125
Dense3x31,721,0,0,1,False,3.1884765625
Dense3x31,9688,0,0,1,False,3.0517578125
Dense3x31,498,0,0,1,False,1.904296875
Dense3x31,7049,0,0,1,False,2.2119140625
Dense3x31,5818,0,0,1,False,4.12109375
Dense3x31,6588,0,0,1,False,3.466796875
Dense3x31,2209,0,0,1,False,3.5693359375
Dense3x31,1218,0,0,1,False,3.6669921875
Dense3x31,701,0,0,1,False,5.76171875
Dense3x31,7290,1,1,1,False,3.1494140625
Dense3x31,8873,1,1,1,False,2.6416015625
Dense3x31,9258,1,1,1,False,2.314453125
Dense3x31,8229,1,1,1,False,1.3134765625
Dense3x31,4643,1,1,1,False,2.861328125
Dense3x31,9641,1,1,1,False,1.806640625
Dense3x31,7728,1,1,1,False,1.6357421875
Dense3x31,6670,1,1,1,False,2.1484375
Dense3x31,9049,1,1,1,False,2.6708984375
Dense3x31,6092,1,1,1,False,3.4814453125
Dense3x31,9081,1,1,1,False,2.548828125
Dense3x31,1528,1,1,1,False,2.3095703125
Dense3x31,9140,1,1,1,False,3.5107421875
Dense3x31,31,1,1,1,False,1.7626953125
Dense3x31,6868,1,1,1,False,3.0712890625
Dense3x31,2366,1,1,1,False,2.1337890625
Dense3x31,6397,1,1,1,False,3.0126953125
Dense3x31,2693,1,1,1,False,2.8125
Dense3x31,5052,1,1,1,False,2.32421875
Dense3x31,8536,1,1,1,False,2.880859375
Dense3x31,8420,1,1,1,False,2.3583984375
Dense3x31,6969,1,1,1,False,2.08984375
Dense3x31,6743,1,1,1,False,2.0654296875
Dense3x31,2418,1,1,1,False,1.93359375
Dense3x31,5323,1,1,1,False,2.4267578125
Dense3x31,9955,1,1,1,False,1.4990234375
Dense3x31,9401,1,1,1,False,3.0322265625
Dense3x31,2051,1,1,1,False,2.51953125
Dense3x31,7087,1,1,1,False,2.3828125
Dense3x31,9222,1,1,1,False,2.021484375
Dense3x31,9518,1,1,1,False,2.7587890625
Dense3x31,1004,1,1,1,False,1.4892578125
Dense3x31,7123,1,1,1,False,2.4462890625
Dense3x31,8549,1,1,1,False,3.1640625
Dense3x31,1830,1,1,1,False,2.5439453125
Dense3x31,6502,1,1,1,False,2.5830078125
Dense3x31,3039,1,1,1,False,1.8896484375
Dense3x31,8090,1,1,1,False,2.44140625
Dense3x31,9415,1,1,1,False,2.9541015625
Dense3x31,1129,1,1,1,False,2.421875
Dense3x31,3606,1,1,1,False,1.689453125
Dense3x31,9699,1,1,1,False,2.880859375
Dense3x31,8187,1,1,1,False,2.0068359375
Dense3x31,191,1,1,1,False,1.4013671875
Dense3x31,3648,1,1,1,False,3.4423828125
Dense3x31,6678,1,1,1,False,2.392578125
Dense3x31,3014,1,1,1,False,2.5146484375
Dense3x31,5642,1,5,1,False,2.8125
Dense3x31,5839,1,1,1,False,1.5771484375
Dense3x31,4984,1,1,1,False,2.4072265625
Dense3x31,5630,1,1,1,False,2.2021484375
Dense3x31,7802,1,1,1,False,1.9384765625
Dense3x31,9845,1,1,1,False,2.3974609375
Dense3x31,4249,1,1,1,False,2.392578125
Dense3x31,1729,1,1,1,False,2.91015625
Dense3x31,6506,1,1,1,False,2.7490234375
Dense3x31,9171,1,1,1,False,3.017578125
Dense3x31,9335,1,1,1,False,2.568359375
Dense3x31,14,1,1,1,False,3.310546875
Dense3x31,6005,1,1,1,False,1.044921875
Dense3x31,615,1,1,1,False,1.396484375
Dense3x31,6232,1,1,1,False,2.5341796875
Dense3x31,1527,1,6,1,False,1.3037109375
Dense3x31,5506,1,1,1,False,3.203125
Dense3x31,2576,1,1,1,False,1.630859375
Dense3x31,1736,1,1,1,False,2.6123046875
Dense3x31,3586,1,1,1,False,3.75
Dense3x31,6349,3,3,1,False,4.6142578125
Dense3x31,8924,3,3,1,False,3.65234375
Dense3x31,3094,3,3,1,False,2.7099609375
Dense3x31,3167,3,3,1,False,0.751953125
Dense3x31,5687,3,3,1,False,1.9677734375
Dense3x31,5225,3,3,1,False,1.4306640625
Dense3x31,5418,3,3,1,False,5.3759765625
Dense3x31,3746,3,3,1,False,3.45703125
Dense3x31,464,3,7,1,False,0.8154296875
Dense3x31,6447,3,3,1,False,4.2529296875
Dense3x31,8957,3,3,1,False,3.955078125
Dense3x31,8597,3,3,1,False,2.6025390625
Dense3x31,4808,3,5,1,False,0.25390625
Dense3x31,9219,3,3,1,False,3.7109375
Dense3x31,2288,3,3,1,False,2.8564453125
Dense3x31,8753,3,3,1,False,5.009765625
Dense3x31,9468,3,3,1,False,2.646484375
Dense3x31,7075,3,3,1,False,2.96875
Dense3x31,531,3,3,1,False,0.9375
Dense3x31,5945,3,3,1,False,1.2353515625
Dense3x31,7055,3,3,1,False,4.0771484375
Dense3x31,4770,3,3,1,False,3.4521484375
Dense3x31,3080,3,3,1,False,3.28125
Dense3x31,9536,3,3,1,False,1.2158203125
Dense3x31,2450,3,3,1,False,2.490234375
Dense3x31,5248,3,3,1,False,3.61328125
Dense3x31,2893,3,3,1,False,5.3125
Dense3x31,2424,3,3,1,False,2.7001953125
Dense3x31,6664,3,3,1,False,3.857421875
Dense3x31,6517,3,3,1,False,1.943359375
Dense3x31,5283,3,3,1,False,1.9677734375
Dense3x31,6226,3,3,1,False,4.2626953125
Dense3x31,933,3,3,1,False,4.3798828125
Dense3x31,1172,3,3,1,False,3.5009765625
Dense3x31,9370,3,3,1,False,3.18359375
Dense3x31,4714,3,3,1,False,4.0966796875
Dense3x31,3486,3,3,1,False,3.6279296875
Dense3x31,1797,3,3,1,False,2.4560546875
Dense3x31,5330,3,3,1,False,3.10546875
Dense3x31,7804,3,3,1,False,3.076171875
Dense3x31,4393,3,3,1,False,4.8193359375
Dense3x31,991,3,3,1,False,5.419921875
Dense3x31,2348,3,3,1,False,2.236328125
Dense3x31,4492,3,3,1,False,3.564453125
Dense3x31,3078,3,3,1,False,1.2646484375
Dense3x31,5904,3,3,1,False,1.5283203125
Dense3x31,7215,3,3,1,False,4.9755859375
Dense3x31,8494,3,3,1,False,3.65234375
Dense3x31,2594,3,3,1,False,2.0751953125
Dense3x31,8435,3,3,1,False,2.7734375
Dense3x31,8939,3,3,1,False,3.583984375
Dense3x31,7252,3,3,1,False,4.0478515625
Dense3x31,524,3,3,1,False,2.8955078125
Dense3x31,6322,3,3,1,False,3.02734375
Dense3x31,2952,3,3,1,False,1.93359375
Dense3x31,2025,3,3,1,False,1.728515625
Dense3x31,6116,3,3,1,False,2.3291015625
Dense3x31,1239,3,3,1,False,2.3291015625
Dense3x31,7006,3,3,1,False,3.1689453125
Dense3x31,2575,3,3,1,False,5.01953125
Dense3x31,5078,3,5,1,False,0.029296875
Dense3x31,8551,3,3,1,False,4.453125
Dense3x31,7458,3,3,1,False,2.9833984375
Dense3x31,5815,3,3,1,False,4.31640625
Dense3x31,3108,3,3,1,False,0.791015625
Dense3x31,1738,3,3,1,False,3.720703125
Dense3x31,1092,3,5,1,False,0.107421875
Dense3x31,7829,3,3,1,False,3.544921875
Dense3x31,2308,3,3,1,False,3.3837890625
Dense2x34,9983,0,0,1,False,4.677734375
Dense2x34,9230,0,0,1,False,5.21484375
Dense2x34,6835,0,0,1,False,5.1904296875
Dense2x34,7780,0,0,1,False,6.9775390625
Dense2x34,3680,0,0,1,False,4.6533203125
Dense2x34,3847,0,0,1,False,3.544921875
Dense2x34,8865,0,0,1,False,4.5947265625
Dense2x34,6003,0,0,1,False,4.990234375
Dense2x34,8098,0,0,1,False,3.4423828125
Dense2x34,4824,0,0,1,False,2.2412109375
Dense2x34,9281,0,0,1,False,2.7099609375
Dense2x34,8260,0,0,1,False,3.515625
Dense2x34,4278,0,0,1,False,4.951171875
Dense2x34,3818,0,6,1,False,0.771484375
Dense2x34,4353,0,0,1,False,3.0712890625
Dense2x34,1399,0,0,1,False,2.83203125
Dense2x34,8765,0,0,1,False,5.2880859375
Dense2x34,9809,0,0,1,False,2.7392578125
Dense2x34,1454,0,0,1,False,1.81640625
Dense2x34,4887,0,0,1,False,2.8857421875
Dense2x34,7367,0,0,1,False,4.9951171875
Dense2x34,7162,0,0,1,False,3.7060546875
Dense2x34,6342,0,0,1,False,4.9365234375
Dense2x34,7607,0,0,1,False,3.955078125
Dense2x34,3032,0,0,1,False,5.68359375
Dense2x34,8795,0,0,1,False,2.744140625
Dense2x34,6264,0,0,1,False,5.908203125
Dense2x34,5006,0,0,1,False,2.98828125
Dense2x34,1692,0,0,1,False,2.4853515625
Dense2x34,3695,0,0,1,False,4.5849609375
Dense2x34,7221,0,0,1,False,3.2958984375
Dense2x34,1195,0,0,1,False,3.2568359375
Dense2x34,4091,0,0,1,False,2.5537109375
Dense2x34,2378,0,0,1,False,1.7529296875
Dense2x34,701,0,0,1,False,4.189453125
Dense2x34,7202,0,0,1,False,3.0810546875
Dense2x34,8137,0,0,1,False,4.443359375
Dense2x34,3677,0,0,1,False,4.609375
Dense2x34,3660,0,0,1,False,4.35546875
Dense2x34,8490,0,0,1,False,5.498046875
Dense2x34,2593,0,0,1,False,1.5087890625
Dense2x34,6877,0,0,1,False,5.0
Dense2x34,4935,0,0,1,False,3.125
Dense2x34,3982,0,0,1,False,5.7080078125
Dense2x34,5305,0,0,1,False,4.1259765625
Dense2x34,644,0,0,1,False,3.80859375
Dense2x34,8243,0,0,1,False,3.4814453125
Dense2x34,3412,0,0,1,False,2.509765625
Dense2x34,7933,0,0,1,False,5.13671875
Dense2x34,1246,0,0,1,False,2.3046875
Dense2x34,4070,0,0,1,False,4.4970703125
Dense2x34,1203,0,0,1,False,5.1708984375
Dense2x34,7086,0,0,1,False,3.0712890625
Dense2x34,1061,0,0,1,False,4.6435546875
Dense2x34,5405,0,0,1,False,1.4794921875
Dense2x34,9647,0,0,1,False,4.150390625
Dense2x34,9134,0,0,1,False,6.0205078125
Dense2x34,8278,0,7,1,False,0.2734375
Dense2x34,2717,0,0,1,False,4.6240234375
Dense2x34,3624,0,0,1,False,3.388671875
Dense2x34,8671,0,0,1,False,4.296875
Dense2x34,9528,0,0,1,False,5.751953125
Dense2x34,7049,0,0,1,False,0.7763671875
Dense2x34,4361,0,0,1,False,3.4130859375
Dense2x34,2449,0,0,1,False,0.927734375
Dense2x34,7953,0,0,1,False,5.263671875
Dense2x34,4062,0,0,1,False,4.8828125
Dense2x34,2779,0,0,1,False,2.0361328125
Dense2x34,4847,1,1,1,False,1.8212890625
Dense2x34,6308,1,1,1,False,3.2373046875
Dense2x34,9335,1,1,1,False,3.02734375
Dense2x34,9653,1,1,1,False,2.2265625
Dense2x34,419,1,1,1,False,3.017578125
Dense2x34,2239,1,1,1,False,2.44140625
Dense2x34,9845,1,1,1,False,3.0029296875
Dense2x34,7890,1,1,1,False,3.4228515625
Dense2x34,5271,1,1,1,False,2.7099609375
Dense2x34,2946,1,1,1,False,1.23046875
Dense2x34,9699,1,1,1,False,2.7294921875
Dense2x34,2757,1,1,1,False,3.203125
Dense2x34,3919,1,1,1,False,3.9697265625
Dense2x34,3598,1,1,1,False,0.732421875
Dense2x34,1360,1,1,1,False,3.0712890625
Dense2x34,7581,1,1,1,False,3.720703125
Dense2x34,6092,1,1,1,False,3.73046875
Dense2x34,8305,1,1,1,False,3.37890625
Dense2x34,2166,1,1,1,False,2.8515625
Dense2x34,9657,1,1,1,False,3.7353515625
Dense2x34,3196,1,1,1,False,1.4892578125
Dense2x34,7399,1,1,1,False,3.662109375
Dense2x34,2529,1,1,1,False,3.1103515625
Dense2x34,6917,1,1,1,False,3.6279296875
Dense2x34,1986,1,1,1,False,3.7060546875
Dense2x34,7191,1,1,1,False,2.6708984375
Dense2x34,6058,1,1,1,False,2.71484375
Dense2x34,8729,1,1,1,False,2.900390625
Dense2x34,6254,1,1,1,False,3.02734375
Dense2x34,8799,1,1,1,False,3.0859375
Dense2x34,4331,1,1,1,False,2.6123046875
Dense2x34,749,1,1,1,False,2.4853515625
Dense2x34,5406,1,1,1,False,2.1044921875
Dense2x34,1867,1,1,1,False,3.6181640625
Dense2x34,8538,1,1,1,False,3.603515625
Dense2x34,9489,1,1,1,False,3.3740234375
Dense2x34,4977,1,1,1,False,2.509765625
Dense2x34,480,1,1,1,False,2.6123046875
Dense2x34,8995,1,1,1,False,3.0419921875
Dense2x34,7561,1,1,1,False,2.4267578125
Dense2x34,8469,1,1,1,False,2.87109375
Dense2x34,3455,1,1,1,False,3.8916015625
Dense2x34,9594,1,1,1,False,0.2978515625
Dense2x34,1897,1,1,1,False,3.3740234375
Dense2x34,357,1,1,1,False,1.982421875
Dense2x34,2358,1,1,1,False,1.9921875
Dense2x34,3480,1,1,1,False,2.9150390625
Dense2x34,1988,1,1,1,False,3.3740234375
Dense2x34,1424,1,1,1,False,3.017578125
Dense2x34,7847,1,1,1,False,1.455078125
Dense2x34,7418,1,1,1,False,2.8369140625
Dense2x34,3264,1,1,1,False,2.44140625
Dense2x34,5783,1,1,1,False,3.2568359375
Dense2x34,2137,1,1,1,False,3.076171875
Dense2x34,2788,1,1,1,False,2.0556640625
Dense2x34,9848,1,1,1,False,3.26171875
Dense2x34,2473,1,1,1,False,0.8935546875
Dense2x34,9591,1,1,1,False,2.9150390625
Dense2x34,6329,1,1,1,False,3.0322265625
Dense2x34,6726,1,1,1,False,3.4375
Dense2x34,6484,1,1,1,False,2.83203125
Dense2x34,5614,1,1,1,False,2.9296875
Dense2x34,9324,1,1,1,False,2.841796875
Dense2x34,9956,1,1,1,False,2.71484375
Dense2x34,4318,1,1,1,False,1.9677734375
Dense2x34,9903,1,1,1,False,2.3583984375
Dense2x34,9368,1,1,1,False,3.740234375
Dense2x34,6125,1,1,1,False,3.90625
Dense2x34,6876,3,3,1,False,3.9208984375
Dense2x34,8753,3,3,1,False,4.8876953125
Dense2x34,6873,3,3,1,False,3.6328125
Dense2x34,1098,3,3,1,False,2.2314453125
Dense2x34,933,3,3,1,False,2.83203125
Dense2x34,3409,3,3,1,False,3.7451171875
Dense2x34,7104,3,3,1,False,2.7099609375
Dense2x34,4990,3,8,1,False,0.439453125
Dense2x34,3947,3,3,1,False,5.4443359375
Dense2x34,7831,3,3,1,False,3.7939453125
Dense2x34,2281,3,3,1,False,2.1337890625
Dense2x34,90,3,3,1,False,3.9404296875
Dense2x34,4541,3,3,1,False,4.9169921875
Dense2x34,313,3,3,1,False,1.0302734375
Dense2x34,7350,3,3,1,False,3.359375
Dense2x34,1472,3,3,1,False,1.005859375
Dense2x34,7131,3,3,1,False,5.13671875
Dense2x34,1265,3,3,1,False,1.884765625
Dense2x34,230,3,3,1,False,2.4853515625
Dense2x34,8916,3,3,1,False,4.5166015625
Dense2x34,3812,3,3,1,False,3.486328125
Dense2x34,2511,3,3,1,False,1.6064453125
Dense2x34,9370,3,3,1,False,4.39453125
Dense2x34,2865,3,3,1,False,3.1640625
Dense2x34,9460,3,3,1,False,5.595703125
Dense2x34,3080,3,3,1,False,4.0966796875
Dense2x34,1731,3,3,1,False,3.6767578125
Dense2x34,7932,3,3,1,False,4.013671875
Dense2x34,8570,3,3,1,False,6.1279296875
Dense2x34,7656,3,3,1,False,2.2216796875
Dense2x34,5945,3,3,1,False,0.3662109375
Dense2x34,6432,3,3,1,False,1.455078125
Dense2x34,9717,3,3,1,False,5.7470703125
Dense2x34,1923,3,3,1,False,5.166015625
Dense2x34,7946,3,3,1,False,1.572265625
Dense2x34,6985,3,3,1,False,6.0888671875
Dense2x34,6034,3,8,1,False,0.0927734375
Dense2x34,1020,3,3,1,False,3.330078125
Dense2x34,76,3,3,1,False,1.9384765625
Dense2x34,4334,3,3,1,False,2.7099609375
Dense2x34,5538,3,3,1,False,5.869140625
Dense2x34,200,3,3,1,False,4.04296875
Dense2x34,2767,3,3,1,False,2.8564453125
Dense2x34,8206,3,3,1,False,5.576171875
Dense2x34,7398,3,3,1,False,3.798828125
Dense2x34,792,3,3,1,False,5.9912109375
Dense2x34,2025,3,3,1,False,1.5087890625
Dense2x34,4164,3,3,1,False,3.41796875
Dense2x34,3995,3,3,1,False,1.0791015625
Dense2x34,7501,3,3,1,False,3.6279296875
Dense2x34,7993,3,3,1,False,3.6767578125
Dense2x34,7326,3,3,1,False,5.771484375
Dense2x34,7763,3,3,1,False,5.7275390625
Dense2x34,453,3,3,1,False,3.515625
Dense2x34,5479,3,3,1,False,2.607421875
Dense2x34,7065,3,3,1,False,3.6083984375
Dense2x34,5635,3,3,1,False,0.6494140625
Dense2x34,3739,3,3,1,False,1.4208984375
Dense2x34,1469,3,3,1,False,0.478515625
Dense2x34,1290,3,3,1,False,1.123046875
Dense2x34,7075,3,3,1,False,2.7685546875
Dense2x34,4818,3,3,1,False,3.9404296875
Dense2x34,4770,3,3,1,False,2.4267578125
Dense2x34,6504,3,3,1,False,3.6474609375
Dense2x34,7858,3,2,1,False,0.6591796875
Dense2x34,2405,3,3,1,False,2.578125
Dense2x34,6371,3,3,1,False,3.212890625
Dense2x34,6636,3,3,1,False,2.2998046875
Dense2x34,7407,3,3,1,False,3.212890625
Dense2x34,3515,3,3,1,False,6.0302734375
Dense3x42,6711,0,0,1,False,5.693359375
Dense3x42,8343,0,0,1,False,3.525390625
Dense3x42,1808,0,0,1,False,3.3740234375
Dense3x42,7791,0,0,1,False,4.4189453125
Dense3x42,1047,0,0,1,False,3.6376953125
Dense3x42,7505,0,0,1,False,1.23046875
Dense3x42,2479,0,0,1,False,1.4697265625
Dense3x42,6424,0,0,1,False,3.505859375
Dense3x42,9244,0,0,1,False,4.3017578125
Dense3x42,6546,0,0,1,False,2.34375
Dense3x42,3479,0,0,1,False,1.5087890625
Dense3x42,5301,0,0,1,False,3.466796875
Dense3x42,2527,0,0,1,False,3.3984375
Dense3x42,3867,0,0,1,False,1.8212890625
Dense3x42,6342,0,0,1,False,4.4287109375
Dense3x42,8881,0,0,1,False,3.30078125
Dense3x42,4403,0,0,1,False,1.7724609375
Dense3x42,7889,0,0,1,False,6.2548828125
Dense3x42,8458,0,0,1,False,5.517578125
Dense3x42,5124,0,0,1,False,4.7412109375
Dense3x42,884,0,0,1,False,3.30078125
Dense3x42,3179,0,0,1,False,3.8818359375
Dense3x42,6970,0,0,1,False,3.3642578125
Dense3x42,8501,0,0,1,False,5.0048828125
Dense3x42,5838,0,0,1,False,3.0029296875
Dense3x42,8671,0,0,1,False,3.4375
Dense3x42,7452,0,0,1,False,2.783203125
Dense3x42,3540,0,0,1,False,3.896484375
Dense3x42,7086,0,0,1,False,3.2373046875
Dense3x42,2761,0,0,1,False,2.451171875
Dense3x42,8251,0,0,1,False,3.3837890625
Dense3x42,6651,0,5,1,False,1.8310546875
Dense3x42,1619,0,0,1,False,1.9287109375
Dense3x42,6264,0,0,1,False,5.0830078125
Dense3x42,2707,0,0,1,False,4.0576171875
Dense3x42,4447,0,0,1,False,2.822265625
Dense3x42,2779,0,0,1,False,1.9775390625
Dense3x42,6437,0,0,1,False,3.53515625
Dense3x42,5505,0,0,1,False,2.9345703125
Dense3x42,9528,0,0,1,False,5.830078125
Dense3x42,3401,0,0,1,False,3.4521484375
Dense3x42,5952,0,0,1,False,4.5458984375
Dense3x42,4070,0,0,1,False,3.720703125
Dense3x42,7625,0,0,1,False,4.384765625
Dense3x42,3266,0,0,1,False,2.646484375
Dense3x42,2328,0,0,1,False,0.2587890625
Dense3x42,5890,0,0,1,False,0.595703125
Dense3x42,443,0,0,1,False,0.830078125
Dense3x42,1995,0,0,1,False,3.0126953125
Dense3x42,5398,0,0,1,False,2.9248046875
Dense3x42,7112,0,0,1,False,2.7197265625
Dense3x42,3695,0,0,1,False,2.783203125
Dense3x42,4166,0,0,1,False,2.51953125
Dense3x42,8228,0,0,1,False,2.7197265625
Dense3x42,9962,0,0,1,False,2.2021484375
Dense3x42,713,0,0,1,False,1.2841796875
Dense3x42,8849,0,0,1,False,3.095703125
Dense3x42,9865,0,0,1,False,2.1875
Dense3x42,9542,0,0,1,False,3.5400390625
Dense3x42,3724,0,0,1,False,3.7841796875
Dense3x42,8576,0,0,1,False,3.798828125
Dense3x42,4365,0,0,1,False,3.251953125
Dense3x42,4327,0,0,1,False,1.9091796875
Dense3x42,6583,0,0,1,False,3.5009765625
Dense3x42,6003,0,0,1,False,3.0908203125
Dense3x42,9061,1,1,1,False,3.466796875
Dense3x42,6720,1,1,1,False,3.0810546875
Dense3x42,1868,1,1,1,False,1.064453125
Dense3x42,4564,1,1,1,False,3.30078125
Dense3x42,6159,1,1,1,False,3.3740234375
Dense3x42,4774,1,1,1,False,2.96875
Dense3x42,3438,1,1,1,False,2.4609375
Dense3x42,7000,1,1,1,False,2.1923828125
Dense3x42,2018,1,1,1,False,1.5478515625
Dense3x42,4580,1,1,1,False,2.197265625
Dense3x42,1403,1,1,1,False,1.5380859375
Dense3x42,4428,1,1,1,False,2.12890625
Dense3x42,8390,1,1,1,False,2.24609375
Dense3x42,907,1,1,1,False,1.9970703125
Dense3x42,3532,1,1,1,False,2.6416015625
Dense3x42,2902,1,1,1,False,3.0810546875
Dense3x42,6783,1,1,1,False,2.6806640625
Dense3x42,2379,1,1,1,False,3.154296875
Dense3x42,4806,1,1,1,False,2.6220703125
Dense3x42,3259,1,1,1,False,2.9150390625
Dense3x42,2411,1,1,1,False,2.7294921875
Dense3x42,180,1,1,1,False,2.3779296875
Dense3x42,489,1,1,1,False,2.109375
Dense3x42,8740,1,1,1,False,3.0712890625
Dense3x42,9923,1,1,1,False,2.734375
Dense3x42,900,1,1,1,False,2.1044921875
Dense3x42,6276,1,1,1,False,2.71484375
Dense3x42,696,1,1,1,False,2.3779296875
Dense3x42,6604,1,1,1,False,2.6025390625
Dense3x42,3434,1,1,1,False,2.3291015625
Dense3x42,8914,1,1,1,False,2.666015625
Dense3x42,4871,1,1,1,False,1.8359375
Dense3x42,6008,1,1,1,False,2.48046875
Dense3x42,4563,1,1,1,False,1.728515625
Dense3x42,4014,1,1,1,False,2.9638671875
Dense3x42,7353,1,1,1,False,2.94921875
Dense3x42,4216,1,1,1,False,1.708984375
Dense3x42,3143,1,1,1,False,2.9345703125
Dense3x42,3421,1,1,1,False,2.05078125
Dense3x42,716,1,1,1,False,1.9384765625
Dense3x42,342,1,1,1,False,3.2080078125
Dense3x42,7686,1,1,1,False,3.212890625
Dense3x42,4021,1,1,1,False,2.6611328125
Dense3x42,5490,1,1,1,False,2.6171875
Dense3x42,5984,1,1,1,False,2.646484375
Dense3x42,2136,1,1,1,False,2.8564453125
Dense3x42,3354,1,1,1,False,3.076171875
Dense3x42,2815,1,1,1,False,3.22265625
Dense3x42,755,1,1,1,False,2.6123046875
Dense3x42,6108,1,1,1,False,3.095703125
Dense3x42,7014,1,1,1,False,3.1201171875
Dense3x42,6694,1,1,1,False,1.69921875
Dense3x42,191,1,1,1,False,1.806640625
Dense3x42,8971,1,1,1,False,2.7294921875
Dense3x42,3765,1,1,1,False,3.37890625
Dense3x42,4670,1,1,1,False,2.6904296875
Dense3x42,9233,1,1,1,False,2.8466796875
Dense3x42,7373,1,1,1,False,3.4375
Dense3x42,1515,1,1,1,False,3.2421875
Dense3x42,988,1,1,1,False,1.9287109375
Dense3x42,1329,1,1,1,False,2.79296875
Dense3x42,8809,1,1,1,False,2.2412109375
Dense3x42,4077,1,1,1,False,2.724609375
Dense3x42,772,1,1,1,False,2.509765625
Dense3x42,7173,1,1,1,False,2.958984375
Dense3x42,1909,1,1,1,False,1.904296875
Dense3x42,4074,1,1,1,False,2.4755859375
Dense3x42,6407,1,1,1,False,2.5634765625
Dense3x42,5764,3,3,1,False,3.5546875
Dense3x42,6453,3,3,1,False,1.0400390625
Dense3x42,6061,3,3,1,False,2.8515625
Dense3x42,8607,3,3,1,False,1.9775390625
Dense3x42,2086,3,3,1,False,2.5830078125
Dense3x42,3739,3,3,1,False,1.376953125
Dense3x42,3390,3,3,1,False,3.115234375
Dense3x42,1278,3,3,1,False,4.5703125
Dense3x42,2624,3,3,1,False,2.48046875
Dense3x42,2105,3,3,1,False,1.5576171875
Dense3x42,6745,3,3,1,False,2.44140625
Dense3x42,1928,3,3,1,False,2.34375
Dense3x42,7374,3,3,1,False,3.6767578125
Dense3x42,2128,3,3,1,False,3.88671875
Dense3x42,7798,3,3,1,False,3.7255859375
Dense3x42,1426,3,3,1,False,2.4365234375
Dense3x42,3193,3,3,1,False,0.64453125
Dense3x42,2583,3,3,1,False,3.0810546875
Dense3x42,657,3,3,1,False,3.388671875
Dense3x42,8471,3,3,1,False,4.9365234375
Dense3x42,7193,3,3,1,False,3.1982421875
Dense3x42,4755,3,3,1,False,0.595703125
Dense3x42,1069,3,3,1,False,3.662109375
Dense3x42,9202,3,3,1,False,1.9091796875
Dense3x42,5418,3,3,1,False,4.716796875
Dense3x42,8407,3,3,1,False,3.3935546875
Dense3x42,9975,3,3,1,False,0.537109375
Dense3x42,927,3,3,1,False,2.8955078125
Dense3x42,5760,3,3,1,False,3.5888671875
Dense3x42,7595,3,3,1,False,1.42578125
Dense3x42,4222,3,3,1,False,3.65234375
Dense3x42,4532,3,3,1,False,2.939453125
Dense3x42,4501,3,3,1,False,2.607421875
Dense3x42,1976,3,3,1,False,1.943359375
Dense3x42,6736,3,3,1,False,4.3701171875
Dense3x42,9501,3,3,1,False,2.79296875
Dense3x42,4393,3,3,1,False,3.193359375
Dense3x42,1215,3,3,1,False,1.7578125
Dense3x42,3150,3,3,1,False,2.021484375
Dense3x42,958,3,3,1,False,1.640625
Dense3x42,8821,3,3,1,False,4.0478515625
Dense3x42,2076,3,3,1,False,3.6083984375
Dense3x42,4802,3,3,1,False,2.28515625
Dense3x42,4087,3,3,1,False,3.0859375
Dense3x42,7628,3,3,1,False,2.7734375
Dense3x42,3962,3,3,1,False,1.8408203125
Dense3x42,2663,3,3,1,False,4.4873046875
Dense3x42,7250,3,3,1,False,2.470703125
Dense3x42,5708,3,3,1,False,4.7509765625
Dense3x42,6299,3,3,1,False,4.5458984375
Dense3x42,7714,3,3,1,False,1.9189453125
Dense3x42,9182,3,3,1,False,0.68359375
Dense3x42,6272,3,3,1,False,4.150390625
Dense3x42,2776,3,3,1,False,2.5146484375
Dense3x42,9944,3,9,1,False,0.4248046875
Dense3x42,1983,3,3,1,False,1.0302734375
Dense3x42,6371,3,3,1,False,4.0966796875
Dense3x42,7257,3,3,1,False,3.4619140625
Dense3x42,2305,3,3,1,False,0.5126953125
Dense3x42,6727,3,3,1,False,5.91796875
Dense3x42,8254,3,3,1,False,3.6767578125
Dense3x42,648,3,3,1,False,4.27734375
Dense3x42,349,3,3,1,False,0.5126953125
Dense3x42,855,3,3,1,False,3.0859375
Dense3x42,5555,3,3,1,False,4.6728515625
Dense3x42,5625,3,3,1,False,3.0615234375
Dense3x42,3527,3,3,1,False,2.7197265625
Dense3x42,6116,3,3,1,False,4.55078125
Dense3x51,3677,0,0,1,False,4.6533203125
Dense3x51,7987,0,0,1,False,6.46484375
Dense3x51,7855,0,0,1,False,6.2548828125
Dense3x51,2295,0,0,1,False,3.271484375
Dense3x51,1768,0,0,1,False,2.900390625
Dense3x51,9264,0,0,1,False,2.861328125
Dense3x51,6795,0,0,1,False,3.935546875
Dense3x51,5301,0,0,1,False,3.9599609375
Dense3x51,2894,0,0,1,False,2.939453125
Dense3x51,3980,0,0,1,False,4.9609375
Dense3x51,6191,0,0,1,False,6.015625
Dense3x51,5731,0,0,1,False,2.5341796875
Dense3x51,25,0,0,1,False,5.80078125
Dense3x51,9800,0,0,1,False,2.40234375
Dense3x51,2842,0,0,1,False,6.708984375
Dense3x51,6344,0,0,1,False,3.6474609375
Dense3x51,2733,0,0,1,False,3.5302734375
Dense3x51,4604,0,0,1,False,4.736328125
Dense3x51,8501,0,0,1,False,5.556640625
Dense3x51,4048,0,0,1,False,2.2412109375
Dense3x51,2557,0,0,1,False,3.1591796875
Dense3x51,2060,0,0,1,False,6.0498046875
Dense3x51,2190,0,0,1,False,2.6171875
Dense3x51,3271,0,0,1,False,3.92578125
Dense3x51,3219,0,0,1,False,1.5380859375
Dense3x51,5450,0,0,1,False,1.884765625
Dense3x51,3574,0,0,1,False,0.15625
Dense3x51,4146,0,0,1,False,2.1630859375
Dense3x51,4353,0,0,1,False,2.919921875
Dense3x51,3450,0,0,1,False,1.34765625
Dense3x51,1246,0,0,1,False,2.4560546875
Dense3x51,4631,0,0,1,False,5.263671875
Dense3x51,6978,0,0,1,False,4.228515625
Dense3x51,2376,0,0,1,False,5.4541015625
Dense3x51,7330,0,0,1,False,5.4248046875
Dense3x51,1708,0,0,1,False,3.9111328125
Dense3x51,9095,0,0,1,False,5.6640625
Dense3x51,7558,0,0,1,False,3.06640625
Dense3x51,1565,0,0,1,False,3.193359375
Dense3x51,246,0,0,1,False,5.029296875
Dense3x51,6428,0,0,1,False,1.494140625
Dense3x51,8307,0,0,1,False,3.8037109375
Dense3x51,5932,0,0,1,False,5.72265625
Dense3x51,5987,0,0,1,False,3.212890625
Dense3x51,3445,0,0,1,False,4.951171875
Dense3x51,7555,0,0,1,False,3.4423828125
Dense3x51,7410,0,0,1,False,2.314453125
Dense3x51,5980,0,0,1,False,4.013671875
Dense3x51,183,0,0,1,False,4.7509765625
Dense3x51,2794,0,0,1,False,2.1728515625
Dense3x51,5830,0,0,1,False,3.7939453125
Dense3x51,3698,0,0,1,False,1.708984375
Dense3x51,9809,0,0,1,False,2.96875
Dense3x51,4403,0,0,1,False,3.45703125
Dense3x51,5452,0,0,1,False,6.07421875
Dense3x51,2717,0,0,1,False,3.9794921875
Dense3x51,5079,0,0,1,False,3.6572265625
Dense3x51,9311,0,0,1,False,3.369140625
Dense3x51,6114,0,0,1,False,7.4609375
Dense3x51,1775,0,0,1,False,2.529296875
Dense3x51,9993,0,0,1,False,4.736328125
Dense3x51,1757,0,0,1,False,2.421875
Dense3x51,9297,0,0,1,False,3.0712890625
Dense3x51,9801,0,0,1,False,4.9951171875
Dense3x51,7255,0,0,1,False,3.466796875
Dense3x51,5141,0,0,1,False,3.5107421875
Dense3x51,4329,0,0,1,False,2.734375
Dense3x51,2988,0,0,1,False,1.77734375
Dense3x51,5828,0,0,1,False,1.748046875
Dense3x51,1548,1,1,1,False,2.509765625
Dense3x51,2266,1,6,1,False,0.7958984375
Dense3x51,948,1,1,1,False,2.5830078125
Dense3x51,4292,1,1,1,False,2.2265625
Dense3x51,2357,1,1,1,False,2.5390625
Dense3x51,4953,1,1,1,False,3.154296875
Dense3x51,7447,1,1,1,False,1.708984375
Dense3x51,9845,1,1,1,False,1.796875
Dense3x51,682,1,1,1,False,2.7001953125
Dense3x51,836,1,1,1,False,2.177734375
Dense3x51,6917,1,1,1,False,2.8369140625
Dense3x51,4859,1,1,1,False,2.421875
Dense3x51,8229,1,1,1,False,1.748046875
Dense3x51,4147,1,1,1,False,2.021484375
Dense3x51,4588,1,1,1,False,3.2275390625
Dense3x51,7563,1,1,1,False,2.71484375
Dense3x51,2626,1,1,1,False,2.2021484375
Dense3x51,2757,1,1,1,False,2.705078125
Dense3x51,8138,1,1,1,False,1.9189453125
Dense3x51,154,1,1,1,False,1.8017578125
Dense3x51,2409,1,1,1,False,2.1337890625
Dense3x51,176,1,1,1,False,1.8212890625
Dense3x51,2880,1,1,1,False,2.8466796875
Dense3x51,7980,1,1,1,False,3.1201171875
Dense3x51,3983,1,1,1,False,1.62109375
Dense3x51,6928,1,1,1,False,2.9345703125
Dense3x51,5759,1,1,1,False,0.9228515625
Dense3x51,6618,1,1,1,False,1.4306640625
Dense3x51,6652,1,1,1,False,2.24609375
Dense3x51,3455,1,1,1,False,3.1591796875
Dense3x51,7053,1,1,1,False,2.0068359375
Dense3x51,1791,1,1,1,False,2.490234375
Dense3x51,7832,1,1,1,False,2.4609375
Dense3x51,9802,1,1,1,False,2.5732421875
Dense3x51,9039,1,1,1,False,2.3681640625
Dense3x51,6913,1,1,1,False,2.28515625
Dense3x51,9923,1,1,1,False,2.7294921875
Dense3x51,3073,1,2,1,False,1.4892578125
Dense3x51,9641,1,1,1,False,1.943359375
Dense3x51,5550,1,1,1,False,3.388671875
Dense3x51,4110,1,1,1,False,1.7578125
Dense3x51,7738,1,1,1,False,0.703125
Dense3x51,7280,1,1,1,False,2.6025390625
Dense3x51,137,1,1,1,False,2.666015625
Dense3x51,3203,1,1,1,False,1.9970703125
Dense3x51,2273,1,1,1,False,1.4453125
Dense3x51,7319,1,1,1,False,2.900390625
Dense3x51,8252,1,1,1,False,2.34375
Dense3x51,1934,1,1,1,False,3.125
Dense3x51,2444,1,1,1,False,2.4853515625
Dense3x51,4847,1,1,1,False,2.080078125
Dense3x51,6938,1,1,1,False,2.919921875
Dense3x51,6115,1,1,1,False,1.97265625
Dense3x51,1038,1,1,1,False,1.9873046875
Dense3x51,5604,1,1,1,False,2.96875
Dense3x51,9324,1,1,1,False,2.5341796875
Dense3x51,1993,1,1,1,False,1.630859375
Dense3x51,3784,1,1,1,False,3.06640625
Dense3x51,2182,1,2,1,False,3.3740234375
Dense3x51,4872,1,1,1,False,2.1533203125
Dense3x51,7784,1,1,1,False,2.4658203125
Dense3x51,6233,1,1,1,False,2.6904296875
Dense3x51,3003,1,1,1,False,2.51953125
Dense3x51,2277,1,1,1,False,1.611328125
Dense3x51,6278,1,1,1,False,2.2802734375
Dense3x51,6162,1,1,1,False,2.939453125
Dense3x51,979,1,1,1,False,3.30078125
Dense3x51,4931,1,1,1,False,3.0126953125
Dense3x51,7217,1,1,1,False,1.748046875
Dense3x51,6811,3,3,1,False,2.8759765625
Dense3x51,6151,3,3,1,False,2.958984375
Dense3x51,9308,3,3,1,False,1.748046875
Dense3x51,2813,3,3,1,False,2.607421875
Dense3x51,753,3,3,1,False,2.5634765625
Dense3x51,8206,3,3,1,False,4.8486328125
Dense3x51,8087,3,3,1,False,4.345703125
Dense3x51,1489,3,3,1,False,3.76953125
Dense3x51,9445,3,3,1,False,3.525390625
Dense3x51,3834,3,2,1,False,0.146484375
Dense3x51,9342,3,3,1,False,1.9091796875
Dense3x51,9073,3,3,1,False,1.5380859375
Dense3x51,9115,3,3,1,False,4.0625
Dense3x51,3138,3,3,1,False,0.4296875
Dense3x51,657,3,3,1,False,2.5341796875
Dense3x51,8946,3,3,1,False,1.6455078125
Dense3x51,2229,3,3,1,False,2.822265625
Dense3x51,6465,3,3,1,False,1.728515625
Dense3x51,5734,3,7,1,False,0.8203125
Dense3x51,9558,3,3,1,False,1.9287109375
Dense3x51,887,3,3,1,False,1.142578125
Dense3x51,8518,3,3,1,False,4.7314453125
Dense3x51,8864,3,3,1,False,3.0419921875
Dense3x51,982,3,2,1,False,0.5126953125
Dense3x51,6290,3,3,1,False,3.4375
Dense3x51,7798,3,3,1,False,3.10546875
Dense3x51,7639,3,3,1,False,2.7685546875
Dense3x51,5687,3,3,1,False,2.5244140625
Dense3x51,5019,3,3,1,False,3.1689453125
Dense3x51,5703,3,3,1,False,3.310546875
Dense3x51,2560,3,2,1,False,0.5908203125
Dense3x51,5158,3,3,1,False,2.939453125
Dense3x51,8716,3,3,1,False,3.4033203125
Dense3x51,3120,3,3,1,False,3.515625
Dense3x51,1615,3,3,1,False,3.92578125
Dense3x51,1840,3,3,1,False,3.9404296875
Dense3x51,2989,3,3,1,False,0.91796875
Dense3x51,7010,3,3,1,False,2.71484375
Dense3x51,216,3,3,1,False,3.2763671875
Dense3x51,5146,3,3,1,False,2.03125
Dense3x51,578,3,2,1,False,0.3662109375
Dense3x51,569,3,5,1,False,0.1904296875
Dense3x51,8903,3,3,1,False,3.3349609375
Dense3x51,4004,3,3,1,False,2.8564453125
Dense3x51,7311,3,3,1,False,3.193359375
Dense3x51,5000,3,3,1,False,2.6953125
Dense3x51,4613,3,3,1,False,0.6591796875
Dense3x51,8939,3,3,1,False,3.173828125
Dense3x51,3390,3,3,1,False,2.8564453125
Dense3x51,3085,3,3,1,False,1.552734375
Dense3x51,6690,3,3,1,False,1.4794921875
Dense3x51,9624,3,8,1,False,2.138671875
Dense3x51,9063,3,3,1,False,2.94921875
Dense3x51,6139,3,3,1,False,2.177734375
Dense3x51,2924,3,3,1,False,2.3193359375
Dense3x51,5140,3,5,1,False,1.2255859375
Dense3x51,7006,3,3,1,False,3.2275390625
Dense3x51,2871,3,3,1,False,1.201171875
Dense3x51,5330,3,3,1,False,2.158203125
Dense3x51,1746,3,3,1,False,2.16796875
Dense3x51,2927,3,2,1,False,2.2607421875
Dense3x51,7674,3,3,1,False,3.0224609375
Dense3x51,991,3,3,1,False,3.828125
Dense3x51,6636,3,3,1,False,0.4052734375
Dense3x51,6481,3,3,1,False,2.412109375
Dense3x51,9365,3,3,1,False,2.646484375
Dense3x51,8910,3,3,1,False,2.7587890625
Dense3x25,717,0,6,1,False,0.6103515625
Dense3x25,2631,0,0,1,False,0.09765625
Dense3x25,5659,0,0,1,False,6.5380859375
Dense3x25,7231,0,0,1,False,4.6484375
Dense3x25,3297,0,6,1,False,0.6591796875
Dense3x25,8425,0,0,1,False,4.0234375
Dense3x25,2329,0,0,1,False,1.0205078125
Dense3x25,6470,0,0,1,False,4.6435546875
Dense3x25,126,0,0,1,False,3.1591796875
Dense3x25,8983,0,0,1,False,4.6826171875
Dense3x25,8731,0,0,1,False,5.2392578125
Dense3x25,4527,0,0,1,False,4.6826171875
Dense3x25,5051,0,0,1,False,2.03125
Dense3x25,2592,0,0,1,False,4.4140625
Dense3x25,7485,0,0,1,False,4.7509765625
Dense3x25,8163,0,0,1,False,4.931640625
Dense3x25,7342,0,0,1,False,5.8056640625
Dense3x25,1390,0,0,1,False,4.8876953125
Dense3x25,763,0,0,1,False,4.2919921875
Dense3x25,8335,0,0,1,False,3.5400390625
Dense3x25,4286,0,0,1,False,2.7978515625
Dense3x25,9704,0,0,1,False,5.46875
Dense3x25,8221,0,0,1,False,6.1181640625
Dense3x25,7566,0,0,1,False,6.5771484375
Dense3x25,7279,0,0,1,False,3.8720703125
Dense3x25,6962,0,0,1,False,3.7939453125
Dense3x25,2060,0,0,1,False,7.9150390625
Dense3x25,3790,0,0,1,False,5.72265625
Dense3x25,5353,0,0,1,False,5.5908203125
Dense3x25,5031,0,0,1,False,5.791015625
Dense3x25,9648,0,0,1,False,6.2451171875
Dense3x25,327,0,0,1,False,5.478515625
Dense3x25,2657,0,0,1,False,5.048828125
Dense3x25,1009,0,0,1,False,4.033203125
Dense3x25,5718,0,0,1,False,2.041015625
Dense3x25,3140,0,0,1,False,4.1943359375
Dense3x25,3989,0,0,1,False,3.134765625
Dense3x25,4208,0,0,1,False,3.701171875
Dense3x25,8278,0,0,1,False,1.1474609375
Dense3x25,3347,0,0,1,False,3.0224609375
Dense3x25,4048,0,0,1,False,2.67578125
Dense3x25,895,0,0,1,False,1.298828125
Dense3x25,597,0,6,1,False,1.0693359375
Dense3x25,246,0,0,1,False,5.7373046875
Dense3x25,1408,0,0,1,False,5.1318359375
Dense3x25,1504,0,0,1,False,4.00390625
Dense3x25,9436,0,0,1,False,3.5888671875
Dense3x25,6621,0,0,1,False,2.4755859375
Dense3x25,5470,0,0,1,False,8.1982421875
Dense3x25,6835,0,0,1,False,4.8681640625
Dense3x25,6478,0,0,1,False,4.8046875
Dense3x25,4392,0,0,1,False,6.11328125
Dense3x25,7452,0,0,1,False,3.9990234375
Dense3x25,9552,0,0,1,False,4.5361328125
Dense3x25,6280,0,0,1,False,6.4111328125
Dense3x25,3445,0,0,1,False,6.2060546875
Dense3x25,3980,0,0,1,False,7.20703125
Dense3x25,6264,0,0,1,False,6.6796875
Dense3x25,4448,0,0,1,False,5.21484375
Dense3x25,7337,0,0,1,False,5.4248046875
Dense3x25,3191,0,0,1,False,3.4033203125
Dense3x25,7593,0,0,1,False,5.068359375
Dense3x25,552,0,0,1,False,2.021484375
Dense3x25,6921,0,0,1,False,5.634765625
Dense3x25,9621,0,0,1,False,3.0712890625
Dense3x25,9865,0,0,1,False,4.189453125
Dense3x25,5953,1,1,1,False,2.71484375
Dense3x25,7802,1,1,1,False,2.666015625
Dense3x25,7969,1,1,1,False,3.330078125
Dense3x25,1137,1,1,1,False,2.5390625
Dense3x25,4653,1,1,1,False,2.4462890625
Dense3x25,9003,1,1,1,False,2.373046875
Dense3x25,7217,1,1,1,False,2.0458984375
Dense3x25,5809,1,1,1,False,2.8662109375
Dense3x25,4212,1,3,1,False,1.3818359375
Dense3x25,6917,1,1,1,False,3.57421875
Dense3x25,4589,1,1,1,False,2.470703125
Dense3x25,2258,1,1,1,False,3.0810546875
Dense3x25,9931,1,1,1,False,2.8662109375
Dense3x25,772,1,1,1,False,3.0517578125
Dense3x25,8138,1,1,1,False,2.4560546875
Dense3x25,3281,1,1,1,False,3.1201171875
Dense3x25,5970,1,1,1,False,2.8173828125
Dense3x25,1358,1,1,1,False,2.8759765625
Dense3x25,4050,1,1,1,False,2.32421875
Dense3x25,4201,1,4,1,False,0.0244140625
Dense3x25,7784,1,1,1,False,1.8408203125
Dense3x25,5848,1,1,1,False,3.0322265625
Dense3x25,5323,1,1,1,False,2.2314453125
Dense3x25,850,1,1,1,False,3.427734375
Dense3x25,357,1,1,1,False,1.58203125
Dense3x25,2473,1,1,1,False,1.6259765625
Dense3x25,9903,1,1,1,False,2.4169921875
Dense3x25,5550,1,1,1,False,3.9892578125
Dense3x25,8113,1,1,1,False,3.251953125
Dense3x25,7954,1,1,1,False,2.861328125
Dense3x25,2018,1,1,1,False,1.93359375
Dense3x25,848,1,1,1,False,2.998046875
Dense3x25,288,1,1,1,False,3.271484375
Dense3x25,345,1,1,1,False,4.2138671875
Dense3x25,5208,1,1,1,False,3.5205078125
Dense3x25,6008,1,1,1,False,3.056640625
Dense3x25,6928,1,1,1,False,3.779296875
Dense3x25,9641,1,1,1,False,2.4560546875
Dense3x25,1025,1,1,1,False,2.9931640625
Dense3x25,9121,1,1,1,False,3.7060546875
Dense3x25,8586,1,1,1,False,3.5107421875
Dense3x25,9725,1,1,1,False,2.626953125
Dense3x25,2324,1,1,1,False,4.08203125
Dense3x25,2444,1,1,1,False,2.783203125
Dense3x25,5327,1,1,1,False,3.10546875
Dense3x25,1004,1,1,1,False,2.4658203125
Dense3x25,3314,1,1,1,False,2.763671875
Dense3x25,154,1,1,1,False,2.578125
Dense3x25,2674,1,1,1,False,3.232421875
Dense3x25,3761,1,1,1,False,2.2900390625
Dense3x25,9313,1,1,1,False,2.94921875
Dense3x25,377,1,1,1,False,3.0078125
Dense3x25,2366,1,1,1,False,2.119140625
Dense3x25,4759,1,1,1,False,2.255859375
Dense3x25,6224,1,1,1,False,3.2275390625
Dense3x25,8568,1,1,1,False,4.0185546875
Dense3x25,5689,1,1,1,False,3.935546875
Dense3x25,7262,1,1,1,False,0.83984375
Dense3x25,3003,1,1,1,False,3.90625
Dense3x25,8324,1,1,1,False,2.6513671875
Dense3x25,5889,1,1,1,False,3.251953125
Dense3x25,6720,1,1,1,False,3.2275390625
Dense3x25,4074,1,1,1,False,2.978515625
Dense3x25,8099,1,1,1,False,3.4912109375
Dense3x25,8427,1,1,1,False,2.98828125
Dense3x25,2553,1,1,1,False,3.251953125
Dense3x25,675,1,1,1,False,3.53515625
Dense3x25,5384,1,1,1,False,4.1162109375
Dense3x25,3227,1,1,1,False,2.7099609375
Dense3x25,7247,1,1,1,False,1.875
Dense3x25,213,3,3,1,False,1.9873046875
Dense3x25,6517,3,3,1,False,0.654296875
Dense3x25,5454,3,3,1,False,5.5224609375
Dense3x25,9925,3,3,1,False,0.390625
Dense3x25,628,3,9,1,False,0.1513671875
Dense3x25,7692,3,3,1,False,0.390625
Dense3x25,7821,3,2,1,False,1.30859375
Dense3x25,648,3,3,1,False,5.8642578125
Dense3x25,2623,3,3,1,False,2.5390625
Dense3x25,3082,3,3,1,False,2.4853515625
Dense3x25,8706,3,3,1,False,4.6923828125
Dense3x25,1539,3,3,1,False,3.18359375
Dense3x25,7157,3,3,1,False,2.9443359375
Dense3x25,4120,3,3,1,False,2.3974609375
Dense3x25,1489,3,3,1,False,4.16015625
Dense3x25,6331,3,3,1,False,3.41796875
Dense3x25,5185,3,3,1,False,2.4365234375
Dense3x25,8533,3,3,1,False,3.1005859375
Dense3x25,4162,3,3,1,False,6.25
Dense3x25,9083,3,3,1,False,5.15625
Dense3x25,1298,3,3,1,False,2.6708984375
Dense3x25,7470,3,3,1,False,4.6728515625
Dense3x25,2105,3,3,1,False,0.87890625
Dense3x25,8970,3,3,1,False,5.947265625
Dense3x25,8263,3,3,1,False,1.46484375
Dense3x25,2075,3,3,1,False,2.998046875
Dense3x25,7936,3,3,1,False,4.6240234375
Dense3x25,6371,3,3,1,False,3.671875
Dense3x25,5472,3,3,1,False,7.5390625
Dense3x25,7103,3,3,1,False,3.6181640625
Dense3x25,4808,3,5,1,False,0.498046875
Dense3x25,1204,3,8,1,False,1.982421875
Dense3x25,5912,3,3,1,False,0.498046875
Dense3x25,5146,3,3,1,False,3.06640625
Dense3x25,5028,3,3,1,False,4.3310546875
Dense3x25,4018,3,3,1,False,3.7646484375
Dense3x25,7104,3,3,1,False,2.763671875
Dense3x25,9655,3,3,1,False,0.810546875
Dense3x25,2086,3,3,1,False,2.59765625
Dense3x25,7905,3,2,1,False,1.2060546875
Dense3x25,6563,3,3,1,False,0.9521484375
Dense3x25,7554,3,3,1,False,4.482421875
Dense3x25,7374,3,3,1,False,4.833984375
Dense3x25,7233,3,3,1,False,1.796875
Dense3x25,4785,3,8,1,False,2.96875
Dense3x25,808,3,3,1,False,3.3740234375
Dense3x25,6950,3,3,1,False,3.701171875
Dense3x25,6982,3,3,1,False,3.92578125
Dense3x25,6204,3,3,1,False,4.2041015625
Dense3x25,9175,3,3,1,False,3.22265625
Dense3x25,142,3,3,1,False,2.021484375
Dense3x25,2953,3,5,1,False,1.2841796875
Dense3x25,8508,3,3,1,False,2.8564453125
Dense3x25,3448,3,3,1,False,2.3193359375
Dense3x25,6255,3,3,1,False,3.4765625
Dense3x25,9536,3,3,1,False,1.435546875
Dense3x25,451,3,3,1,False,3.9013671875
Dense3x25,6736,3,3,1,False,6.54296875
Dense3x25,3449,3,3,1,False,4.12109375
Dense3x25,991,3,3,1,False,5.5615234375
Dense3x25,4854,3,3,1,False,6.533203125
Dense3x25,894,3,3,1,False,3.701171875
Dense3x25,753,3,3,1,False,3.30078125
Dense3x25,68,3,3,1,False,4.140625
Dense3x25,6226,3,3,1,False,4.8095703125
Dense3x25,4605,3,3,1,False,1.46484375
Dense2x29,6288,0,0,1,False,6.3330078125
Dense2x29,7354,0,0,1,False,3.0322265625
Dense2x29,7385,0,0,1,False,6.1328125
Dense2x29,1995,0,0,1,False,2.9345703125
Dense2x29,5930,0,0,1,False,4.8779296875
Dense2x29,7289,0,0,1,False,7.5927734375
Dense2x29,2638,0,0,1,False,5.185546875
Dense2x29,9038,0,0,1,False,5.1611328125
Dense2x29,704,0,0,1,False,3.4765625
Dense2x29,3698,0,0,1,False,2.4169921875
Dense2x29,7516,0,0,1,False,4.8828125
Dense2x29,5980,0,0,1,False,3.876953125
Dense2x29,3185,0,0,1,False,0.80078125
Dense2x29,4241,0,0,1,False,5.498046875
Dense2x29,1535,0,0,1,False,4.62890625
Dense2x29,3368,0,0,1,False,4.736328125
Dense2x29,3959,0,0,1,False,5.5419921875
Dense2x29,6099,0,0,1,False,8.2763671875
Dense2x29,6877,0,0,1,False,5.302734375
Dense2x29,3764,0,0,1,False,0.517578125
Dense2x29,8338,0,0,1,False,4.9365234375
Dense2x29,1390,0,0,1,False,4.375
Dense2x29,4080,0,0,1,False,3.0029296875
Dense2x29,763,0,0,1,False,3.759765625
Dense2x29,294,0,0,1,False,2.568359375
Dense2x29,7086,0,0,1,False,4.2626953125
Dense2x29,2294,0,0,1,False,2.353515625
Dense2x29,28,0,0,1,False,6.0595703125
Dense2x29,6643,0,0,1,False,0.52734375
Dense2x29,9377,0,0,1,False,5.712890625
Dense2x29,2717,0,0,1,False,4.8291015625
Dense2x29,5342,0,0,1,False,5.322265625
Dense2x29,6947,0,0,1,False,5.8056640625
Dense2x29,8858,0,0,1,False,7.16796875
Dense2x29,8373,0,0,1,False,4.2431640625
Dense2x29,9527,0,0,1,False,4.970703125
Dense2x29,3650,0,0,1,False,3.994140625
Dense2x29,1570,0,6,1,False,0.2685546875
Dense2x29,8382,0,0,1,False,2.7294921875
Dense2x29,1843,0,0,1,False,2.4755859375
Dense2x29,3458,0,0,1,False,4.4677734375
Dense2x29,1898,0,0,1,False,2.8271484375
Dense2x29,8859,0,0,1,False,5.5029296875
Dense2x29,2873,0,0,1,False,4.287109375
Dense2x29,9236,0,0,1,False,5.693359375
Dense2x29,5718,0,8,1,False,0.5224609375
Dense2x29,3446,0,0,1,False,2.9345703125
Dense2x29,9508,0,0,1,False,2.32421875
Dense2x29,8152,0,0,1,False,6.0791015625
Dense2x29,2894,0,0,1,False,3.056640625
Dense2x29,4650,0,0,1,False,4.55078125
Dense2x29,2631,0,6,1,False,1.7431640625
Dense2x29,4819,0,0,1,False,2.4658203125
Dense2x29,6424,0,0,1,False,2.294921875
Dense2x29,6342,0,0,1,False,6.4111328125
Dense2x29,6621,0,0,1,False,2.0849609375
Dense2x29,440,0,0,1,False,8.9501953125
Dense2x29,6351,0,0,1,False,0.33203125
Dense2x29,3768,0,0,1,False,8.369140625
Dense2x29,3774,0,0,1,False,4.1064453125
Dense2x29,1713,0,0,1,False,3.564453125
Dense2x29,2060,0,0,1,False,7.2802734375
Dense2x29,5249,0,0,1,False,5.546875
Dense2x29,5305,0,0,1,False,6.4111328125
Dense2x29,9633,0,0,1,False,3.0615234375
Dense2x29,9757,0,0,1,False,3.8720703125
Dense2x29,5069,0,0,1,False,6.6015625
Dense2x29,1939,1,1,1,False,2.783203125
Dense2x29,5970,1,1,1,False,2.6318359375
Dense2x29,9653,1,1,1,False,1.669921875
Dense2x29,4732,1,1,1,False,3.037109375
Dense2x29,6913,1,1,1,False,3.5107421875
Dense2x29,5535,1,1,1,False,3.10546875
Dense2x29,7869,1,1,1,False,2.8955078125
Dense2x29,6276,1,1,1,False,3.73046875
Dense2x29,9923,1,1,1,False,3.9501953125
Dense2x29,7123,1,1,1,False,3.4130859375
Dense2x29,8128,1,1,1,False,3.6669921875
Dense2x29,89,1,1,1,False,4.31640625
Dense2x29,826,1,1,1,False,4.0283203125
Dense2x29,3919,1,1,1,False,4.541015625
Dense2x29,4303,1,1,1,False,3.18359375
Dense2x29,4181,1,1,1,False,4.5849609375
Dense2x29,1037,1,1,1,False,4.2822265625
Dense2x29,696,1,1,1,False,2.6611328125
Dense2x29,3320,1,1,1,False,3.388671875
Dense2x29,7832,1,1,1,False,4.3017578125
Dense2x29,9836,1,1,1,False,4.0234375
Dense2x29,7217,1,1,1,False,3.115234375
Dense2x29,4685,1,1,1,False,3.41796875
Dense2x29,6101,1,1,1,False,1.5234375
Dense2x29,964,1,1,1,False,2.265625
Dense2x29,7738,1,1,1,False,1.0302734375
Dense2x29,523,1,1,1,False,2.0458984375
Dense2x29,2746,1,1,1,False,3.662109375
Dense2x29,1993,1,1,1,False,0.76171875
Dense2x29,4249,1,1,1,False,3.447265625
Dense2x29,6005,1,1,1,False,1.4013671875
Dense2x29,4924,1,1,1,False,4.5703125
Dense2x29,8078,1,1,1,False,3.8818359375
Dense2x29,2753,1,1,1,False,1.54296875
Dense2x29,3673,1,1,1,False,3.2275390625
Dense2x29,8745,1,1,1,False,3.73046875
Dense2x29,9335,1,1,1,False,3.41796875
Dense2x29,7728,1,1,1,False,1.38671875
Dense2x29,1136,1,1,1,False,2.724609375
Dense2x29,8289,1,1,1,False,3.671875
Dense2x29,5553,1,1,1,False,5.1953125
Dense2x29,3276,1,1,1,False,3.5693359375
Dense2x29,8988,1,1,1,False,3.7451171875
Dense2x29,2553,1,1,1,False,4.04296875
Dense2x29,9190,1,1,1,False,3.0078125
Dense2x29,3255,1,1,1,False,3.310546875
Dense2x29,2010,1,1,1,False,1.904296875
Dense2x29,189,1,1,1,False,2.119140625
Dense2x29,3457,1,1,1,False,2.2119140625
Dense2x29,1945,1,1,1,False,4.0087890625
Dense2x29,682,1,1,1,False,3.7109375
Dense2x29,7014,1,1,1,False,4.19921875
Dense2x29,5776,1,1,1,False,3.427734375
Dense2x29,3124,1,1,1,False,3.1494140625
Dense2x29,9345,1,1,1,False,4.0185546875
Dense2x29,8543,1,1,1,False,4.287109375
Dense2x29,1137,1,1,1,False,3.125
Dense2x29,1193,1,1,1,False,4.2138671875
Dense2x29,8768,1,1,1,False,3.3837890625
Dense2x29,809,1,1,1,False,2.470703125
Dense2x29,267,1,1,1,False,4.3798828125
Dense2x29,4691,1,1,1,False,2.67578125
Dense2x29,8352,1,1,1,False,3.18359375
Dense2x29,7665,1,1,1,False,3.88671875
Dense2x29,9231,3,3,1,False,1.71875
Dense2x29,8811,3,3,1,False,4.0869140625
Dense2x29,7407,3,3,1,False,3.8916015625
Dense2x29,3094,3,3,1,False,2.6416015625
Dense2x29,4004,3,3,1,False,2.9052734375
Dense2x29,8876,3,3,1,False,2.8076171875
Dense2x29,780,3,3,1,False,3.505859375
Dense2x29,5687,3,3,1,False,2.4853515625
Dense2x29,5346,3,3,1,False,2.8076171875
Dense2x29,7484,3,3,1,False,4.31640625
Dense2x29,6096,3,3,1,False,3.96484375
Dense2x29,313,3,3,1,False,1.2646484375
Dense2x29,5336,3,3,1,False,3.134765625
Dense2x29,9501,3,3,1,False,3.6669921875
Dense2x29,6379,3,3,1,False,2.9541015625
Dense2x29,2408,3,3,1,False,0.263671875
Dense2x29,1617,3,3,1,False,2.2216796875
Dense2x29,9192,3,3,1,False,2.91015625
Dense2x29,7476,3,3,1,False,0.966796875
Dense2x29,8972,3,3,1,False,4.9609375
Dense2x29,9975,3,2,1,False,0.1904296875
Dense2x29,9363,3,3,1,False,3.0029296875
Dense2x29,3409,3,3,1,False,3.5009765625
Dense2x29,4873,3,3,1,False,3.02734375
Dense2x29,7024,3,3,1,False,5.419921875
Dense2x29,8952,3,9,1,False,1.220703125
Dense2x29,4501,3,3,1,False,3.173828125
Dense2x29,4311,3,3,1,False,1.064453125
Dense2x29,1615,3,3,1,False,4.7216796875
Dense2x29,1738,3,3,1,False,3.6962890625
Dense2x29,933,3,3,1,False,3.9990234375
Dense2x29,1367,3,3,1,False,5.4345703125
Dense2x29,3910,3,3,1,False,4.4287109375
Dense2x29,8483,3,3,1,False,3.994140625
Dense2x29,2945,3,7,1,False,0.4541015625
Dense2x29,2745,3,3,1,False,1.4111328125
Dense2x29,8975,3,3,1,False,4.677734375
Dense2x29,1042,3,3,1,False,4.0380859375
Dense2x29,8821,3,3,1,False,3.564453125
Dense2x29,9491,3,3,1,False,4.5361328125
Dense2x29,7956,3,3,1,False,6.416015625
Dense2x29,819,3,3,1,False,5.3759765625
Dense2x29,3146,3,3,1,False,1.2939453125
Dense2x29,6985,3,3,1,False,6.7724609375
Dense2x29,1095,3,3,1,False,2.6904296875
Dense2x29,3659,3,3,1,False,2.7880859375
Dense2x29,4128,3,3,1,False,0.9716796875
Dense2x29,200,3,3,1,False,4.482421875
Dense2x29,576,3,3,1,False,4.716796875
Dense2x29,528,3,2,1,False,0.0439453125
Dense2x29,1953,3,3,1,False,1.3330078125
Dense2x29,3476,3,3,1,False,0.68359375
Dense2x29,334,3,3,1,False,4.1015625
Dense2x29,2549,3,3,1,False,3.369140625
Dense2x29,7675,3,3,1,False,2.314453125
Dense2x29,4785,3,8,1,False,2.9541015625
Dense2x29,1469,3,3,1,False,1.1865234375
Dense2x29,7932,3,3,1,False,4.51171875
Dense2x29,7590,3,3,1,False,4.7607421875
Dense2x29,614,3,3,1,False,1.8359375
Dense2x29,112,3,3,1,False,1.2890625
Dense2x29,1490,3,3,1,False,1.953125
Dense2x29,4532,3,3,1,False,3.232421875
Dense2x29,1611,3,3,1,False,0.7861328125
Dense2x29,3283,3,3,1,False,1.0546875
Dense2x29,8551,3,3,1,False,4.19921875
Dense2x29,9614,3,5,1,False,0.8447265625
Dense2x29,1239,3,3,1,False,1.025390625
Dense2x29,369,3,3,1,False,2.7001953125
Dense2x29,4435,3,7,1,False,2.16796875
Dense3x41,5008,0,0,1,False,3.4765625
Dense3x41,2449,0,0,1,False,1.0205078125
Dense3x41,9850,0,0,1,False,4.2431640625
Dense3x41,5838,0,0,1,False,3.41796875
Dense3x41,5079,0,0,1,False,4.1064453125
Dense3x41,7830,0,0,1,False,4.1796875
Dense3x41,8978,0,0,1,False,5.01953125
Dense3x41,5750,0,0,1,False,4.248046875
Dense3x41,9983,0,0,1,False,6.4013671875
Dense3x41,5305,0,0,1,False,5.732421875
Dense3x41,6786,0,0,1,False,5.1171875
Dense3x41,1411,0,0,1,False,2.431640625
Dense3x41,2747,0,0,1,False,7.7197265625
Dense3x41,3413,0,0,1,False,4.19921875
Dense3x41,8137,0,0,1,False,4.716796875
Dense3x41,8657,0,0,1,False,4.6826171875
Dense3x41,7330,0,0,1,False,5.078125
Dense3x41,327,0,0,1,False,4.9072265625
Dense3x41,8999,0,0,1,False,4.58984375
Dense3x41,6114,0,0,1,False,8.10546875
Dense3x41,8595,0,0,1,False,6.083984375
Dense3x41,1121,0,0,1,False,2.5244140625
Dense3x41,1713,0,0,1,False,3.18359375
Dense3x41,9964,0,0,1,False,3.5693359375
Dense3x41,4343,0,0,1,False,3.408203125
Dense3x41,7536,0,0,1,False,4.8828125
Dense3x41,136,0,0,1,False,3.4765625
Dense3x41,7139,0,0,1,False,4.4384765625
Dense3x41,6437,0,0,1,False,5.048828125
Dense3x41,7516,0,0,1,False,4.775390625
Dense3x41,6428,0,0,1,False,0.8984375
Dense3x41,3043,0,0,1,False,3.4326171875
Dense3x41,9648,0,0,1,False,5.3369140625
Dense3x41,6040,0,0,1,False,3.61328125
Dense3x41,7084,0,0,1,False,3.1591796875
Dense3x41,723,0,0,1,False,2.7734375
Dense3x41,7671,0,0,1,False,2.333984375
Dense3x41,4079,0,0,1,False,4.072265625
Dense3x41,3942,0,0,1,False,2.36328125
Dense3x41,3087,0,0,1,False,4.091796875
Dense3x41,9455,0,0,1,False,4.82421875
Dense3x41,2506,0,0,1,False,5.029296875
Dense3x41,4741,0,0,1,False,3.57421875
Dense3x41,5778,0,0,1,False,1.3330078125
Dense3x41,2937,0,0,1,False,4.150390625
Dense3x41,7202,0,0,1,False,3.88671875
Dense3x41,3581,0,0,1,False,3.3642578125
Dense3x41,1148,0,0,1,False,4.5654296875
Dense3x41,1203,0,0,1,False,6.3037109375
Dense3x41,6286,0,0,1,False,5.224609375
Dense3x41,3818,0,6,1,False,0.166015625
Dense3x41,2557,0,0,1,False,3.125
Dense3x41,4642,0,0,1,False,2.2802734375
Dense3x41,3458,0,0,1,False,3.80859375
Dense3x41,1995,0,0,1,False,4.287109375
Dense3x41,1870,0,0,1,False,4.2626953125
Dense3x41,8895,0,0,1,False,4.287109375
Dense3x41,6970,0,0,1,False,4.2724609375
Dense3x41,4227,0,0,1,False,3.8427734375
Dense3x41,1712,0,0,1,False,3.3203125
Dense3x41,148,0,0,1,False,3.212890625
Dense3x41,2972,0,0,1,False,2.705078125
Dense3x41,4515,0,0,1,False,2.1435546875
Dense3x41,4082,0,0,1,False,3.0126953125
Dense3x41,6580,0,0,1,False,3.8671875
Dense3x41,9230,0,0,1,False,5.6201171875
Dense3x41,8195,0,0,1,False,5.302734375
Dense3x41,3669,1,1,1,False,2.5
Dense3x41,4847,1,1,1,False,1.9287109375
Dense3x41,3990,1,1,1,False,2.1142578125
Dense3x41,5370,1,1,1,False,2.841796875
Dense3x41,9356,1,1,1,False,2.177734375
Dense3x41,5044,1,1,1,False,2.6220703125
Dense3x41,5839,1,1,1,False,1.826171875
Dense3x41,6678,1,1,1,False,1.962890625
Dense3x41,1392,1,1,1,False,1.6064453125
Dense3x41,9657,1,1,1,False,2.607421875
Dense3x41,4195,1,1,1,False,2.6416015625
Dense3x41,145,1,1,1,False,2.2607421875
Dense3x41,3779,1,1,1,False,2.7197265625
Dense3x41,6058,1,1,1,False,2.7099609375
Dense3x41,4014,1,1,1,False,2.6806640625
Dense3x41,348,1,1,1,False,2.03125
Dense3x41,1136,1,1,1,False,1.69921875
Dense3x41,9071,1,8,1,False,0.25390625
Dense3x41,506,1,1,1,False,1.9189453125
Dense3x41,4308,1,1,1,False,1.0107421875
Dense3x41,5092,1,1,1,False,2.9931640625
Dense3x41,272,1,1,1,False,2.67578125
Dense3x41,6005,1,1,1,False,1.3134765625
Dense3x41,8159,1,1,1,False,2.0361328125
Dense3x41,3253,1,1,1,False,1.69921875
Dense3x41,5431,1,1,1,False,2.138671875
Dense3x41,7340,1,1,1,False,2.197265625
Dense3x41,7934,1,8,1,False,0.1171875
Dense3x41,3027,1,1,1,False,2.373046875
Dense3x41,3419,1,1,1,False,2.6806640625
Dense3x41,4602,1,1,1,False,2.548828125
Dense3x41,3922,1,1,1,False,2.275390625
Dense3x41,2287,1,1,1,False,2.96875
Dense3x41,9081,1,1,1,False,1.71875
Dense3x41,6044,1,1,1,False,2.607421875
Dense3x41,2027,1,1,1,False,1.640625
Dense3x41,3652,1,1,1,False,2.08984375
Dense3x41,6556,1,1,1,False,1.3916015625
Dense3x41,7150,1,1,1,False,2.724609375
Dense3x41,5953,1,1,1,False,2.34375
Dense3x41,9301,1,1,1,False,2.265625
Dense3x41,2719,1,1,1,False,1.0791015625
Dense3x41,4589,1,1,1,False,2.158203125
Dense3x41,918,1,1,1,False,2.1826171875
Dense3x41,7019,1,1,1,False,2.8125
Dense3x41,7442,1,1,1,False,2.431640625
Dense3x41,3073,1,3,1,False,0.1025390625
Dense3x41,4144,1,1,1,False,3.447265625
Dense3x41,8549,1,1,1,False,2.890625
Dense3x41,8090,1,1,1,False,2.236328125
Dense3x41,9643,1,7,1,False,0.546875
Dense3x41,818,1,1,1,False,2.5927734375
Dense3x41,967,1,1,1,False,2.5732421875
Dense3x41,735,1,1,1,False,2.802734375
Dense3x41,3386,1,1,1,False,1.9775390625
Dense3x41,5316,1,1,1,False,2.6904296875
Dense3x41,920,1,1,1,False,1.73828125
Dense3x41,4349,1,1,1,False,2.8564453125
Dense3x41,1667,1,1,1,False,3.1005859375
Dense3x41,7171,1,1,1,False,3.02734375
Dense3x41,1193,1,1,1,False,2.4755859375
Dense3x41,640,1,1,1,False,2.9345703125
Dense3x41,4050,1,1,1,False,1.8798828125
Dense3x41,5746,1,1,1,False,1.2939453125
Dense3x41,9645,1,1,1,False,1.484375
Dense3x41,176,1,1,1,False,2.041015625
Dense3x41,3471,1,1,1,False,2.3388671875
Dense3x41,4733,1,1,1,False,1.3818359375
Dense3x41,302,1,1,1,False,3.2373046875
Dense3x41,6551,3,3,1,False,2.8466796875
Dense3x41,5062,3,3,1,False,2.5439453125
Dense3x41,807,3,3,1,False,3.447265625
Dense3x41,7946,3,3,1,False,1.279296875
Dense3x41,7040,3,3,1,False,2.998046875
Dense3x41,9750,3,3,1,False,4.2333984375
Dense3x41,2906,3,3,1,False,1.005859375
Dense3x41,5019,3,3,1,False,3.837890625
Dense3x41,4638,3,3,1,False,3.4130859375
Dense3x41,923,3,3,1,False,5.068359375
Dense3x41,6646,3,3,1,False,3.26171875
Dense3x41,5329,3,3,1,False,0.185546875
Dense3x41,7272,3,3,1,False,3.544921875
Dense3x41,8246,3,3,1,False,1.3720703125
Dense3x41,6381,3,3,1,False,3.2177734375
Dense3x41,3916,3,3,1,False,3.203125
Dense3x41,6389,3,3,1,False,4.4287109375
Dense3x41,1205,3,3,1,False,4.39453125
Dense3x41,6907,3,3,1,False,3.5205078125
Dense3x41,2840,3,3,1,False,3.0810546875
Dense3x41,9975,3,2,1,False,0.263671875
Dense3x41,2871,3,3,1,False,2.119140625
Dense3x41,3085,3,3,1,False,2.392578125
Dense3x41,9889,3,3,1,False,2.5927734375
Dense3x41,7831,3,3,1,False,5.3076171875
Dense3x41,3825,3,3,1,False,2.3876953125
Dense3x41,270,3,3,1,False,3.5986328125
Dense3x41,8014,3,3,1,False,3.4765625
Dense3x41,5446,3,3,1,False,2.4169921875
Dense3x41,5724,3,3,1,False,4.0185546875
Dense3x41,2025,3,3,1,False,2.1435546875
Dense3x41,5492,3,3,1,False,4.1845703125
Dense3x41,9059,3,3,1,False,2.9833984375
Dense3x41,9905,3,7,1,False,1.9775390625
Dense3x41,2985,3,3,1,False,2.578125
Dense3x41,4276,3,3,1,False,2.1044921875
Dense3x41,4288,3,3,1,False,4.130859375
Dense3x41,2501,3,3,1,False,4.091796875
Dense3x41,5760,3,3,1,False,4.5361328125
Dense3x41,5181,3,3,1,False,3.84765625
Dense3x41,5700,3,3,1,False,3.1640625
Dense3x41,1983,3,3,1,False,2.490234375
Dense3x41,4164,3,3,1,False,4.0087890625
Dense3x41,6151,3,3,1,False,4.9853515625
Dense3x41,7800,3,3,1,False,1.2646484375
Dense3x41,6432,3,3,1,False,2.4072265625
Dense3x41,2560,3,3,1,False,1.09375
Dense3x41,669,3,3,1,False,2.705078125
Dense3x41,1384,3,3,1,False,1.66015625
Dense3x41,8419,3,3,1,False,3.7109375
Dense3x41,727,3,3,1,False,1.8603515625
Dense3x41,9548,3,3,1,False,4.8876953125
Dense3x41,2767,3,3,1,False,3.2373046875
Dense3x41,4605,3,3,1,False,2.6513671875
Dense3x41,9229,3,3,1,False,3.662109375
Dense3x41,1298,3,3,1,False,3.22265625
Dense3x41,334,3,3,1,False,3.41796875
Dense3x41,2881,3,3,1,False,2.6513671875
Dense3x41,9370,3,3,1,False,3.095703125
Dense3x41,6950,3,3,1,False,3.8525390625
Dense3x41,8162,3,3,1,False,4.5654296875
Dense3x41,780,3,3,1,False,2.67578125
Dense3x41,6736,3,3,1,False,4.7265625
Dense3x41,1204,3,3,1,False,0.224609375
Dense3x41,9231,3,3,1,False,2.451171875
Dense3x41,7628,3,3,1,False,3.828125
Dense3x41,9100,3,3,1,False,4.1357421875
Dense3x41,5140,3,4,1,False,1.09375
Dense3x41,8346,3,3,1,False,4.08203125
Dense3x19,3016,0,0,1,False,5.1220703125
Dense3x19,8111,0,0,1,False,9.21875
Dense3x19,3608,0,0,1,False,6.15234375
Dense3x19,2821,0,0,1,False,3.4521484375
Dense3x19,7566,0,0,1,False,6.73828125
Dense3x19,8619,0,0,1,False,5.8154296875
Dense3x19,3903,0,0,1,False,5.1318359375
Dense3x19,4353,0,0,1,False,3.6376953125
Dense3x19,2568,0,0,1,False,1.6796875
Dense3x19,3982,0,0,1,False,6.07421875
Dense3x19,8978,0,0,1,False,7.16796875
Dense3x19,8851,0,0,1,False,3.6279296875
Dense3x19,4146,0,0,1,False,2.5927734375
Dense3x19,1650,0,0,1,False,3.6181640625
Dense3x19,1154,0,0,1,False,4.873046875
Dense3x19,3347,0,0,1,False,0.2587890625
Dense3x19,9724,0,0,1,False,3.017578125
Dense3x19,6947,0,0,1,False,6.9091796875
Dense3x19,8056,0,0,1,False,10.439453125
Dense3x19,2096,0,0,1,False,5.8447265625
Dense3x19,5243,0,0,1,False,2.6416015625
Dense3x19,7907,0,0,1,False,6.7724609375
Dense3x19,5830,0,0,1,False,4.3408203125
Dense3x19,7202,0,0,1,False,4.853515625
Dense3x19,7203,0,0,1,False,6.2060546875
Dense3x19,2492,0,0,1,False,5.2587890625
Dense3x19,6241,0,0,1,False,5.1953125
Dense3x19,7289,0,0,1,False,7.021484375
Dense3x19,3479,0,0,1,False,1.93359375
Dense3x19,6181,0,0,1,False,3.8525390625
Dense3x19,8671,0,0,1,False,6.396484375
Dense3x19,9367,0,0,1,False,6.5380859375
Dense3x19,7943,0,0,1,False,5.4345703125
Dense3x19,4048,0,0,1,False,1.7138671875
Dense3x19,9311,0,0,1,False,3.3154296875
Dense3x19,2060,0,0,1,False,6.6552734375
Dense3x19,8098,0,0,1,False,4.2919921875
Dense3x19,8338,0,0,1,False,5.5126953125
Dense3x19,2188,0,0,1,False,4.2529296875
Dense3x19,2894,0,0,1,False,2.9248046875
Dense3x19,763,0,0,1,False,3.447265625
Dense3x19,4370,0,0,1,False,1.9140625
Dense3x19,4090,0,0,1,False,3.1689453125
Dense3x19,4542,0,0,1,False,4.66796875
Dense3x19,3317,0,0,1,False,0.9228515625
Dense3x19,7727,0,0,1,False,6.4306640625
Dense3x19,1723,0,0,1,False,5.78125
Dense3x19,3706,0,0,1,False,4.541015625
Dense3x19,4992,0,0,1,False,4.6435546875
Dense3x19,1700,0,0,1,False,3.251953125
Dense3x19,3368,0,0,1,False,4.150390625
Dense3x19,9220,0,0,1,False,5.9765625
Dense3x19,9174,0,0,1,False,6.3916015625
Dense3x19,1297,0,0,1,False,5.3173828125
Dense3x19,246,0,0,1,False,3.8427734375
Dense3x19,6398,0,0,1,False,5.146484375
Dense3x19,6211,0,0,1,False,6.6796875
Dense3x19,9297,0,0,1,False,1.123046875
Dense3x19,4937,0,0,1,False,4.5361328125
Dense3x19,3178,0,0,1,False,3.984375
Dense3x19,6786,0,0,1,False,6.3525390625
Dense3x19,1768,0,0,1,False,3.2861328125
Dense3x19,8388,0,0,1,False,3.681640625
Dense3x19,8666,1,1,1,False,2.5146484375
Dense3x19,9838,1,1,1,False,2.7294921875
Dense3x19,4267,1,1,1,False,4.12109375
Dense3x19,9096,1,1,1,False,3.701171875
Dense3x19,4717,1,1,1,False,3.5498046875
Dense3x19,850,1,1,1,False,4.3359375
Dense3x19,6338,1,1,1,False,2.87109375
Dense3x19,4032,1,1,1,False,3.7890625
Dense3x19,1988,1,1,1,False,4.12109375
Dense3x19,4917,1,1,1,False,3.1591796875
Dense3x19,5499,1,1,1,False,2.4658203125
Dense3x19,9896,1,1,1,False,3.603515625
Dense3x19,4491,1,1,1,False,2.373046875
Dense3x19,1139,1,1,1,False,4.4287109375
Dense3x19,5132,1,1,1,False,3.076171875
Dense3x19,3237,1,1,1,False,3.4326171875
Dense3x19,8938,1,1,1,False,3.876953125
Dense3x19,39,1,1,1,False,3.076171875
Dense3x19,1368,1,1,1,False,1.5478515625
Dense3x19,3276,1,1,1,False,3.1201171875
Dense3x19,1643,1,1,1,False,4.0185546875
Dense3x19,9444,1,1,1,False,3.2421875
Dense3x19,5759,1,1,1,False,1.728515625
Dense3x19,6108,1,1,1,False,3.0615234375
Dense3x19,506,1,1,1,False,2.6708984375
Dense3x19,7638,1,1,1,False,3.662109375
Dense3x19,3582,1,1,1,False,1.572265625
Dense3x19,6891,1,1,1,False,3.45703125
Dense3x19,3858,1,1,1,False,2.4365234375
Dense3x19,6202,1,1,1,False,3.7109375
Dense3x19,3983,1,1,1,False,2.529296875
Dense3x19,6720,1,1,1,False,3.69140625
Dense3x19,1934,1,1,1,False,3.6962890625
Dense3x19,3143,1,1,1,False,3.6962890625
Dense3x19,7591,1,1,1,False,3.7109375
Dense3x19,5090,1,1,1,False,3.4912109375
Dense3x19,2335,1,1,1,False,4.1064453125
Dense3x19,202,1,1,1,False,3.1591796875
Dense3x19,8887,1,1,1,False,2.87109375
Dense3x19,4010,1,1,1,False,3.8525390625
Dense3x19,8758,1,1,1,False,3.740234375
Dense3x19,178,1,1,1,False,4.0576171875
Dense3x19,6743,1,1,1,False,2.20703125
Dense3x19,8159,1,1,1,False,3.115234375
Dense3x19,2982,1,1,1,False,3.759765625
Dense3x19,1424,1,1,1,False,3.212890625
Dense3x19,3809,1,1,1,False,3.10546875
Dense3x19,4185,1,1,1,False,2.3583984375
Dense3x19,2266,1,5,1,False,0.1171875
Dense3x19,3430,1,1,1,False,2.1044921875
Dense3x19,5461,1,1,1,False,3.974609375
Dense3x19,5327,1,1,1,False,4.0087890625
Dense3x19,4181,1,1,1,False,4.0625
Dense3x19,6572,1,1,1,False,0.5908203125
Dense3x19,3745,1,1,1,False,2.67578125
Dense3x19,8418,1,1,1,False,3.525390625
Dense3x19,9653,1,1,1,False,0.17578125
Dense3x19,9071,1,8,1,False,0.44921875
Dense3x19,6661,1,1,1,False,3.2275390625
Dense3x19,3919,1,1,1,False,4.1162109375
Dense3x19,6809,1,1,1,False,2.32421875
Dense3x19,4524,1,1,1,False,4.5556640625
Dense3x19,7344,1,1,1,False,3.6376953125
Dense3x19,7165,1,1,1,False,3.740234375
Dense3x19,7073,1,1,1,False,4.072265625
Dense3x19,6757,1,1,1,False,4.84375
Dense3x19,8914,1,1,1,False,3.7548828125
Dense3x19,9368,1,1,1,False,4.1650390625
Dense3x19,1900,1,1,1,False,2.412109375
Dense3x19,5067,3,8,1,False,0.3564453125
Dense3x19,3670,3,3,1,False,4.052734375
Dense3x19,3390,3,3,1,False,3.3447265625
Dense3x19,1730,3,3,1,False,0.8203125
Dense3x19,6681,3,3,1,False,3.28125
Dense3x19,4406,3,3,1,False,4.3115234375
Dense3x19,5766,3,3,1,False,5.3369140625
Dense3x19,2153,3,3,1,False,2.4365234375
Dense3x19,6045,3,5,1,False,0.72265625
Dense3x19,4925,3,3,1,False,2.6025390625
Dense3x19,5046,3,3,1,False,0.4736328125
Dense3x19,2075,3,3,1,False,3.5986328125
Dense3x19,4002,3,5,1,False,1.3232421875
Dense3x19,1889,3,3,1,False,2.2119140625
Dense3x19,6517,3,0,1,False,1.5673828125
Dense3x19,3642,3,3,1,False,4.0966796875
Dense3x19,7714,3,3,1,False,2.7978515625
Dense3x19,2086,3,3,1,False,2.734375
Dense3x19,2427,3,3,1,False,3.740234375
Dense3x19,4335,3,3,1,False,1.9677734375
Dense3x19,3975,3,3,1,False,4.53125
Dense3x19,5555,3,3,1,False,5.9912109375
Dense3x19,1354,3,3,1,False,2.529296875
Dense3x19,847,3,3,1,False,2.4951171875
Dense3x19,4586,3,3,1,False,3.7353515625
Dense3x19,569,3,5,1,False,0.009765625
Dense3x19,7435,3,3,1,False,4.3603515625
Dense3x19,2288,3,3,1,False,3.33984375
Dense3x19,5408,3,3,1,False,4.7705078125
Dense3x19,7620,3,3,1,False,2.275390625
Dense3x19,9468,3,3,1,False,2.2412109375
Dense3x19,5468,3,3,1,False,2.8173828125
Dense3x19,8716,3,3,1,False,6.1279296875
Dense3x19,5454,3,3,1,False,6.0498046875
Dense3x19,1503,3,3,1,False,2.9443359375
Dense3x19,5573,3,3,1,False,3.1494140625
Dense3x19,6863,3,3,1,False,4.4775390625
Dense3x19,2105,3,3,1,False,0.4931640625
Dense3x19,4270,3,3,1,False,2.255859375
Dense3x19,5638,3,3,1,False,3.06640625
Dense3x19,3943,3,5,1,False,1.4013671875
Dense3x19,5814,3,3,1,False,3.4912109375
Dense3x19,4836,3,3,1,False,1.7041015625
Dense3x19,2989,3,3,1,False,1.2255859375
Dense3x19,4220,3,3,1,False,3.0615234375
Dense3x19,3085,3,3,1,False,2.587890625
Dense3x19,173,3,3,1,False,2.4267578125
Dense3x19,7674,3,3,1,False,3.2373046875
Dense3x19,795,3,3,1,False,0.6787109375
Dense3x19,6011,3,3,1,False,1.7431640625
Dense3x19,5935,3,3,1,False,1.3720703125
Dense3x19,7350,3,3,1,False,2.1826171875
Dense3x19,8290,3,5,1,False,0.068359375
Dense3x19,9370,3,3,1,False,4.3408203125
Dense3x19,531,3,3,1,False,0.0927734375
Dense3x19,3527,3,3,1,False,3.3837890625
Dense3x19,8263,3,3,1,False,2.578125
Dense3x19,5925,3,3,1,False,2.8662109375
Dense3x19,205,3,3,1,False,3.1884765625
Dense3x19,8080,3,3,1,False,5.1611328125
Dense3x19,8780,3,3,1,False,5.9716796875
Dense3x19,7470,3,3,1,False,6.46484375
Dense3x19,5635,3,3,1,False,3.0419921875
Dense3x19,4087,3,3,1,False,3.7744140625
Dense3x19,6379,3,3,1,False,3.818359375
Dense3x19,6030,3,3,1,False,1.044921875
Dense3x19,3484,3,3,1,False,4.0576171875
Dense3x19,51,3,3,1,False,4.6435546875
Dense2x39,9850,0,0,1,False,4.58984375
Dense2x39,4082,0,0,1,False,4.150390625
Dense2x39,2593,0,0,1,False,2.783203125
Dense2x39,5241,0,0,1,False,4.7607421875
Dense2x39,9879,0,0,1,False,1.1767578125
Dense2x39,9095,0,0,1,False,6.9384765625
Dense2x39,2190,0,0,1,False,3.02734375
Dense2x39,9897,0,0,1,False,3.53515625
Dense2x39,704,0,0,1,False,3.5888671875
Dense2x39,2403,0,0,1,False,4.9609375
Dense2x39,1121,0,0,1,False,2.8515625
Dense2x39,6288,0,0,1,False,5.4541015625
Dense2x39,9405,0,0,1,False,6.240234375
Dense2x39,597,0,0,1,False,4.00390625
Dense2x39,750,0,0,1,False,2.8564453125
Dense2x39,7317,0,0,1,False,7.0703125
Dense2x39,312,0,0,1,False,4.931640625
Dense2x39,5124,0,0,1,False,6.591796875
Dense2x39,5847,0,0,1,False,5.3369140625
Dense2x39,7446,0,0,1,False,4.3212890625
Dense2x39,1294,0,0,1,False,3.9013671875
Dense2x39,8851,0,0,1,False,4.990234375
Dense2x39,3359,0,0,1,False,4.8486328125
Dense2x39,8481,0,0,1,False,7.01171875
Dense2x39,3650,0,0,1,False,4.091796875
Dense2x39,4070,0,0,1,False,4.82421875
Dense2x39,4329,0,0,1,False,3.5107421875
Dense2x39,9527,0,0,1,False,5.9912109375
Dense2x39,3140,0,0,1,False,3.6474609375
Dense2x39,9663,0,0,1,False,5.5419921875
Dense2x39,6526,0,0,1,False,5.46875
Dense2x39,6428,0,0,1,False,3.6083984375
Dense2x39,1261,0,0,1,False,4.0966796875
Dense2x39,3989,0,0,1,False,2.8564453125
Dense2x39,6701,0,0,1,False,4.5947265625
Dense2x39,4327,0,0,1,False,3.544921875
Dense2x39,7855,0,0,1,False,6.8505859375
Dense2x39,2081,0,0,1,False,2.8076171875
Dense2x39,5529,0,0,1,False,4.1552734375
Dense2x39,6461,0,0,1,False,4.765625
Dense2x39,3942,0,0,1,False,2.8125
Dense2x39,1708,0,0,1,False,4.2822265625
Dense2x39,8691,0,0,1,False,5.29296875
Dense2x39,3226,0,0,1,False,5.0244140625
Dense2x39,7202,0,0,1,False,3.9453125
Dense2x39,3695,0,0,1,False,5.6298828125
Dense2x39,6927,0,0,1,False,5.0830078125
Dense2x39,8752,0,0,1,False,5.4150390625
Dense2x39,6978,0,0,1,False,4.4775390625
Dense2x39,9325,0,0,1,False,3.76953125
Dense2x39,1454,0,0,1,False,2.412109375
Dense2x39,6309,0,0,1,False,5.25390625
Dense2x39,581,0,0,1,False,5.5517578125
Dense2x39,5932,0,0,1,False,5.7958984375
Dense2x39,8858,0,0,1,False,6.220703125
Dense2x39,884,0,0,1,False,3.359375
Dense2x39,9739,0,0,1,False,3.26171875
Dense2x39,7465,0,0,1,False,3.75
Dense2x39,8513,0,0,1,False,6.4013671875
Dense2x39,7506,0,0,1,False,5.4248046875
Dense2x39,4542,0,0,1,False,4.6484375
Dense2x39,4642,0,0,1,False,1.9580078125
Dense2x39,8921,0,0,1,False,4.27734375
Dense2x39,3512,0,0,1,False,3.837890625
Dense2x39,7723,0,0,1,False,6.044921875
Dense2x39,3706,0,0,1,False,3.5302734375
Dense2x39,8849,0,0,1,False,4.5263671875
Dense2x39,10,0,0,1,False,4.248046875
Dense2x39,4757,0,0,1,False,4.9755859375
Dense2x39,4759,1,1,1,False,1.923828125
Dense2x39,3253,1,1,1,False,2.7099609375
Dense2x39,4077,1,1,1,False,3.0419921875
Dense2x39,4262,1,1,1,False,2.2509765625
Dense2x39,9810,1,1,1,False,2.3486328125
Dense2x39,4318,1,1,1,False,1.7333984375
Dense2x39,663,1,1,1,False,4.111328125
Dense2x39,8586,1,1,1,False,3.5009765625
Dense2x39,1673,1,1,1,False,2.080078125
Dense2x39,5052,1,1,1,False,2.0263671875
Dense2x39,1820,1,1,1,False,2.822265625
Dense2x39,409,1,1,1,False,3.1591796875
Dense2x39,342,1,1,1,False,3.5400390625
Dense2x39,7226,1,1,1,False,1.6748046875
Dense2x39,7270,1,1,1,False,3.564453125
Dense2x39,6397,1,1,1,False,3.53515625
Dense2x39,8740,1,1,1,False,3.3544921875
Dense2x39,1728,1,1,1,False,3.0908203125
Dense2x39,1582,1,1,1,False,2.578125
Dense2x39,2541,1,1,1,False,3.5693359375
Dense2x39,6108,1,1,1,False,2.1240234375
Dense2x39,3815,1,1,1,False,3.525390625
Dense2x39,8239,1,1,1,False,2.6416015625
Dense2x39,2276,1,1,1,False,2.001953125
Dense2x39,1766,1,1,1,False,2.9296875
Dense2x39,6758,1,1,1,False,2.099609375
Dense2x39,314,1,1,1,False,4.0673828125
Dense2x39,2283,1,1,1,False,3.623046875
Dense2x39,1667,1,1,1,False,4.306640625
Dense2x39,1434,1,1,1,False,3.9501953125
Dense2x39,7232,1,1,1,False,1.9921875
Dense2x39,3866,1,1,1,False,3.173828125
Dense2x39,8488,1,1,1,False,3.1005859375
Dense2x39,8938,1,1,1,False,2.7783203125
Dense2x39,8692,1,1,1,False,2.9736328125
Dense2x39,9190,1,1,1,False,3.037109375
Dense2x39,3320,1,1,1,False,2.7197265625
Dense2x39,4171,1,1,1,False,2.6708984375
Dense2x39,9657,1,1,1,False,2.5
Dense2x39,3471,1,1,1,False,3.232421875
Dense2x39,4147,1,1,1,False,2.2216796875
Dense2x39,9407,1,1,1,False,3.466796875
Dense2x39,5809,1,1,1,False,2.802734375
Dense2x39,8231,1,1,1,False,1.8603515625
Dense2x39,9520,1,1,1,False,2.4951171875
Dense2x39,7517,1,1,1,False,3.251953125
Dense2x39,9795,1,1,1,False,2.1484375
Dense2x39,9090,1,1,1,False,3.8671875
Dense2x39,8289,1,1,1,False,1.9921875
Dense2x39,7063,1,1,1,False,3.173828125
Dense2x39,6472,1,1,1,False,2.255859375
Dense2x39,5044,1,1,1,False,2.919921875
Dense2x39,9725,1,1,1,False,2.6123046875
Dense2x39,154,1,1,1,False,2.373046875
Dense2x39,3562,1,1,1,False,2.646484375
Dense2x39,3230,1,1,1,False,4.0771484375
Dense2x39,4292,1,1,1,False,3.388671875
Dense2x39,1715,1,1,1,False,3.5986328125
Dense2x39,6601,1,1,1,False,2.7783203125
Dense2x39,7053,1,1,1,False,2.0556640625
Dense2x39,5534,1,1,1,False,3.857421875
Dense2x39,6527,1,1,1,False,1.8603515625
Dense2x39,2997,1,1,1,False,3.0615234375
Dense2x39,7223,1,1,1,False,1.89453125
Dense2x39,7217,1,1,1,False,1.6796875
Dense2x39,2473,1,1,1,False,0.390625
Dense2x39,1836,1,1,1,False,2.3779296875
Dense2x39,2421,1,1,1,False,3.046875
Dense2x39,6622,1,1,1,False,1.62109375
Dense2x39,4437,3,3,1,False,0.283203125
Dense2x39,8581,3,3,1,False,2.4951171875
Dense2x39,1926,3,3,1,False,0.0341796875
Dense2x39,7252,3,3,1,False,2.9296875
Dense2x39,1976,3,3,1,False,2.880859375
Dense2x39,3487,3,3,1,False,3.837890625
Dense2x39,648,3,3,1,False,2.6904296875
Dense2x39,9229,3,3,1,False,3.2568359375
Dense2x39,4435,3,7,1,False,1.5625
Dense2x39,574,3,3,1,False,3.5009765625
Dense2x39,7590,3,3,1,False,4.3115234375
Dense2x39,1098,3,3,1,False,2.353515625
Dense2x39,4044,3,3,1,False,1.416015625
Dense2x39,9548,3,3,1,False,5.927734375
Dense2x39,6030,3,3,1,False,0.048828125
Dense2x39,7055,3,3,1,False,4.169921875
Dense2x39,1095,3,3,1,False,3.3935546875
Dense2x39,5638,3,3,1,False,3.3544921875
Dense2x39,1608,3,3,1,False,3.4375
Dense2x39,4755,3,3,1,False,0.8740234375
Dense2x39,6151,3,3,1,False,2.5634765625
Dense2x39,6982,3,3,1,False,3.8623046875
Dense2x39,2502,3,3,1,False,2.8173828125
Dense2x39,7026,3,3,1,False,4.3896484375
Dense2x39,6876,3,3,1,False,3.7646484375
Dense2x39,958,3,3,1,False,0.458984375
Dense2x39,1798,3,3,1,False,1.0546875
Dense2x39,8952,3,9,1,False,0.224609375
Dense2x39,6389,3,3,1,False,2.0703125
Dense2x39,9860,3,3,1,False,2.197265625
Dense2x39,4469,3,3,1,False,3.1396484375
Dense2x39,323,3,3,1,False,2.96875
Dense2x39,6940,3,3,1,False,3.2763671875
Dense2x39,8674,3,3,1,False,3.53515625
Dense2x39,449,3,5,1,False,0.8642578125
Dense2x39,865,3,3,1,False,2.34375
Dense2x39,9501,3,3,1,False,3.525390625
Dense2x39,5185,3,3,1,False,1.220703125
Dense2x39,1889,3,3,1,False,1.9287109375
Dense2x39,3261,3,3,1,False,1.3037109375
Dense2x39,8411,3,3,1,False,3.4765625
Dense2x39,7595,3,3,1,False,0.7763671875
Dense2x39,76,3,3,1,False,2.0654296875
Dense2x39,7479,3,3,1,False,3.1103515625
Dense2x39,3363,3,3,1,False,3.349609375
Dense2x39,8660,3,3,1,False,3.798828125
Dense2x39,686,3,3,1,False,4.013671875
Dense2x39,8087,3,3,1,False,4.7314453125
Dense2x39,5356,3,3,1,False,3.0615234375
Dense2x39,6045,3,8,1,False,1.6357421875
Dense2x39,87,3,3,1,False,1.6845703125
Dense2x39,3515,3,3,1,False,5.5322265625
Dense2x39,6447,3,3,1,False,3.92578125
Dense2x39,195,3,8,1,False,0.263671875
Dense2x39,2408,3,3,1,False,0.9423828125
Dense2x39,7075,3,3,1,False,3.5498046875
Dense2x39,8716,3,3,1,False,5.859375
Dense2x39,7905,3,2,1,False,0.8203125
Dense2x39,6646,3,3,1,False,3.28125
Dense2x39,8518,3,3,1,False,5.7275390625
Dense2x39,3897,3,3,1,False,2.2705078125
Dense2x39,9604,3,3,1,False,4.228515625
Dense2x39,9717,3,3,1,False,5.5322265625
Dense2x39,310,3,3,1,False,2.6123046875
Dense2x39,9561,3,3,1,False,3.1640625
Dense2x39,5824,3,3,1,False,1.9140625
Dense2x39,849,3,3,1,False,2.1630859375
Dense3x47,1009,0,0,1,False,2.490234375
Dense3x47,9367,0,0,1,False,5.05859375
Dense3x47,5750,0,0,1,False,5.478515625
Dense3x47,6978,0,0,1,False,4.5654296875
Dense3x47,597,0,0,1,False,1.6650390625
Dense3x47,5259,0,0,1,False,3.6572265625
Dense3x47,2763,0,0,1,False,3.9453125
Dense3x47,6597,0,7,1,False,0.8447265625
Dense3x47,1176,0,0,1,False,3.3740234375
Dense3x47,7607,0,0,1,False,3.916015625
Dense3x47,9666,0,0,1,False,2.255859375
Dense3x47,9527,0,0,1,False,4.4873046875
Dense3x47,2061,0,0,1,False,3.33984375
Dense3x47,9377,0,0,1,False,3.6865234375
Dense3x47,4034,0,0,1,False,4.6826171875
Dense3x47,3706,0,0,1,False,3.2080078125
Dense3x47,3191,0,0,1,False,2.9248046875
Dense3x47,1408,0,0,1,False,3.8525390625
Dense3x47,8528,0,0,1,False,6.71875
Dense3x47,1590,0,0,1,False,2.998046875
Dense3x47,1454,0,0,1,False,2.421875
Dense3x47,895,0,0,1,False,2.392578125
Dense3x47,7279,0,0,1,False,3.7158203125
Dense3x47,3903,0,0,1,False,4.9658203125
Dense3x47,1843,0,0,1,False,2.24609375
Dense3x47,6795,0,0,1,False,4.1796875
Dense3x47,6510,0,0,1,False,4.0869140625
Dense3x47,2506,0,0,1,False,5.263671875
Dense3x47,5147,0,0,1,False,3.896484375
Dense3x47,6489,0,0,1,False,4.9365234375
Dense3x47,8273,0,0,1,False,0.1806640625
Dense3x47,4857,0,0,1,False,2.12890625
Dense3x47,5249,0,0,1,False,3.5400390625
Dense3x47,2328,0,0,1,False,1.4453125
Dense3x47,7706,0,0,1,False,3.9501953125
Dense3x47,1794,0,0,1,False,1.9287109375
Dense3x47,1411,0,0,1,False,1.865234375
Dense3x47,7702,0,0,1,False,3.544921875
Dense3x47,9455,0,0,1,False,4.2236328125
Dense3x47,9951,0,0,1,False,2.7783203125
Dense3x47,4631,0,0,1,False,5.810546875
Dense3x47,2777,0,0,1,False,2.822265625
Dense3x47,2204,0,0,1,False,3.271484375
Dense3x47,546,0,0,1,False,4.21875
Dense3x47,7072,0,0,1,False,3.837890625
Dense3x47,1261,0,0,1,False,3.9697265625
Dense3x47,9488,0,0,1,False,4.130859375
Dense3x47,7062,0,0,1,False,4.1015625
Dense3x47,6140,0,0,1,False,5.4736328125
Dense3x47,5930,0,0,1,False,4.931640625
Dense3x47,9189,0,0,1,False,4.443359375
Dense3x47,545,0,0,1,False,2.0947265625
Dense3x47,8611,0,0,1,False,3.671875
Dense3x47,3804,0,0,1,False,2.4072265625
Dense3x47,5737,0,0,1,False,2.021484375
Dense3x47,6344,0,0,1,False,3.330078125
Dense3x47,9585,0,0,1,False,4.2529296875
Dense3x47,4320,0,0,1,False,4.658203125
Dense3x47,1757,0,0,1,False,2.5927734375
Dense3x47,9459,0,0,1,False,5.2734375
Dense3x47,5952,0,0,1,False,5.791015625
Dense3x47,9687,0,0,1,False,2.7880859375
Dense3x47,101,0,0,1,False,3.0029296875
Dense3x47,9542,0,0,1,False,4.9267578125
Dense3x47,2329,0,2,1,False,0.3173828125
Dense3x47,7354,0,0,1,False,2.861328125
Dense3x47,4672,0,0,1,False,3.18359375
Dense3x47,2461,0,0,1,False,3.1689453125
Dense3x47,8730,0,0,1,False,5.244140625
Dense3x47,9946,1,1,1,False,2.6123046875
Dense3x47,5917,1,1,1,False,2.36328125
Dense3x47,8022,1,1,1,False,2.8125
Dense3x47,8559,1,1,1,False,2.6513671875
Dense3x47,2416,1,1,1,False,2.3974609375
Dense3x47,4025,1,1,1,False,2.9345703125
Dense3x47,8439,1,1,1,False,1.5283203125
Dense3x47,7717,1,1,1,False,2.5732421875
Dense3x47,7138,1,1,1,False,2.2900390625
Dense3x47,1791,1,1,1,False,2.5537109375
Dense3x47,4646,1,1,1,False,1.85546875
Dense3x47,5453,1,1,1,False,2.2998046875
Dense3x47,9878,1,1,1,False,2.5732421875
Dense3x47,7527,1,1,1,False,2.3193359375
Dense3x47,6012,1,1,1,False,2.841796875
Dense3x47,7323,1,1,1,False,2.451171875
Dense3x47,9674,1,1,1,False,2.3779296875
Dense3x47,5872,1,1,1,False,2.3876953125
Dense3x47,7340,1,1,1,False,2.5048828125
Dense3x47,3354,1,1,1,False,2.8076171875
Dense3x47,8086,1,1,1,False,2.333984375
Dense3x47,3253,1,1,1,False,1.9921875
Dense3x47,3784,1,1,1,False,3.095703125
Dense3x47,7626,1,1,1,False,2.6513671875
Dense3x47,5630,1,1,1,False,2.2509765625
Dense3x47,8128,1,1,1,False,2.255859375
Dense3x47,1008,1,1,1,False,2.7880859375
Dense3x47,8776,1,1,1,False,2.490234375
Dense3x47,1555,1,1,1,False,2.255859375
Dense3x47,6622,1,1,1,False,1.4453125
Dense3x47,3906,1,2,1,False,0.2197265625
Dense3x47,4337,1,1,1,False,2.8076171875
Dense3x47,4732,1,1,1,False,2.607421875
Dense3x47,1986,1,1,1,False,2.8271484375
Dense3x47,948,1,1,1,False,2.3388671875
Dense3x47,1646,1,1,1,False,3.0126953125
Dense3x47,7708,1,1,1,False,1.884765625
Dense3x47,3809,1,1,1,False,2.0166015625
Dense3x47,5978,1,1,1,False,2.3046875
Dense3x47,1836,1,1,1,False,1.7724609375
Dense3x47,7053,1,1,1,False,2.51953125
Dense3x47,8986,1,1,1,False,2.0556640625
Dense3x47,9969,1,1,1,False,2.5
Dense3x47,9520,1,1,1,False,2.0263671875
Dense3x47,5331,1,6,1,False,2.0361328125
Dense3x47,7418,1,1,1,False,2.392578125
Dense3x47,1673,1,1,1,False,1.66015625
Dense3x47,8252,1,1,1,False,1.8896484375
Dense3x47,476,1,1,1,False,2.7734375
Dense3x47,3126,1,1,1,False,2.59765625
Dense3x47,8862,1,1,1,False,2.8173828125
Dense3x47,6083,1,1,1,False,1.7138671875
Dense3x47,9249,1,1,1,False,2.8662109375
Dense3x47,3777,1,1,1,False,2.0654296875
Dense3x47,4491,1,1,1,False,2.01171875
Dense3x47,2357,1,1,1,False,2.3095703125
Dense3x47,8004,1,1,1,False,1.4697265625
Dense3x47,4685,1,1,1,False,2.353515625
Dense3x47,7176,1,1,1,False,1.9189453125
Dense3x47,9898,1,1,1,False,2.51953125
Dense3x47,6789,1,1,1,False,2.841796875
Dense3x47,6783,1,1,1,False,0.6005859375
Dense3x47,6751,1,1,1,False,2.021484375
Dense3x47,2358,1,1,1,False,2.705078125
Dense3x47,3454,1,1,1,False,2.685546875
Dense3x47,3227,1,1,1,False,1.982421875
Dense3x47,6729,1,1,1,False,2.6220703125
Dense3x47,1617,3,3,1,False,3.1640625
Dense3x47,2921,3,3,1,False,0.41015625
Dense3x47,6681,3,3,1,False,2.6123046875
Dense3x47,9192,3,3,1,False,3.017578125
Dense3x47,9680,3,3,1,False,2.2216796875
Dense3x47,2080,3,3,1,False,3.26171875
Dense3x47,1291,3,3,1,False,4.423828125
Dense3x47,4435,3,7,1,False,1.7431640625
Dense3x47,7119,3,3,1,False,4.4873046875
Dense3x47,6194,3,3,1,False,4.00390625
Dense3x47,2629,3,3,1,False,2.4609375
Dense3x47,7946,3,3,1,False,2.7197265625
Dense3x47,7222,3,3,1,False,6.0693359375
Dense3x47,3620,3,3,1,False,4.5361328125
Dense3x47,9059,3,3,1,False,3.9404296875
Dense3x47,6624,3,3,1,False,0.6982421875
Dense3x47,8570,3,3,1,False,6.318359375
Dense3x47,8346,3,3,1,False,4.70703125
Dense3x47,8924,3,3,1,False,3.1103515625
Dense3x47,30,3,3,1,False,4.0576171875
Dense3x47,8060,3,3,1,False,3.798828125
Dense3x47,6312,3,3,1,False,2.96875
Dense3x47,6290,3,3,1,False,3.9794921875
Dense3x47,1472,3,3,1,False,2.060546875
Dense3x47,5780,3,3,1,False,2.1533203125
Dense3x47,1519,3,3,1,False,3.3740234375
Dense3x47,5054,3,3,1,False,0.7763671875
Dense3x47,2109,3,7,1,False,0.83984375
Dense3x47,1742,3,3,1,False,3.9990234375
Dense3x47,4688,3,3,1,False,6.3037109375
Dense3x47,5912,3,3,1,False,2.5439453125
Dense3x47,3432,3,3,1,False,1.4990234375
Dense3x47,369,3,3,1,False,2.705078125
Dense3x47,7312,3,3,1,False,4.1259765625
Dense3x47,1067,3,3,1,False,2.63671875
Dense3x47,8485,3,3,1,False,3.662109375
Dense3x47,9914,3,3,1,False,1.904296875
Dense3x47,6213,3,3,1,False,3.49609375
Dense3x47,7257,3,3,1,False,3.2666015625
Dense3x47,9479,3,3,1,False,2.94921875
Dense3x47,4581,3,3,1,False,4.3701171875
Dense3x47,5245,3,3,1,False,3.3642578125
Dense3x47,6801,3,3,1,False,3.9990234375
Dense3x47,1172,3,3,1,False,3.642578125
Dense3x47,8494,3,3,1,False,4.4677734375
Dense3x47,6139,3,3,1,False,1.875
Dense3x47,3248,3,3,1,False,2.8271484375
Dense3x47,4317,3,3,1,False,1.93359375
Dense3x47,1856,3,3,1,False,2.763671875
Dense3x47,976,3,3,1,False,2.3193359375
Dense3x47,7157,3,3,1,False,3.3740234375
Dense3x47,4026,3,3,1,False,3.9599609375
Dense3x47,8032,3,3,1,False,6.26953125
Dense3x47,9944,3,9,1,False,2.2119140625
Dense3x47,6389,3,3,1,False,5.1416015625
Dense3x47,1591,3,3,1,False,2.8173828125
Dense3x47,576,3,3,1,False,4.5361328125
Dense3x47,4437,3,3,1,False,0.87890625
Dense3x47,8070,3,3,1,False,5.1416015625
Dense3x47,5508,3,3,1,False,5.126953125
Dense3x47,8215,3,3,1,False,4.8095703125
Dense3x47,9986,3,3,1,False,0.7177734375
Dense3x47,8010,3,3,1,False,0.76171875
Dense3x47,2776,3,3,1,False,2.939453125
Dense3x47,1315,3,3,1,False,1.7626953125
Dense3x47,2712,3,3,1,False,4.1162109375
Dense2x37,8619,0,0,1,False,4.892578125
Dense2x37,2378,0,0,1,False,1.5771484375
Dense2x37,4819,0,0,1,False,1.875
Dense2x37,5778,0,0,1,False,2.4072265625
Dense2x37,9879,0,0,1,False,0.6103515625
Dense2x37,4065,0,2,1,False,0.205078125
Dense2x37,5141,0,0,1,False,3.427734375
Dense2x37,6163,0,0,1,False,6.8603515625
Dense2x37,8111,0,0,1,False,8.7255859375
Dense2x37,6978,0,0,1,False,5.2197265625
Dense2x37,5008,0,0,1,False,2.939453125
Dense2x37,7747,0,0,1,False,5.634765625
Dense2x37,4999,0,0,1,False,6.7431640625
Dense2x37,4157,0,0,1,False,7.3681640625
Dense2x37,7086,0,0,1,False,3.8671875
Dense2x37,5929,0,0,1,False,4.775390625
Dense2x37,9440,0,0,1,False,6.0205078125
Dense2x37,9396,0,0,1,False,4.7265625
Dense2x37,3325,0,0,1,False,6.142578125
Dense2x37,1841,0,0,1,False,5.2880859375
Dense2x37,3371,0,0,1,False,4.1259765625
Dense2x37,9633,0,0,1,False,3.8525390625
Dense2x37,4527,0,0,1,False,4.1015625
Dense2x37,8763,0,0,1,False,5.517578125
Dense2x37,2592,0,0,1,False,4.7314453125
Dense2x37,6770,0,0,1,False,5.9765625
Dense2x37,5731,0,0,1,False,2.216796875
Dense2x37,9297,0,0,1,False,1.962890625
Dense2x37,4166,0,0,1,False,2.958984375
Dense2x37,7907,0,0,1,False,6.8603515625
Dense2x37,5430,0,0,1,False,7.5146484375
Dense2x37,1708,0,0,1,False,3.974609375
Dense2x37,3695,0,0,1,False,4.2822265625
Dense2x37,5613,0,0,1,False,3.2861328125
Dense2x37,271,0,0,1,False,4.0966796875
Dense2x37,6040,0,0,1,False,3.642578125
Dense2x37,5993,0,0,1,False,6.2060546875
Dense2x37,3940,0,0,1,False,5.107421875
Dense2x37,3368,0,0,1,False,5.4931640625
Dense2x37,7599,0,0,1,False,4.0234375
Dense2x37,6752,0,0,1,False,5.8349609375
Dense2x37,6344,0,0,1,False,3.9501953125
Dense2x37,183,0,0,1,False,5.009765625
Dense2x37,6428,0,0,1,False,2.1142578125
Dense2x37,5684,0,0,1,False,5.9912109375
Dense2x37,1220,0,0,1,False,3.671875
Dense2x37,8098,0,0,1,False,4.5263671875
Dense2x37,4935,0,0,1,False,3.935546875
Dense2x37,294,0,0,1,False,3.0908203125
Dense2x37,4614,0,0,1,False,5.7177734375
Dense2x37,8490,0,0,1,False,5.439453125
Dense2x37,1808,0,0,1,False,3.876953125
Dense2x37,3043,0,0,1,False,3.6376953125
Dense2x37,7536,0,0,1,False,3.984375
Dense2x37,5415,0,0,1,False,3.65234375
Dense2x37,4531,0,0,1,False,3.26171875
Dense2x37,5673,0,0,1,False,3.06640625
Dense2x37,5165,0,0,1,False,1.09375
Dense2x37,4448,0,0,1,False,4.7900390625
Dense2x37,8731,0,0,1,False,5.0244140625
Dense2x37,7727,0,0,1,False,6.26953125
Dense2x37,7330,0,0,1,False,6.3671875
Dense2x37,2033,0,0,1,False,2.6904296875
Dense2x37,8858,0,0,1,False,5.9912109375
Dense2x37,312,0,0,1,False,5.5859375
Dense2x37,2619,0,0,1,False,3.5498046875
Dense2x37,3870,0,0,1,False,4.43359375
Dense2x37,5459,0,0,1,False,6.7138671875
Dense2x37,6060,1,1,1,False,2.9248046875
Dense2x37,8022,1,1,1,False,1.1181640625
Dense2x37,2027,1,1,1,False,1.81640625
Dense2x37,354,1,1,1,False,2.0458984375
Dense2x37,9301,1,1,1,False,2.67578125
Dense2x37,8090,1,1,1,False,2.7197265625
Dense2x37,6917,1,1,1,False,3.759765625
Dense2x37,6374,1,1,1,False,3.80859375
Dense2x37,7262,1,1,1,False,2.001953125
Dense2x37,9313,1,1,1,False,2.7197265625
Dense2x37,8988,1,1,1,False,3.3642578125
Dense2x37,7847,1,1,1,False,0.0
Dense2x37,615,1,1,1,False,2.7587890625
Dense2x37,7725,1,1,1,False,3.4423828125
Dense2x37,1643,1,1,1,False,3.6865234375
Dense2x37,2912,1,1,1,False,2.59765625
Dense2x37,1025,1,1,1,False,3.0908203125
Dense2x37,2182,1,2,1,False,2.314453125
Dense2x37,7920,1,1,1,False,0.83984375
Dense2x37,7582,1,1,1,False,2.5146484375
Dense2x37,6008,1,1,1,False,2.9345703125
Dense2x37,251,1,1,1,False,0.888671875
Dense2x37,3353,1,1,1,False,3.30078125
Dense2x37,1214,1,1,1,False,2.822265625
Dense2x37,3050,1,1,1,False,3.671875
Dense2x37,850,1,1,1,False,3.3642578125
Dense2x37,6901,1,1,1,False,3.5009765625
Dense2x37,332,1,1,1,False,3.7109375
Dense2x37,1867,1,1,1,False,3.53515625
Dense2x37,6644,1,1,1,False,1.943359375
Dense2x37,4013,1,1,1,False,2.3486328125
Dense2x37,4516,1,1,1,False,3.2421875
Dense2x37,4249,1,1,1,False,2.978515625
Dense2x37,2358,1,1,1,False,2.01171875
Dense2x37,2010,1,1,1,False,1.66015625
Dense2x37,5090,1,1,1,False,3.2666015625
Dense2x37,3092,1,1,1,False,2.0458984375
Dense2x37,329,1,1,1,False,3.9208984375
Dense2x37,9772,1,1,1,False,3.154296875
Dense2x37,2885,1,1,1,False,2.0263671875
Dense2x37,190,1,1,1,False,2.9296875
Dense2x37,9969,1,1,1,False,2.8076171875
Dense2x37,6408,1,1,1,False,2.6416015625
Dense2x37,5453,1,1,1,False,3.017578125
Dense2x37,4153,1,1,1,False,4.2529296875
Dense2x37,7468,1,1,1,False,2.91015625
Dense2x37,6883,1,1,1,False,2.275390625
Dense2x37,6618,1,1,1,False,1.7578125
Dense2x37,3386,1,1,1,False,2.392578125
Dense2x37,137,1,1,1,False,3.4521484375
Dense2x37,619,1,8,1,False,2.099609375
Dense2x37,7150,1,1,1,False,3.1884765625
Dense2x37,342,1,1,1,False,3.5791015625
Dense2x37,1691,1,1,1,False,2.8564453125
Dense2x37,7091,1,1,1,False,3.0078125
Dense2x37,2655,1,1,1,False,3.1689453125
Dense2x37,2017,1,1,1,False,3.2568359375
Dense2x37,6652,1,1,1,False,2.6123046875
Dense2x37,5630,1,1,1,False,2.822265625
Dense2x37,9112,1,1,1,False,0.302734375
Dense2x37,9760,1,1,1,False,2.373046875
Dense2x37,3789,1,1,1,False,2.7783203125
Dense2x37,768,1,1,1,False,3.974609375
Dense2x37,2355,1,1,1,False,4.1943359375
Dense2x37,4563,1,1,1,False,1.4453125
Dense2x37,3925,1,1,1,False,2.646484375
Dense2x37,7658,1,1,1,False,3.5595703125
Dense2x37,1615,3,3,1,False,5.7421875
Dense2x37,2767,3,3,1,False,3.80859375
Dense2x37,9202,3,3,1,False,2.314453125
Dense2x37,6260,3,3,1,False,5.224609375
Dense2x37,3085,3,3,1,False,2.1142578125
Dense2x37,6907,3,3,1,False,4.755859375
Dense2x37,1109,3,3,1,False,4.716796875
Dense2x37,1317,3,3,1,False,1.8603515625
Dense2x37,8821,3,3,1,False,5.5078125
Dense2x37,408,3,3,1,False,3.7353515625
Dense2x37,5168,3,3,1,False,5.5419921875
Dense2x37,2647,3,3,1,False,3.671875
Dense2x37,1765,3,3,1,False,1.2353515625
Dense2x37,6664,3,3,1,False,2.861328125
Dense2x37,4469,3,3,1,False,3.7060546875
Dense2x37,4630,3,3,1,False,1.0693359375
Dense2x37,451,3,3,1,False,5.0830078125
Dense2x37,1797,3,3,1,False,2.4267578125
Dense2x37,957,3,3,1,False,3.53515625
Dense2x37,6011,3,3,1,False,1.591796875
Dense2x37,2955,3,3,1,False,7.900390625
Dense2x37,7771,3,3,1,False,4.8583984375
Dense2x37,7250,3,3,1,False,5.322265625
Dense2x37,1612,3,3,1,False,4.3115234375
Dense2x37,9501,3,3,1,False,4.6337890625
Dense2x37,7350,3,3,1,False,3.59375
Dense2x37,5212,3,3,1,False,4.1259765625
Dense2x37,1069,3,3,1,False,5.927734375
Dense2x37,5356,3,3,1,False,4.1162109375
Dense2x37,7804,3,3,1,False,4.21875
Dense2x37,7656,3,3,1,False,3.33984375
Dense2x37,5585,3,3,1,False,6.4404296875
Dense2x37,5628,3,3,1,False,3.8916015625
Dense2x37,5555,3,3,1,False,6.8896484375
Dense2x37,7750,3,3,1,False,6.591796875
Dense2x37,2229,3,3,1,False,1.3134765625
Dense2x37,1028,3,3,1,False,2.6953125
Dense2x37,9106,3,3,1,False,6.0791015625
Dense2x37,7595,3,3,1,False,1.6015625
Dense2x37,87,3,3,1,False,2.900390625
Dense2x37,2308,3,3,1,False,3.5205078125
Dense2x37,8801,3,3,1,False,4.8779296875
Dense2x37,3193,3,3,1,False,0.654296875
Dense2x37,3897,3,3,1,False,2.5048828125
Dense2x37,4613,3,3,1,False,2.7392578125
Dense2x37,323,3,3,1,False,3.6376953125
Dense2x37,8840,3,3,1,False,4.7021484375
Dense2x37,4600,3,3,1,False,5.44921875
Dense2x37,1607,3,3,1,False,0.9814453125
Dense2x37,1889,3,3,1,False,2.6123046875
Dense2x37,4220,3,3,1,False,3.0419921875
Dense2x37,7714,3,3,1,False,2.96875
Dense2x37,9182,3,8,1,False,0.0732421875
Dense2x37,6570,3,3,1,False,0.9765625
Dense2x37,7476,3,3,1,False,1.69921875
Dense2x37,9559,3,3,1,False,3.5009765625
Dense2x37,7396,3,3,1,False,5.556640625
Dense2x37,9261,3,3,1,False,5.634765625
Dense2x37,349,3,3,1,False,1.9873046875
Dense2x37,4044,3,3,1,False,0.6103515625
Dense2x37,5158,3,3,1,False,5.2783203125
Dense2x37,3108,3,3,1,False,0.8447265625
Dense2x37,9943,3,5,1,False,0.46875
Dense2x37,9942,3,3,1,False,3.0224609375
Dense2x37,7312,3,3,1,False,4.6630859375
Dense2x37,9022,3,3,1,False,1.806640625
Dense2x37,2431,3,3,1,False,5.09765625
Dense2x37,2634,3,3,1,False,3.876953125
Dense3x33,7506,0,0,1,False,4.9853515625
Dense3x33,7780,0,0,1,False,7.294921875
Dense3x33,9724,0,0,1,False,4.1650390625
Dense3x33,904,0,0,1,False,4.7998046875
Dense3x33,4554,0,0,1,False,5.33203125
Dense3x33,6099,0,0,1,False,9.23828125
Dense3x33,1623,0,0,1,False,4.6875
Dense3x33,4404,0,0,1,False,3.740234375
Dense3x33,7231,0,0,1,False,3.9404296875
Dense3x33,3266,0,0,1,False,3.203125
Dense3x33,3830,0,0,1,False,5.634765625
Dense3x33,1777,0,0,1,False,3.2275390625
Dense3x33,3774,0,0,1,False,4.6337890625
Dense3x33,9791,0,0,1,False,3.4423828125
Dense3x33,5124,0,0,1,False,6.943359375
Dense3x33,2899,0,0,1,False,4.2431640625
Dense3x33,854,0,0,1,False,3.6767578125
Dense3x33,5890,0,0,1,False,2.216796875
Dense3x33,4023,0,0,1,False,5.68359375
Dense3x33,8179,0,0,1,False,6.62109375
Dense3x33,9552,0,0,1,False,3.955078125
Dense3x33,1558,0,0,1,False,3.4228515625
Dense3x33,3271,0,0,1,False,4.052734375
Dense3x33,545,0,0,1,False,2.529296875
Dense3x33,1535,0,0,1,False,4.2333984375
Dense3x33,1438,0,0,1,False,2.9443359375
Dense3x33,7168,0,0,1,False,4.70703125
Dense3x33,9800,0,0,1,False,3.3544921875
Dense3x33,1794,0,0,1,False,2.1142578125
Dense3x33,4281,0,0,1,False,3.6572265625
Dense3x33,1843,0,0,1,False,2.4609375
Dense3x33,7727,0,0,1,False,5.537109375
Dense3x33,5033,0,0,1,False,4.365234375
Dense3x33,2188,0,0,1,False,3.3837890625
Dense3x33,3536,0,0,1,False,3.1982421875
Dense3x33,4804,0,0,1,False,7.3828125
Dense3x33,4448,0,0,1,False,4.47265625
Dense3x33,4343,0,0,1,False,3.61328125
Dense3x33,5337,0,0,1,False,6.0888671875
Dense3x33,6921,0,0,1,False,4.2626953125
Dense3x33,9902,0,0,1,False,3.671875
Dense3x33,2631,0,6,1,False,0.5126953125
Dense3x33,7558,0,0,1,False,2.666015625
Dense3x33,6072,0,0,1,False,6.0009765625
Dense3x33,5243,0,0,1,False,4.2919921875
Dense3x33,7062,0,0,1,False,4.7900390625
Dense3x33,5305,0,0,1,False,6.2646484375
Dense3x33,3698,0,0,1,False,2.197265625
Dense3x33,6470,0,0,1,False,3.76953125
Dense3x33,3347,0,0,1,False,3.18359375
Dense3x33,6429,0,0,1,False,6.171875
Dense3x33,5008,0,0,1,False,3.9697265625
Dense3x33,4527,0,0,1,False,3.65234375
Dense3x33,5718,0,0,1,False,2.646484375
Dense3x33,3412,0,0,1,False,3.0224609375
Dense3x33,9070,0,0,1,False,6.8701171875
Dense3x33,28,0,0,1,False,5.3515625
Dense3x33,5531,0,0,1,False,5.64453125
Dense3x33,424,0,0,1,False,2.9150390625
Dense3x33,6444,0,0,1,False,3.9306640625
Dense3x33,9951,0,0,1,False,2.51953125
Dense3x33,5918,0,0,1,False,3.3251953125
Dense3x33,6532,0,0,1,False,2.275390625
Dense3x33,7537,0,0,1,False,5.48828125
Dense3x33,9826,0,0,1,False,2.9541015625
Dense3x33,2763,0,0,1,False,3.5888671875
Dense3x33,9666,0,0,1,False,2.1728515625
Dense3x33,5684,0,0,1,False,6.0107421875
Dense3x33,7253,1,1,1,False,2.2412109375
Dense3x33,1780,1,1,1,False,1.875
Dense3x33,3019,1,1,1,False,1.572265625
Dense3x33,1484,1,1,1,False,2.0703125
Dense3x33,9540,1,1,1,False,1.416015625
Dense3x33,9336,1,1,1,False,2.529296875
Dense3x33,1527,1,6,1,False,1.4501953125
Dense3x33,1753,1,1,1,False,2.1240234375
Dense3x33,8862,1,1,1,False,2.4609375
Dense3x33,9599,1,1,1,False,0.615234375
Dense3x33,848,1,1,1,False,2.119140625
Dense3x33,5052,1,1,1,False,1.8017578125
Dense3x33,4685,1,1,1,False,2.119140625
Dense3x33,8914,1,1,1,False,2.275390625
Dense3x33,918,1,1,1,False,2.001953125
Dense3x33,3050,1,1,1,False,2.3388671875
Dense3x33,8164,1,1,1,False,1.34765625
Dense3x33,1329,1,1,1,False,1.97265625
Dense3x33,4588,1,1,1,False,2.2119140625
Dense3x33,4331,1,1,1,False,1.7138671875
Dense3x33,6472,1,1,1,False,2.0458984375
Dense3x33,584,1,1,1,False,2.1337890625
Dense3x33,1674,1,1,1,False,1.7138671875
Dense3x33,1214,1,1,1,False,1.884765625
Dense3x33,7748,1,1,1,False,2.3583984375
Dense3x33,9348,1,1,1,False,2.1044921875
Dense3x33,5186,1,1,1,False,1.9677734375
Dense3x33,7658,1,1,1,False,2.5830078125
Dense3x33,3747,1,1,1,False,2.060546875
Dense3x33,31,1,1,1,False,1.4208984375
Dense3x33,9931,1,1,1,False,2.080078125
Dense3x33,2182,1,2,1,False,1.0888671875
Dense3x33,9140,1,1,1,False,2.763671875
Dense3x33,523,1,1,1,False,1.3818359375
Dense3x33,9444,1,1,1,False,2.2119140625
Dense3x33,1791,1,1,1,False,2.158203125
Dense3x33,7973,1,1,1,False,2.3583984375
Dense3x33,4195,1,1,1,False,2.32421875
Dense3x33,3598,1,8,1,False,0.908203125
Dense3x33,6751,1,1,1,False,2.0556640625
Dense3x33,8658,1,1,1,False,2.3583984375
Dense3x33,836,1,1,1,False,1.9384765625
Dense3x33,8873,1,1,1,False,2.3291015625
Dense3x33,9799,1,1,1,False,2.4609375
Dense3x33,302,1,1,1,False,2.9150390625
Dense3x33,3380,1,1,1,False,1.8603515625
Dense3x33,4178,1,1,1,False,1.142578125
Dense3x33,7806,1,1,1,False,1.3525390625
Dense3x33,1835,1,1,1,False,1.962890625
Dense3x33,6743,1,1,1,False,1.376953125
Dense3x33,96,1,1,1,False,0.83984375
Dense3x33,4069,1,1,1,False,2.4755859375
Dense3x33,427,1,1,1,False,2.2021484375
Dense3x33,3196,1,1,1,False,0.771484375
Dense3x33,2655,1,1,1,False,2.0458984375
Dense3x33,8086,1,1,1,False,2.138671875
Dense3x33,3784,1,1,1,False,2.548828125
Dense3x33,2324,1,1,1,False,2.3583984375
Dense3x33,9657,1,1,1,False,2.3486328125
Dense3x33,2277,1,1,1,False,1.5771484375
Dense3x33,2034,1,1,1,False,2.1044921875
Dense3x33,672,1,1,1,False,2.1484375
Dense3x33,9912,1,1,1,False,1.6943359375
Dense3x33,9388,1,1,1,False,1.708984375
Dense3x33,3244,1,1,1,False,1.50390625
Dense3x33,3152,1,1,1,False,1.8798828125
Dense3x33,4806,1,1,1,False,2.0654296875
Dense3x33,5873,1,1,1,False,1.982421875
Dense3x33,782,3,3,1,False,3.076171875
Dense3x33,9727,3,3,1,False,4.4580078125
Dense3x33,7905,3,3,1,False,0.8544921875
Dense3x33,6413,3,3,1,False,4.2822265625
Dense3x33,9942,3,3,1,False,3.203125
Dense3x33,8397,3,3,1,False,1.484375
Dense3x33,6194,3,3,1,False,4.2236328125
Dense3x33,7040,3,3,1,False,3.779296875
Dense3x33,5628,3,3,1,False,2.763671875
Dense3x33,6059,3,8,1,False,1.9775390625
Dense3x33,576,3,3,1,False,3.5009765625
Dense3x33,349,3,3,1,False,0.4833984375
Dense3x33,6381,3,3,1,False,2.36328125
Dense3x33,1531,3,3,1,False,1.5869140625
Dense3x33,8246,3,8,1,False,2.1240234375
Dense3x33,4907,3,3,1,False,2.5
Dense3x33,7097,3,3,1,False,2.8076171875
Dense3x33,6957,3,3,1,False,4.052734375
Dense3x33,3701,3,3,1,False,2.4560546875
Dense3x33,6763,3,3,1,False,4.365234375
Dense3x33,1591,3,3,1,False,2.607421875
Dense3x33,2684,3,7,1,False,0.0927734375
Dense3x33,8201,3,3,1,False,3.642578125
Dense3x33,8419,3,3,1,False,2.48046875
Dense3x33,4437,3,3,1,False,0.703125
Dense3x33,7946,3,3,1,False,2.59765625
Dense3x33,4630,3,3,1,False,0.7080078125
Dense3x33,1072,3,3,1,False,1.982421875
Dense3x33,7104,3,3,1,False,2.7734375
Dense3x33,3283,3,3,1,False,1.8115234375
Dense3x33,2502,3,3,1,False,3.046875
Dense3x33,9697,3,3,1,False,2.744140625
Dense3x33,5479,3,3,1,False,3.642578125
Dense3x33,2785,3,3,1,False,4.169921875
Dense3x33,7484,3,3,1,False,3.6767578125
Dense3x33,7233,3,5,1,False,0.0048828125
Dense3x33,2511,3,3,1,False,1.9140625
Dense3x33,8293,3,3,1,False,0.33203125
Dense3x33,8970,3,3,1,False,3.6083984375
Dense3x33,7590,3,3,1,False,4.189453125
Dense3x33,381,3,7,1,False,1.89453125
Dense3x33,3630,3,3,1,False,3.9599609375
Dense3x33,1426,3,3,1,False,3.2958984375
Dense3x33,2745,3,3,1,False,2.060546875
Dense3x33,2427,3,3,1,False,3.3544921875
Dense3x33,8451,3,3,1,False,3.0517578125
Dense3x33,1469,3,3,1,False,0.673828125
Dense3x33,2560,3,2,1,False,0.2783203125
Dense3x33,6551,3,3,1,False,2.5830078125
Dense3x33,577,3,3,1,False,2.4365234375
Dense3x33,7157,3,3,1,False,2.6123046875
Dense3x33,1690,3,3,1,False,2.4462890625
Dense3x33,2583,3,3,1,False,3.3740234375
Dense3x33,3548,3,3,1,False,2.4951171875
Dense3x33,5283,3,3,1,False,1.3818359375
Dense3x33,3515,3,3,1,False,4.775390625
Dense3x33,8624,3,3,1,False,3.154296875
Dense3x33,9125,3,3,1,False,3.80859375
Dense3x33,6312,3,3,1,False,2.83203125
Dense3x33,4940,3,3,1,False,3.955078125
Dense3x33,7551,3,3,1,False,3.7109375
Dense3x33,9370,3,3,1,False,3.2958984375
Dense3x33,7215,3,3,1,False,4.39453125
Dense3x33,5542,3,3,1,False,2.9052734375
Dense3x33,3448,3,3,1,False,1.30859375
Dense3x33,5878,3,3,1,False,2.841796875
Dense3x33,3769,3,3,1,False,0.2392578125
Dense2x18,7688,0,0,1,False,4.970703125
Dense2x18,6583,0,0,1,False,4.8583984375
Dense2x18,4880,0,8,1,False,1.6162109375
Dense2x18,2707,0,0,1,False,4.4091796875
Dense2x18,661,0,0,1,False,1.81640625
Dense2x18,1220,0,0,1,False,2.7392578125
Dense2x18,4999,0,0,1,False,7.392578125
Dense2x18,1841,0,0,1,False,4.287109375
Dense2x18,7337,0,0,1,False,4.3017578125
Dense2x18,1445,0,0,1,False,3.5302734375
Dense2x18,7887,0,0,1,False,7.626953125
Dense2x18,1535,0,0,1,False,4.4091796875
Dense2x18,4554,0,0,1,False,4.951171875
Dense2x18,8535,0,0,1,False,7.01171875
Dense2x18,3305,0,0,1,False,1.3232421875
Dense2x18,2067,0,0,1,False,2.4267578125
Dense2x18,5079,0,0,1,False,3.505859375
Dense2x18,6072,0,0,1,False,5.21484375
Dense2x18,9865,0,0,1,False,1.9970703125
Dense2x18,6082,0,0,1,False,7.1533203125
Dense2x18,5942,0,0,1,False,6.3134765625
Dense2x18,6643,0,5,1,False,0.5419921875
Dense2x18,5756,0,0,1,False,3.88671875
Dense2x18,3830,0,0,1,False,5.5029296875
Dense2x18,8056,0,0,1,False,7.470703125
Dense2x18,7342,0,0,1,False,6.1669921875
Dense2x18,8595,0,0,1,False,6.767578125
Dense2x18,6753,0,0,1,False,5.625
Dense2x18,4343,0,0,1,False,2.1142578125
Dense2x18,7381,0,0,1,False,3.037109375
Dense2x18,904,0,0,1,False,5.1513671875
Dense2x18,4070,0,0,1,False,5.458984375
Dense2x18,8055,0,0,1,False,5.6298828125
Dense2x18,5369,0,0,1,False,6.2841796875
Dense2x18,4208,0,0,1,False,4.140625
Dense2x18,8021,0,0,1,False,5.4736328125
Dense2x18,4741,0,0,1,False,2.8857421875
Dense2x18,8978,0,0,1,False,5.4541015625
Dense2x18,6892,0,0,1,False,3.5302734375
Dense2x18,4082,0,0,1,False,5.537109375
Dense2x18,6062,0,0,1,False,6.9384765625
Dense2x18,5673,0,0,1,False,3.7255859375
Dense2x18,6786,0,0,1,False,5.8935546875
Dense2x18,7363,0,0,1,False,3.76953125
Dense2x18,721,0,0,1,False,1.93359375
Dense2x18,6510,0,0,1,False,5.6005859375
Dense2x18,6978,0,0,1,False,4.1845703125
Dense2x18,7368,0,0,1,False,5.634765625
Dense2x18,3818,0,6,1,False,1.1669921875
Dense2x18,4473,0,0,1,False,3.4423828125
Dense2x18,8621,0,0,1,False,3.427734375
Dense2x18,3911,0,0,1,False,4.16015625
Dense2x18,8845,0,0,1,False,4.4482421875
Dense2x18,7817,0,0,1,False,6.7724609375
Dense2x18,9037,0,0,1,False,5.6787109375
Dense2x18,4048,0,0,1,False,1.3623046875
Dense2x18,7727,0,0,1,False,5.7177734375
Dense2x18,7782,0,0,1,False,7.1240234375
Dense2x18,9818,0,0,1,False,2.96875
Dense2x18,7231,0,0,1,False,3.0712890625
Dense2x18,1121,0,0,1,False,3.125
Dense2x18,6546,0,0,1,False,4.296875
Dense2x18,6843,0,0,1,False,3.095703125
Dense2x18,3266,0,0,1,False,2.919921875
Dense2x18,8117,0,0,1,False,5.0244140625
Dense2x18,2817,0,0,1,False,5.9814453125
Dense2x18,4641,0,0,1,False,3.41796875
Dense2x18,1438,0,0,1,False,2.75390625
Dense2x18,1843,0,0,1,False,1.2255859375
Dense2x18,6063,1,1,1,False,4.2333984375
Dense2x18,7890,1,1,1,False,3.9208984375
Dense2x18,3231,1,1,1,False,4.4775390625
Dense2x18,204,1,1,1,False,3.0859375
Dense2x18,5553,1,1,1,False,5.2734375
Dense2x18,3784,1,1,1,False,4.0966796875
Dense2x18,4179,1,1,1,False,4.443359375
Dense2x18,2880,1,1,1,False,4.5458984375
Dense2x18,6506,1,1,1,False,3.5791015625
Dense2x18,798,1,1,1,False,3.4716796875
Dense2x18,7463,1,1,1,False,3.92578125
Dense2x18,1350,1,1,1,False,4.3359375
Dense2x18,9049,1,1,1,False,4.0380859375
Dense2x18,754,1,1,1,False,3.974609375
Dense2x18,9200,1,1,1,False,4.169921875
Dense2x18,8252,1,1,1,False,3.4130859375
Dense2x18,9876,1,1,1,False,4.375
Dense2x18,267,1,1,1,False,5.244140625
Dense2x18,2164,1,1,1,False,4.21875
Dense2x18,6110,1,1,1,False,3.45703125
Dense2x18,4050,1,1,1,False,3.115234375
Dense2x18,3438,1,1,1,False,3.837890625
Dense2x18,3562,1,1,1,False,3.7841796875
Dense2x18,5132,1,1,1,False,3.720703125
Dense2x18,1939,1,1,1,False,3.2470703125
Dense2x18,409,1,1,1,False,4.0625
Dense2x18,8720,1,1,1,False,4.1357421875
Dense2x18,332,1,1,1,False,4.892578125
Dense2x18,2018,1,1,1,False,2.5927734375
Dense2x18,7280,1,1,1,False,4.1796875
Dense2x18,7812,1,8,1,False,0.6201171875
Dense2x18,8344,1,1,1,False,4.1015625
Dense2x18,2693,1,1,1,False,4.5458984375
Dense2x18,4005,1,1,1,False,4.27734375
Dense2x18,1434,1,1,1,False,4.794921875
Dense2x18,7176,1,1,1,False,3.7841796875
Dense2x18,7191,1,1,1,False,3.0517578125
Dense2x18,8862,1,1,1,False,4.16015625
Dense2x18,6232,1,1,1,False,4.345703125
Dense2x18,9180,1,1,1,False,4.5703125
Dense2x18,3419,1,1,1,False,3.5595703125
Dense2x18,2473,1,1,1,False,0.7666015625
Dense2x18,4754,1,1,1,False,5.0048828125
Dense2x18,2421,1,1,1,False,3.30078125
Dense2x18,1829,1,1,1,False,2.6513671875
Dense2x18,3983,1,1,1,False,2.75390625
Dense2x18,1351,1,1,1,False,4.3896484375
Dense2x18,8164,1,1,1,False,2.333984375
Dense2x18,6938,1,1,1,False,4.4775390625
Dense2x18,3268,1,1,1,False,3.3154296875
Dense2x18,1657,1,1,1,False,3.4423828125
Dense2x18,5859,1,1,1,False,5.009765625
Dense2x18,7626,1,1,1,False,5.1025390625
Dense2x18,6397,1,1,1,False,4.5361328125
Dense2x18,8692,1,1,1,False,4.4287109375
Dense2x18,1548,1,1,1,False,3.65234375
Dense2x18,5156,1,1,1,False,4.326171875
Dense2x18,4328,1,1,1,False,4.3994140625
Dense2x18,8666,1,1,1,False,3.7939453125
Dense2x18,5759,1,1,1,False,2.138671875
Dense2x18,6683,1,1,1,False,4.1943359375
Dense2x18,4931,1,1,1,False,4.8876953125
Dense2x18,1397,1,1,1,False,3.857421875
Dense2x18,6758,1,1,1,False,3.7158203125
Dense2x18,3638,1,1,1,False,4.62890625
Dense2x18,9896,1,1,1,False,3.8134765625
Dense2x18,2137,1,1,1,False,3.9697265625
Dense2x18,2166,1,1,1,False,3.1201171875
Dense2x18,5044,1,1,1,False,4.3603515625
Dense2x18,6408,1,1,1,False,3.2763671875
Dense2x18,2008,3,3,1,False,0.6298828125
Dense2x18,3120,3,3,1,False,3.6572265625
Dense2x18,9604,3,3,1,False,4.814453125
Dense2x18,2229,3,3,1,False,3.9697265625
Dense2x18,4635,3,3,1,False,0.537109375
Dense2x18,2684,3,3,1,False,1.1376953125
Dense2x18,9797,3,3,1,False,4.7119140625
Dense2x18,8226,3,3,1,False,4.208984375
Dense2x18,2587,3,3,1,False,3.1103515625
Dense2x18,1923,3,3,1,False,6.5185546875
Dense2x18,3834,3,3,1,False,0.76171875
Dense2x18,309,3,3,1,False,3.662109375
Dense2x18,4164,3,3,1,False,2.5
Dense2x18,3248,3,3,1,False,2.3388671875
Dense2x18,9624,3,8,1,False,2.36328125
Dense2x18,7097,3,3,1,False,3.75
Dense2x18,7620,3,3,1,False,0.185546875
Dense2x18,637,3,3,1,False,2.7978515625
Dense2x18,9235,3,3,1,False,3.14453125
Dense2x18,2075,3,3,1,False,2.79296875
Dense2x18,9548,3,3,1,False,5.8740234375
Dense2x18,1727,3,3,1,False,0.6103515625
Dense2x18,505,3,3,1,False,2.1923828125
Dense2x18,6255,3,3,1,False,2.763671875
Dense2x18,464,3,7,1,False,0.15625
Dense2x18,5454,3,3,1,False,4.609375
Dense2x18,3977,3,3,1,False,1.9384765625
Dense2x18,2011,3,3,1,False,3.2568359375
Dense2x18,9905,3,7,1,False,0.1171875
Dense2x18,657,3,3,1,False,2.7880859375
Dense2x18,2392,3,3,1,False,4.21875
Dense2x18,3715,3,3,1,False,2.9736328125
Dense2x18,4162,3,3,1,False,6.455078125
Dense2x18,9231,3,3,1,False,1.6943359375
Dense2x18,9380,3,3,1,False,4.39453125
Dense2x18,548,3,3,1,False,1.2841796875
Dense2x18,4311,3,3,1,False,1.337890625
Dense2x18,9758,3,5,1,False,0.4052734375
Dense2x18,9582,3,3,1,False,5.322265625
Dense2x18,507,3,5,1,False,2.01171875
Dense2x18,1738,3,3,1,False,3.57421875
Dense2x18,1128,3,2,1,False,1.0009765625
Dense2x18,7396,3,3,1,False,5.537109375
Dense2x18,3670,3,3,1,False,4.19921875
Dense2x18,9579,3,3,1,False,5.2099609375
Dense2x18,6322,3,3,1,False,2.03125
Dense2x18,590,3,3,1,False,4.1455078125
Dense2x18,6103,3,3,1,False,4.306640625
Dense2x18,5850,3,3,1,False,3.8525390625
Dense2x18,1804,3,3,1,False,6.2060546875
Dense2x18,7692,3,5,1,False,0.0732421875
Dense2x18,6646,3,3,1,False,3.857421875
Dense2x18,6763,3,3,1,False,5.56640625
Dense2x18,2086,3,3,1,False,2.1875
Dense2x18,6389,3,3,1,False,3.4765625
Dense2x18,1172,3,3,1,False,2.099609375
Dense2x18,2408,3,9,1,False,0.9375
Dense2x18,855,3,3,1,False,3.603515625
Dense2x18,5168,3,3,1,False,4.990234375
Dense2x18,1215,3,3,1,False,1.4306640625
Dense2x18,270,3,3,1,False,1.5283203125
Dense2x18,8032,3,3,1,False,4.70703125
Dense2x18,449,3,3,1,False,0.25390625
Dense2x18,2953,3,5,1,False,2.8515625
Dense2x18,9614,3,5,1,False,1.1767578125
Dense2x18,8296,3,3,1,False,0.7666015625
Dense2x18,2069,3,3,1,False,4.0283203125
Dense2x18,7936,3,3,1,False,4.6728515625
Dense3x29,6473,0,0,1,False,3.65234375
Dense3x29,4650,0,0,1,False,4.8291015625
Dense3x29,1457,0,0,1,False,7.119140625
Dense3x29,2568,0,0,1,False,1.796875
Dense3x29,904,0,0,1,False,5.5322265625
Dense3x29,1411,0,0,1,False,2.36328125
Dense3x29,4880,0,0,1,False,2.001953125
Dense3x29,6478,0,0,1,False,5.5224609375
Dense3x29,7368,0,0,1,False,5.56640625
Dense3x29,6287,0,0,1,False,7.0849609375
Dense3x29,6437,0,0,1,False,4.6826171875
Dense3x29,3774,0,0,1,False,4.6923828125
Dense3x29,5695,0,0,1,False,5.6982421875
Dense3x29,1777,0,0,1,False,3.5205078125
Dense3x29,4079,0,0,1,False,4.541015625
Dense3x29,5673,0,0,1,False,5.439453125
Dense3x29,55,0,0,1,False,3.974609375
Dense3x29,5259,0,0,1,False,4.677734375
Dense3x29,7868,0,0,1,False,6.8359375
Dense3x29,6114,0,0,1,False,8.0224609375
Dense3x29,2385,0,0,1,False,6.15234375
Dense3x29,8595,0,0,1,False,6.11328125
Dense3x29,6779,0,0,1,False,6.484375
Dense3x29,3695,0,0,1,False,5.068359375
Dense3x29,6280,0,0,1,False,5.8935546875
Dense3x29,8029,0,0,1,False,6.376953125
Dense3x29,4937,0,0,1,False,3.6181640625
Dense3x29,5653,0,0,1,False,1.474609375
Dense3x29,4327,0,0,1,False,2.216796875
Dense3x29,297,0,0,1,False,3.22265625
Dense3x29,9542,0,0,1,False,4.443359375
Dense3x29,7086,0,0,1,False,4.47265625
Dense3x29,4531,0,0,1,False,2.9638671875
Dense3x29,2106,0,0,1,False,6.8212890625
Dense3x29,9377,0,0,1,False,5.1904296875
Dense3x29,8657,0,0,1,False,4.70703125
Dense3x29,8338,0,0,1,False,5.2880859375
Dense3x29,6770,0,0,1,False,7.119140625
Dense3x29,407,0,0,1,False,3.6962890625
Dense3x29,3613,0,0,1,False,2.578125
Dense3x29,1870,0,0,1,False,4.3310546875
Dense3x29,6583,0,0,1,False,4.375
Dense3x29,6241,0,0,1,False,5.0341796875
Dense3x29,8849,0,0,1,False,3.84765625
Dense3x29,215,0,0,1,False,3.5693359375
Dense3x29,2318,0,0,1,False,2.109375
Dense3x29,2378,0,0,1,False,0.2587890625
Dense3x29,4227,0,0,1,False,4.3212890625
Dense3x29,3608,0,0,1,False,6.5771484375
Dense3x29,7967,0,0,1,False,7.5390625
Dense3x29,2449,0,0,1,False,1.7138671875
Dense3x29,2188,0,0,1,False,3.8427734375
Dense3x29,5659,0,0,1,False,5.3857421875
Dense3x29,1261,0,0,1,False,4.6337890625
Dense3x29,7133,0,0,1,False,3.740234375
Dense3x29,498,0,0,1,False,3.30078125
Dense3x29,6781,0,0,1,False,7.6806640625
Dense3x29,7607,0,0,1,False,4.47265625
Dense3x29,2527,0,0,1,False,3.330078125
Dense3x29,6937,0,0,1,False,4.7314453125
Dense3x29,4959,0,0,1,False,3.7158203125
Dense3x29,1794,0,0,1,False,2.353515625
Dense3x29,1504,0,0,1,False,2.8564453125
Dense3x29,2236,0,0,1,False,3.671875
Dense3x29,7737,0,0,1,False,8.1689453125
Dense3x29,7263,0,0,1,False,3.6767578125
Dense3x29,6726,1,1,1,False,2.7685546875
Dense3x29,2997,1,1,1,False,2.509765625
Dense3x29,4450,1,1,1,False,2.255859375
Dense3x29,6809,1,1,1,False,1.748046875
Dense3x29,1766,1,1,1,False,3.1103515625
Dense3x29,4606,1,1,1,False,1.9873046875
Dense3x29,2867,1,1,1,False,1.7626953125
Dense3x29,288,1,1,1,False,2.0361328125
Dense3x29,5889,1,1,1,False,2.79296875
Dense3x29,416,1,1,1,False,3.349609375
Dense3x29,7373,1,1,1,False,3.466796875
Dense3x29,5258,1,1,1,False,2.451171875
Dense3x29,5984,1,1,1,False,2.2314453125
Dense3x29,6720,1,1,1,False,3.037109375
Dense3x29,8575,1,1,1,False,1.89453125
Dense3x29,4949,1,1,1,False,3.0419921875
Dense3x29,6484,1,1,1,False,2.7978515625
Dense3x29,2722,1,1,1,False,1.884765625
Dense3x29,9368,1,1,1,False,2.8955078125
Dense3x29,907,1,1,1,False,2.01171875
Dense3x29,3230,1,1,1,False,3.3349609375
Dense3x29,8586,1,1,1,False,3.046875
Dense3x29,8799,1,1,1,False,2.9931640625
Dense3x29,8538,1,1,1,False,2.783203125
Dense3x29,9155,1,1,1,False,2.4365234375
Dense3x29,5953,1,1,1,False,2.0263671875
Dense3x29,2277,1,1,1,False,1.7236328125
Dense3x29,3196,1,1,1,False,0.8740234375
Dense3x29,4273,1,1,1,False,1.826171875
Dense3x29,6601,1,1,1,False,2.958984375
Dense3x29,4170,1,1,1,False,1.865234375
Dense3x29,7150,1,1,1,False,2.9296875
Dense3x29,37,1,1,1,False,2.6513671875
Dense3x29,675,1,1,1,False,2.8466796875
Dense3x29,9836,1,1,1,False,2.2021484375
Dense3x29,5314,1,1,1,False,3.2421875
Dense3x29,619,1,1,1,False,0.3125
Dense3x29,4754,1,1,1,False,3.447265625
Dense3x29,1643,1,1,1,False,3.3349609375
Dense3x29,40,1,1,1,False,1.8994140625
Dense3x29,5514,1,1,1,False,2.373046875
Dense3x29,6375,1,1,1,False,3.26171875
Dense3x29,7447,1,1,1,False,1.7431640625
Dense3x29,2239,1,1,1,False,2.1875
Dense3x29,5093,1,1,1,False,1.7529296875
Dense3x29,8367,1,1,1,False,2.2509765625
Dense3x29,7165,1,1,1,False,2.7978515625
Dense3x29,7395,1,1,1,False,2.6806640625
Dense3x29,3227,1,1,1,False,2.041015625
Dense3x29,1939,1,1,1,False,2.0849609375
Dense3x29,4927,1,1,1,False,2.578125
Dense3x29,4249,1,1,1,False,2.5244140625
Dense3x29,8976,1,1,1,False,2.8369140625
Dense3x29,7303,1,1,1,False,3.0517578125
Dense3x29,1900,1,1,1,False,1.81640625
Dense3x29,191,1,1,1,False,1.42578125
Dense3x29,107,1,1,1,False,1.40625
Dense3x29,2661,1,1,1,False,2.71484375
Dense3x29,7973,1,1,1,False,2.705078125
Dense3x29,4035,1,1,1,False,3.1787109375
Dense3x29,2704,1,1,1,False,2.1044921875
Dense3x29,7014,1,1,1,False,3.37890625
Dense3x29,2705,1,1,1,False,0.791015625
Dense3x29,1986,1,1,1,False,2.861328125
Dense3x29,4651,1,1,1,False,2.6708984375
Dense3x29,7138,1,1,1,False,2.65625
Dense3x29,3253,1,1,1,False,2.44140625
Dense3x29,7563,1,1,1,False,2.3828125
Dense3x29,8633,1,1,1,False,2.490234375
Dense3x29,5925,3,3,1,False,1.9287109375
Dense3x29,887,3,3,1,False,3.2080078125
Dense3x29,6011,3,3,1,False,2.099609375
Dense3x29,2770,3,6,1,False,1.2451171875
Dense3x29,5700,3,3,1,False,3.7060546875
Dense3x29,3746,3,3,1,False,2.734375
Dense3x29,1150,3,3,1,False,2.1533203125
Dense3x29,7117,3,3,1,False,4.404296875
Dense3x29,573,3,3,1,False,3.53515625
Dense3x29,6875,3,3,1,False,4.31640625
Dense3x29,9762,3,3,1,False,1.4208984375
Dense3x29,8293,3,3,1,False,0.029296875
Dense3x29,9812,3,3,1,False,1.19140625
Dense3x29,7350,3,3,1,False,2.2998046875
Dense3x29,3947,3,3,1,False,5.1806640625
Dense3x29,8655,3,3,1,False,2.4609375
Dense3x29,8694,3,3,1,False,4.3115234375
Dense3x29,4983,3,3,1,False,4.1748046875
Dense3x29,7055,3,3,1,False,4.326171875
Dense3x29,4220,3,3,1,False,2.6806640625
Dense3x29,3476,3,3,1,False,1.513671875
Dense3x29,9614,3,5,1,False,0.7080078125
Dense3x29,801,3,3,1,False,1.4599609375
Dense3x29,9758,3,3,1,False,1.083984375
Dense3x29,1354,3,3,1,False,2.6318359375
Dense3x29,1290,3,3,1,False,1.2841796875
Dense3x29,2723,3,3,1,False,2.3046875
Dense3x29,5382,3,3,1,False,2.4609375
Dense3x29,7831,3,3,1,False,1.591796875
Dense3x29,6918,3,3,1,False,4.0185546875
Dense3x29,8167,3,3,1,False,5.0927734375
Dense3x29,4087,3,3,1,False,3.4521484375
Dense3x29,7104,3,3,1,False,2.890625
Dense3x29,7248,3,3,1,False,0.78125
Dense3x29,7140,3,3,1,False,4.033203125
Dense3x29,933,3,3,1,False,3.662109375
Dense3x29,2501,3,3,1,False,3.1396484375
Dense3x29,6453,3,3,1,False,0.732421875
Dense3x29,6907,3,3,1,False,3.6181640625
Dense3x29,2853,3,3,1,False,0.8837890625
Dense3x29,205,3,3,1,False,2.5048828125
Dense3x29,6624,3,3,1,False,0.439453125
Dense3x29,7130,3,3,1,False,0.7470703125
Dense3x29,5625,3,3,1,False,3.583984375
Dense3x29,8972,3,3,1,False,4.5654296875
Dense3x29,687,3,3,1,False,3.10546875
Dense3x29,1628,3,3,1,False,2.6220703125
Dense3x29,9750,3,3,1,False,4.7021484375
Dense3x29,76,3,3,1,False,2.65625
Dense3x29,1727,3,3,1,False,1.5380859375
Dense3x29,9905,3,7,1,False,2.7978515625
Dense3x29,1367,3,3,1,False,4.8974609375
Dense3x29,4940,3,3,1,False,3.9453125
Dense3x29,4581,3,3,1,False,4.5361328125
Dense3x29,3738,3,3,1,False,1.8310546875
Dense3x29,9511,3,3,1,False,3.5888671875
Dense3x29,8876,3,3,1,False,3.232421875
Dense3x29,6862,3,3,1,False,3.5400390625
Dense3x29,408,3,3,1,False,2.0849609375
Dense3x29,6763,3,3,1,False,3.3837890625
Dense3x29,6736,3,3,1,False,5.185546875
Dense3x29,9182,3,8,1,False,0.1025390625
Dense3x29,9332,3,3,1,False,1.689453125
Dense3x29,1469,3,3,1,False,0.9228515625
Dense3x29,3962,3,3,1,False,0.283203125
Dense3x29,3456,3,3,1,False,1.7919921875
Dense3x29,9202,3,3,1,False,0.4345703125
Dense3x43,9948,0,0,1,False,2.8125
Dense3x43,2060,0,0,1,False,5.4248046875
Dense3x43,9663,0,0,1,False,4.6728515625
Dense3x43,8448,0,0,1,False,5.4443359375
Dense3x43,7255,0,0,1,False,3.1103515625
Dense3x43,750,0,0,1,False,2.568359375
Dense3x43,1504,0,0,1,False,2.724609375
Dense3x43,854,0,0,1,False,2.9248046875
Dense3x43,1808,0,0,1,False,2.51953125
Dense3x43,845,0,0,1,False,2.6318359375
Dense3x43,9611,0,0,1,False,3.69140625
Dense3x43,9236,0,0,1,False,4.9853515625
Dense3x43,5006,0,0,1,False,2.998046875
Dense3x43,6288,0,0,1,False,4.6630859375
Dense3x43,3401,0,0,1,False,3.779296875
Dense3x43,5567,0,0,1,False,3.369140625
Dense3x43,296,0,0,1,False,5.2685546875
Dense3x43,1995,0,0,1,False,2.783203125
Dense3x43,3864,0,0,1,False,2.3779296875
Dense3x43,1297,0,0,1,False,3.955078125
Dense3x43,3724,0,0,1,False,4.23828125
Dense3x43,8325,0,6,1,False,0.478515625
Dense3x43,8016,0,0,1,False,3.623046875
Dense3x43,8795,0,0,1,False,3.515625
Dense3x43,1445,0,0,1,False,3.2275390625
Dense3x43,1517,0,0,1,False,3.3056640625
Dense3x43,498,0,0,1,False,2.7099609375
Dense3x43,7555,0,0,1,False,4.0234375
Dense3x43,6526,0,0,1,False,4.2431640625
Dense3x43,3735,0,0,1,False,5.6884765625
Dense3x43,701,0,0,1,False,3.9404296875
Dense3x43,4404,0,0,1,False,3.203125
Dense3x43,3698,0,0,1,False,1.416015625
Dense3x43,8490,0,0,1,False,4.7265625
Dense3x43,3940,0,0,1,False,4.755859375
Dense3x43,7737,0,0,1,False,6.6259765625
Dense3x43,8576,0,0,1,False,3.90625
Dense3x43,4448,0,0,1,False,4.3994140625
Dense3x43,3847,0,0,1,False,3.3251953125
Dense3x43,1570,0,0,1,False,0.5322265625
Dense3x43,742,0,0,1,False,5.4638671875
Dense3x43,2417,0,0,1,False,2.490234375
Dense3x43,1399,0,0,1,False,2.59765625
Dense3x43,1700,0,0,1,False,2.587890625
Dense3x43,9095,0,0,1,False,5.7861328125
Dense3x43,3439,0,0,1,False,2.578125
Dense3x43,7190,0,0,1,False,3.0908203125
Dense3x43,1246,0,0,1,False,1.9580078125
Dense3x43,7491,0,0,1,False,1.806640625
Dense3x43,5244,0,0,1,False,3.1103515625
Dense3x43,6426,0,6,1,False,0.2490234375
Dense3x43,443,0,0,1,False,0.8154296875
Dense3x43,2713,0,0,1,False,1.396484375
Dense3x43,8077,0,0,1,False,6.0595703125
Dense3x43,4079,0,0,1,False,3.9697265625
Dense3x43,8808,0,0,1,False,3.8720703125
Dense3x43,6808,0,0,1,False,3.7646484375
Dense3x43,2568,0,0,1,False,3.7890625
Dense3x43,6557,0,0,1,False,2.2607421875
Dense3x43,4614,0,0,1,False,4.51171875
Dense3x43,4718,0,0,1,False,3.0517578125
Dense3x43,7846,0,0,1,False,6.4111328125
Dense3x43,611,0,0,1,False,4.0478515625
Dense3x43,7866,0,0,1,False,5.087890625
Dense3x43,8629,0,0,1,False,2.724609375
Dense3x43,5865,0,0,1,False,5.048828125
Dense3x43,3446,0,0,1,False,2.7197265625
Dense3x43,489,1,1,1,False,2.1923828125
Dense3x43,3866,1,1,1,False,3.134765625
Dense3x43,4169,1,1,1,False,3.2080078125
Dense3x43,7422,1,1,1,False,2.9248046875
Dense3x43,3230,1,1,1,False,2.8662109375
Dense3x43,3843,1,1,1,False,2.333984375
Dense3x43,2261,1,1,1,False,3.427734375
Dense3x43,7661,1,1,1,False,2.71484375
Dense3x43,4670,1,1,1,False,2.5634765625
Dense3x43,2015,1,1,1,False,2.8466796875
Dense3x43,3039,1,1,1,False,1.6259765625
Dense3x43,40,1,1,1,False,1.7724609375
Dense3x43,836,1,1,1,False,2.7880859375
Dense3x43,8586,1,1,1,False,3.0029296875
Dense3x43,1884,1,1,1,False,2.8466796875
Dense3x43,772,1,1,1,False,2.177734375
Dense3x43,6374,1,1,1,False,3.1103515625
Dense3x43,5896,1,1,1,False,2.59765625
Dense3x43,4147,1,1,1,False,1.689453125
Dense3x43,8352,1,1,1,False,3.02734375
Dense3x43,9112,1,1,1,False,2.431640625
Dense3x43,4602,1,1,1,False,2.8857421875
Dense3x43,696,1,1,1,False,2.1142578125
Dense3x43,6644,1,1,1,False,1.8994140625
Dense3x43,4691,1,1,1,False,2.59765625
Dense3x43,6799,1,1,1,False,3.0126953125
Dense3x43,8289,1,1,1,False,2.3095703125
Dense3x43,5370,1,1,1,False,3.0712890625
Dense3x43,4580,1,1,1,False,2.3876953125
Dense3x43,9096,1,1,1,False,2.7197265625
Dense3x43,9772,1,1,1,False,3.173828125
Dense3x43,4951,1,1,1,False,1.2255859375
Dense3x43,1753,1,1,1,False,2.5830078125
Dense3x43,9171,1,1,1,False,3.2177734375
Dense3x43,8850,1,1,1,False,3.0126953125
Dense3x43,224,1,1,1,False,1.4892578125
Dense3x43,2154,1,1,1,False,2.91015625
Dense3x43,1603,1,1,1,False,3.0029296875
Dense3x43,6729,1,1,1,False,3.0419921875
Dense3x43,7418,1,1,1,False,2.3828125
Dense3x43,6628,1,1,1,False,1.71875
Dense3x43,6891,1,1,1,False,2.3486328125
Dense3x43,6005,1,1,1,False,1.6748046875
Dense3x43,8219,1,1,1,False,3.017578125
Dense3x43,809,1,1,1,False,1.7626953125
Dense3x43,2245,1,1,1,False,1.50390625
Dense3x43,8633,1,1,1,False,2.6513671875
Dense3x43,9291,1,1,1,False,2.51953125
Dense3x43,798,1,1,1,False,2.7978515625
Dense3x43,3983,1,1,1,False,1.826171875
Dense3x43,5933,1,1,1,False,2.998046875
Dense3x43,8086,1,1,1,False,2.51953125
Dense3x43,5970,1,1,1,False,2.2900390625
Dense3x43,2379,1,1,1,False,3.0859375
Dense3x43,9984,1,1,1,False,2.158203125
Dense3x43,900,1,1,1,False,1.279296875
Dense3x43,2553,1,1,1,False,2.7197265625
Dense3x43,9143,1,1,1,False,2.890625
Dense3x43,3464,1,1,1,False,2.7001953125
Dense3x43,5872,1,1,1,False,2.6708984375
Dense3x43,4450,1,1,1,False,2.4072265625
Dense3x43,4597,1,1,1,False,1.875
Dense3x43,2803,1,1,1,False,2.7001953125
Dense3x43,329,1,1,1,False,2.7099609375
Dense3x43,7262,1,1,1,False,2.5390625
Dense3x43,7748,1,1,1,False,3.3154296875
Dense3x43,5331,1,6,1,False,1.9091796875
Dense3x43,7802,1,1,1,False,3.310546875
Dense3x43,5902,1,1,1,False,2.666015625
Dense3x43,7639,3,3,1,False,1.97265625
Dense3x43,453,3,3,1,False,2.4755859375
Dense3x43,1463,3,3,1,False,3.1201171875
Dense3x43,734,3,3,1,False,0.8251953125
Dense3x43,4044,3,5,1,False,0.029296875
Dense3x43,9511,3,3,1,False,3.5107421875
Dense3x43,7311,3,3,1,False,2.7783203125
Dense3x43,6745,3,3,1,False,1.5283203125
Dense3x43,6365,3,3,1,False,2.6708984375
Dense3x43,9697,3,3,1,False,1.875
Dense3x43,8801,3,3,1,False,2.8515625
Dense3x43,9750,3,3,1,False,4.08203125
Dense3x43,9882,3,3,1,False,0.0927734375
Dense3x43,944,3,8,1,False,0.1611328125
Dense3x43,5925,3,3,1,False,2.1630859375
Dense3x43,9889,3,3,1,False,1.875
Dense3x43,5479,3,3,1,False,1.9970703125
Dense3x43,1172,3,3,1,False,2.509765625
Dense3x43,3484,3,3,1,False,2.3681640625
Dense3x43,8821,3,3,1,False,3.2958984375
Dense3x43,9235,3,3,1,False,2.2021484375
Dense3x43,9011,3,3,1,False,2.36328125
Dense3x43,8346,3,3,1,False,3.2958984375
Dense3x43,6957,3,3,1,False,2.421875
Dense3x43,7119,3,3,1,False,1.796875
Dense3x43,2555,3,3,1,False,4.2138671875
Dense3x43,1215,3,3,1,False,1.2841796875
Dense3x43,4242,3,3,1,False,1.5771484375
Dense3x43,4393,3,3,1,False,3.22265625
Dense3x43,577,3,3,1,False,2.1630859375
Dense3x43,442,3,3,1,False,3.6279296875
Dense3x43,8703,3,3,1,False,3.3447265625
Dense3x43,3078,3,3,1,False,0.4248046875
Dense3x43,6285,3,3,1,False,4.072265625
Dense3x43,8087,3,3,1,False,3.49609375
Dense3x43,6973,3,3,1,False,3.6083984375
Dense3x43,3620,3,3,1,False,4.4775390625
Dense3x43,4770,3,3,1,False,2.470703125
Dense3x43,9227,3,3,1,False,2.5
Dense3x43,8946,3,3,1,False,2.880859375
Dense3x43,2799,3,3,1,False,1.77734375
Dense3x43,1114,3,8,1,False,1.4892578125
Dense3x43,5734,3,7,1,False,1.650390625
Dense3x43,2308,3,3,1,False,0.25390625
Dense3x43,9758,3,3,1,False,0.8837890625
Dense3x43,8903,3,3,1,False,3.6767578125
Dense3x43,6260,3,3,1,False,1.0693359375
Dense3x43,3131,3,3,1,False,2.4853515625
Dense3x43,1923,3,3,1,False,4.287109375
Dense3x43,6863,3,3,1,False,3.359375
Dense3x43,9717,3,3,1,False,3.564453125
Dense3x43,1742,3,3,1,False,3.2080078125
Dense3x43,1600,3,3,1,False,0.41015625
Dense3x43,3825,3,3,1,False,1.8603515625
Dense3x43,6413,3,3,1,False,5.185546875
Dense3x43,9559,3,3,1,False,3.0517578125
Dense3x43,9474,3,3,1,False,1.9580078125
Dense3x43,3469,3,3,1,False,3.02734375
Dense3x43,5878,3,3,1,False,2.880859375
Dense3x43,9219,3,3,1,False,2.060546875
Dense3x43,648,3,3,1,False,4.208984375
Dense3x43,9308,3,3,1,False,2.0947265625
Dense3x43,7140,3,3,1,False,2.3681640625
Dense3x43,2914,3,3,1,False,0.439453125
Dense3x43,6975,3,3,1,False,2.8369140625
Dense3x43,6727,3,3,1,False,4.677734375
Dense3x43,8206,3,3,1,False,4.765625
Dense3x43,2441,3,3,1,False,1.5966796875
Dense3x43,1615,3,3,1,False,4.0380859375
Dense3x43,4528,3,3,1,False,1.064453125
Dense3x32,5270,0,0,1,False,3.61328125
Dense3x32,424,0,0,1,False,2.607421875
Dense3x32,1504,0,0,1,False,2.978515625
Dense3x32,3417,0,0,1,False,2.060546875
Dense3x32,3090,0,0,1,False,1.0107421875
Dense3x32,3959,0,0,1,False,5.7275390625
Dense3x32,6672,0,0,1,False,2.880859375
Dense3x32,4157,0,0,1,False,7.041015625
Dense3x32,3911,0,0,1,False,5.25390625
Dense3x32,9791,0,0,1,False,3.02734375
Dense3x32,6140,0,0,1,False,7.7734375
Dense3x32,3584,0,0,1,False,6.171875
Dense3x32,1533,0,0,1,False,3.1103515625
Dense3x32,5241,0,0,1,False,5.2099609375
Dense3x32,5932,0,0,1,False,6.0986328125
Dense3x32,490,0,0,1,False,1.630859375
Dense3x32,9704,0,0,1,False,4.12109375
Dense3x32,6470,0,0,1,False,3.3251953125
Dense3x32,5290,0,0,1,False,5.41015625
Dense3x32,9016,0,5,1,False,0.6884765625
Dense3x32,972,0,0,1,False,5.205078125
Dense3x32,1700,0,0,1,False,2.177734375
Dense3x32,3043,0,0,1,False,3.203125
Dense3x32,2765,0,0,1,False,3.6279296875
Dense3x32,9902,0,0,1,False,3.6572265625
Dense3x32,896,0,0,1,False,2.6806640625
Dense3x32,3867,0,0,1,False,3.974609375
Dense3x32,4470,0,0,1,False,4.0283203125
Dense3x32,8513,0,0,1,False,3.0078125
Dense3x32,2304,0,0,1,False,6.40625
Dense3x32,4531,0,0,1,False,1.845703125
Dense3x32,8007,0,0,1,False,7.5634765625
Dense3x32,1692,0,0,1,False,2.5439453125
Dense3x32,8114,0,0,1,False,7.40234375
Dense3x32,7898,0,0,1,False,5.7470703125
Dense3x32,5827,0,0,1,False,3.3837890625
Dense3x32,9527,0,0,1,False,3.3154296875
Dense3x32,7943,0,0,1,False,6.69921875
Dense3x32,6250,0,0,1,False,5.009765625
Dense3x32,6097,0,0,1,False,8.916015625
Dense3x32,6719,0,0,1,False,6.30859375
Dense3x32,5470,0,0,1,False,8.3251953125
Dense3x32,9459,0,0,1,False,5.68359375
Dense3x32,993,0,0,1,False,3.681640625
Dense3x32,1468,0,0,1,False,2.255859375
Dense3x32,3215,0,0,1,False,5.2783203125
Dense3x32,2996,0,0,1,False,3.828125
Dense3x32,6979,0,0,1,False,5.6591796875
Dense3x32,9405,0,0,1,False,6.1474609375
Dense3x32,2417,0,0,1,False,3.4326171875
Dense3x32,5603,0,0,1,False,3.8525390625
Dense3x32,6781,0,0,1,False,7.9052734375
Dense3x32,5405,0,0,1,False,4.736328125
Dense3x32,6760,0,0,1,False,6.4306640625
Dense3x32,4034,0,0,1,False,4.921875
Dense3x32,5695,0,8,1,False,1.0009765625
Dense3x32,2568,0,0,1,False,3.0419921875
Dense3x32,5008,0,0,1,False,3.681640625
Dense3x32,3883,0,0,1,False,7.0849609375
Dense3x32,9930,0,0,1,False,3.8232421875
Dense3x32,8152,0,0,1,False,6.669921875
Dense3x32,4320,0,0,1,False,6.93359375
Dense3x32,3774,0,0,1,False,3.525390625
Dense3x32,7989,0,0,1,False,5.244140625
Dense3x32,9763,0,0,1,False,2.8515625
Dense3x32,2972,0,0,1,False,5.0634765625
Dense3x32,7505,0,0,1,False,0.2490234375
Dense3x32,2899,0,0,1,False,3.662109375
Dense3x32,5526,0,0,1,False,3.837890625
Dense3x32,8278,0,0,1,False,1.396484375
Dense3x32,2519,1,1,1,False,1.8115234375
Dense3x32,3124,1,1,1,False,2.6220703125
Dense3x32,9518,1,1,1,False,2.8955078125
Dense3x32,920,1,1,1,False,1.9482421875
Dense3x32,4035,1,1,1,False,3.720703125
Dense3x32,5314,1,1,1,False,3.6962890625
Dense3x32,8233,1,1,1,False,2.783203125
Dense3x32,3765,1,1,1,False,3.3056640625
Dense3x32,9222,1,1,1,False,2.9736328125
Dense3x32,5943,1,1,1,False,2.3388671875
Dense3x32,9233,1,1,1,False,3.349609375
Dense3x32,4651,1,1,1,False,3.359375
Dense3x32,1211,1,1,1,False,2.8125
Dense3x32,5738,1,1,1,False,2.7490234375
Dense3x32,7911,1,1,1,False,2.314453125
Dense3x32,4877,1,1,1,False,2.44140625
Dense3x32,2950,1,1,1,False,3.134765625
Dense3x32,5732,1,1,1,False,2.8564453125
Dense3x32,6044,1,1,1,False,2.421875
Dense3x32,8099,1,1,1,False,3.3544921875
Dense3x32,6618,1,1,1,False,2.041015625
Dense3x32,4013,1,1,1,False,3.0859375
Dense3x32,6162,1,1,1,False,3.45703125
Dense3x32,9689,1,1,1,False,3.2177734375
Dense3x32,3314,1,1,1,False,2.7880859375
Dense3x32,7325,1,1,1,False,2.5390625
Dense3x32,963,1,1,1,False,1.8212890625
Dense3x32,5044,1,1,1,False,2.802734375
Dense3x32,3132,1,1,1,False,2.314453125
Dense3x32,2510,1,1,1,False,2.2216796875
Dense3x32,2912,1,1,1,False,2.2314453125
Dense3x32,9737,1,1,1,False,3.2568359375
Dense3x32,3175,1,1,1,False,2.87109375
Dense3x32,1179,1,1,1,False,2.861328125
Dense3x32,824,1,1,1,False,2.5341796875
Dense3x32,1037,1,1,1,False,3.33984375
Dense3x32,5461,1,1,1,False,3.1787109375
Dense3x32,1939,1,1,1,False,2.4169921875
Dense3x32,5091,1,1,1,False,1.69921875
Dense3x32,4212,1,3,1,False,0.4931640625
Dense3x32,2529,1,1,1,False,3.28125
Dense3x32,7944,1,1,1,False,2.568359375
Dense3x32,8988,1,1,1,False,3.53515625
Dense3x32,2171,1,1,1,False,2.333984375
Dense3x32,818,1,1,1,False,2.79296875
Dense3x32,1397,1,1,1,False,2.578125
Dense3x32,2553,1,1,1,False,3.427734375
Dense3x32,1351,1,1,1,False,2.6416015625
Dense3x32,2504,1,1,1,False,2.0263671875
Dense3x32,1280,1,1,1,False,2.724609375
Dense3x32,8887,1,1,1,False,2.021484375
Dense3x32,7453,1,1,1,False,2.802734375
Dense3x32,5783,1,1,1,False,3.06640625
Dense3x32,6869,1,1,1,False,2.96875
Dense3x32,2343,1,1,1,False,2.4658203125
Dense3x32,3419,1,1,1,False,2.802734375
Dense3x32,4249,1,1,1,False,2.763671875
Dense3x32,2017,1,1,1,False,2.8662109375
Dense3x32,5406,1,1,1,False,2.138671875
Dense3x32,2182,1,2,1,False,2.119140625
Dense3x32,8740,1,1,1,False,3.1787109375
Dense3x32,3380,1,1,1,False,2.919921875
Dense3x32,8658,1,1,1,False,3.1689453125
Dense3x32,3937,1,1,1,False,2.05078125
Dense3x32,1129,1,1,1,False,2.822265625
Dense3x32,9878,1,1,1,False,3.1591796875
Dense3x32,1193,1,1,1,False,3.2080078125
Dense3x32,683,3,3,1,False,1.7529296875
Dense3x32,6494,3,3,1,False,1.6943359375
Dense3x32,2230,3,3,1,False,3.28125
Dense3x32,747,3,3,1,False,3.33984375
Dense3x32,6107,3,3,1,False,3.6865234375
Dense3x32,9202,3,3,1,False,2.0654296875
Dense3x32,6370,3,3,1,False,1.455078125
Dense3x32,381,3,7,1,False,1.357421875
Dense3x32,2025,3,3,1,False,1.552734375
Dense3x32,9942,3,3,1,False,2.55859375
Dense3x32,2441,3,3,1,False,0.5517578125
Dense3x32,7435,3,3,1,False,5.087890625
Dense3x32,8957,3,3,1,False,3.9306640625
Dense3x32,2989,3,3,1,False,1.2890625
Dense3x32,3094,3,3,1,False,2.5537109375
Dense3x32,1150,3,3,1,False,2.7587890625
Dense3x32,6023,3,3,1,False,0.0927734375
Dense3x32,5245,3,3,1,False,2.9638671875
Dense3x32,9275,3,3,1,False,3.5595703125
Dense3x32,3943,3,3,1,False,0.3466796875
Dense3x32,3104,3,3,1,False,3.0078125
Dense3x32,349,3,3,1,False,1.6015625
Dense3x32,7956,3,3,1,False,5.7275390625
Dense3x32,8156,3,3,1,False,0.6787109375
Dense3x32,1310,3,3,1,False,0.2978515625
Dense3x32,5479,3,3,1,False,2.6025390625
Dense3x32,780,3,3,1,False,3.6083984375
Dense3x32,2716,3,3,1,False,4.2431640625
Dense3x32,8916,3,3,1,False,4.1259765625
Dense3x32,576,3,3,1,False,3.6572265625
Dense3x32,7479,3,3,1,False,3.1005859375
Dense3x32,7396,3,3,1,False,4.5458984375
Dense3x32,9889,3,3,1,False,2.1484375
Dense3x32,4164,3,3,1,False,3.798828125
Dense3x32,982,3,8,1,False,0.3125
Dense3x32,8660,3,3,1,False,4.6044921875
Dense3x32,2566,3,3,1,False,2.87109375
Dense3x32,7771,3,3,1,False,4.2138671875
Dense3x32,9511,3,3,1,False,3.5791015625
Dense3x32,6665,3,3,1,False,2.7685546875
Dense3x32,6801,3,3,1,False,3.828125
Dense3x32,230,3,3,1,False,2.412109375
Dense3x32,1976,3,3,1,False,3.115234375
Dense3x32,1480,3,3,1,False,4.8486328125
Dense3x32,1367,3,3,1,False,4.7705078125
Dense3x32,8867,3,3,1,False,4.140625
Dense3x32,1463,3,3,1,False,1.533203125
Dense3x32,4494,3,3,1,False,2.24609375
Dense3x32,7628,3,3,1,False,3.6279296875
Dense3x32,216,3,3,1,False,4.3310546875
Dense3x32,5028,3,3,1,False,3.408203125
Dense3x32,894,3,3,1,False,3.0224609375
Dense3x32,3432,3,3,1,False,1.8798828125
Dense3x32,5492,3,3,1,False,4.3408203125
Dense3x32,2008,3,3,1,False,1.5478515625
Dense3x32,3715,3,3,1,False,3.076171875
Dense3x32,526,3,3,1,False,3.2763671875
Dense3x32,9604,3,3,1,False,5.712890625
Dense3x32,1442,3,3,1,False,2.9248046875
Dense3x32,6940,3,3,1,False,2.1923828125
Dense3x32,2533,3,3,1,False,1.9921875
Dense3x32,8701,3,3,1,False,4.00390625
Dense3x32,958,3,3,1,False,0.9326171875
Dense3x32,7130,3,3,1,False,0.5712890625
Dense3x32,8186,3,3,1,False,5.3125
Dense3x32,8864,3,3,1,False,2.763671875
Dense3x32,3045,3,3,1,False,4.58984375
Dense3x32,1539,3,3,1,False,3.056640625
Dense3x12,2185,0,5,1,False,0.5908203125
Dense3x12,8772,0,0,1,False,6.2451171875
Dense3x12,9826,0,0,1,False,2.1044921875
Dense3x12,1297,0,0,1,False,4.8974609375
Dense3x12,6280,0,0,1,False,5.2490234375
Dense3x12,7898,0,0,1,False,5.986328125
Dense3x12,6567,0,0,1,False,4.39453125
Dense3x12,5554,0,0,1,False,5.439453125
Dense3x12,2714,0,0,1,False,4.5068359375
Dense3x12,1399,0,0,1,False,3.8720703125
Dense3x12,5932,0,0,1,False,8.28125
Dense3x12,9070,0,0,1,False,7.177734375
Dense3x12,1808,0,6,1,False,0.6982421875
Dense3x12,5031,0,0,1,False,4.794921875
Dense3x12,9611,0,0,1,False,5.6201171875
Dense3x12,9763,0,0,1,False,2.3828125
Dense3x12,3013,0,0,1,False,6.23046875
Dense3x12,7593,0,0,1,False,4.1259765625
Dense3x12,2385,0,0,1,False,6.6943359375
Dense3x12,7410,0,0,1,False,2.12890625
Dense3x12,7671,0,0,1,False,3.1494140625
Dense3x12,8691,0,0,1,False,5.341796875
Dense3x12,9297,0,0,1,False,5.2783203125
Dense3x12,7967,0,0,1,False,7.9541015625
Dense3x12,1708,0,0,1,False,5.3369140625
Dense3x12,7049,0,0,1,False,0.3271484375
Dense3x12,5686,0,0,1,False,4.5556640625
Dense3x12,2531,0,0,1,False,5.5322265625
Dense3x12,3,0,0,1,False,6.416015625
Dense3x12,3359,0,0,1,False,6.4453125
Dense3x12,4776,0,0,1,False,6.1767578125
Dense3x12,6786,0,0,1,False,6.89453125
Dense3x12,9951,0,0,1,False,3.1005859375
Dense3x12,2777,0,0,1,False,3.0810546875
Dense3x12,8007,0,0,1,False,6.3134765625
Dense3x12,1261,0,0,1,False,5.8056640625
Dense3x12,2557,0,0,1,False,4.638671875
Dense3x12,5756,0,0,1,False,3.5009765625
Dense3x12,1713,0,0,1,False,3.0419921875
Dense3x12,1638,0,0,1,False,4.208984375
Dense3x12,7868,0,0,1,False,4.94140625
Dense3x12,717,0,6,1,False,0.9228515625
Dense3x12,424,0,0,1,False,2.6123046875
Dense3x12,1739,0,0,1,False,3.26171875
Dense3x12,2536,0,0,1,False,9.345703125
Dense3x12,713,0,0,1,False,2.2607421875
Dense3x12,552,0,0,1,False,1.7041015625
Dense3x12,9687,0,0,1,False,2.5
Dense3x12,6770,0,0,1,False,6.9287109375
Dense3x12,5613,0,0,1,False,3.0615234375
Dense3x12,3371,0,0,1,False,3.7353515625
Dense3x12,9964,0,0,1,False,4.0478515625
Dense3x12,2236,0,0,1,False,4.1357421875
Dense3x12,490,0,0,1,False,0.4638671875
Dense3x12,1590,0,0,1,False,3.37890625
Dense3x12,7780,0,0,1,False,8.8330078125
Dense3x12,644,0,0,1,False,4.2236328125
Dense3x12,4327,0,3,1,False,1.25
Dense3x12,5653,0,6,1,False,1.3671875
Dense3x12,6241,0,0,1,False,5.5078125
Dense3x12,3698,0,0,1,False,3.1787109375
Dense3x12,2328,0,0,1,False,2.2216796875
Dense3x12,7727,0,0,1,False,6.220703125
Dense3x12,2937,0,0,1,False,4.84375
Dense3x12,7655,0,0,1,False,7.5439453125
Dense3x12,1807,0,0,1,False,4.6484375
Dense3x12,4043,0,0,1,False,6.1181640625
Dense3x12,7422,1,1,1,False,2.529296875
Dense3x12,8088,1,1,1,False,3.427734375
Dense3x12,3268,1,1,1,False,3.0419921875
Dense3x12,3281,1,1,1,False,2.6025390625
Dense3x12,7191,1,1,1,False,2.0703125
Dense3x12,2418,1,1,1,False,2.4462890625
Dense3x12,3866,1,1,1,False,2.5048828125
Dense3x12,9124,1,1,1,False,3.10546875
Dense3x12,1211,1,1,1,False,1.97265625
Dense3x12,3039,1,1,1,False,1.8994140625
Dense3x12,2245,1,1,1,False,2.0654296875
Dense3x12,2943,1,1,1,False,2.666015625
Dense3x12,840,1,1,1,False,2.412109375
Dense3x12,4110,1,1,1,False,1.7236328125
Dense3x12,3014,1,1,1,False,3.0419921875
Dense3x12,7223,1,1,1,False,1.8896484375
Dense3x12,8873,1,1,1,False,2.6025390625
Dense3x12,2258,1,1,1,False,1.9921875
Dense3x12,716,1,1,1,False,1.8408203125
Dense3x12,9395,1,1,1,False,2.958984375
Dense3x12,5630,1,1,1,False,2.2021484375
Dense3x12,8887,1,1,1,False,1.806640625
Dense3x12,9674,1,1,1,False,2.197265625
Dense3x12,2885,1,1,1,False,1.9140625
Dense3x12,3652,1,1,1,False,2.470703125
Dense3x12,9848,1,1,1,False,2.24609375
Dense3x12,9295,1,1,1,False,2.373046875
Dense3x12,9682,1,1,1,False,2.9443359375
Dense3x12,5978,1,1,1,False,1.357421875
Dense3x12,8682,1,1,1,False,2.6708984375
Dense3x12,3320,1,1,1,False,2.353515625
Dense3x12,2965,1,1,1,False,1.6748046875
Dense3x12,5350,1,1,1,False,2.36328125
Dense3x12,6618,1,1,1,False,1.62109375
Dense3x12,4932,1,1,1,False,2.3681640625
Dense3x12,8526,1,1,1,False,2.2314453125
Dense3x12,5933,1,1,1,False,2.71484375
Dense3x12,5998,1,1,1,False,1.5380859375
Dense3x12,3784,1,1,1,False,3.525390625
Dense3x12,4267,1,1,1,False,2.96875
Dense3x12,393,1,1,1,False,2.0947265625
Dense3x12,9143,1,1,1,False,3.10546875
Dense3x12,4589,1,1,1,False,2.12890625
Dense3x12,5291,1,1,1,False,2.8125
Dense3x12,6729,1,1,1,False,2.9638671875
Dense3x12,1667,1,1,1,False,3.6181640625
Dense3x12,5361,1,1,1,False,2.265625
Dense3x12,2974,1,1,1,False,2.2705078125
Dense3x12,378,1,1,1,False,3.193359375
Dense3x12,2746,1,1,1,False,2.4853515625
Dense3x12,6012,1,1,1,False,2.5537109375
Dense3x12,5258,1,1,1,False,2.3095703125
Dense3x12,696,1,1,1,False,2.0068359375
Dense3x12,8986,1,1,1,False,2.20703125
Dense3x12,6913,1,1,1,False,3.1005859375
Dense3x12,2164,1,1,1,False,2.841796875
Dense3x12,8078,1,1,1,False,1.8505859375
Dense3x12,8758,1,1,1,False,2.529296875
Dense3x12,5384,1,1,1,False,3.046875
Dense3x12,5809,1,1,1,False,2.63671875
Dense3x12,5453,1,1,1,False,2.548828125
Dense3x12,4759,1,1,1,False,1.181640625
Dense3x12,3851,1,1,1,False,1.767578125
Dense3x12,647,1,1,1,False,2.5732421875
Dense3x12,6192,1,1,1,False,2.9541015625
Dense3x12,9836,1,1,1,False,2.109375
Dense3x12,2757,1,1,1,False,3.4326171875
Dense3x12,4304,1,1,1,False,2.373046875
Dense3x12,6848,1,1,1,False,2.705078125
Dense3x12,6957,3,3,1,False,4.9169921875
Dense3x12,2632,3,3,1,False,4.0283203125
Dense3x12,4162,3,3,1,False,5.4248046875
Dense3x12,3448,3,3,1,False,0.703125
Dense3x12,8780,3,3,1,False,5.7421875
Dense3x12,7644,3,3,1,False,1.26953125
Dense3x12,6504,3,3,1,False,2.28515625
Dense3x12,3916,3,3,1,False,2.275390625
Dense3x12,5074,3,3,1,False,0.380859375
Dense3x12,4537,3,3,1,False,4.1064453125
Dense3x12,5760,3,3,1,False,3.1689453125
Dense3x12,8952,3,8,1,False,0.0146484375
Dense3x12,1480,3,3,1,False,5.341796875
Dense3x12,9175,3,3,1,False,3.7255859375
Dense3x12,5628,3,3,1,False,3.3544921875
Dense3x12,7509,3,3,1,False,4.150390625
Dense3x12,6465,3,3,1,False,3.7109375
Dense3x12,8910,3,3,1,False,3.5595703125
Dense3x12,5150,3,3,1,False,5.3857421875
Dense3x12,7117,3,3,1,False,3.4521484375
Dense3x12,9332,3,3,1,False,2.28515625
Dense3x12,1845,3,3,1,False,4.296875
Dense3x12,9889,3,3,1,False,1.5576171875
Dense3x12,7207,3,3,1,False,3.955078125
Dense3x12,8167,3,3,1,False,6.064453125
Dense3x12,4808,3,5,1,False,0.634765625
Dense3x12,7326,3,3,1,False,3.779296875
Dense3x12,9511,3,3,1,False,2.861328125
Dense3x12,2522,3,3,1,False,0.3173828125
Dense3x12,7554,3,3,1,False,5.849609375
Dense3x12,5935,3,3,1,False,1.2255859375
Dense3x12,8975,3,3,1,False,4.091796875
Dense3x12,2991,3,3,1,False,1.4453125
Dense3x12,1367,3,3,1,False,6.0107421875
Dense3x12,7831,3,3,1,False,2.5
Dense3x12,9881,3,5,1,False,0.76171875
Dense3x12,925,3,3,1,False,2.98828125
Dense3x12,6204,3,3,1,False,3.369140625
Dense3x12,9996,3,3,1,False,4.2236328125
Dense3x12,2731,3,3,1,False,0.4638671875
Dense3x12,2551,3,3,1,False,4.4287109375
Dense3x12,1746,3,3,1,False,2.7099609375
Dense3x12,3015,3,3,1,False,1.4208984375
Dense3x12,6985,3,3,1,False,5.771484375
Dense3x12,6563,3,3,1,False,1.298828125
Dense3x12,2109,3,9,1,False,0.7470703125
Dense3x12,1513,3,3,1,False,2.5146484375
Dense3x12,6975,3,3,1,False,4.755859375
Dense3x12,6065,3,8,1,False,3.193359375
Dense3x12,7130,3,3,1,False,0.390625
Dense3x12,9787,3,3,1,False,2.20703125
Dense3x12,9479,3,3,1,False,0.8056640625
Dense3x12,4802,3,3,1,False,2.2265625
Dense3x12,453,3,3,1,False,3.7353515625
Dense3x12,4688,3,3,1,False,3.6328125
Dense3x12,5878,3,3,1,False,3.41796875
Dense3x12,7719,3,3,1,False,2.8564453125
Dense3x12,8014,3,3,1,False,2.6513671875
Dense3x12,1926,3,5,1,False,1.07421875
Dense3x12,8903,3,3,1,False,5.0244140625
Dense3x12,2978,3,3,1,False,2.8076171875
Dense3x12,4044,3,3,1,False,0.3759765625
Dense3x12,1134,3,3,1,False,4.326171875
Dense3x12,7995,3,3,1,False,5.80078125
Dense3x12,1204,3,2,1,False,1.9580078125
Dense3x12,1495,3,3,1,False,0.9521484375
Dense3x12,5616,3,3,1,False,4.716796875
Dense3x12,1042,3,3,1,False,2.8759765625
Dense3x12,32,3,3,1,False,1.6796875
Dense2x40,4631,0,0,1,False,6.5771484375
Dense2x40,4091,0,0,1,False,3.6962890625
Dense2x40,854,0,0,1,False,3.798828125
Dense2x40,2593,0,0,1,False,2.6611328125
Dense2x40,5251,0,0,1,False,4.4287109375
Dense2x40,2492,0,0,1,False,6.083984375
Dense2x40,9174,0,0,1,False,6.3818359375
Dense2x40,6633,0,0,1,False,4.7802734375
Dense2x40,5165,0,0,1,False,1.3720703125
Dense2x40,6978,0,0,1,False,5.68359375
Dense2x40,6962,0,0,1,False,4.619140625
Dense2x40,7835,0,0,1,False,7.197265625
Dense2x40,6781,0,0,1,False,7.9736328125
Dense2x40,6701,0,0,1,False,5.29296875
Dense2x40,8077,0,0,1,False,7.1826171875
Dense2x40,246,0,0,1,False,5.33203125
Dense2x40,2209,0,0,1,False,3.2275390625
Dense2x40,9939,0,0,1,False,5.4345703125
Dense2x40,4935,0,0,1,False,4.0234375
Dense2x40,1294,0,0,1,False,4.619140625
Dense2x40,8016,0,0,1,False,4.7509765625
Dense2x40,7031,0,0,1,False,3.486328125
Dense2x40,8501,0,0,1,False,6.943359375
Dense2x40,7337,0,0,1,False,4.931640625
Dense2x40,2592,0,0,1,False,4.9658203125
Dense2x40,4741,0,0,1,False,3.974609375
Dense2x40,821,0,0,1,False,2.4560546875
Dense2x40,9809,0,0,1,False,3.7109375
Dense2x40,8098,0,0,1,False,6.8359375
Dense2x40,3359,0,0,1,False,5.888671875
Dense2x40,148,0,0,1,False,3.9501953125
Dense2x40,2619,0,0,1,False,4.3115234375
Dense2x40,5603,0,0,1,False,3.53515625
Dense2x40,5718,0,0,1,False,1.005859375
Dense2x40,2748,0,0,1,False,2.9541015625
Dense2x40,5243,0,0,1,False,4.0771484375
Dense2x40,1959,0,0,1,False,3.1982421875
Dense2x40,9223,0,0,1,False,7.919921875
Dense2x40,4432,0,0,1,False,2.6123046875
Dense2x40,2761,0,0,1,False,3.7841796875
Dense2x40,7446,0,0,1,False,1.40625
Dense2x40,7868,0,0,1,False,8.486328125
Dense2x40,1191,0,0,1,False,0.517578125
Dense2x40,1907,0,0,1,False,2.900390625
Dense2x40,8929,0,0,1,False,7.1875
Dense2x40,8021,0,0,1,False,6.416015625
Dense2x40,1638,0,0,1,False,4.609375
Dense2x40,4824,0,0,1,False,2.998046875
Dense2x40,1619,0,0,1,False,2.7490234375
Dense2x40,1197,0,0,1,False,3.7646484375
Dense2x40,8567,0,0,1,False,4.677734375
Dense2x40,8611,0,0,1,False,5.126953125
Dense2x40,4361,0,0,1,False,3.7158203125
Dense2x40,1692,0,0,1,False,3.1689453125
Dense2x40,4780,0,0,1,False,3.193359375
Dense2x40,1399,0,0,1,False,3.427734375
Dense2x40,4611,0,0,1,False,6.6845703125
Dense2x40,2873,0,0,1,False,4.2138671875
Dense2x40,5526,0,0,1,False,4.7705078125
Dense2x40,608,0,0,1,False,3.2421875
Dense2x40,2384,0,0,1,False,3.3544921875
Dense2x40,6473,0,0,1,False,4.0869140625
Dense2x40,7646,0,0,1,False,5.009765625
Dense2x40,6546,0,0,1,False,3.5986328125
Dense2x40,1590,0,0,1,False,3.61328125
Dense2x40,6293,0,0,1,False,6.07421875
Dense2x40,2638,0,0,1,False,5.1123046875
Dense2x40,4923,0,0,1,False,4.0625
Dense2x40,194,0,0,1,False,3.59375
Dense2x40,8881,0,0,1,False,5.390625
Dense2x40,3099,1,1,1,False,3.1494140625
Dense2x40,8418,1,1,1,False,2.998046875
Dense2x40,3641,1,1,1,False,3.4326171875
Dense2x40,416,1,1,1,False,4.16015625
Dense2x40,6720,1,1,1,False,3.544921875
Dense2x40,1993,1,1,1,False,2.0654296875
Dense2x40,4917,1,1,1,False,2.421875
Dense2x40,7638,1,1,1,False,3.955078125
Dense2x40,5331,1,6,1,False,1.5869140625
Dense2x40,8540,1,1,1,False,4.228515625
Dense2x40,9923,1,1,1,False,3.623046875
Dense2x40,5461,1,1,1,False,3.3203125
Dense2x40,7928,1,8,1,False,0.2978515625
Dense2x40,9258,1,1,1,False,3.80859375
Dense2x40,2171,1,1,1,False,2.978515625
Dense2x40,5406,1,1,1,False,1.904296875
Dense2x40,4085,1,1,1,False,4.0380859375
Dense2x40,393,1,1,1,False,2.9150390625
Dense2x40,3843,1,1,1,False,2.9638671875
Dense2x40,1254,1,1,1,False,3.3935546875
Dense2x40,7738,1,1,1,False,2.861328125
Dense2x40,4977,1,1,1,False,2.8271484375
Dense2x40,504,1,1,1,False,2.1142578125
Dense2x40,4580,1,1,1,False,2.724609375
Dense2x40,8005,1,1,1,False,2.841796875
Dense2x40,9848,1,1,1,False,3.740234375
Dense2x40,7973,1,1,1,False,3.115234375
Dense2x40,4273,1,1,1,False,2.373046875
Dense2x40,7911,1,1,1,False,2.75390625
Dense2x40,7563,1,1,1,False,3.2373046875
Dense2x40,7556,1,1,1,False,3.1982421875
Dense2x40,3471,1,1,1,False,3.6865234375
Dense2x40,4147,1,1,1,False,2.4365234375
Dense2x40,3937,1,1,1,False,1.806640625
Dense2x40,3605,1,1,1,False,3.5205078125
Dense2x40,5081,1,1,1,False,3.69140625
Dense2x40,2015,1,1,1,False,4.0673828125
Dense2x40,4386,1,1,1,False,2.8662109375
Dense2x40,4308,1,1,1,False,1.865234375
Dense2x40,377,1,1,1,False,3.251953125
Dense2x40,8568,1,1,1,False,4.052734375
Dense2x40,3562,1,1,1,False,2.71484375
Dense2x40,3255,1,1,1,False,2.5048828125
Dense2x40,4168,1,1,1,False,3.5400390625
Dense2x40,9796,1,1,1,False,2.8564453125
Dense2x40,7228,1,1,1,False,2.08984375
Dense2x40,37,1,1,1,False,3.5107421875
Dense2x40,3733,1,1,1,False,2.63671875
Dense2x40,9931,1,1,1,False,2.900390625
Dense2x40,2928,1,1,1,False,3.0908203125
Dense2x40,1257,1,1,1,False,2.4560546875
Dense2x40,4304,1,1,1,False,3.1396484375
Dense2x40,3625,1,1,1,False,3.0615234375
Dense2x40,8493,1,1,1,False,1.42578125
Dense2x40,7048,1,1,1,False,3.1103515625
Dense2x40,5186,1,1,1,False,3.076171875
Dense2x40,5689,1,1,1,False,3.7939453125
Dense2x40,8078,1,1,1,False,2.9541015625
Dense2x40,7869,1,1,1,False,3.3837890625
Dense2x40,3779,1,1,1,False,3.525390625
Dense2x40,1011,1,1,1,False,3.7353515625
Dense2x40,967,1,1,1,False,3.671875
Dense2x40,8252,1,1,1,False,2.6416015625
Dense2x40,2541,1,1,1,False,3.671875
Dense2x40,9903,1,1,1,False,2.8466796875
Dense2x40,5148,1,1,1,False,3.0810546875
Dense2x40,7748,1,1,1,False,3.53515625
Dense2x40,5132,1,1,1,False,3.125
Dense2x40,1463,3,3,1,False,1.8359375
Dense2x40,4552,3,3,1,False,2.4853515625
Dense2x40,1127,3,3,1,False,2.6611328125
Dense2x40,8706,3,3,1,False,4.580078125
Dense2x40,3947,3,3,1,False,6.0791015625
Dense2x40,548,3,3,1,False,2.2314453125
Dense2x40,1020,3,3,1,False,3.45703125
Dense2x40,3995,3,3,1,False,0.9619140625
Dense2x40,6624,3,3,1,False,1.015625
Dense2x40,7233,3,3,1,False,1.89453125
Dense2x40,2647,3,3,1,False,3.2080078125
Dense2x40,8115,3,3,1,False,3.720703125
Dense2x40,3701,3,3,1,False,2.451171875
Dense2x40,7590,3,3,1,False,4.873046875
Dense2x40,3717,3,3,1,False,2.021484375
Dense2x40,2305,3,3,1,False,0.6787109375
Dense2x40,2587,3,3,1,False,3.857421875
Dense2x40,6034,3,3,1,False,1.4013671875
Dense2x40,2583,3,3,1,False,2.978515625
Dense2x40,3549,3,2,1,False,1.2890625
Dense2x40,5479,3,3,1,False,2.3876953125
Dense2x40,6432,3,3,1,False,1.3232421875
Dense2x40,4492,3,3,1,False,2.8271484375
Dense2x40,9175,3,3,1,False,3.232421875
Dense2x40,5724,3,3,1,False,3.5888671875
Dense2x40,2624,3,3,1,False,3.1103515625
Dense2x40,3290,3,3,1,False,2.587890625
Dense2x40,4335,3,3,1,False,2.6220703125
Dense2x40,6260,3,3,1,False,5.1220703125
Dense2x40,8946,3,3,1,False,3.69140625
Dense2x40,8570,3,3,1,False,7.8271484375
Dense2x40,807,3,3,1,False,3.603515625
Dense2x40,5067,3,3,1,False,0.6689453125
Dense2x40,1681,3,7,1,False,3.6474609375
Dense2x40,90,3,3,1,False,4.0673828125
Dense2x40,3299,3,3,1,False,2.978515625
Dense2x40,944,3,3,1,False,0.9716796875
Dense2x40,1798,3,3,1,False,1.494140625
Dense2x40,7719,3,3,1,False,3.5205078125
Dense2x40,923,3,3,1,False,5.9033203125
Dense2x40,5538,3,3,1,False,6.2841796875
Dense2x40,8171,3,3,1,False,2.4072265625
Dense2x40,3283,3,3,1,False,1.3623046875
Dense2x40,847,3,3,1,False,3.6279296875
Dense2x40,8430,3,3,1,False,2.8759765625
Dense2x40,3085,3,3,1,False,2.080078125
Dense2x40,7214,3,3,1,False,3.9599609375
Dense2x40,4334,3,3,1,False,0.771484375
Dense2x40,1489,3,3,1,False,4.8876953125
Dense2x40,1730,3,3,1,False,2.041015625
Dense2x40,648,3,3,1,False,5.7470703125
Dense2x40,4018,3,3,1,False,1.9091796875
Dense2x40,8489,3,3,1,False,2.83203125
Dense2x40,4509,3,3,1,False,2.3486328125
Dense2x40,595,3,3,1,False,1.875
Dense2x40,4688,3,3,1,False,4.6533203125
Dense2x40,3080,3,3,1,False,4.1552734375
Dense2x40,3129,3,3,1,False,1.4111328125
Dense2x40,9231,3,3,1,False,2.01171875
Dense2x40,7893,3,3,1,False,5.6591796875
Dense2x40,5638,3,3,1,False,2.6904296875
Dense2x40,1617,3,3,1,False,3.0810546875
Dense2x40,6285,3,3,1,False,6.2841796875
Dense2x40,9881,3,3,1,False,0.654296875
Dense2x40,1291,3,3,1,False,2.275390625
Dense2x40,3824,3,3,1,False,2.2119140625
Dense2x40,5912,3,0,1,False,0.0830078125
Dense2x19,4642,0,0,1,False,2.2412109375
Dense2x19,5253,0,0,1,False,3.76953125
Dense2x19,8077,0,0,1,False,5.6787109375
Dense2x19,1944,0,0,1,False,5.3857421875
Dense2x19,5806,0,0,1,False,3.046875
Dense2x19,7655,0,0,1,False,6.1669921875
Dense2x19,8307,0,0,1,False,3.0322265625
Dense2x19,7555,0,0,1,False,3.37890625
Dense2x19,5652,0,0,1,False,3.798828125
Dense2x19,9367,0,0,1,False,5.927734375
Dense2x19,9519,0,0,1,False,5.7470703125
Dense2x19,6181,0,0,1,False,3.2861328125
Dense2x19,9488,0,0,1,False,5.6103515625
Dense2x19,3646,0,0,1,False,2.509765625
Dense2x19,3,0,0,1,False,4.501953125
Dense2x19,3359,0,0,1,False,4.755859375
Dense2x19,1700,0,0,1,False,3.505859375
Dense2x19,1995,0,0,1,False,3.3544921875
Dense2x19,1841,0,0,1,False,4.228515625
Dense2x19,5593,0,0,1,False,2.9052734375
Dense2x19,9239,0,0,1,False,5.634765625
Dense2x19,2385,0,0,1,False,7.0068359375
Dense2x19,2492,0,0,1,False,6.2548828125
Dense2x19,5965,0,0,1,False,5.4248046875
Dense2x19,3445,0,0,1,False,4.8583984375
Dense2x19,1288,0,0,1,False,1.5234375
Dense2x19,5721,0,0,1,False,3.8671875
Dense2x19,9273,0,0,1,False,2.861328125
Dense2x19,7537,0,0,1,False,4.375
Dense2x19,126,0,0,1,False,1.689453125
Dense2x19,2568,0,0,1,False,2.578125
Dense2x19,9634,0,3,1,False,1.0693359375
Dense2x19,2764,0,0,1,False,2.861328125
Dense2x19,5043,0,0,1,False,5.8154296875
Dense2x19,3624,0,0,1,False,4.6630859375
Dense2x19,8752,0,0,1,False,4.8486328125
Dense2x19,656,0,0,1,False,3.5791015625
Dense2x19,7782,0,0,1,False,7.6513671875
Dense2x19,296,0,0,1,False,5.8447265625
Dense2x19,6428,0,6,1,False,0.0048828125
Dense2x19,4757,0,0,1,False,5.234375
Dense2x19,8163,0,0,1,False,4.35546875
Dense2x19,9911,0,0,1,False,3.9990234375
Dense2x19,269,0,0,1,False,3.5791015625
Dense2x19,3297,0,0,1,False,2.4169921875
Dense2x19,8764,0,0,1,False,5.791015625
Dense2x19,4959,0,0,1,False,2.96875
Dense2x19,620,0,0,1,False,2.3095703125
Dense2x19,8067,0,0,1,False,8.4228515625
Dense2x19,6319,0,0,1,False,4.90234375
Dense2x19,7810,0,0,1,False,6.494140625
Dense2x19,608,0,0,1,False,2.333984375
Dense2x19,2527,0,0,1,False,3.3837890625
Dense2x19,6770,0,0,1,False,6.23046875
Dense2x19,5321,0,0,1,False,5.458984375
Dense2x19,8881,0,0,1,False,4.1162109375
Dense2x19,2333,0,0,1,False,1.2841796875
Dense2x19,9552,0,0,1,False,3.6279296875
Dense2x19,192,0,0,1,False,3.701171875
Dense2x19,6752,0,0,1,False,5.5712890625
Dense2x19,4891,0,0,1,False,3.388671875
Dense2x19,525,0,0,1,False,3.876953125
Dense2x19,2188,0,0,1,False,3.2666015625
Dense2x19,4604,0,0,1,False,7.6513671875
Dense2x19,9311,0,0,1,False,3.45703125
Dense2x19,9648,0,0,1,False,4.4970703125
Dense2x19,1273,0,0,1,False,3.37890625
Dense2x19,3786,1,1,1,False,4.8583984375
Dense2x19,5254,1,1,1,False,3.22265625
Dense2x19,4778,1,1,1,False,4.306640625
Dense2x19,4349,1,1,1,False,4.4384765625
Dense2x19,6356,1,1,1,False,4.51171875
Dense2x19,2379,1,1,1,False,5.3662109375
Dense2x19,8575,1,1,1,False,3.90625
Dense2x19,3231,1,1,1,False,5.1171875
Dense2x19,7217,1,1,1,False,2.919921875
Dense2x19,4292,1,1,1,False,4.5556640625
Dense2x19,1829,1,1,1,False,2.9638671875
Dense2x19,9594,1,1,1,False,3.4130859375
Dense2x19,1515,1,1,1,False,4.5458984375
Dense2x19,5,1,1,1,False,4.55078125
Dense2x19,168,1,1,1,False,5.1171875
Dense2x19,279,1,1,1,False,4.0771484375
Dense2x19,8004,1,1,1,False,2.7734375
Dense2x19,9649,1,1,1,False,3.1005859375
Dense2x19,7856,1,1,1,False,1.2646484375
Dense2x19,9661,1,1,1,False,4.16015625
Dense2x19,2902,1,1,1,False,4.169921875
Dense2x19,5566,1,1,1,False,4.0185546875
Dense2x19,4507,1,1,1,False,2.138671875
Dense2x19,5092,1,1,1,False,4.501953125
Dense2x19,988,1,1,1,False,3.0126953125
Dense2x19,1861,1,1,1,False,5.1318359375
Dense2x19,9345,1,1,1,False,4.35546875
Dense2x19,5614,1,1,1,False,4.599609375
Dense2x19,5535,1,1,1,False,4.267578125
Dense2x19,1054,1,1,1,False,4.0283203125
Dense2x19,2164,1,1,1,False,4.560546875
Dense2x19,7340,1,1,1,False,4.53125
Dense2x19,2228,1,1,1,False,2.9833984375
Dense2x19,345,1,1,1,False,5.44921875
Dense2x19,2529,1,1,1,False,5.1708984375
Dense2x19,4074,1,1,1,False,3.8427734375
Dense2x19,4025,1,1,1,False,5.048828125
Dense2x19,5093,1,1,1,False,3.88671875
Dense2x19,4304,1,1,1,False,3.7060546875
Dense2x19,6556,1,1,1,False,2.7734375
Dense2x19,7167,1,1,1,False,4.033203125
Dense2x19,4759,1,1,1,False,2.724609375
Dense2x19,9657,1,1,1,False,3.759765625
Dense2x19,3990,1,1,1,False,4.5166015625
Dense2x19,2704,1,1,1,False,3.984375
Dense2x19,314,1,1,1,False,5.185546875
Dense2x19,9622,1,1,1,False,3.84765625
Dense2x19,1214,1,1,1,False,4.8046875
Dense2x19,2051,1,1,1,False,4.1259765625
Dense2x19,9017,1,1,1,False,2.5
Dense2x19,4871,1,1,1,False,3.1298828125
Dense2x19,7954,1,1,1,False,4.306640625
Dense2x19,682,1,1,1,False,4.27734375
Dense2x19,476,1,1,1,False,5.0830078125
Dense2x19,8887,1,1,1,False,3.0615234375
Dense2x19,2803,1,1,1,False,4.365234375
Dense2x19,9556,1,1,1,False,2.333984375
Dense2x19,3126,1,1,1,False,4.755859375
Dense2x19,2822,1,1,1,False,5.1025390625
Dense2x19,4877,1,1,1,False,3.681640625
Dense2x19,1659,1,1,1,False,4.0234375
Dense2x19,9120,1,1,1,False,4.208984375
Dense2x19,1773,1,1,1,False,0.9716796875
Dense2x19,5661,1,1,1,False,3.896484375
Dense2x19,6515,1,1,1,False,3.4326171875
Dense2x19,900,1,1,1,False,1.5087890625
Dense2x19,4574,1,1,1,False,3.349609375
Dense2x19,9468,3,3,1,False,3.0224609375
Dense2x19,8379,3,3,1,False,2.8955078125
Dense2x19,3686,3,3,1,False,1.7919921875
Dense2x19,2745,3,3,1,False,1.25
Dense2x19,9548,3,3,1,False,6.3720703125
Dense2x19,808,3,3,1,False,3.037109375
Dense2x19,8780,3,3,1,False,7.1875
Dense2x19,7771,3,3,1,False,3.974609375
Dense2x19,3947,3,3,1,False,5.966796875
Dense2x19,1628,3,3,1,False,2.2265625
Dense2x19,6727,3,3,1,False,7.6025390625
Dense2x19,310,3,3,1,False,3.0712890625
Dense2x19,449,3,5,1,False,0.41015625
Dense2x19,4492,3,3,1,False,2.98828125
Dense2x19,7185,3,3,1,False,3.9453125
Dense2x19,4084,3,3,1,False,2.4951171875
Dense2x19,9073,3,3,1,False,3.7646484375
Dense2x19,3448,3,3,1,False,0.78125
Dense2x19,3717,3,3,1,False,1.962890625
Dense2x19,9342,3,3,1,False,1.6064453125
Dense2x19,8753,3,3,1,False,5.0048828125
Dense2x19,1730,3,3,1,False,1.0595703125
Dense2x19,3795,3,3,1,False,2.138671875
Dense2x19,9975,3,2,1,False,1.396484375
Dense2x19,6065,3,8,1,False,0.15625
Dense2x19,4802,3,3,1,False,2.3779296875
Dense2x19,3177,3,3,1,False,4.27734375
Dense2x19,7639,3,3,1,False,2.7734375
Dense2x19,4109,3,3,1,False,2.7978515625
Dense2x19,1765,3,5,1,False,0.3369140625
Dense2x19,5028,3,3,1,False,4.2822265625
Dense2x19,2032,3,3,1,False,4.013671875
Dense2x19,369,3,3,1,False,2.822265625
Dense2x19,2450,3,3,1,False,0.3173828125
Dense2x19,3138,3,3,1,False,0.9814453125
Dense2x19,6023,3,5,1,False,0.5322265625
Dense2x19,7750,3,3,1,False,5.5859375
Dense2x19,6370,3,3,1,False,1.083984375
Dense2x19,2978,3,3,1,False,4.4189453125
Dense2x19,2105,3,3,1,False,1.5283203125
Dense2x19,7329,3,3,1,False,6.6845703125
Dense2x19,2072,3,3,1,False,2.646484375
Dense2x19,8952,3,3,1,False,1.1083984375
Dense2x19,7010,3,3,1,False,3.7158203125
Dense2x19,4854,3,3,1,False,5.361328125
Dense2x19,1020,3,3,1,False,3.6962890625
Dense2x19,2255,3,3,1,False,2.8271484375
Dense2x19,669,3,3,1,False,3.583984375
Dense2x19,6564,3,3,1,False,1.0302734375
Dense2x19,4664,3,3,1,False,2.1728515625
Dense2x19,1690,3,3,1,False,3.125
Dense2x19,3221,3,3,1,False,6.8505859375
Dense2x19,3167,3,1,1,False,0.80078125
Dense2x19,2716,3,3,1,False,5.01953125
Dense2x19,1798,3,3,1,False,1.66015625
Dense2x19,9370,3,3,1,False,5.37109375
Dense2x19,2533,3,3,1,False,2.2705078125
Dense2x19,4635,3,3,1,False,0.263671875
Dense2x19,4990,3,2,1,False,0.3857421875
Dense2x19,2128,3,3,1,False,5.3955078125
Dense2x19,2284,3,3,1,False,2.8955078125
Dense2x19,4758,3,3,1,False,4.560546875
Dense2x19,1134,3,3,1,False,4.4287109375
Dense2x19,4164,3,3,1,False,4.9609375
Dense2x19,531,3,3,1,False,0.2099609375
Dense2x19,1837,3,3,1,False,1.181640625
Dense3x36,3450,0,0,1,False,0.9375
Dense3x36,4628,0,0,1,False,3.1982421875
Dense3x36,1533,0,0,1,False,3.056640625
Dense3x36,9273,0,0,1,False,2.6123046875
Dense3x36,2592,0,0,1,False,4.5361328125
Dense3x36,7868,0,0,1,False,5.166015625
Dense3x36,1273,0,0,1,False,2.7783203125
Dense3x36,1807,0,0,1,False,2.822265625
Dense3x36,9296,0,0,1,False,2.3388671875
Dense3x36,2999,0,0,1,False,2.724609375
Dense3x36,8611,0,0,1,False,3.330078125
Dense3x36,3445,0,0,1,False,3.798828125
Dense3x36,1203,0,0,1,False,5.234375
Dense3x36,2811,0,0,1,False,3.5693359375
Dense3x36,972,0,0,1,False,3.6181640625
Dense3x36,7855,0,0,1,False,5.4443359375
Dense3x36,1001,0,0,1,False,3.134765625
Dense3x36,9739,0,0,1,False,2.75390625
Dense3x36,6766,0,0,1,False,4.7021484375
Dense3x36,7452,0,0,1,False,2.646484375
Dense3x36,6288,0,0,1,False,4.4482421875
Dense3x36,2081,0,0,1,False,3.0029296875
Dense3x36,1454,0,0,1,False,1.4306640625
Dense3x36,2794,0,0,1,False,1.865234375
Dense3x36,3942,0,0,1,False,2.529296875
Dense3x36,3297,0,0,1,False,1.2939453125
Dense3x36,7791,0,0,1,False,5.4052734375
Dense3x36,4958,0,0,1,False,4.111328125
Dense3x36,8172,0,0,1,False,3.7353515625
Dense3x36,1748,0,4,1,False,0.8203125
Dense3x36,1623,0,0,1,False,2.9296875
Dense3x36,8621,0,0,1,False,2.978515625
Dense3x36,1726,0,0,1,False,3.583984375
Dense3x36,7593,0,0,1,False,3.7646484375
Dense3x36,7737,0,0,1,False,6.9775390625
Dense3x36,10,0,0,1,False,3.0859375
Dense3x36,4804,0,0,1,False,7.7001953125
Dense3x36,1808,0,0,1,False,1.123046875
Dense3x36,6398,0,0,1,False,4.716796875
Dense3x36,2318,0,0,1,False,2.177734375
Dense3x36,6701,0,0,1,False,4.58984375
Dense3x36,6835,0,0,1,False,4.7607421875
Dense3x36,7203,0,0,1,False,4.326171875
Dense3x36,1288,0,0,1,False,1.787109375
Dense3x36,9189,0,0,1,False,4.0673828125
Dense3x36,3359,0,0,1,False,4.8828125
Dense3x36,4641,0,0,1,False,3.173828125
Dense3x36,4923,0,0,1,False,2.9052734375
Dense3x36,7526,0,0,1,False,4.052734375
Dense3x36,7261,0,0,1,False,3.408203125
Dense3x36,3479,0,0,1,False,1.7578125
Dense3x36,644,0,0,1,False,3.818359375
Dense3x36,6597,0,7,1,False,1.630859375
Dense3x36,3178,0,0,1,False,4.912109375
Dense3x36,3219,0,0,1,False,0.9912109375
Dense3x36,1892,0,0,1,False,3.5107421875
Dense3x36,9060,0,0,1,False,7.158203125
Dense3x36,6181,0,0,1,False,3.1298828125
Dense3x36,9038,0,0,1,False,3.212890625
Dense3x36,7607,0,0,1,False,3.759765625
Dense3x36,5147,0,0,1,False,3.525390625
Dense3x36,9801,0,0,1,False,4.296875
Dense3x36,25,0,0,1,False,5.966796875
Dense3x36,5838,0,0,1,False,3.125
Dense3x36,8221,0,0,1,False,4.1796875
Dense3x36,4614,0,0,1,False,4.58984375
Dense3x36,8351,0,0,1,False,2.626953125
Dense3x36,9264,0,0,1,False,2.0361328125
Dense3x36,3354,1,1,1,False,3.30078125
Dense3x36,7856,1,8,1,False,1.5673828125
Dense3x36,1603,1,1,1,False,2.2802734375
Dense3x36,9594,1,1,1,False,1.1279296875
Dense3x36,4972,1,1,1,False,1.9482421875
Dense3x36,6202,1,1,1,False,2.373046875
Dense3x36,5477,1,1,1,False,2.55859375
Dense3x36,2164,1,1,1,False,2.578125
Dense3x36,3231,1,1,1,False,2.919921875
Dense3x36,2013,1,1,1,False,1.7041015625
Dense3x36,2753,1,1,1,False,0.9375
Dense3x36,377,1,1,1,False,2.353515625
Dense3x36,3648,1,1,1,False,2.958984375
Dense3x36,1037,1,1,1,False,2.8662109375
Dense3x36,4806,1,1,1,False,2.099609375
Dense3x36,416,1,1,1,False,2.6416015625
Dense3x36,7954,1,1,1,False,1.806640625
Dense3x36,9313,1,1,1,False,2.01171875
Dense3x36,4138,1,1,1,False,2.5830078125
Dense3x36,489,1,1,1,False,2.1875
Dense3x36,1434,1,1,1,False,2.9638671875
Dense3x36,7790,1,1,1,False,1.8994140625
Dense3x36,5486,1,1,1,False,2.67578125
Dense3x36,330,1,1,1,False,2.7392578125
Dense3x36,5978,1,1,1,False,2.24609375
Dense3x36,1397,1,1,1,False,2.7587890625
Dense3x36,7581,1,1,1,False,2.7490234375
Dense3x36,2705,1,1,1,False,0.87890625
Dense3x36,8390,1,1,1,False,2.36328125
Dense3x36,1646,1,1,1,False,2.3193359375
Dense3x36,8549,1,1,1,False,2.9931640625
Dense3x36,3351,1,1,1,False,1.357421875
Dense3x36,4337,1,1,1,False,2.6123046875
Dense3x36,6758,1,1,1,False,3.1884765625
Dense3x36,9090,1,1,1,False,3.0615234375
Dense3x36,7911,1,1,1,False,2.998046875
Dense3x36,3777,1,1,1,False,1.7138671875
Dense3x36,7783,1,1,1,False,1.5087890625
Dense3x36,2273,1,1,1,False,1.6162109375
Dense3x36,4262,1,1,1,False,2.216796875
Dense3x36,2316,1,1,1,False,2.9248046875
Dense3x36,143,1,1,1,False,2.529296875
Dense3x36,9081,1,1,1,False,2.3046875
Dense3x36,8289,1,1,1,False,2.490234375
Dense3x36,5460,1,1,1,False,2.0458984375
Dense3x36,5722,1,1,1,False,2.6806640625
Dense3x36,5490,1,1,1,False,2.59765625
Dense3x36,2827,1,1,1,False,1.9189453125
Dense3x36,473,1,1,1,False,1.650390625
Dense3x36,956,1,2,1,False,1.4990234375
Dense3x36,6670,1,1,1,False,1.904296875
Dense3x36,4927,1,1,1,False,2.9150390625
Dense3x36,7344,1,1,1,False,2.587890625
Dense3x36,6661,1,1,1,False,2.9248046875
Dense3x36,3272,1,1,1,False,1.9580078125
Dense3x36,2655,1,1,1,False,2.4658203125
Dense3x36,7453,1,1,1,False,2.08984375
Dense3x36,1791,1,1,1,False,2.65625
Dense3x36,8986,1,1,1,False,2.2900390625
Dense3x36,2504,1,1,1,False,1.6357421875
Dense3x36,1139,1,1,1,False,2.7783203125
Dense3x36,7373,1,1,1,False,3.134765625
Dense3x36,2688,1,1,1,False,2.529296875
Dense3x36,2982,1,1,1,False,2.7685546875
Dense3x36,8439,1,1,1,False,1.9287109375
Dense3x36,5933,1,1,1,False,2.1875
Dense3x36,2343,1,1,1,False,2.3876953125
Dense3x36,2690,3,3,1,False,1.1279296875
Dense3x36,7006,3,3,1,False,3.3447265625
Dense3x36,4928,3,3,1,False,2.1240234375
Dense3x36,8801,3,3,1,False,2.0703125
Dense3x36,205,3,3,1,False,1.865234375
Dense3x36,6481,3,3,1,False,1.8212890625
Dense3x36,782,3,3,1,False,3.22265625
Dense3x36,7140,3,3,1,False,1.9677734375
Dense3x36,4026,3,3,1,False,3.1640625
Dense3x36,68,3,3,1,False,2.67578125
Dense3x36,8130,3,3,1,False,2.099609375
Dense3x36,9790,3,3,1,False,1.5771484375
Dense3x36,4885,3,3,1,False,2.2119140625
Dense3x36,1069,3,3,1,False,3.4521484375
Dense3x36,5019,3,3,1,False,2.34375
Dense3x36,9840,3,5,1,False,0.1220703125
Dense3x36,4808,3,5,1,False,0.8203125
Dense3x36,1690,3,3,1,False,1.5478515625
Dense3x36,9559,3,3,1,False,3.28125
Dense3x36,2109,3,7,1,False,1.0791015625
Dense3x36,2785,3,3,1,False,1.767578125
Dense3x36,6857,3,3,1,False,2.421875
Dense3x36,2566,3,3,1,False,2.6025390625
Dense3x36,8957,3,3,1,False,2.4462890625
Dense3x36,8603,3,3,1,False,1.7431640625
Dense3x36,4605,3,3,1,False,0.576171875
Dense3x36,3085,3,3,1,False,2.041015625
Dense3x36,526,3,3,1,False,1.5625
Dense3x36,3015,3,3,1,False,1.93359375
Dense3x36,9655,3,3,1,False,0.126953125
Dense3x36,2511,3,3,1,False,1.5380859375
Dense3x36,3515,3,3,1,False,4.8388671875
Dense3x36,7131,3,3,1,False,4.3408203125
Dense3x36,4352,3,3,1,False,2.7294921875
Dense3x36,3531,3,3,1,False,1.1474609375
Dense3x36,9942,3,3,1,False,2.1484375
Dense3x36,5708,3,3,1,False,2.4267578125
Dense3x36,4940,3,3,1,False,2.7880859375
Dense3x36,8419,3,3,1,False,2.4609375
Dense3x36,8766,3,3,1,False,2.7783203125
Dense3x36,8167,3,3,1,False,2.9833984375
Dense3x36,2745,3,3,1,False,0.48828125
Dense3x36,3975,3,3,1,False,2.7001953125
Dense3x36,3642,3,3,1,False,4.2578125
Dense3x36,1605,3,3,1,False,2.34375
Dense3x36,2575,3,3,1,False,3.5546875
Dense3x36,9860,3,5,1,False,0.3662109375
Dense3x36,2011,3,3,1,False,1.8310546875
Dense3x36,9063,3,3,1,False,2.2705078125
Dense3x36,3456,3,3,1,False,1.6943359375
Dense3x36,4990,3,2,1,False,0.078125
Dense3x36,1490,3,3,1,False,1.787109375
Dense3x36,3527,3,3,1,False,2.3193359375
Dense3x36,3787,3,3,1,False,2.03125
Dense3x36,2767,3,3,1,False,2.5390625
Dense3x36,8780,3,3,1,False,4.1455078125
Dense3x36,4244,3,3,1,False,1.0986328125
Dense3x36,6103,3,3,1,False,4.4091796875
Dense3x36,7435,3,3,1,False,3.8525390625
Dense3x36,3074,3,3,1,False,2.8515625
Dense3x36,8485,3,3,1,False,2.5439453125
Dense3x36,3193,3,3,1,False,0.5126953125
Dense3x36,687,3,3,1,False,2.1875
Dense3x36,1020,3,3,1,False,3.02734375
Dense3x36,2731,3,3,1,False,1.66015625
Dense3x36,1315,3,3,1,False,0.48828125
Dense2x32,4351,0,0,1,False,5.7763671875
Dense2x32,896,0,0,1,False,2.0947265625
Dense2x32,2204,0,0,1,False,4.27734375
Dense2x32,7440,0,0,1,False,3.1494140625
Dense2x32,1526,0,0,1,False,6.4013671875
Dense2x32,8077,0,0,1,False,7.6806640625
Dense2x32,1726,0,0,1,False,4.560546875
Dense2x32,4361,0,0,1,False,3.427734375
Dense2x32,2033,0,0,1,False,1.005859375
Dense2x32,6795,0,0,1,False,5.1171875
Dense2x32,5756,0,0,1,False,3.61328125
Dense2x32,5659,0,0,1,False,5.966796875
Dense2x32,6510,0,0,1,False,5.4052734375
Dense2x32,1892,0,0,1,False,5.7470703125
Dense2x32,4146,0,0,1,False,2.4560546875
Dense2x32,7887,0,0,1,False,7.841796875
Dense2x32,7354,0,0,1,False,1.943359375
Dense2x32,9757,0,0,1,False,4.482421875
Dense2x32,5043,0,0,1,False,6.5869140625
Dense2x32,4023,0,0,1,False,7.2509765625
Dense2x32,4392,0,0,1,False,5.341796875
Dense2x32,8513,0,0,1,False,5.5224609375
Dense2x32,7873,0,0,1,False,9.130859375
Dense2x32,6062,0,0,1,False,7.5390625
Dense2x32,1121,0,0,1,False,1.4208984375
Dense2x32,8114,0,0,1,False,7.2998046875
Dense2x32,845,0,0,1,False,4.1162109375
Dense2x32,7133,0,0,1,False,4.404296875
Dense2x32,8691,0,0,1,False,6.7041015625
Dense2x32,4641,0,0,1,False,3.69140625
Dense2x32,2972,0,0,1,False,5.72265625
Dense2x32,9179,0,0,1,False,6.4453125
Dense2x32,3265,0,0,1,False,5.4345703125
Dense2x32,5847,0,0,1,False,4.5263671875
Dense2x32,2713,0,0,1,False,1.884765625
Dense2x32,4741,0,0,1,False,3.4521484375
Dense2x32,5513,0,0,1,False,5.283203125
Dense2x32,194,0,0,1,False,3.2080078125
Dense2x32,2747,0,0,1,False,9.775390625
Dense2x32,7593,0,0,1,False,5.009765625
Dense2x32,6478,0,0,1,False,5.3125
Dense2x32,2417,0,0,1,False,3.0810546875
Dense2x32,2703,0,0,1,False,5.5078125
Dense2x32,7953,0,0,1,False,7.177734375
Dense2x32,8611,0,0,1,False,4.7509765625
Dense2x32,4554,0,0,1,False,6.66015625
Dense2x32,9885,0,0,1,False,4.2431640625
Dense2x32,8528,0,0,1,False,8.5595703125
Dense2x32,7699,0,0,1,False,4.8388671875
Dense2x32,1223,0,0,1,False,5.4345703125
Dense2x32,6437,0,0,1,False,5.29296875
Dense2x32,5398,0,0,1,False,3.8330078125
Dense2x32,5593,0,0,1,False,2.5537109375
Dense2x32,3640,0,0,1,False,1.953125
Dense2x32,2714,0,0,1,False,5.0927734375
Dense2x32,7688,0,0,1,False,5.146484375
Dense2x32,1807,0,0,1,False,3.974609375
Dense2x32,2403,0,0,1,False,6.025390625
Dense2x32,6264,0,0,1,False,7.412109375
Dense2x32,3013,0,0,1,False,5.68359375
Dense2x32,1757,0,0,1,False,3.2763671875
Dense2x32,7289,0,0,1,False,6.8115234375
Dense2x32,8621,0,0,1,False,3.8232421875
Dense2x32,6925,0,0,1,False,4.765625
Dense2x32,592,0,0,1,False,5.21484375
Dense2x32,904,0,0,1,False,5.126953125
Dense2x32,2988,0,0,1,False,2.24609375
Dense2x32,6602,0,0,1,False,4.3994140625
Dense2x32,2316,1,1,1,False,3.4423828125
Dense2x32,1885,1,1,1,False,2.2900390625
Dense2x32,4606,1,1,1,False,2.4169921875
Dense2x32,6848,1,1,1,False,3.212890625
Dense2x32,6192,1,1,1,False,3.2373046875
Dense2x32,2136,1,1,1,False,3.33984375
Dense2x32,4580,1,1,1,False,2.83203125
Dense2x32,6310,1,1,1,False,3.2470703125
Dense2x32,2283,1,1,1,False,3.6572265625
Dense2x32,8443,1,1,1,False,2.51953125
Dense2x32,7507,1,1,1,False,3.037109375
Dense2x32,2984,1,1,1,False,2.6025390625
Dense2x32,9556,1,1,1,False,1.0986328125
Dense2x32,6141,1,1,1,False,3.564453125
Dense2x32,1897,1,1,1,False,3.5693359375
Dense2x32,6408,1,1,1,False,3.3154296875
Dense2x32,2017,1,1,1,False,3.2958984375
Dense2x32,2071,1,1,1,False,2.5830078125
Dense2x32,7636,1,1,1,False,3.3447265625
Dense2x32,9956,1,1,1,False,2.1728515625
Dense2x32,7563,1,1,1,False,3.1689453125
Dense2x32,9388,1,1,1,False,3.291015625
Dense2x32,1773,1,8,1,False,1.0498046875
Dense2x32,2398,1,1,1,False,4.3994140625
Dense2x32,5553,1,1,1,False,4.0380859375
Dense2x32,9348,1,1,1,False,3.53515625
Dense2x32,2335,1,1,1,False,4.130859375
Dense2x32,6472,1,1,1,False,2.5341796875
Dense2x32,4409,1,1,1,False,2.4365234375
Dense2x32,5291,1,1,1,False,3.2861328125
Dense2x32,9313,1,1,1,False,2.958984375
Dense2x32,9689,1,1,1,False,3.0859375
Dense2x32,8724,1,1,1,False,2.87109375
Dense2x32,1838,1,1,1,False,2.16796875
Dense2x32,4563,1,1,1,False,1.962890625
Dense2x32,9622,1,1,1,False,3.0810546875
Dense2x32,9591,1,1,1,False,2.5634765625
Dense2x32,2355,1,1,1,False,3.76953125
Dense2x32,4733,1,1,1,False,1.796875
Dense2x32,2885,1,1,1,False,2.3583984375
Dense2x32,1137,1,1,1,False,2.91015625
Dense2x32,7167,1,1,1,False,2.8076171875
Dense2x32,5477,1,1,1,False,3.06640625
Dense2x32,1876,1,1,1,False,3.701171875
Dense2x32,9819,1,1,1,False,3.4130859375
Dense2x32,4039,1,1,1,False,2.880859375
Dense2x32,2261,1,1,1,False,3.3935546875
Dense2x32,4643,1,1,1,False,3.3642578125
Dense2x32,9682,1,1,1,False,3.65234375
Dense2x32,1785,1,1,1,False,3.271484375
Dense2x32,7053,1,1,1,False,1.9189453125
Dense2x32,7638,1,1,1,False,4.1650390625
Dense2x32,9643,1,7,1,False,0.9423828125
Dense2x32,9760,1,1,1,False,2.3046875
Dense2x32,6162,1,1,1,False,3.8818359375
Dense2x32,6502,1,1,1,False,2.939453125
Dense2x32,3351,1,1,1,False,1.982421875
Dense2x32,5630,1,1,1,False,2.685546875
Dense2x32,1646,1,1,1,False,3.369140625
Dense2x32,7048,1,1,1,False,2.9833984375
Dense2x32,3852,1,1,1,False,1.8701171875
Dense2x32,3354,1,1,1,False,3.7890625
Dense2x32,9241,1,1,1,False,3.28125
Dense2x32,8459,1,1,1,False,2.9541015625
Dense2x32,96,1,1,1,False,1.884765625
Dense2x32,329,1,1,1,False,3.544921875
Dense2x32,9612,1,1,1,False,0.9814453125
Dense2x32,196,1,1,1,False,3.7255859375
Dense2x32,615,1,1,1,False,2.6904296875
Dense2x32,7014,1,1,1,False,3.525390625
Dense2x32,8485,3,3,1,False,3.5302734375
Dense2x32,8821,3,3,1,False,3.9111328125
Dense2x32,9261,3,3,1,False,3.8427734375
Dense2x32,7568,3,3,1,False,4.9267578125
Dense2x32,9654,3,3,1,False,2.509765625
Dense2x32,2011,3,3,1,False,3.1787109375
Dense2x32,8206,3,3,1,False,7.1826171875
Dense2x32,8494,3,3,1,False,4.287109375
Dense2x32,4703,3,3,1,False,4.6142578125
Dense2x32,2501,3,3,1,False,4.990234375
Dense2x32,3363,3,3,1,False,3.7255859375
Dense2x32,9604,3,3,1,False,4.8046875
Dense2x32,8167,3,3,1,False,5.7470703125
Dense2x32,2921,3,2,1,False,0.4638671875
Dense2x32,1072,3,3,1,False,1.8798828125
Dense2x32,5062,3,3,1,False,1.4599609375
Dense2x32,699,3,3,1,False,1.3720703125
Dense2x32,5468,3,3,1,False,3.0859375
Dense2x32,1779,3,3,1,False,3.18359375
Dense2x32,5638,3,3,1,False,2.5927734375
Dense2x32,7529,3,3,1,False,2.4462890625
Dense2x32,4796,3,3,1,False,1.93359375
Dense2x32,7501,3,3,1,False,3.740234375
Dense2x32,6664,3,3,1,False,2.0947265625
Dense2x32,2441,3,3,1,False,2.7001953125
Dense2x32,3739,3,3,1,False,2.0068359375
Dense2x32,9581,3,3,1,False,4.7900390625
Dense2x32,8777,3,3,1,False,5.9423828125
Dense2x32,7993,3,3,1,False,5.1318359375
Dense2x32,9027,3,3,1,False,2.0458984375
Dense2x32,4242,3,3,1,False,3.369140625
Dense2x32,3486,3,3,1,False,3.515625
Dense2x32,3812,3,3,1,False,4.482421875
Dense2x32,6289,3,3,1,False,2.3974609375
Dense2x32,6465,3,3,1,False,2.67578125
Dense2x32,6681,3,3,1,False,2.7001953125
Dense2x32,4552,3,3,1,False,3.5986328125
Dense2x32,9790,3,3,1,False,3.8427734375
Dense2x32,5780,3,3,1,False,2.119140625
Dense2x32,6009,3,3,1,False,1.07421875
Dense2x32,7831,3,3,1,False,4.970703125
Dense2x32,8716,3,3,1,False,5.8935546875
Dense2x32,505,3,3,1,False,2.763671875
Dense2x32,2927,3,2,1,False,2.4169921875
Dense2x32,8655,3,3,1,False,2.3046875
Dense2x32,8397,3,3,1,False,3.8671875
Dense2x32,1608,3,3,1,False,3.75
Dense2x32,6290,3,3,1,False,2.890625
Dense2x32,5245,3,3,1,False,3.7841796875
Dense2x32,6636,3,3,1,False,1.25
Dense2x32,2813,3,3,1,False,2.626953125
Dense2x32,6421,3,2,1,False,1.669921875
Dense2x32,8946,3,3,1,False,3.974609375
Dense2x32,628,3,9,1,False,0.087890625
Dense2x32,5212,3,3,1,False,3.876953125
Dense2x32,2008,3,3,1,False,1.3037109375
Dense2x32,6714,3,3,1,False,5.947265625
Dense2x32,7131,3,3,1,False,5.4833984375
Dense2x32,5408,3,3,1,False,4.4189453125
Dense2x32,6371,3,3,1,False,3.369140625
Dense2x32,7639,3,3,1,False,2.5244140625
Dense2x32,9944,3,9,1,False,1.767578125
Dense2x32,1150,3,3,1,False,2.6123046875
Dense2x32,1298,3,3,1,False,2.7294921875
Dense2x32,1731,3,3,1,False,4.833984375
Dense2x32,9996,3,3,1,False,5.37109375
Dense2x32,6389,3,3,1,False,3.8671875
Dense3x48,4404,0,0,1,False,3.0419921875
Dense3x48,311,0,0,1,False,6.5576171875
Dense3x48,8865,0,0,1,False,4.052734375
Dense3x48,9310,0,0,1,False,3.3349609375
Dense3x48,1533,0,0,1,False,2.2802734375
Dense3x48,3660,0,0,1,False,4.27734375
Dense3x48,3980,0,0,1,False,4.4287109375
Dense3x48,9801,0,0,1,False,3.115234375
Dense3x48,1590,0,0,1,False,1.943359375
Dense3x48,2328,0,0,1,False,0.888671875
Dense3x48,7558,0,0,1,False,3.1591796875
Dense3x48,742,0,0,1,False,5.869140625
Dense3x48,3646,0,0,1,False,1.8701171875
Dense3x48,7747,0,0,1,False,4.9267578125
Dense3x48,2106,0,0,1,False,4.1259765625
Dense3x48,1692,0,0,1,False,3.310546875
Dense3x48,4720,0,0,1,False,3.4033203125
Dense3x48,8021,0,0,1,False,5.185546875
Dense3x48,1297,0,0,1,False,3.9794921875
Dense3x48,5043,0,0,1,False,5.205078125
Dense3x48,3804,0,0,1,False,2.412109375
Dense3x48,8221,0,0,1,False,5.2734375
Dense3x48,7868,0,0,1,False,5.4833984375
Dense3x48,9273,0,0,1,False,3.3203125
Dense3x48,8535,0,0,1,False,6.5625
Dense3x48,4935,0,0,1,False,3.3349609375
Dense3x48,3,0,0,1,False,4.150390625
Dense3x48,6753,0,0,1,False,4.6923828125
Dense3x48,9542,0,0,1,False,3.447265625
Dense3x48,3242,0,0,1,False,3.662109375
Dense3x48,6590,0,5,1,False,1.0791015625
Dense3x48,8951,0,0,1,False,4.3603515625
Dense3x48,6843,0,0,1,False,3.59375
Dense3x48,9983,0,0,1,False,5.1708984375
Dense3x48,2894,0,0,1,False,3.5400390625
Dense3x48,6454,0,0,1,False,3.4423828125
Dense3x48,871,0,0,1,False,5.09765625
Dense3x48,3297,0,0,1,False,2.626953125
Dense3x48,5531,0,0,1,False,5.21484375
Dense3x48,1712,0,0,1,False,3.1201171875
Dense3x48,148,0,0,1,False,2.75390625
Dense3x48,9134,0,0,1,False,5.732421875
Dense3x48,7049,0,0,1,False,0.4833984375
Dense3x48,8382,0,0,1,False,2.1484375
Dense3x48,6040,0,0,1,False,3.02734375
Dense3x48,4641,0,0,1,False,3.330078125
Dense3x48,8243,0,0,1,False,2.783203125
Dense3x48,721,0,0,1,False,2.744140625
Dense3x48,3317,0,0,1,False,1.1181640625
Dense3x48,5280,0,0,1,False,4.892578125
Dense3x48,3574,0,0,1,False,0.4638671875
Dense3x48,4241,0,0,1,False,4.6142578125
Dense3x48,561,0,0,1,False,2.4462890625
Dense3x48,9634,0,3,1,False,0.576171875
Dense3x48,9158,0,0,1,False,1.1474609375
Dense3x48,9552,0,0,1,False,3.2177734375
Dense3x48,9439,0,0,1,False,5.68359375
Dense3x48,5109,0,0,1,False,4.3310546875
Dense3x48,2932,0,0,1,False,2.40234375
Dense3x48,5918,0,0,1,False,2.3388671875
Dense3x48,6760,0,0,1,False,4.6923828125
Dense3x48,4320,0,0,1,False,4.7705078125
Dense3x48,9757,0,0,1,False,2.880859375
Dense3x48,904,0,0,1,False,3.4716796875
Dense3x48,2329,0,0,1,False,2.3974609375
Dense3x48,6131,0,0,1,False,7.2607421875
Dense3x48,6082,0,0,1,False,5.8837890625
Dense3x48,5290,0,0,1,False,3.8525390625
Dense3x48,6062,0,0,1,False,5.80078125
Dense3x48,3624,0,0,1,False,4.70703125
Dense3x48,6202,1,1,1,False,2.5830078125
Dense3x48,2343,1,1,1,False,2.0703125
Dense3x48,1674,1,1,1,False,2.3779296875
Dense3x48,7561,1,1,1,False,2.48046875
Dense3x48,251,1,1,1,False,1.0595703125
Dense3x48,5013,1,1,1,False,2.4951171875
Dense3x48,7832,1,1,1,False,2.5390625
Dense3x48,3353,1,1,1,False,2.529296875
Dense3x48,6232,1,1,1,False,2.626953125
Dense3x48,9434,1,1,1,False,2.7880859375
Dense3x48,6445,1,1,1,False,2.1337890625
Dense3x48,5477,1,1,1,False,2.5927734375
Dense3x48,8233,1,1,1,False,2.4365234375
Dense3x48,7167,1,1,1,False,2.3876953125
Dense3x48,777,1,1,1,False,2.6904296875
Dense3x48,1691,1,1,1,False,2.3486328125
Dense3x48,2984,1,1,1,False,2.2216796875
Dense3x48,8164,1,1,1,False,2.2900390625
Dense3x48,1305,1,1,1,False,2.3681640625
Dense3x48,2221,1,1,1,False,1.6845703125
Dense3x48,1834,1,1,1,False,2.900390625
Dense3x48,7173,1,1,1,False,2.3876953125
Dense3x48,3314,1,1,1,False,2.4755859375
Dense3x48,4603,1,1,1,False,2.646484375
Dense3x48,3259,1,1,1,False,2.7392578125
Dense3x48,2171,1,1,1,False,2.2119140625
Dense3x48,6809,1,1,1,False,1.8896484375
Dense3x48,1083,1,1,1,False,2.236328125
Dense3x48,1338,1,1,1,False,2.65625
Dense3x48,1603,1,1,1,False,2.607421875
Dense3x48,9591,1,1,1,False,2.080078125
Dense3x48,2928,1,1,1,False,2.587890625
Dense3x48,9699,1,1,1,False,1.923828125
Dense3x48,7812,1,1,1,False,0.341796875
Dense3x48,3039,1,1,1,False,1.8408203125
Dense3x48,2902,1,1,1,False,2.4755859375
Dense3x48,1736,1,1,1,False,2.3486328125
Dense3x48,3532,1,1,1,False,2.08984375
Dense3x48,4564,1,1,1,False,2.6611328125
Dense3x48,5316,1,1,1,False,2.9296875
Dense3x48,1193,1,1,1,False,2.6611328125
Dense3x48,3649,1,1,1,False,2.919921875
Dense3x48,1318,1,1,1,False,2.40234375
Dense3x48,6407,1,1,1,False,2.646484375
Dense3x48,2411,1,1,1,False,2.607421875
Dense3x48,6063,1,1,1,False,2.0166015625
Dense3x48,6472,1,1,1,False,2.177734375
Dense3x48,8086,1,1,1,False,2.5732421875
Dense3x48,5666,1,1,1,False,2.8515625
Dense3x48,1075,1,1,1,False,2.080078125
Dense3x48,4181,1,1,1,False,3.1591796875
Dense3x48,3582,1,1,1,False,1.6455078125
Dense3x48,979,1,1,1,False,2.998046875
Dense3x48,818,1,1,1,False,2.79296875
Dense3x48,3132,1,1,1,False,2.666015625
Dense3x48,9017,1,1,1,False,2.2802734375
Dense3x48,9896,1,1,1,False,2.3974609375
Dense3x48,964,1,1,1,False,1.6162109375
Dense3x48,3430,1,1,1,False,1.669921875
Dense3x48,3809,1,1,1,False,2.1630859375
Dense3x48,7658,1,1,1,False,2.890625
Dense3x48,2379,1,1,1,False,3.1787109375
Dense3x48,8219,1,1,1,False,2.5537109375
Dense3x48,4110,1,1,1,False,1.7431640625
Dense3x48,5254,1,1,1,False,2.03125
Dense3x48,2398,1,1,1,False,2.3583984375
Dense3x48,2519,1,1,1,False,1.62109375
Dense3x48,3433,1,1,1,False,2.5537109375
Dense3x48,3015,3,3,1,False,2.9833984375
Dense3x48,9762,3,3,1,False,0.9375
Dense3x48,8485,3,3,1,False,2.0458984375
Dense3x48,883,3,3,1,False,0.5419921875
Dense3x48,8014,3,3,1,False,2.5390625
Dense3x48,8362,3,3,1,False,0.849609375
Dense3x48,1611,3,3,1,False,0.4833984375
Dense3x48,912,3,3,1,False,2.8076171875
Dense3x48,4808,3,3,1,False,0.869140625
Dense3x48,6501,3,3,1,False,0.439453125
Dense3x48,5336,3,3,1,False,0.927734375
Dense3x48,6370,3,3,1,False,1.875
Dense3x48,4406,3,3,1,False,4.658203125
Dense3x48,9840,3,0,1,False,0.400390625
Dense3x48,3326,3,3,1,False,2.2607421875
Dense3x48,2991,3,3,1,False,1.669921875
Dense3x48,1983,3,3,1,False,1.8896484375
Dense3x48,1265,3,3,1,False,1.865234375
Dense3x48,5740,3,3,1,False,2.861328125
Dense3x48,2441,3,3,1,False,1.533203125
Dense3x48,780,3,3,1,False,2.3974609375
Dense3x48,408,3,3,1,False,1.81640625
Dense3x48,30,3,3,1,False,2.83203125
Dense3x48,6465,3,3,1,False,2.3193359375
Dense3x48,3527,3,3,1,False,2.3046875
Dense3x48,8489,3,3,1,False,1.796875
Dense3x48,807,3,3,1,False,3.6328125
Dense3x48,18,3,3,1,False,1.0009765625
Dense3x48,5747,3,3,1,False,3.3544921875
Dense3x48,1367,3,3,1,False,3.4912109375
Dense3x48,1612,3,3,1,False,2.7587890625
Dense3x48,4755,3,3,1,False,1.3037109375
Dense3x48,683,3,3,1,False,1.1767578125
Dense3x48,808,3,3,1,False,2.08984375
Dense3x48,2364,3,3,1,False,3.0126953125
Dense3x48,5892,3,3,1,False,2.01171875
Dense3x48,4796,3,3,1,False,1.708984375
Dense3x48,6727,3,3,1,False,4.5751953125
Dense3x48,9227,3,3,1,False,2.587890625
Dense3x48,1661,3,3,1,False,2.158203125
Dense3x48,8957,3,3,1,False,2.3046875
Dense3x48,6023,3,8,1,False,0.6201171875
Dense3x48,7993,3,3,1,False,2.890625
Dense3x48,5019,3,3,1,False,2.1435546875
Dense3x48,2921,3,0,1,False,0.95703125
Dense3x48,5146,3,3,1,False,1.50390625
Dense3x48,8561,3,3,1,False,2.5
Dense3x48,6517,3,0,1,False,0.3076171875
Dense3x48,9581,3,3,1,False,3.14453125
Dense3x48,6722,3,3,1,False,3.0859375
Dense3x48,2392,3,3,1,False,3.134765625
Dense3x48,8379,3,5,1,False,0.400390625
Dense3x48,195,3,3,1,False,0.3857421875
Dense3x48,9163,3,3,1,False,2.5830078125
Dense3x48,9925,3,3,1,False,0.05859375
Dense3x48,9986,3,8,1,False,0.078125
Dense3x48,3390,3,3,1,False,2.20703125
Dense3x48,3443,3,3,1,False,2.5390625
Dense3x48,2069,3,3,1,False,2.9541015625
Dense3x48,7207,3,3,1,False,3.9990234375
Dense3x48,8840,3,3,1,False,3.18359375
Dense3x48,9872,3,3,1,False,2.7685546875
Dense3x48,5764,3,3,1,False,3.1982421875
Dense3x48,7040,3,3,1,False,0.9765625
Dense3x48,3131,3,3,1,False,1.796875
Dense3x48,2303,3,3,1,False,2.1240234375
Dense3x48,2312,3,3,1,False,0.546875
Dense3x48,944,3,8,1,False,0.869140625
Dense3x48,450,3,3,1,False,0.5615234375
Dense3x48,2978,3,3,1,False,2.05078125
